B,certified_count,certification_rate,seed,fold,task,dataset,method,status,reason,auroc,auprc,log_loss,brier,balanced_accuracy,ece_10,normalized_squared_loss,mean_selected_quality,mean_residual_correlation,mean_abs_residual_correlation,max_abs_residual_correlation,residual_effective_rank,mean_feature_jaccard,feature_coverage,oof_squared_loss,requested_K,aggregation,search_charged,model_bytes,train_wall_seconds,train_cpu_seconds,retained_count,nodes,leaves,inference_batch_rows,inference_batch_seconds,inference_rows_per_second,inference_timing_scope,wall_seconds,cpu_seconds,observed_peak_rss_bytes,coefficient_count,auroc_macro_ovr,rmse,mse,mae,r2,oof_calibrated_squared_loss,aggregation_scalar_parameters,feature_fraction,run_id
100.0,100.0,1.0,11,0,binary,breast_cancer,coerror_no_cert_affine,not_applicable,task restriction defined in config,,,,,,,,,,,,,,,,,,,,,,,,,,,,,,,,,,,,,,,,0.1,exp_004_real_f10_v1
100.0,100.0,1.0,11,0,binary,breast_cancer,affine_profiled,not_applicable,task restriction defined in config,,,,,,,,,,,,,,,,,,,,,,,,,,,,,,,,,,,,,,,,0.1,exp_004_real_f10_v1
100.0,100.0,1.0,11,0,binary,breast_cancer,random_subspace,complete,,0.975973487986744,0.9832023871245772,0.2042022143430471,0.0564072250837238,0.9183335305953368,0.054206301336088,0.2410080560407347,0.9211179152512068,0.5978761899170235,0.5978761899170235,0.8408182962800814,2.181097881679718,0.0499999999999999,19.0,0.0588084869771231,8.0,equal,False,47948.0,0.0538843758404254,0.0477349999999994,8.0,108.0,58.0,256.0,0.0204615830443799,12511.250935216074,median 5 warm calls on training rows; end-to-end preprocessing,,,,,,,,,,,,0.1,exp_004_real_f10_v1
100.0,100.0,1.0,11,0,binary,breast_cancer,certified_random,complete,,0.975973487986744,0.9832023871245772,0.2042022143430471,0.0564072250837238,0.9183335305953368,0.054206301336088,0.2410080560407347,0.9211179152512068,0.5978761899170235,0.5978761899170235,0.8408182962800814,2.181097881679718,0.0499999999999999,19.0,0.0588084869771231,8.0,equal,True,47948.0,3.39831024990417,2.837521999999999,8.0,108.0,58.0,256.0,0.0280960409436374,9111.604033947448,median 5 warm calls on training rows; end-to-end preprocessing,,,,,,,,,,,,0.1,exp_004_real_f10_v1
100.0,100.0,1.0,11,0,binary,breast_cancer,top_quality,complete,,0.9751449875724938,0.9753780062099388,0.1691538238574788,0.0484674006342037,0.9156113149485146,0.0334799607643428,0.2070840037044733,0.957601391620478,0.6933993426201056,0.6933993426201056,0.8289953495040729,1.8281930885470143,0.1035714285714285,15.0,0.0443490228075769,8.0,equal,True,47620.0,3.402911289827898,2.838825,8.0,104.0,56.0,256.0,0.0230675411876291,11097.845146031008,median 5 warm calls on training rows; end-to-end preprocessing,,,,,,,,,,,,0.1,exp_004_real_f10_v1
100.0,100.0,1.0,11,0,binary,breast_cancer,top_no_cert,complete,,0.9751449875724938,0.9753780062099388,0.1691538238574788,0.0484674006342037,0.9156113149485146,0.0334799607643428,0.2070840037044733,0.957601391620478,0.6933993426201056,0.6933993426201056,0.8289953495040729,1.8281930885470143,0.1035714285714285,15.0,0.0443490228075769,8.0,equal,True,47620.0,3.427462998777628,2.8445920000000005,8.0,104.0,56.0,256.0,0.0213479581288993,11991.779188167207,median 5 warm calls on training rows; end-to-end preprocessing,,,,,,,,,,,,0.1,exp_004_real_f10_v1
100.0,100.0,1.0,11,0,binary,breast_cancer,abs_correlation,complete,,0.9901763522310332,0.994151050216614,0.214288270274619,0.0539967172927403,0.9324180376375902,0.1235837639514662,0.2307088116458245,0.8909574468085106,0.4394716415424892,0.4394716415424892,0.634932193943309,3.0853475032873594,0.05,18.0,0.0515124525094866,8.0,equal,True,48253.0,3.566107790917158,2.9436729999999995,8.0,112.0,60.0,256.0,0.0183029170148074,13986.84153967864,median 5 warm calls on training rows; end-to-end preprocessing,,,,,,,,,,,,0.1,exp_004_real_f10_v1
100.0,100.0,1.0,11,0,binary,breast_cancer,signed_correlation,complete,,0.9901763522310332,0.994151050216614,0.214288270274619,0.0539967172927403,0.9324180376375902,0.1235837639514662,0.2307088116458245,0.8909574468085106,0.4394716415424892,0.4394716415424892,0.634932193943309,3.0853475032873594,0.05,18.0,0.0515124525094866,8.0,equal,True,48253.0,3.573907416779548,2.9449129999999997,8.0,112.0,60.0,256.0,0.0203793749678879,12561.719895893862,median 5 warm calls on training rows; end-to-end preprocessing,,,,,,,,,,,,0.1,exp_004_real_f10_v1
100.0,100.0,1.0,11,0,binary,breast_cancer,minimax,complete,,0.986152207361818,0.9915269565362552,0.215022094731535,0.0571297327710684,0.9324180376375902,0.1097337846510342,0.2440950749987309,0.8977460665117112,0.4790539607077989,0.4790539607077989,0.6274414518463983,2.8284082044127397,0.0285714285714285,20.0,0.0562836307157157,8.0,equal,True,48692.0,3.5687036234885454,2.939448999999999,8.0,116.0,62.0,256.0,0.029045500094071,8813.757696403254,median 5 warm calls on training rows; end-to-end preprocessing,,,,,,,,,,,,0.1,exp_004_real_f10_v1
100.0,100.0,1.0,11,0,binary,breast_cancer,quality_diversity,complete,,0.9840809563261924,0.98984515426083,0.1678631387174145,0.0482622425640277,0.9310569298141792,0.03569055037246,0.2062074360732737,0.9544035699386136,0.5907705230545697,0.5907705230545697,0.7726379808744877,2.295147513877074,0.0428571428571428,19.0,0.0411856952984496,8.0,equal,True,47833.0,3.469847957836464,2.876054,8.0,106.0,57.0,256.0,0.0318975828122347,8025.686507562186,median 5 warm calls on training rows; end-to-end preprocessing,,,,,,,,,,,,0.1,exp_004_real_f10_v1
100.0,100.0,1.0,11,0,binary,breast_cancer,prediction_correlation,complete,,0.974079772754172,0.9840706153751418,0.3832383452680897,0.1117860041744867,0.8338264883418156,0.2147527374260104,0.4776219273092437,0.7684568508254366,0.6253698062243248,0.6253698062243248,0.8772281279604576,1.9060068041380147,0.1142857142857143,13.0,0.1228763774448419,8.0,equal,True,48301.0,3.4911057907156646,2.9029789999999993,8.0,112.0,60.0,256.0,0.028461999958381,8994.448751821357,median 5 warm calls on training rows; end-to-end preprocessing,,,,,,,,,,,,0.1,exp_004_real_f10_v1
100.0,100.0,1.0,11,0,binary,breast_cancer,coerror_greedy,complete,,0.984376849331282,0.990531340744058,0.1707944309179443,0.0501219310208253,0.9240146762930525,0.0431697349939015,0.2141532249176799,0.9487156564753562,0.5696209297844452,0.5696209297844452,0.8281685637044118,2.4935154832092454,0.0964285714285714,15.0,0.0391816563259397,8.0,equal,True,47658.0,3.415466581704095,2.8416359999999994,8.0,104.0,56.0,256.0,0.0184332090429961,13887.97791002479,median 5 warm calls on training rows; end-to-end preprocessing,,,,,,,,,,,,0.1,exp_004_real_f10_v1
100.0,100.0,1.0,11,0,binary,breast_cancer,direct_squared,complete,,0.984376849331282,0.990531340744058,0.1707944309179443,0.0501219310208253,0.9240146762930525,0.0431697349939016,0.2141532249176799,0.948715656475356,0.5696209297844452,0.5696209297844452,0.8281685637044118,2.493515483209246,0.0964285714285714,15.0,0.0391816563259397,8.0,equal,True,47645.0,3.4354115000460297,2.852703,8.0,104.0,56.0,256.0,0.0203975839540362,12550.506009773928,median 5 warm calls on training rows; end-to-end preprocessing,,,,,,,,,,,,0.1,exp_004_real_f10_v1
100.0,100.0,1.0,11,0,binary,breast_cancer,coerror,complete,,0.984376849331282,0.990531340744058,0.1707944309179443,0.0501219310208253,0.9240146762930525,0.0431697349939015,0.2141532249176799,0.9487156564753562,0.5696209297844452,0.5696209297844452,0.8281685637044118,2.4935154832092454,0.0964285714285714,15.0,0.0391816563259397,8.0,equal,True,47658.0,3.4031188334338367,2.838661,8.0,104.0,56.0,256.0,0.022907958831638,11175.155406968835,median 5 warm calls on training rows; end-to-end preprocessing,,,,,,,,,,,,0.1,exp_004_real_f10_v1
100.0,100.0,1.0,11,0,binary,breast_cancer,coerror_no_cert,complete,,0.984376849331282,0.990531340744058,0.1707944309179443,0.0501219310208253,0.9240146762930525,0.0431697349939015,0.2141532249176799,0.9487156564753562,0.5696209297844452,0.5696209297844452,0.8281685637044118,2.4935154832092454,0.0964285714285714,15.0,0.0391816563259397,8.0,equal,True,47658.0,3.4187306242529303,2.844244,8.0,104.0,56.0,256.0,0.024212707998231,10572.960282621134,median 5 warm calls on training rows; end-to-end preprocessing,,,,,,,,,,,,0.1,exp_004_real_f10_v1
100.0,100.0,1.0,11,0,binary,breast_cancer,covariance_only,complete,,0.984376849331282,0.990531340744058,0.1707944309179443,0.0501219310208253,0.9240146762930525,0.0431697349939015,0.2141532249176799,0.9487156564753562,0.5696209297844452,0.5696209297844452,0.8281685637044118,2.4935154832092454,0.0964285714285714,15.0,0.0391816563259397,8.0,equal,True,47658.0,3.4123501658905298,2.8432380000000013,8.0,104.0,56.0,256.0,0.0274292088579386,9333.116435325392,median 5 warm calls on training rows; end-to-end preprocessing,,,,,,,,,,,,0.1,exp_004_real_f10_v1
100.0,100.0,1.0,11,0,binary,breast_cancer,shrinkage,complete,,0.984376849331282,0.990531340744058,0.1707944309179443,0.0501219310208253,0.9240146762930525,0.0431697349939015,0.2141532249176799,0.9487156564753562,0.5696209297844452,0.5696209297844452,0.8281685637044118,2.4935154832092463,0.0964285714285714,15.0,0.0391816563259397,8.0,equal,True,47661.0,3.3994241654872894,2.8381229999999995,8.0,104.0,56.0,256.0,0.0257042089942842,9959.458392861869,median 5 warm calls on training rows; end-to-end preprocessing,,,,,,,,,,,,0.1,exp_004_real_f10_v1
100.0,100.0,1.0,11,0,binary,breast_cancer,caruana,complete,,0.97970173985087,0.9867304906869304,0.1788636030925805,0.0521391072961593,0.9240146762930525,0.0383624550769855,0.2227719033243584,0.949126459094276,0.5725284113065046,0.5725284113065046,0.8281685637044118,2.412349207161002,0.0904761904761904,14.0,0.0391440279724485,8.0,frequency_weighted,True,41821.0,3.407451125793159,2.841759999999999,7.0,89.0,48.0,256.0,0.0200102909002453,12793.417210984257,median 5 warm calls on training rows; end-to-end preprocessing,,,,,,,,,,,,0.1,exp_004_real_f10_v1
100.0,100.0,1.0,11,0,binary,breast_cancer,direct_auroc,complete,,0.9938454254941412,0.99640268301087,0.1854758676746753,0.0477273347599792,0.9366197183098592,0.1146106120798302,0.2039219648446607,0.917635139162048,0.4966051998158242,0.4966051998158242,0.7740812671110439,2.809181579174099,0.05,17.0,0.0498673782167186,8.0,equal,True,48424.0,3.610054331831634,2.981401,8.0,114.0,61.0,256.0,0.0196851668879389,13004.715756656866,median 5 warm calls on training rows; end-to-end preprocessing,,,,,,,,,,,,0.1,exp_004_real_f10_v1
,,,11,0,binary,breast_cancer,rf_shallow,complete,,0.9920108888625871,0.9952842941758762,0.1257239748167247,0.0385491825780064,0.9240146762930525,0.0228349669530421,0.1647069775422349,,,,,,,,,,,,15771.0,0.02914374996908,0.0212610000000008,8.0,100.0,54.0,256.0,0.0042637500446289,60041.04305375072,median 5 warm calls on training rows; end-to-end preprocessing,0.02914374996908,0.0212610000000008,173555712.0,,,,,,,,,0.1,exp_004_real_f10_v1
,,,11,0,binary,breast_cancer,et_shallow,complete,,0.9891703160137294,0.9935578683381824,0.2126060579704296,0.0555717230143096,0.9253757841164636,0.1051289004878675,0.2374382521854903,,,,,,,,,,,,15771.0,0.0220535420812666,0.0154579999999988,8.0,100.0,54.0,256.0,0.0043972078710794,58218.76233864651,median 5 warm calls on training rows; end-to-end preprocessing,0.0220535420812666,0.0154579999999988,173572096.0,,,,,,,,,0.1,exp_004_real_f10_v1
,,,11,0,binary,breast_cancer,random_patches,complete,,0.9891111374127116,0.9928992289654344,0.1923870187255224,0.0520573840246754,0.9282163569653212,0.1053655803139491,0.222422728785735,,,,,,,,,,,,35340.0,0.0486923328135162,0.0455139999999989,8.0,102.0,55.0,256.0,0.0285593329463154,8963.794794549916,median 5 warm calls on training rows; end-to-end preprocessing,0.0486923328135162,0.0455139999999989,173572096.0,,,,,,,,,0.1,exp_004_real_f10_v1
,,,11,0,binary,breast_cancer,random_forest,complete,,0.9895253876198368,0.993280438517154,0.125669058433845,0.0366727327045641,0.9394602911587172,0.044140625,0.1566895731124838,,,,,,,,,,,,748811.0,0.5626532081514597,0.4871459999999992,256.0,8074.0,4165.0,256.0,0.0273539999034255,9358.777542729347,median 5 warm calls on training rows; end-to-end preprocessing,0.5626532081514597,0.4871459999999992,173834240.0,,,,,,,,,0.1,exp_004_real_f10_v1
,,,11,0,binary,breast_cancer,extra_trees,complete,,0.9938454254941412,0.9962549265821662,0.1112447208678517,0.0310917904502467,0.9423008640075748,0.0284950657894737,0.1328441873202877,,,,,,,,,,,,2061771.0,0.3408456251490861,0.2973049999999997,256.0,24486.0,12371.0,256.0,0.0287311668507754,8910.184585597168,median 5 warm calls on training rows; end-to-end preprocessing,0.3408456251490861,0.2973049999999997,175652864.0,,,,,,,,,0.1,exp_004_real_f10_v1
,,,11,0,binary,breast_cancer,xgboost,complete,,0.9913599242513906,0.994855496132584,0.1387665867805481,0.0418093305002643,0.935258610486448,0.036625340228018,0.1786364327136671,,,,,,,,,,,,124835.0,0.2394673749804496,0.1956120000000005,100.0,1314.0,707.0,256.0,0.0042477501556277,60267.198074451866,median 5 warm calls on training rows; end-to-end preprocessing,0.2394673749804496,0.1956120000000005,184254464.0,,,,,,,,,0.1,exp_004_real_f10_v1
,,,11,0,binary,breast_cancer,lightgbm,complete,,0.9859154929577464,0.9904078748740408,0.1496316343151039,0.0379717213367535,0.9394602911587172,0.0326001455251305,0.1622396905770161,,,,,,,,,,,,181791.0,0.1248507499694824,0.108886,100.0,2876.0,1488.0,256.0,0.0060664999764412,42198.961673807666,median 5 warm calls on training rows; end-to-end preprocessing,0.1248507499694824,0.108886,190627840.0,,,,,,,,,0.1,exp_004_real_f10_v1
,,,11,0,binary,breast_cancer,catboost,complete,,0.99360871109007,0.9962182930362647,0.1108521941013914,0.0338998559750535,0.9394602911587172,0.0334615137093109,0.1448420548339652,,,,,,,,,,,,45632.0,0.5502784168347716,0.4092350000000007,100.0,3100.0,1600.0,256.0,0.0032405408564954,78999.1582691701,median 5 warm calls on training rows; end-to-end preprocessing,0.5502784168347716,0.4092350000000007,211353600.0,,,,,,,,,0.1,exp_004_real_f10_v1
,,,11,0,binary,breast_cancer,linear,complete,,0.9976328559592852,0.9985960622653456,0.0632973538961001,0.0186543901307851,0.970469878092082,0.0237450976229956,0.0797035893074494,,,,,,,,,,,,5290.0,0.0174256251193583,0.0126620000000006,1.0,,,256.0,0.0042295001912862,60527.24634637018,median 5 warm calls on training rows; end-to-end preprocessing,0.0174256251193583,0.0126620000000006,211943424.0,31.0,,,,,,,,0.1,exp_004_real_f10_v1
100.0,100.0,1.0,11,1,binary,breast_cancer,coerror_no_cert_affine,not_applicable,task restriction defined in config,,,,,,,,,,,,,,,,,,,,,,,,,,,,,,,,,,,,,,,,0.1,exp_004_real_f10_v1
100.0,100.0,1.0,11,1,binary,breast_cancer,affine_profiled,not_applicable,task restriction defined in config,,,,,,,,,,,,,,,,,,,,,,,,,,,,,,,,,,,,,,,,0.1,exp_004_real_f10_v1
100.0,100.0,1.0,11,1,binary,breast_cancer,random_subspace,complete,,0.9836075275180496,0.9886803594099808,0.2144021706994554,0.0529756707127311,0.9437803290330216,0.1020052918600864,0.2263462419393763,0.8953900709219857,0.4371829825101735,0.4371829825101735,0.6417870084504321,3.017171293221561,0.0214285714285714,21.0,0.0438484342637506,8.0,equal,False,47240.0,0.0487278746441006,0.0473409999999976,8.0,98.0,53.0,256.0,0.0279739170800894,9151.381955808009,median 5 warm calls on training rows; end-to-end preprocessing,,,,,,,,,,,,0.1,exp_004_real_f10_v1
100.0,100.0,1.0,11,1,binary,breast_cancer,certified_random,complete,,0.9836075275180496,0.9886803594099808,0.2144021706994554,0.0529756707127311,0.9437803290330216,0.1020052918600864,0.2263462419393763,0.8953900709219857,0.4371829825101735,0.4371829825101735,0.6417870084504321,3.017171293221561,0.0214285714285714,21.0,0.0438484342637506,8.0,equal,True,47240.0,3.6056740840431303,2.9210879999999975,8.0,98.0,53.0,256.0,0.0205369999166578,12465.306570525683,median 5 warm calls on training rows; end-to-end preprocessing,,,,,,,,,,,,0.1,exp_004_real_f10_v1
100.0,100.0,1.0,11,1,binary,breast_cancer,top_quality,complete,,0.9775713102142266,0.9821770881253044,0.1753313760191418,0.0484971189691643,0.9212924606462304,0.0387969058010453,0.2072109796038724,0.9696439746111212,0.6038462173981939,0.6038462173981939,0.9165288040950644,2.175565737416167,0.1035714285714285,15.0,0.0323340441120154,8.0,equal,True,46980.0,3.6092082511167978,2.9207289999999997,8.0,96.0,52.0,256.0,0.0228961671236902,11180.910700774955,median 5 warm calls on training rows; end-to-end preprocessing,,,,,,,,,,,,0.1,exp_004_real_f10_v1
100.0,100.0,1.0,11,1,binary,breast_cancer,top_no_cert,complete,,0.9775713102142266,0.9821770881253044,0.1753313760191418,0.0484971189691643,0.9212924606462304,0.0387969058010453,0.2072109796038724,0.9696439746111212,0.6038462173981939,0.6038462173981939,0.9165288040950644,2.175565737416167,0.1035714285714285,15.0,0.0323340441120154,8.0,equal,True,46980.0,3.6052677931729704,2.920180000000004,8.0,96.0,52.0,256.0,0.025656082900241,9978.140505524914,median 5 warm calls on training rows; end-to-end preprocessing,,,,,,,,,,,,0.1,exp_004_real_f10_v1
100.0,100.0,1.0,11,1,binary,breast_cancer,abs_correlation,complete,,0.9849094567404428,0.9889775715149818,0.2198176269675407,0.055006857168628,0.9394602911587172,0.1178526582536442,0.2350247808759288,0.9200525955062876,0.3879956216642694,0.3879956216642694,0.6105137427815269,3.3982066954253365,0.0714285714285714,17.0,0.0402349095581409,8.0,equal,True,48163.0,3.744554917793721,3.024071000000001,8.0,110.0,59.0,256.0,0.0201402090024203,12710.8909331197,median 5 warm calls on training rows; end-to-end preprocessing,,,,,,,,,,,,0.1,exp_004_real_f10_v1
100.0,100.0,1.0,11,1,binary,breast_cancer,signed_correlation,complete,,0.9849094567404428,0.9889775715149818,0.2198176269675407,0.055006857168628,0.9394602911587172,0.1178526582536442,0.2350247808759288,0.9200525955062876,0.3879956216642694,0.3879956216642694,0.6105137427815269,3.3982066954253365,0.0714285714285714,17.0,0.0402349095581409,8.0,equal,True,48163.0,3.741910918150097,3.0186329999999995,8.0,110.0,59.0,256.0,0.021647207904607,11826.005512032658,median 5 warm calls on training rows; end-to-end preprocessing,,,,,,,,,,,,0.1,exp_004_real_f10_v1
100.0,100.0,1.0,11,1,binary,breast_cancer,minimax,complete,,0.9811220262752988,0.9865743856679834,0.2262198187721468,0.0581461570257814,0.9465025446798438,0.1199745730091322,0.2484378951494729,0.9182516091543,0.413430189209954,0.413430189209954,0.5127918522011616,3.305607194710662,0.05,17.0,0.0420300678595339,8.0,equal,True,47977.0,3.718905126908794,3.0085149999999974,8.0,108.0,58.0,256.0,0.0253918750677257,10081.96516866876,median 5 warm calls on training rows; end-to-end preprocessing,,,,,,,,,,,,0.1,exp_004_real_f10_v1
100.0,100.0,1.0,11,1,binary,breast_cancer,quality_diversity,complete,,0.9843768493312818,0.9896381638346052,0.1761609573124433,0.0486172278296246,0.9296958219907682,0.0690094187702322,0.2077241621426314,0.9621755617140472,0.4556387627020556,0.4556387627020556,0.6744083392893327,3.179476626625738,0.0428571428571428,18.0,0.0307822469761354,8.0,equal,True,47301.0,3.708216001279652,2.997541,8.0,100.0,54.0,256.0,0.0223154160194098,11471.890095050516,median 5 warm calls on training rows; end-to-end preprocessing,,,,,,,,,,,,0.1,exp_004_real_f10_v1
100.0,100.0,1.0,11,1,binary,breast_cancer,prediction_correlation,complete,,0.9504083323470232,0.9628768472115616,0.4409494210884108,0.1342508596321758,0.8084980471061665,0.2206486749895042,0.573606282771821,0.7454966028964777,0.6216922266542486,0.6216922266542486,0.8042447728370399,1.9397906805649192,0.1321428571428571,13.0,0.1267091479652444,8.0,equal,True,48128.0,3.724821124924347,2.9936929999999986,8.0,110.0,59.0,256.0,0.022117624990642,11574.479633699964,median 5 warm calls on training rows; end-to-end preprocessing,,,,,,,,,,,,0.1,exp_004_real_f10_v1
100.0,100.0,1.0,11,1,binary,breast_cancer,coerror_greedy,complete,,0.986211385962836,0.991136366046335,0.1531167286783449,0.0427191880948156,0.938099183335306,0.040574451739646,0.1825239313419232,0.958124739257405,0.4747535403281207,0.4747535403281207,0.7209364305480936,3.0164941847101927,0.0785714285714285,16.0,0.0280256966854374,8.0,equal,True,47002.0,3.602623752085492,2.9210529999999952,8.0,96.0,52.0,256.0,0.0200719579588621,12754.112006645106,median 5 warm calls on training rows; end-to-end preprocessing,,,,,,,,,,,,0.1,exp_004_real_f10_v1
100.0,100.0,1.0,11,1,binary,breast_cancer,direct_squared,complete,,0.986211385962836,0.991136366046335,0.1531167286783449,0.0427191880948156,0.938099183335306,0.040574451739646,0.1825239313419232,0.958124739257405,0.4747535403281206,0.4747535403281206,0.7209364305480936,3.0164941847101945,0.0785714285714285,16.0,0.0280256966854374,8.0,equal,True,46965.0,3.6252108758781105,2.9288489999999943,8.0,96.0,52.0,256.0,0.0209130409639328,12241.165712891956,median 5 warm calls on training rows; end-to-end preprocessing,,,,,,,,,,,,0.1,exp_004_real_f10_v1
100.0,100.0,1.0,11,1,binary,breast_cancer,coerror,complete,,0.9836667061190671,0.9892534666319536,0.1628650994396334,0.0460920787121814,0.938099183335306,0.0386024812925213,0.1969350960415306,0.9576889266344836,0.4739589109935349,0.4739589109935349,0.7209364305480936,3.0133631050214627,0.1,15.0,0.0279028275065672,8.0,equal,True,46797.0,3.624710125848651,2.9248610000000017,8.0,94.0,51.0,256.0,0.0228074579499661,11224.398640199155,median 5 warm calls on training rows; end-to-end preprocessing,,,,,,,,,,,,0.1,exp_004_real_f10_v1
100.0,100.0,1.0,11,1,binary,breast_cancer,coerror_no_cert,complete,,0.9836667061190671,0.9892534666319536,0.1628650994396334,0.0460920787121814,0.938099183335306,0.0386024812925213,0.1969350960415306,0.9576889266344836,0.4739589109935349,0.4739589109935349,0.7209364305480936,3.0133631050214627,0.1,15.0,0.0279028275065672,8.0,equal,True,46797.0,3.606004875153303,2.921947000000001,8.0,94.0,51.0,256.0,0.0275506249163299,9291.985237266326,median 5 warm calls on training rows; end-to-end preprocessing,,,,,,,,,,,,0.1,exp_004_real_f10_v1
100.0,100.0,1.0,11,1,binary,breast_cancer,covariance_only,complete,,0.9836667061190671,0.9892534666319536,0.1628650994396334,0.0460920787121814,0.938099183335306,0.0386024812925213,0.1969350960415306,0.9576889266344836,0.4739589109935349,0.4739589109935349,0.7209364305480936,3.0133631050214627,0.1,15.0,0.0279028275065672,8.0,equal,True,46797.0,3.63251612521708,2.9259679999999957,8.0,94.0,51.0,256.0,0.0228770831599831,11190.23776806468,median 5 warm calls on training rows; end-to-end preprocessing,,,,,,,,,,,,0.1,exp_004_real_f10_v1
100.0,100.0,1.0,11,1,binary,breast_cancer,shrinkage,complete,,0.978695703633566,0.9833314033869448,0.1714462663661308,0.0474665638565777,0.9310569298141792,0.0442423977329396,0.2028077833119313,0.9649096340663924,0.5389081354037628,0.5389081354037628,0.7689183811441503,2.606881149827123,0.0821428571428571,16.0,0.0282164256058411,8.0,equal,True,46533.0,3.6096295008901502,2.922906999999997,8.0,90.0,49.0,256.0,0.0200940419454127,12740.09483484939,median 5 warm calls on training rows; end-to-end preprocessing,,,,,,,,,,,,0.1,exp_004_real_f10_v1
100.0,100.0,1.0,11,1,binary,breast_cancer,caruana,complete,,0.9812995620783524,0.985577985758084,0.1606172051571107,0.044046238338801,0.9451414368564328,0.0430868412771276,0.1881939461156792,0.9604565230347458,0.4959228487891485,0.4959228487891485,0.7120481122854858,2.78285331187536,0.0809523809523809,15.0,0.0275792498848981,8.0,frequency_weighted,True,41125.0,3.607117708073929,2.9216560000000005,7.0,81.0,44.0,256.0,0.0204405840486288,12524.103978192,median 5 warm calls on training rows; end-to-end preprocessing,,,,,,,,,,,,0.1,exp_004_real_f10_v1
100.0,100.0,1.0,11,1,binary,breast_cancer,direct_auroc,complete,,0.9849094567404426,0.9894534583687432,0.2391072367526776,0.0600517761030559,0.9310569298141792,0.1264689083490537,0.256579929236177,0.8967682817807974,0.4181134882821036,0.4181134882821036,0.8077697099029393,2.866606293231752,0.05,18.0,0.0446979473993541,8.0,equal,True,47322.0,3.7801937931217258,3.0573549999999994,8.0,100.0,54.0,256.0,0.0214227088727056,11949.936001145268,median 5 warm calls on training rows; end-to-end preprocessing,,,,,,,,,,,,0.1,exp_004_real_f10_v1
,,,11,1,binary,breast_cancer,rf_shallow,complete,,0.969523020475796,0.966713850897856,0.1980243227458308,0.0513177386396667,0.9437803290330216,0.0585840100395893,0.2192624865271265,,,,,,,,,,,,15451.0,0.0227863751351833,0.0208460000000023,8.0,96.0,52.0,256.0,0.0038660420104861,66217.59393861577,median 5 warm calls on training rows; end-to-end preprocessing,0.0227863751351833,0.0208460000000023,206831616.0,,,,,,,,,0.1,exp_004_real_f10_v1
,,,11,1,binary,breast_cancer,et_shallow,complete,,0.9715350929104036,0.977480016549599,0.2372103730142562,0.0643005819169561,0.90572848857853,0.0991102748448191,0.2747335687421577,,,,,,,,,,,,15291.0,0.0261797909624874,0.0155710000000013,8.0,94.0,51.0,256.0,0.0053546670824289,47808.76122813517,median 5 warm calls on training rows; end-to-end preprocessing,0.0261797909624874,0.0155710000000013,206864384.0,,,,,,,,,0.1,exp_004_real_f10_v1
,,,11,1,binary,breast_cancer,random_patches,complete,,0.9800568114569772,0.987896192989321,0.2572443117366544,0.0689476748374206,0.9072079536039768,0.1040744197831027,0.2945889477178023,,,,,,,,,,,,35001.0,0.065280333161354,0.0502020000000023,8.0,98.0,53.0,256.0,0.0200445409864187,12771.55711240552,median 5 warm calls on training rows; end-to-end preprocessing,0.065280333161354,0.0502020000000023,206864384.0,,,,,,,,,0.1,exp_004_real_f10_v1
,,,11,1,binary,breast_cancer,random_forest,complete,,0.978814060835602,0.9767165461311024,0.2114584169135451,0.0418971011513157,0.9479820097052906,0.0436677631578947,0.1790114455592013,,,,,,,,,,,,658091.0,0.5864890420343727,0.4896570000000011,256.0,6940.0,3598.0,256.0,0.0266493340022861,9606.243817501714,median 5 warm calls on training rows; end-to-end preprocessing,0.5864890420343727,0.4896570000000011,206864384.0,,,,,,,,,0.1,exp_004_real_f10_v1
,,,11,1,binary,breast_cancer,extra_trees,complete,,0.9873949579831932,0.991133569587514,0.13662703445838,0.0357409025493421,0.962066516747544,0.0616776315789473,0.1527081935296934,,,,,,,,,,,,1858891.0,0.3377381248865276,0.2939809999999987,256.0,21950.0,11103.0,256.0,0.0289830002002418,8832.763973063913,median 5 warm calls on training rows; end-to-end preprocessing,0.3377381248865276,0.2939809999999987,206880768.0,,,,,,,,,0.1,exp_004_real_f10_v1
,,,11,1,binary,breast_cancer,xgboost,complete,,0.9853828855485856,0.9903544314540328,0.1481757462024688,0.0403576651779785,0.9508225825541484,0.0281722322498497,0.1724339819314039,,,,,,,,,,,,123268.0,0.1676659588702023,0.1508050000000018,100.0,1268.0,684.0,256.0,0.0029736671131104,86088.99055019875,median 5 warm calls on training rows; end-to-end preprocessing,0.1676659588702023,0.1508050000000018,207503360.0,,,,,,,,,0.1,exp_004_real_f10_v1
,,,11,1,binary,breast_cancer,lightgbm,complete,,0.9835483489170316,0.9888910875525804,0.1638659606323816,0.0395028542396883,0.9508225825541484,0.0378618535856945,0.1687816781314224,,,,,,,,,,,,181247.0,0.0911067919805646,0.0748630000000005,100.0,2850.0,1475.0,256.0,0.0057487089652568,44531.73774271312,median 5 warm calls on training rows; end-to-end preprocessing,0.0911067919805646,0.0748630000000005,208650240.0,,,,,,,,,0.1,exp_004_real_f10_v1
,,,11,1,binary,breast_cancer,catboost,complete,,0.9872174221801396,0.9912839755659192,0.1253423462671077,0.0320685151356746,0.9578648360752752,0.0314495755272618,0.137017385299316,,,,,,,,,,,,45528.0,0.4155040830373764,0.3754010000000001,100.0,3100.0,1600.0,256.0,0.0029048749711364,88127.7172145716,median 5 warm calls on training rows; end-to-end preprocessing,0.4155040830373764,0.3754010000000001,212516864.0,,,,,,,,,0.1,exp_004_real_f10_v1
,,,11,1,binary,breast_cancer,linear,complete,,0.9924251390697124,0.9947852828467414,0.092275482055583,0.0225626731076872,0.9788732394366196,0.0234340741241084,0.0964022955693194,,,,,,,,,,,,5290.0,0.0107299168594181,0.0105079999999979,1.0,,,256.0,0.0022719169501215,112680.1752090044,median 5 warm calls on training rows; end-to-end preprocessing,0.0107299168594181,0.0105079999999979,212549632.0,31.0,,,,,,,,0.1,exp_004_real_f10_v1
100.0,100.0,1.0,11,2,binary,breast_cancer,coerror_no_cert_affine,not_applicable,task restriction defined in config,,,,,,,,,,,,,,,,,,,,,,,,,,,,,,,,,,,,,,,,0.1,exp_004_real_f10_v1
100.0,100.0,1.0,11,2,binary,breast_cancer,affine_profiled,not_applicable,task restriction defined in config,,,,,,,,,,,,,,,,,,,,,,,,,,,,,,,,,,,,,,,,0.1,exp_004_real_f10_v1
100.0,100.0,1.0,11,2,binary,breast_cancer,random_subspace,complete,,0.9823529411764704,0.9871590100874128,0.2336803951236759,0.0611399814652688,0.9361344537815126,0.1184200110546635,0.2621702804321799,0.9137379423600426,0.5190025335363256,0.5190025335363256,0.8856890922629138,2.4831299160935725,0.075,17.0,0.0562751286466058,8.0,equal,False,48837.0,0.0643432510551065,0.0519770000000008,8.0,118.0,63.0,256.0,0.0250479578971862,10220.394055706924,median 5 warm calls on training rows; end-to-end preprocessing,,,,,,,,,,,,0.1,exp_004_real_f10_v1
100.0,100.0,1.0,11,2,binary,breast_cancer,certified_random,complete,,0.9823529411764704,0.9871590100874128,0.2336803951236759,0.0611399814652688,0.9361344537815126,0.1184200110546635,0.2621702804321799,0.9137379423600426,0.5190025335363256,0.5190025335363256,0.8856890922629138,2.4831299160935725,0.075,17.0,0.0562751286466058,8.0,equal,True,48837.0,3.437562083825469,2.939109999999996,8.0,118.0,63.0,256.0,0.0285844588652253,8955.91556261501,median 5 warm calls on training rows; end-to-end preprocessing,,,,,,,,,,,,0.1,exp_004_real_f10_v1
100.0,100.0,1.0,11,2,binary,breast_cancer,top_quality,complete,,0.981032412965186,0.9884097816188292,0.1591632218368346,0.048416368745345,0.9277310924369748,0.0288770318053451,0.2076110045712971,0.9698355574624216,0.7614987281143593,0.7614987281143593,0.9278740997034844,1.5682794501661947,0.1321428571428571,15.0,0.0429719492594422,8.0,equal,True,47834.0,3.4341567493975163,2.9412340000000015,8.0,106.0,57.0,256.0,0.0229400831740349,11159.506182164025,median 5 warm calls on training rows; end-to-end preprocessing,,,,,,,,,,,,0.1,exp_004_real_f10_v1
100.0,100.0,1.0,11,2,binary,breast_cancer,top_no_cert,complete,,0.981032412965186,0.9884097816188292,0.1591632218368346,0.048416368745345,0.9277310924369748,0.0288770318053451,0.2076110045712971,0.9698355574624216,0.7614987281143593,0.7614987281143593,0.9278740997034844,1.5682794501661947,0.1321428571428571,15.0,0.0429719492594422,8.0,equal,True,47834.0,3.4489087075926363,2.943096999999998,8.0,106.0,57.0,256.0,0.0285262919496744,8974.177241529676,median 5 warm calls on training rows; end-to-end preprocessing,,,,,,,,,,,,0.1,exp_004_real_f10_v1
100.0,100.0,1.0,11,2,binary,breast_cancer,abs_correlation,complete,,0.9938775510204082,0.9964181751368536,0.1997086601589197,0.048130078012402,0.9516806722689076,0.1238524530979647,0.2063833803564704,0.916524884601728,0.4205413743289202,0.4205413743289202,0.7219858002989474,3.2579337871539327,0.0428571428571428,18.0,0.0453016093029153,8.0,equal,True,48705.0,3.5584589997306466,3.036693999999997,8.0,116.0,62.0,256.0,0.0189032920170575,13542.614681558976,median 5 warm calls on training rows; end-to-end preprocessing,,,,,,,,,,,,0.1,exp_004_real_f10_v1
100.0,100.0,1.0,11,2,binary,breast_cancer,signed_correlation,complete,,0.9938775510204082,0.9964181751368536,0.1997086601589197,0.048130078012402,0.9516806722689076,0.1238524530979647,0.2063833803564704,0.916524884601728,0.4205413743289202,0.4205413743289202,0.7219858002989474,3.2579337871539327,0.0428571428571428,18.0,0.0453016093029153,8.0,equal,True,48705.0,3.5462192909326404,3.0362810000000025,8.0,116.0,62.0,256.0,0.0215823329053819,11861.55366624718,median 5 warm calls on training rows; end-to-end preprocessing,,,,,,,,,,,,0.1,exp_004_real_f10_v1
100.0,100.0,1.0,11,2,binary,breast_cancer,minimax,complete,,0.9945978391356542,0.9970422682272506,0.2238146925948839,0.0541813258249057,0.9558823529411764,0.142308669811653,0.2323313328737594,0.9079199461474732,0.4630445493385813,0.4630445493385813,0.5908849597762522,3.018850573216634,0.0499999999999999,19.0,0.0541681890867547,8.0,equal,True,48273.0,3.5437597916461527,3.0332409999999967,8.0,110.0,59.0,256.0,0.0182884170208126,13997.931024246998,median 5 warm calls on training rows; end-to-end preprocessing,,,,,,,,,,,,0.1,exp_004_real_f10_v1
100.0,100.0,1.0,11,2,binary,breast_cancer,quality_diversity,complete,,0.9837935174069627,0.9893138127111925,0.1558287991873365,0.0431040955512923,0.9390756302521008,0.0473043827336102,0.1848317998734956,0.9632094034797016,0.5647022186321872,0.5647022186321872,0.9278740997034844,2.4354037435811993,0.05,17.0,0.0365684735174545,8.0,equal,True,48030.0,3.4641475819516927,2.971636,8.0,108.0,58.0,256.0,0.0271294161211699,9436.251737103745,median 5 warm calls on training rows; end-to-end preprocessing,,,,,,,,,,,,0.1,exp_004_real_f10_v1
100.0,100.0,1.0,11,2,binary,breast_cancer,prediction_correlation,complete,,0.955702280912365,0.9747430119440178,0.416066528351201,0.1264510737746271,0.8373949579831932,0.1822617757598678,0.5422264233311295,0.7824224760326666,0.6224232114621747,0.6224232114621747,0.987143318311258,2.066817461668101,0.125,14.0,0.1203147761187247,8.0,equal,True,48842.0,3.5003472089301795,3.001550999999999,8.0,118.0,63.0,256.0,0.026787124807015,9556.830075804111,median 5 warm calls on training rows; end-to-end preprocessing,,,,,,,,,,,,0.1,exp_004_real_f10_v1
100.0,100.0,1.0,11,2,binary,breast_cancer,coerror_greedy,complete,,0.983313325330132,0.9895365286720528,0.1638945504842229,0.04673886417132,0.9319327731092436,0.0585592202404506,0.2004178089886613,0.9631520742099656,0.5759335929951758,0.5759335929951758,0.9278740997034844,2.38423964238551,0.0821428571428571,15.0,0.0354138843952821,8.0,equal,True,47717.0,3.438259207876399,2.9406630000000007,8.0,104.0,56.0,256.0,0.025468667037785,10051.566484425786,median 5 warm calls on training rows; end-to-end preprocessing,,,,,,,,,,,,0.1,exp_004_real_f10_v1
100.0,100.0,1.0,11,2,binary,breast_cancer,direct_squared,complete,,0.983313325330132,0.9895365286720528,0.1638945504842229,0.04673886417132,0.9319327731092436,0.0585592202404506,0.2004178089886612,0.9631520742099656,0.5759335929951758,0.5759335929951758,0.9278740997034844,2.384239642385509,0.0821428571428571,15.0,0.0354138843952821,8.0,equal,True,47701.0,3.4487774576991796,2.9493259999999992,8.0,104.0,56.0,256.0,0.0203329578507691,12590.396433164098,median 5 warm calls on training rows; end-to-end preprocessing,,,,,,,,,,,,0.1,exp_004_real_f10_v1
100.0,100.0,1.0,11,2,binary,breast_cancer,coerror,complete,,0.983313325330132,0.9895365286720528,0.1638945504842229,0.04673886417132,0.9319327731092436,0.0585592202404506,0.2004178089886613,0.9631520742099656,0.5759335929951758,0.5759335929951758,0.9278740997034844,2.38423964238551,0.0821428571428571,15.0,0.0354138843952821,8.0,equal,True,47717.0,3.4252219586633146,2.9360099999999925,8.0,104.0,56.0,256.0,0.02106195804663,12154.615417675315,median 5 warm calls on training rows; end-to-end preprocessing,,,,,,,,,,,,0.1,exp_004_real_f10_v1
100.0,100.0,1.0,11,2,binary,breast_cancer,coerror_no_cert,complete,,0.983313325330132,0.9895365286720528,0.1638945504842229,0.04673886417132,0.9319327731092436,0.0585592202404506,0.2004178089886613,0.9631520742099656,0.5759335929951758,0.5759335929951758,0.9278740997034844,2.38423964238551,0.0821428571428571,15.0,0.0354138843952821,8.0,equal,True,47717.0,3.440038165776059,2.942608999999998,8.0,104.0,56.0,256.0,0.0197577499784529,12956.940961353606,median 5 warm calls on training rows; end-to-end preprocessing,,,,,,,,,,,,0.1,exp_004_real_f10_v1
100.0,100.0,1.0,11,2,binary,breast_cancer,covariance_only,complete,,0.983313325330132,0.9895365286720528,0.1638945504842229,0.04673886417132,0.9319327731092436,0.0585592202404506,0.2004178089886613,0.9631520742099656,0.5759335929951758,0.5759335929951758,0.9278740997034844,2.38423964238551,0.0821428571428571,15.0,0.0354138843952821,8.0,equal,True,47717.0,3.438918041996658,2.9420059999999992,8.0,104.0,56.0,256.0,0.021121917059645,12120.111980228652,median 5 warm calls on training rows; end-to-end preprocessing,,,,,,,,,,,,0.1,exp_004_real_f10_v1
100.0,100.0,1.0,11,2,binary,breast_cancer,shrinkage,complete,,0.983313325330132,0.9895365286720528,0.163894550484223,0.04673886417132,0.9319327731092436,0.0585592202404506,0.2004178089886613,0.9631520742099656,0.5759335929951758,0.5759335929951758,0.9278740997034844,2.3842396423855106,0.0821428571428571,15.0,0.0354138843952821,8.0,equal,True,47731.0,3.4363554988522083,2.9390689999999964,8.0,104.0,56.0,256.0,0.0223798749502748,11438.848544453387,median 5 warm calls on training rows; end-to-end preprocessing,,,,,,,,,,,,0.1,exp_004_real_f10_v1
100.0,100.0,1.0,11,2,binary,breast_cancer,caruana,complete,,0.9777310924369748,0.9772006820480073,0.1726639068575562,0.0477099081006821,0.9361344537815126,0.0623615570505205,0.2045816777562276,0.9591371759971594,0.4939813147975915,0.4939813147975915,0.8101000277174403,2.3716109546986743,0.06,12.0,0.0344495405477114,8.0,frequency_weighted,True,30781.0,3.4229568738956004,2.929817999999998,5.0,67.0,36.0,256.0,0.0123751671053469,20686.589346287736,median 5 warm calls on training rows; end-to-end preprocessing,,,,,,,,,,,,0.1,exp_004_real_f10_v1
100.0,100.0,1.0,11,2,binary,breast_cancer,direct_auroc,complete,,0.9939975990396158,0.9964749319554624,0.21528018069068,0.0527417697649926,0.934453781512605,0.1181353371103503,0.2261584684586848,0.9072042549414132,0.445215970183528,0.445215970183528,0.7062070522004057,2.971390192642078,0.0892857142857142,15.0,0.0503691146015729,8.0,equal,True,48354.0,3.59169078967534,3.075484999999997,8.0,112.0,60.0,256.0,0.0224847078789025,11385.515941712782,median 5 warm calls on training rows; end-to-end preprocessing,,,,,,,,,,,,0.1,exp_004_real_f10_v1
,,,11,2,binary,breast_cancer,rf_shallow,complete,,0.9903961584633854,0.9946455022878392,0.1326602591776532,0.0391296704288653,0.9403361344537816,0.0337106373055833,0.1677893323435489,,,,,,,,,,,,15611.0,0.0197161671239882,0.0180899999999972,8.0,98.0,53.0,256.0,0.0037833750247955,67664.45259119805,median 5 warm calls on training rows; end-to-end preprocessing,0.0197161671239882,0.0180899999999972,211943424.0,,,,,,,,,0.1,exp_004_real_f10_v1
,,,11,2,binary,breast_cancer,et_shallow,complete,,0.9845738295318128,0.99048867666806,0.2679286940796265,0.068055878846392,0.923109243697479,0.1352384710054087,0.2918258791483689,,,,,,,,,,,,14971.0,0.0163631669711321,0.0145209999999984,8.0,90.0,49.0,256.0,0.0054657498840242,46837.12307221697,median 5 warm calls on training rows; end-to-end preprocessing,0.0163631669711321,0.0145209999999984,211976192.0,,,,,,,,,0.1,exp_004_real_f10_v1
,,,11,2,binary,breast_cancer,random_patches,complete,,0.9940576230492196,0.9965380429845196,0.1862309406216661,0.0458457407095426,0.9403361344537816,0.0991463735461826,0.1965880657858807,,,,,,,,,,,,35376.0,0.0610255831852555,0.0491260000000011,8.0,102.0,55.0,256.0,0.0222646249458193,11498.060291739566,median 5 warm calls on training rows; end-to-end preprocessing,0.0610255831852555,0.0491260000000011,211976192.0,,,,,,,,,0.1,exp_004_real_f10_v1
,,,11,2,binary,breast_cancer,random_forest,complete,,0.9967587034813924,0.9981235045302236,0.1014152799534121,0.0267077249193948,0.965966386554622,0.064401455026455,0.1145236155460858,,,,,,,,,,,,771851.0,0.537694290978834,0.4863929999999996,256.0,8362.0,4309.0,256.0,0.0242314159404486,10564.797394801362,median 5 warm calls on training rows; end-to-end preprocessing,0.537694290978834,0.4863929999999996,212058112.0,,,,,,,,,0.1,exp_004_real_f10_v1
,,,11,2,binary,breast_cancer,extra_trees,complete,,0.9988595438175272,0.9992983752986108,0.0974799796322865,0.0234714891544725,0.9743697478991598,0.060453869047619,0.1006465286104888,,,,,,,,,,,,2146571.0,0.3627005410380661,0.3081980000000008,256.0,25546.0,12901.0,256.0,0.0264778328128159,9668.465006550305,median 5 warm calls on training rows; end-to-end preprocessing,0.3627005410380661,0.3081980000000008,212090880.0,,,,,,,,,0.1,exp_004_real_f10_v1
,,,11,2,binary,breast_cancer,xgboost,complete,,0.9914765906362544,0.9950066826509631,0.1422649770975113,0.0445495699098231,0.9390756302521008,0.0384861553314501,0.1910300421505041,,,,,,,,,,,,128102.0,0.1911433339118957,0.1517450000000018,100.0,1410.0,755.0,256.0,0.0040806250181049,62735.48754521173,median 5 warm calls on training rows; end-to-end preprocessing,0.1911433339118957,0.1517450000000018,212189184.0,,,,,,,,,0.1,exp_004_real_f10_v1
,,,11,2,binary,breast_cancer,lightgbm,complete,,0.9949579831932772,0.9970789146106946,0.1000128132822227,0.0331454798041535,0.946218487394958,0.0369234154656463,0.1421289232848456,,,,,,,,,,,,182335.0,0.0949702498037368,0.076007999999998,100.0,2876.0,1488.0,256.0,0.0058887908235192,43472.42204249506,median 5 warm calls on training rows; end-to-end preprocessing,0.0949702498037368,0.076007999999998,212418560.0,,,,,,,,,0.1,exp_004_real_f10_v1
,,,11,2,binary,breast_cancer,catboost,complete,,0.9974789915966388,0.9985120086038968,0.0743116375459468,0.0199923675454695,0.9701680672268908,0.0449768312963403,0.0857279390716923,,,,,,,,,,,,45584.0,0.4033518328797072,0.3750269999999993,100.0,3100.0,1600.0,256.0,0.0028726670425385,89115.79247060162,median 5 warm calls on training rows; end-to-end preprocessing,0.4033518328797072,0.3750269999999993,215220224.0,,,,,,,,,0.1,exp_004_real_f10_v1
,,,11,2,binary,breast_cancer,linear,complete,,0.9920768307322928,0.9946246416346756,0.0845608250787557,0.0206779068306881,0.9714285714285714,0.0263633968169137,0.0886675543994322,,,,,,,,,,,,5290.0,0.0131621249020099,0.0130359999999996,1.0,,,256.0,0.0025341671425849,101019.38254115038,median 5 warm calls on training rows; end-to-end preprocessing,0.0131621249020099,0.0130359999999996,215220224.0,31.0,,,,,,,,0.1,exp_004_real_f10_v1
100.0,100.0,1.0,29,0,binary,breast_cancer,coerror_no_cert_affine,not_applicable,task restriction defined in config,,,,,,,,,,,,,,,,,,,,,,,,,,,,,,,,,,,,,,,,0.1,exp_004_real_f10_v1
100.0,100.0,1.0,29,0,binary,breast_cancer,affine_profiled,not_applicable,task restriction defined in config,,,,,,,,,,,,,,,,,,,,,,,,,,,,,,,,,,,,,,,,0.1,exp_004_real_f10_v1
100.0,100.0,1.0,29,0,binary,breast_cancer,random_subspace,complete,,0.9868623505740324,0.992212478281438,0.220479692538334,0.0580518035685488,0.9183335305953368,0.1038877571570608,0.2480347563091099,0.9007334316705404,0.5170045165158862,0.5170045165158862,0.8217293673701446,2.6408397553375,0.0357142857142857,20.0,0.0537211048376757,8.0,equal,False,48544.0,0.0539287922438234,0.0498449999999977,8.0,114.0,61.0,256.0,0.0222722920589149,11494.10214821295,median 5 warm calls on training rows; end-to-end preprocessing,,,,,,,,,,,,0.1,exp_004_real_f10_v1
100.0,100.0,1.0,29,0,binary,breast_cancer,certified_random,complete,,0.9868623505740324,0.992212478281438,0.220479692538334,0.0580518035685488,0.9183335305953368,0.1038877571570608,0.2480347563091099,0.9007334316705404,0.5170045165158862,0.5170045165158862,0.8217293673701446,2.6408397553375,0.0357142857142857,20.0,0.0537211048376757,8.0,equal,True,48544.0,3.349290126003325,2.896193999999994,8.0,114.0,61.0,256.0,0.0217832920607179,11752.126321698075,median 5 warm calls on training rows; end-to-end preprocessing,,,,,,,,,,,,0.1,exp_004_real_f10_v1
100.0,100.0,1.0,29,0,binary,breast_cancer,top_quality,complete,,0.9885785300035508,0.9882652599923812,0.1096899351288185,0.0295588141441163,0.9563853710498283,0.0358714368632887,0.1262943235581792,0.962764094999702,0.7348491496976071,0.7348491496976071,0.9917103406109876,1.6284149034729818,0.125,14.0,0.0443833054026391,8.0,equal,True,47563.0,3.3408290420193225,2.8910709999999966,8.0,104.0,56.0,256.0,0.0259087500162422,9880.831759135925,median 5 warm calls on training rows; end-to-end preprocessing,,,,,,,,,,,,0.1,exp_004_real_f10_v1
100.0,100.0,1.0,29,0,binary,breast_cancer,top_no_cert,complete,,0.9885785300035508,0.9882652599923812,0.1096899351288185,0.0295588141441163,0.9563853710498283,0.0358714368632887,0.1262943235581792,0.962764094999702,0.7348491496976071,0.7348491496976071,0.9917103406109876,1.6284149034729818,0.125,14.0,0.0443833054026391,8.0,equal,True,47563.0,3.3432277091778815,2.893484999999991,8.0,104.0,56.0,256.0,0.0212016250006854,12074.54617236761,median 5 warm calls on training rows; end-to-end preprocessing,,,,,,,,,,,,0.1,exp_004_real_f10_v1
100.0,100.0,1.0,29,0,binary,breast_cancer,abs_correlation,complete,,0.987927565392354,0.9898562825359364,0.2119153669593192,0.0515099742485565,0.9295774647887324,0.1264641403998118,0.2200838410669317,0.9064343822635436,0.4166657587750463,0.4166657587750463,0.6634523605699224,3.1752730665675535,0.0607142857142857,19.0,0.0484315844817843,8.0,equal,True,48621.0,3.4577695003245026,2.9893840000000083,8.0,116.0,62.0,256.0,0.0239274168852716,10699.023685986713,median 5 warm calls on training rows; end-to-end preprocessing,,,,,,,,,,,,0.1,exp_004_real_f10_v1
100.0,100.0,1.0,29,0,binary,breast_cancer,signed_correlation,complete,,0.987927565392354,0.9898562825359364,0.2119153669593192,0.0515099742485565,0.9295774647887324,0.1264641403998118,0.2200838410669317,0.9064343822635436,0.4166657587750463,0.4166657587750463,0.6634523605699224,3.1752730665675535,0.0607142857142857,19.0,0.0484315844817843,8.0,equal,True,48621.0,3.4597229592036456,2.9915110000000027,8.0,116.0,62.0,256.0,0.0226987090427428,11278.17443353006,median 5 warm calls on training rows; end-to-end preprocessing,,,,,,,,,,,,0.1,exp_004_real_f10_v1
100.0,100.0,1.0,29,0,binary,breast_cancer,minimax,complete,,0.9938454254941412,0.9962181128202996,0.224638468762233,0.0553731474816279,0.9183335305953368,0.1446377125204666,0.2365898094011159,0.8836492043625961,0.4384780693091313,0.4384780693091313,0.586244092359836,3.041725273279547,0.0428571428571428,19.0,0.0555091608777086,8.0,equal,True,48469.0,3.407387375133112,2.932532000000002,8.0,114.0,61.0,256.0,0.0201395000331103,12711.338393660357,median 5 warm calls on training rows; end-to-end preprocessing,,,,,,,,,,,,0.1,exp_004_real_f10_v1
100.0,100.0,1.0,29,0,binary,breast_cancer,quality_diversity,complete,,0.9915374600544442,0.9944892608943842,0.131402968599341,0.034717536851437,0.9423008640075748,0.0519665040809668,0.1483357150554416,0.9558637284701116,0.4990543462733568,0.4990543462733568,0.8090267265465639,2.829028561947488,0.0821428571428571,16.0,0.0360113409738931,8.0,equal,True,48381.0,3.488014625152573,3.008668,8.0,114.0,61.0,256.0,0.0204322088975459,12529.237601459115,median 5 warm calls on training rows; end-to-end preprocessing,,,,,,,,,,,,0.1,exp_004_real_f10_v1
100.0,100.0,1.0,29,0,binary,breast_cancer,prediction_correlation,complete,,0.943188543022843,0.9660750934721288,0.4476624754825425,0.1399586591015865,0.7761273523493905,0.1919005185119006,0.5979936844273928,0.7420175517015317,0.6472385164082725,0.6472385164082725,0.8371125278498973,1.8349729739267184,0.0928571428571428,15.0,0.1330016061546616,8.0,equal,True,48623.0,3.451186125399545,2.9896050000000045,8.0,116.0,62.0,256.0,0.0211694999597966,12092.869481384712,median 5 warm calls on training rows; end-to-end preprocessing,,,,,,,,,,,,0.1,exp_004_real_f10_v1
100.0,100.0,1.0,29,0,binary,breast_cancer,coerror_greedy,complete,,0.9915374600544444,0.9946155862910186,0.1304781116555062,0.035520750970417,0.9465025446798438,0.0396259850160971,0.1517675639562253,0.9559959622146732,0.5321185929090357,0.5321185929090357,0.8090267265465639,2.6473878039016743,0.1107142857142857,15.0,0.0347977119246267,8.0,equal,True,48215.0,3.359969916054979,2.898085000000002,8.0,112.0,60.0,256.0,0.0218066670931875,11739.52896634877,median 5 warm calls on training rows; end-to-end preprocessing,,,,,,,,,,,,0.1,exp_004_real_f10_v1
100.0,100.0,1.0,29,0,binary,breast_cancer,direct_squared,complete,,0.9915374600544444,0.9946155862910186,0.1304781116555062,0.035520750970417,0.9465025446798438,0.039625985016097,0.1517675639562253,0.9559959622146732,0.5321185929090355,0.5321185929090355,0.8090267265465639,2.6473878039016743,0.1107142857142857,15.0,0.0347977119246267,8.0,equal,True,48232.0,3.3548342091962695,2.9033859999999976,8.0,112.0,60.0,256.0,0.0193147079553455,13254.148113026467,median 5 warm calls on training rows; end-to-end preprocessing,,,,,,,,,,,,0.1,exp_004_real_f10_v1
100.0,100.0,1.0,29,0,binary,breast_cancer,coerror,complete,,0.99082731684223,0.9941404864977414,0.1340683030877292,0.0362055325692936,0.9465025446798438,0.0423360496316451,0.1546933927257271,0.9559494010370104,0.5158761388098665,0.5158761388098665,0.8090267265465639,2.7633150196866487,0.1392857142857143,14.0,0.0345351222313908,8.0,equal,True,48347.0,3.3496562510263175,2.8948990000000023,8.0,114.0,61.0,256.0,0.0217533339746296,11768.311022970836,median 5 warm calls on training rows; end-to-end preprocessing,,,,,,,,,,,,0.1,exp_004_real_f10_v1
100.0,100.0,1.0,29,0,binary,breast_cancer,coerror_no_cert,complete,,0.99082731684223,0.9941404864977414,0.1340683030877292,0.0362055325692936,0.9465025446798438,0.0423360496316451,0.1546933927257271,0.9559494010370104,0.5158761388098665,0.5158761388098665,0.8090267265465639,2.7633150196866487,0.1392857142857143,14.0,0.0345351222313908,8.0,equal,True,48347.0,3.344069082755595,2.8950949999999978,8.0,114.0,61.0,256.0,0.0221289999317377,11568.53001896577,median 5 warm calls on training rows; end-to-end preprocessing,,,,,,,,,,,,0.1,exp_004_real_f10_v1
100.0,100.0,1.0,29,0,binary,breast_cancer,covariance_only,complete,,0.9937270682921056,0.9963583052144231,0.1304384950329715,0.0364176473847906,0.9423008640075748,0.0486132339140168,0.1555996840610033,0.9548933935276238,0.5341817130818518,0.5341817130818518,0.8345018862767474,2.665053587677967,0.1142857142857143,13.0,0.0344467434453092,8.0,equal,True,48011.0,3.350570083130151,2.8984370000000013,8.0,110.0,59.0,256.0,0.0216184579767286,11841.73266546452,median 5 warm calls on training rows; end-to-end preprocessing,,,,,,,,,,,,0.1,exp_004_real_f10_v1
100.0,100.0,1.0,29,0,binary,breast_cancer,shrinkage,complete,,0.989762102023908,0.993409897982266,0.1330294099822426,0.0368750968488113,0.9493431175287016,0.0406184895695542,0.1575542032896459,0.9578956582633054,0.5428377854001475,0.5428377854001475,0.8730339950373657,2.502493423171246,0.1607142857142857,13.0,0.0345674957152642,8.0,equal,True,48315.0,3.350449042161926,2.895393999999996,8.0,114.0,61.0,256.0,0.0228783341590315,11189.625880122954,median 5 warm calls on training rows; end-to-end preprocessing,,,,,,,,,,,,0.1,exp_004_real_f10_v1
100.0,100.0,1.0,29,0,binary,breast_cancer,caruana,complete,,0.9910640312463014,0.9946755127649108,0.1317211308682448,0.0380003593800294,0.9324180376375902,0.0325143648651888,0.1623620507734004,0.9530842124083676,0.5194331577141075,0.5194331577141075,0.6819222202861479,2.3838182467954216,0.08,12.0,0.034361857755469,8.0,frequency_weighted,True,30863.0,3.3381006664130837,2.8851100000000045,5.0,69.0,37.0,256.0,0.0120896250009536,21175.181197084756,median 5 warm calls on training rows; end-to-end preprocessing,,,,,,,,,,,,0.1,exp_004_real_f10_v1
100.0,100.0,1.0,29,0,binary,breast_cancer,direct_auroc,complete,,0.9878092081903184,0.99085212293496,0.157306577024426,0.0386631516102982,0.9394602911587172,0.0680184162838427,0.1651939267740173,0.9428601227725132,0.4885584211489447,0.4885584211489447,0.8090267265465639,2.9333459230293575,0.0607142857142857,18.0,0.0387020163070874,8.0,equal,True,48776.0,3.521095500094816,3.0372580000000013,8.0,118.0,63.0,256.0,0.0229847079608589,11137.84001240942,median 5 warm calls on training rows; end-to-end preprocessing,,,,,,,,,,,,0.1,exp_004_real_f10_v1
,,,29,0,binary,breast_cancer,rf_shallow,complete,,0.987158243579122,0.9859879012109758,0.1267941872807796,0.0334034013523982,0.9366197183098592,0.0438731814144488,0.1427208804038986,,,,,,,,,,,,15451.0,0.0229101669974625,0.0213460000000011,8.0,96.0,52.0,256.0,0.0033704589586704,75954.04754638554,median 5 warm calls on training rows; end-to-end preprocessing,0.0229101669974625,0.0213460000000011,215302144.0,,,,,,,,,0.1,exp_004_real_f10_v1
,,,29,0,binary,breast_cancer,et_shallow,complete,,0.9870990649781038,0.9921360480249284,0.2361364358884068,0.0619094899746682,0.9141318499230676,0.1070145246459331,0.2645172813787904,,,,,,,,,,,,14491.0,0.017536083003506,0.0156440000000017,8.0,84.0,46.0,256.0,0.0057820838410407,44274.69525483774,median 5 warm calls on training rows; end-to-end preprocessing,0.017536083003506,0.0156440000000017,215269376.0,,,,,,,,,0.1,exp_004_real_f10_v1
,,,29,0,binary,breast_cancer,random_patches,complete,,0.9859154929577464,0.9919802137865752,0.1797315347130797,0.0520394129589632,0.8986862350574032,0.0627415683061685,0.2223459447991831,,,,,,,,,,,,34295.0,0.0572927091270685,0.0512680000000003,8.0,90.0,49.0,256.0,0.0196098748128861,13054.64733674772,median 5 warm calls on training rows; end-to-end preprocessing,0.0572927091270685,0.0512680000000003,215302144.0,,,,,,,,,0.1,exp_004_real_f10_v1
,,,29,0,binary,breast_cancer,random_forest,complete,,0.9933719966859984,0.9957475188908644,0.1089492191474084,0.0298922890111019,0.9451414368564328,0.0450657894736841,0.1277191433274792,,,,,,,,,,,,763371.0,0.523401458049193,0.4733459999999994,256.0,8256.0,4256.0,256.0,0.023479166906327,10903.282941057623,median 5 warm calls on training rows; end-to-end preprocessing,0.523401458049193,0.4733459999999994,215302144.0,,,,,,,,,0.1,exp_004_real_f10_v1
,,,29,0,binary,breast_cancer,extra_trees,complete,,0.9936087110900698,0.99553626427301,0.1027143678936148,0.0267741956208881,0.9563853710498283,0.0415707236842105,0.1143966367618134,,,,,,,,,,,,2102891.0,0.3300414159893989,0.296953000000002,256.0,25000.0,12628.0,256.0,0.0278305409010499,9198.52765026,median 5 warm calls on training rows; end-to-end preprocessing,0.3300414159893989,0.296953000000002,215302144.0,,,,,,,,,0.1,exp_004_real_f10_v1
,,,29,0,binary,breast_cancer,xgboost,complete,,0.9932536394839626,0.9957113778546332,0.1025973260402679,0.0292765554569299,0.9394602911587172,0.0369336208328604,0.1250883323505201,,,,,,,,,,,,131439.0,0.1870012090075761,0.160739999999997,100.0,1508.0,804.0,256.0,0.0029712920077145,86157.80587546925,median 5 warm calls on training rows; end-to-end preprocessing,0.1870012090075761,0.160739999999997,215334912.0,,,,,,,,,0.1,exp_004_real_f10_v1
,,,29,0,binary,breast_cancer,lightgbm,complete,,0.9942004971002484,0.9963707531784766,0.0934908078271577,0.0264094998205791,0.9535447982009706,0.0308722138327789,0.112838421023524,,,,,,,,,,,,181167.0,0.0732159169856458,0.0718260000000015,100.0,2862.0,1481.0,256.0,0.0065045831725001,39356.864723063045,median 5 warm calls on training rows; end-to-end preprocessing,0.0732159169856458,0.0718260000000015,215482368.0,,,,,,,,,0.1,exp_004_real_f10_v1
,,,29,0,binary,breast_cancer,catboost,complete,,0.9924251390697124,0.9943895205896672,0.0890318797537579,0.0226918410210401,0.967629305243224,0.0274261648838296,0.0969541842263806,,,,,,,,,,,,45288.0,0.404094916768372,0.3629570000000015,100.0,3072.0,1586.0,256.0,0.0029180410783737,87730.0877966624,median 5 warm calls on training rows; end-to-end preprocessing,0.404094916768372,0.3629570000000015,215744512.0,,,,,,,,,0.1,exp_004_real_f10_v1
,,,29,0,binary,breast_cancer,linear,complete,,0.9946739259083917,0.9960713222117616,0.0644638435146683,0.013970105829734,0.9859154929577464,0.0202012187153434,0.0596893047603407,,,,,,,,,,,,5290.0,0.0106882080435752,0.0106639999999984,1.0,,,256.0,0.0031091249547898,82338.27965183894,median 5 warm calls on training rows; end-to-end preprocessing,0.0106882080435752,0.0106639999999984,215744512.0,31.0,,,,,,,,0.1,exp_004_real_f10_v1
100.0,99.0,0.99,29,1,binary,breast_cancer,coerror_no_cert_affine,not_applicable,task restriction defined in config,,,,,,,,,,,,,,,,,,,,,,,,,,,,,,,,,,,,,,,,0.1,exp_004_real_f10_v1
100.0,99.0,0.99,29,1,binary,breast_cancer,affine_profiled,not_applicable,task restriction defined in config,,,,,,,,,,,,,,,,,,,,,,,,,,,,,,,,,,,,,,,,0.1,exp_004_real_f10_v1
100.0,99.0,0.99,29,1,binary,breast_cancer,random_subspace,complete,,0.9879275653923542,0.9924675506141378,0.179962795499802,0.0464529781961225,0.9338975026630372,0.0874637004053419,0.1984770914671456,0.9318381607962334,0.5255453884784927,0.5255453884784927,0.7123832021243327,2.592815166755562,0.0428571428571428,19.0,0.0469405085614986,8.0,equal,False,48549.0,0.0543689168989658,0.0496839999999991,8.0,116.0,62.0,256.0,0.0246492498554289,10385.71159371881,median 5 warm calls on training rows; end-to-end preprocessing,,,,,,,,,,,,0.1,exp_004_real_f10_v1
100.0,99.0,0.99,29,1,binary,breast_cancer,certified_random,complete,,0.9884601728015148,0.992545565555916,0.1791201780703728,0.0460506947988571,0.9198129956207834,0.1070385212944705,0.1967582772654457,0.932048617319268,0.5164315711816835,0.5164315711816835,0.7012372429640236,2.6109105495614555,0.05,18.0,0.0455628083740976,8.0,equal,True,48357.0,3.4308574157767,2.987745000000004,8.0,114.0,61.0,256.0,0.0229328752029687,11163.013696898335,median 5 warm calls on training rows; end-to-end preprocessing,,,,,,,,,,,,0.1,exp_004_real_f10_v1
100.0,99.0,0.99,29,1,binary,breast_cancer,top_quality,complete,,0.9866848147709788,0.9916479155709916,0.1493355939612924,0.0455350599384499,0.9353769676884838,0.0368827546133502,0.19455515248579,0.9684203468621492,0.7077381229788241,0.7077381229788241,0.934084837948968,1.71927564769457,0.1071428571428571,16.0,0.0404153799447369,8.0,equal,True,48562.0,3.426491499179974,2.9854989999999972,8.0,116.0,62.0,256.0,0.0196821249555796,13006.72567508658,median 5 warm calls on training rows; end-to-end preprocessing,,,,,,,,,,,,0.1,exp_004_real_f10_v1
100.0,99.0,0.99,29,1,binary,breast_cancer,top_no_cert,complete,,0.9866848147709788,0.9916479155709916,0.1493355939612924,0.0455350599384499,0.9353769676884838,0.0368827546133502,0.19455515248579,0.9684203468621492,0.7077381229788241,0.7077381229788241,0.934084837948968,1.71927564769457,0.1071428571428571,16.0,0.0404153799447369,8.0,equal,True,48562.0,3.44160066684708,2.9898530000000036,8.0,116.0,62.0,256.0,0.0214184171054512,11952.330498543011,median 5 warm calls on training rows; end-to-end preprocessing,,,,,,,,,,,,0.1,exp_004_real_f10_v1
100.0,99.0,0.99,29,1,binary,breast_cancer,abs_correlation,complete,,0.9931352822819268,0.9959566155388846,0.202038600467194,0.0489812127425521,0.9563853710498283,0.1219622563772891,0.2092793405114057,0.9170913046069492,0.4135075290291434,0.4135075290291434,0.6674167972085712,3.246837354402907,0.05,18.0,0.0437463629783639,8.0,equal,True,48602.0,3.5804780821781605,3.092857000000002,8.0,116.0,62.0,256.0,0.0202587500680238,12636.51504364367,median 5 warm calls on training rows; end-to-end preprocessing,,,,,,,,,,,,0.1,exp_004_real_f10_v1
100.0,99.0,0.99,29,1,binary,breast_cancer,signed_correlation,complete,,0.9931352822819268,0.9959566155388846,0.202038600467194,0.0489812127425521,0.9563853710498283,0.1219622563772891,0.2092793405114057,0.9170913046069492,0.4135075290291434,0.4135075290291434,0.6674167972085712,3.246837354402907,0.05,18.0,0.0437463629783639,8.0,equal,True,48602.0,3.539703542366624,3.0803730000000016,8.0,116.0,62.0,256.0,0.0204470409080386,12520.149059776924,median 5 warm calls on training rows; end-to-end preprocessing,,,,,,,,,,,,0.1,exp_004_real_f10_v1
100.0,99.0,0.99,29,1,binary,breast_cancer,minimax,complete,,0.987927565392354,0.992274407791134,0.2513467762468611,0.0631125957015315,0.9535447982009706,0.1597240850564866,0.2696577252139983,0.895624739257405,0.4721892542949966,0.4721892542949966,0.588462000149762,2.832103454791296,0.0535714285714285,19.0,0.0579805208542252,8.0,equal,True,48548.0,3.4722625012509525,3.0178940000000054,8.0,114.0,61.0,256.0,0.0240144170820713,10660.262921439997,median 5 warm calls on training rows; end-to-end preprocessing,,,,,,,,,,,,0.1,exp_004_real_f10_v1
100.0,99.0,0.99,29,1,binary,breast_cancer,quality_diversity,complete,,0.9928985678778554,0.9957419716058332,0.137211572279458,0.0365657550659152,0.9437803290330216,0.056047392898517,0.1562324956247625,0.9623506317420584,0.5195507212909075,0.5195507212909075,0.8372132390454993,2.710293466553301,0.075,16.0,0.0342567072245415,8.0,equal,True,48268.0,3.5185090829618275,3.0647750000000116,8.0,112.0,60.0,256.0,0.0208002501167356,12307.54431140348,median 5 warm calls on training rows; end-to-end preprocessing,,,,,,,,,,,,0.1,exp_004_real_f10_v1
100.0,99.0,0.99,29,1,binary,breast_cancer,prediction_correlation,complete,,0.95188779737247,0.969722565920522,0.4192138895864353,0.1261001929372318,0.8860811930405965,0.2082684393840461,0.5387813763406194,0.7791715090291436,0.643390122607877,0.643390122607877,0.8204678908645606,1.9684902547293504,0.1035714285714285,15.0,0.1240024586692719,8.0,equal,True,48549.0,3.518327291123569,3.056258999999997,8.0,114.0,61.0,256.0,0.0208391670603305,12284.560091047124,median 5 warm calls on training rows; end-to-end preprocessing,,,,,,,,,,,,0.1,exp_004_real_f10_v1
100.0,99.0,0.99,29,1,binary,breast_cancer,coerror_greedy,complete,,0.9919517102615696,0.9950602731943804,0.1365809724967784,0.0379280796146808,0.932536394839626,0.0684065503859604,0.1620532249853582,0.9636152333273736,0.5580544367787368,0.5580544367787368,0.9204435500139824,2.442630045294792,0.075,15.0,0.0336861542829897,8.0,equal,True,48378.0,3.431388875003904,2.989547000000009,8.0,114.0,61.0,256.0,0.0221806662157177,11541.582994409418,median 5 warm calls on training rows; end-to-end preprocessing,,,,,,,,,,,,0.1,exp_004_real_f10_v1
100.0,99.0,0.99,29,1,binary,breast_cancer,direct_squared,complete,,0.9919517102615696,0.9950602731943804,0.1365809724967784,0.0379280796146808,0.932536394839626,0.0684065503859604,0.1620532249853582,0.9636152333273736,0.5580544367787368,0.5580544367787368,0.9204435500139824,2.442630045294792,0.075,15.0,0.0336861542829897,8.0,equal,True,48394.0,3.43437704211101,2.9932780000000037,8.0,114.0,61.0,256.0,0.0255451670382171,10021.46510206834,median 5 warm calls on training rows; end-to-end preprocessing,,,,,,,,,,,,0.1,exp_004_real_f10_v1
100.0,99.0,0.99,29,1,binary,breast_cancer,coerror,complete,,0.9921884246656408,0.9952139637406172,0.1344654521128185,0.0375736790901649,0.9395786483607528,0.067008337516669,0.1605389973071379,0.9644756838905776,0.5554605903920006,0.5554605903920006,0.9204435500139824,2.47617884734151,0.0857142857142857,15.0,0.0334977827813295,8.0,equal,True,48395.0,3.4308625834528357,2.9871550000000084,8.0,114.0,61.0,256.0,0.0244602090679109,10465.977591984023,median 5 warm calls on training rows; end-to-end preprocessing,,,,,,,,,,,,0.1,exp_004_real_f10_v1
100.0,99.0,0.99,29,1,binary,breast_cancer,coerror_no_cert,complete,,0.9921884246656408,0.9952139637406172,0.1344654521128185,0.0375736790901649,0.9395786483607528,0.067008337516669,0.1605389973071379,0.9644756838905776,0.5554605903920006,0.5554605903920006,0.9204435500139824,2.47617884734151,0.0857142857142857,15.0,0.0334977827813295,8.0,equal,True,48395.0,3.4340586666949093,2.989961000000001,8.0,114.0,61.0,256.0,0.022522083017975,11366.621808279631,median 5 warm calls on training rows; end-to-end preprocessing,,,,,,,,,,,,0.1,exp_004_real_f10_v1
100.0,99.0,0.99,29,1,binary,breast_cancer,covariance_only,complete,,0.9921884246656408,0.9952139637406172,0.1344654521128185,0.0375736790901649,0.9395786483607528,0.067008337516669,0.1605389973071379,0.9644756838905776,0.5554605903920006,0.5554605903920006,0.9204435500139824,2.47617884734151,0.0857142857142857,15.0,0.0334977827813295,8.0,equal,True,48395.0,3.428475541062653,2.9846290000000053,8.0,114.0,61.0,256.0,0.0253511250484734,10098.171166388336,median 5 warm calls on training rows; end-to-end preprocessing,,,,,,,,,,,,0.1,exp_004_real_f10_v1
100.0,99.0,0.99,29,1,binary,breast_cancer,shrinkage,complete,,0.9921884246656408,0.9952139637406172,0.1344654521128185,0.0375736790901649,0.9395786483607528,0.067008337516669,0.1605389973071379,0.9644756838905776,0.5554605903920006,0.5554605903920006,0.9204435500139824,2.4761788473415094,0.0857142857142857,15.0,0.0334977827813295,8.0,equal,True,48395.0,3.4429618339054286,2.9900480000000087,8.0,114.0,61.0,256.0,0.0200882910285145,12743.742095164716,median 5 warm calls on training rows; end-to-end preprocessing,,,,,,,,,,,,0.1,exp_004_real_f10_v1
100.0,99.0,0.99,29,1,binary,breast_cancer,caruana,complete,,0.992543496271748,0.9954026561559732,0.1313273933824429,0.0353879466183082,0.9437803290330216,0.063398327181602,0.1512001380867912,0.9624275242011696,0.5382218702560552,0.5382218702560552,0.8372132390454993,2.4768298326251,0.0666666666666666,14.0,0.0334220948904642,8.0,frequency_weighted,True,42554.0,3.44440854084678,2.9930769999999995,7.0,99.0,53.0,256.0,0.0213512920308858,11989.906729282797,median 5 warm calls on training rows; end-to-end preprocessing,,,,,,,,,,,,0.1,exp_004_real_f10_v1
100.0,99.0,0.99,29,1,binary,breast_cancer,direct_auroc,complete,,0.9936678896910878,0.9959394657083388,0.1885571308656327,0.044829608326105,0.966268197419813,0.1247117733975833,0.191541008083726,0.9277836134453782,0.4558539660951508,0.4558539660951508,0.7110514790014772,3.0853474209231333,0.0821428571428571,17.0,0.0404896319664626,8.0,equal,True,48103.0,3.613297333242372,3.135675000000006,8.0,110.0,59.0,256.0,0.0210170829668641,12180.567607960342,median 5 warm calls on training rows; end-to-end preprocessing,,,,,,,,,,,,0.1,exp_004_real_f10_v1
,,,29,1,binary,breast_cancer,rf_shallow,complete,,0.9807077760681736,0.9812830874333328,0.158090171786015,0.0411723109141138,0.9479820097052906,0.038837756628677,0.1759146740756535,,,,,,,,,,,,15931.0,0.0294822079595178,0.0228279999999969,8.0,102.0,55.0,256.0,0.0034469589591026,74268.3632260728,median 5 warm calls on training rows; end-to-end preprocessing,0.0294822079595178,0.0228279999999969,214089728.0,,,,,,,,,0.1,exp_004_real_f10_v1
,,,29,1,binary,breast_cancer,et_shallow,complete,,0.9817138122854776,0.9884588634124716,0.2976849785216042,0.0798879621880705,0.9268552491419104,0.1627922966205332,0.3413329132823834,,,,,,,,,,,,15291.0,0.0177266669925302,0.0161709999999999,8.0,94.0,51.0,256.0,0.0044767090585082,57184.864295224936,median 5 warm calls on training rows; end-to-end preprocessing,0.0177266669925302,0.0161709999999999,214056960.0,,,,,,,,,0.1,exp_004_real_f10_v1
,,,29,1,binary,breast_cancer,random_patches,complete,,0.9875724937862468,0.992088597172832,0.2027473277053046,0.05242977221023,0.9465025446798438,0.1127530330734417,0.224013811356449,,,,,,,,,,,,34643.0,0.0628271659370511,0.0524580000000014,8.0,94.0,51.0,256.0,0.0225664579775184,11344.270343845585,median 5 warm calls on training rows; end-to-end preprocessing,0.0628271659370511,0.0524580000000014,214089728.0,,,,,,,,,0.1,exp_004_real_f10_v1
,,,29,1,binary,breast_cancer,random_forest,complete,,0.9917741744585158,0.9944390273123588,0.1191491391928174,0.0312178762335526,0.9592259438986862,0.0429276315789473,0.1333829071293871,,,,,,,,,,,,737611.0,0.5241962920408696,0.4763820000000009,256.0,7934.0,4095.0,256.0,0.0216934171039611,11800.81490957253,median 5 warm calls on training rows; end-to-end preprocessing,0.5241962920408696,0.4763820000000009,214089728.0,,,,,,,,,0.1,exp_004_real_f10_v1
,,,29,1,binary,breast_cancer,extra_trees,complete,,0.9946147473073736,0.9965788062499996,0.1118894037434707,0.028069425884046,0.9592259438986862,0.0595394736842105,0.1199306960491738,,,,,,,,,,,,2036491.0,0.3968362498562783,0.3556899999999956,256.0,24170.0,12213.0,256.0,0.0273887498769909,9346.903423842054,median 5 warm calls on training rows; end-to-end preprocessing,0.3968362498562783,0.3556899999999956,214089728.0,,,,,,,,,0.1,exp_004_real_f10_v1
,,,29,1,binary,breast_cancer,xgboost,complete,,0.9914782814534264,0.9945875914220966,0.1123565882444381,0.0318106999043136,0.9592259438986862,0.0337180819950605,0.1359158323043621,,,,,,,,,,,,128586.0,0.1976515410933643,0.15822,100.0,1424.0,762.0,256.0,0.0033085828181356,77374.51775327044,median 5 warm calls on training rows; end-to-end preprocessing,0.1976515410933643,0.15822,214089728.0,,,,,,,,,0.1,exp_004_real_f10_v1
,,,29,1,binary,breast_cancer,lightgbm,complete,,0.9927802106758196,0.9953484519949978,0.0930197945328358,0.0257968654292304,0.966268197419813,0.0236635087140469,0.1102208516695363,,,,,,,,,,,,182383.0,0.0761874169111251,0.0702330000000017,100.0,2882.0,1491.0,256.0,0.005826334003359,43938.43536131078,median 5 warm calls on training rows; end-to-end preprocessing,0.0761874169111251,0.0702330000000017,214089728.0,,,,,,,,,0.1,exp_004_real_f10_v1
,,,29,1,binary,breast_cancer,catboost,complete,,0.9956207835246774,0.9973378189653508,0.0838233624919698,0.0233906228999961,0.966268197419813,0.0405900269528167,0.0999398312245037,,,,,,,,,,,,45592.0,0.4095004589762538,0.3710969999999989,100.0,3100.0,1600.0,256.0,0.0034329579211771,74571.26066730772,median 5 warm calls on training rows; end-to-end preprocessing,0.4095004589762538,0.3710969999999989,214089728.0,,,,,,,,,0.1,exp_004_real_f10_v1
,,,29,1,binary,breast_cancer,linear,complete,,0.9975144987572494,0.9984321268733388,0.0650883924587985,0.0169069738712803,0.9733104509409398,0.0399600025930951,0.0722374997210158,,,,,,,,,,,,5290.0,0.0123813750687986,0.0118679999999997,1.0,,,256.0,0.0029024160467088,88202.37894229179,median 5 warm calls on training rows; end-to-end preprocessing,0.0123813750687986,0.0118679999999997,214073344.0,31.0,,,,,,,,0.1,exp_004_real_f10_v1
100.0,100.0,1.0,29,2,binary,breast_cancer,coerror_no_cert_affine,not_applicable,task restriction defined in config,,,,,,,,,,,,,,,,,,,,,,,,,,,,,,,,,,,,,,,,0.1,exp_004_real_f10_v1
100.0,100.0,1.0,29,2,binary,breast_cancer,affine_profiled,not_applicable,task restriction defined in config,,,,,,,,,,,,,,,,,,,,,,,,,,,,,,,,,,,,,,,,0.1,exp_004_real_f10_v1
100.0,100.0,1.0,29,2,binary,breast_cancer,random_subspace,complete,,0.9859543817527012,0.9904336860246464,0.1837526577868012,0.0464416579310835,0.927310924369748,0.0949408848992456,0.1991433787143694,0.9198832702094922,0.4989037452469377,0.4989037452469377,0.7875768478782181,2.7606344546984753,0.0607142857142857,17.0,0.0478747059714037,8.0,equal,False,48155.0,0.0478121661581099,0.0466699999999988,8.0,110.0,59.0,256.0,0.0218383749015629,11722.4839830769,median 5 warm calls on training rows; end-to-end preprocessing,,,,,,,,,,,,0.1,exp_004_real_f10_v1
100.0,100.0,1.0,29,2,binary,breast_cancer,certified_random,complete,,0.9859543817527012,0.9904336860246464,0.1837526577868012,0.0464416579310835,0.927310924369748,0.0949408848992456,0.1991433787143694,0.9198832702094922,0.4989037452469377,0.4989037452469377,0.7875768478782181,2.7606344546984753,0.0607142857142857,17.0,0.0478747059714037,8.0,equal,True,48155.0,3.300469209905714,2.9459660000000056,8.0,110.0,59.0,256.0,0.0224618751090019,11397.08945747826,median 5 warm calls on training rows; end-to-end preprocessing,,,,,,,,,,,,0.1,exp_004_real_f10_v1
100.0,100.0,1.0,29,2,binary,breast_cancer,top_quality,complete,,0.9743097238895556,0.974441942023334,0.1725206844018421,0.0503079594409898,0.9058823529411764,0.0283753505413708,0.2157222085863297,0.9649773641851108,0.7523395536387036,0.7523395536387036,0.8898509041431247,1.5869308099644834,0.1571428571428571,14.0,0.0469586350310981,8.0,equal,True,47749.0,3.2968816249631345,2.943730000000002,8.0,106.0,57.0,256.0,0.0209514577873051,12218.720176842073,median 5 warm calls on training rows; end-to-end preprocessing,,,,,,,,,,,,0.1,exp_004_real_f10_v1
100.0,100.0,1.0,29,2,binary,breast_cancer,top_no_cert,complete,,0.9743097238895556,0.974441942023334,0.1725206844018421,0.0503079594409898,0.9058823529411764,0.0283753505413708,0.2157222085863297,0.9649773641851108,0.7523395536387036,0.7523395536387036,0.8898509041431247,1.5869308099644834,0.1571428571428571,14.0,0.0469586350310981,8.0,equal,True,47749.0,3.293113292893395,2.943267999999996,8.0,106.0,57.0,256.0,0.0222464159596711,11507.471606396428,median 5 warm calls on training rows; end-to-end preprocessing,,,,,,,,,,,,0.1,exp_004_real_f10_v1
100.0,100.0,1.0,29,2,binary,breast_cancer,abs_correlation,complete,,0.9919567827130852,0.9949739136305256,0.1822458431689446,0.0453144984161319,0.9357142857142856,0.0906846377781795,0.1943100811070656,0.9151933660788258,0.3946681185368558,0.3946681185368558,0.5886006055480251,3.486199353833409,0.0285714285714285,20.0,0.0427509087775803,8.0,equal,True,48544.0,3.4149843747727573,3.044190999999998,8.0,114.0,61.0,256.0,0.0213435830082744,11994.237326542336,median 5 warm calls on training rows; end-to-end preprocessing,,,,,,,,,,,,0.1,exp_004_real_f10_v1
100.0,100.0,1.0,29,2,binary,breast_cancer,signed_correlation,complete,,0.9919567827130852,0.9949739136305256,0.1822458431689446,0.0453144984161319,0.9357142857142856,0.0906846377781795,0.1943100811070656,0.9151933660788258,0.3946681185368558,0.3946681185368558,0.5886006055480251,3.486199353833409,0.0285714285714285,20.0,0.0427509087775803,8.0,equal,True,48544.0,3.4254123338032514,3.045350000000006,8.0,114.0,61.0,256.0,0.0201495001092553,12705.029832596738,median 5 warm calls on training rows; end-to-end preprocessing,,,,,,,,,,,,0.1,exp_004_real_f10_v1
100.0,100.0,1.0,29,2,binary,breast_cancer,minimax,complete,,0.9890756302521008,0.9934010485010144,0.1967173190312172,0.0497860394959921,0.9373949579831932,0.089426327248158,0.2134841984485456,0.9096157829328916,0.4475777182865355,0.4475777182865355,0.5599586123786923,3.014608951109924,0.0571428571428571,17.0,0.0498035534637325,8.0,equal,True,48881.0,3.3740815427154303,3.0081920000000153,8.0,118.0,63.0,256.0,0.0193835829850286,13207.05259691811,median 5 warm calls on training rows; end-to-end preprocessing,,,,,,,,,,,,0.1,exp_004_real_f10_v1
100.0,100.0,1.0,29,2,binary,breast_cancer,quality_diversity,complete,,0.9888355342136854,0.9928931106945408,0.1492525196103799,0.0412841704920534,0.938655462184874,0.0439656171026123,0.1770279004984647,0.9584473754290448,0.4931700817018982,0.4931700817018982,0.8264335366643883,2.810453976341723,0.075,15.0,0.0349569488020745,8.0,equal,True,48413.0,3.4303929160814732,3.0566999999999993,8.0,114.0,61.0,256.0,0.0196802918799221,13007.93715672334,median 5 warm calls on training rows; end-to-end preprocessing,,,,,,,,,,,,0.1,exp_004_real_f10_v1
100.0,100.0,1.0,29,2,binary,breast_cancer,prediction_correlation,complete,,0.964405762304922,0.9775685181455512,0.4205947436839214,0.1274225279799681,0.8701680672268908,0.2086938197094981,0.5463920513757823,0.7606336548703989,0.6764468903252217,0.6764468903252217,0.9409772726397806,1.8582617051727717,0.0928571428571428,16.0,0.1368592076727784,8.0,equal,True,49091.0,3.392656001029536,3.017092000000005,8.0,120.0,64.0,256.0,0.0263947919011116,9698.88305841194,median 5 warm calls on training rows; end-to-end preprocessing,,,,,,,,,,,,0.1,exp_004_real_f10_v1
100.0,100.0,1.0,29,2,binary,breast_cancer,coerror_greedy,complete,,0.9899759903961584,0.9932919377032322,0.1461868585373269,0.0384268102121133,0.9529411764705882,0.0662116110816026,0.1647754442834881,0.9547191235649188,0.4755944467252742,0.4755944467252742,0.8264335366643883,2.9573661487569503,0.0714285714285714,16.0,0.033614656981507,8.0,equal,True,48420.0,3.3075097498949617,2.948332999999998,8.0,114.0,61.0,256.0,0.0244320828933268,10478.02600857748,median 5 warm calls on training rows; end-to-end preprocessing,,,,,,,,,,,,0.1,exp_004_real_f10_v1
100.0,100.0,1.0,29,2,binary,breast_cancer,direct_squared,complete,,0.9899759903961584,0.9932919377032322,0.1461868585373268,0.0384268102121133,0.9529411764705882,0.0662116110816024,0.1647754442834881,0.9547191235649188,0.4755944467252742,0.4755944467252742,0.8264335366643883,2.9573661487569463,0.0714285714285714,16.0,0.033614656981507,8.0,equal,True,48437.0,3.310648250160739,2.9552690000000013,8.0,114.0,61.0,256.0,0.0231719999574124,11047.81635035815,median 5 warm calls on training rows; end-to-end preprocessing,,,,,,,,,,,,0.1,exp_004_real_f10_v1
100.0,100.0,1.0,29,2,binary,breast_cancer,coerror,complete,,0.99093637454982,0.9940314691685472,0.1443167818131991,0.0390201151551659,0.938655462184874,0.0601652003174878,0.1673195556746613,0.955965572848858,0.4865332912058001,0.4865332912058001,0.9796905234431588,2.8138614484771707,0.0821428571428571,15.0,0.0332752919927778,8.0,equal,True,48404.0,3.313947791233659,2.9515930000000026,8.0,114.0,61.0,256.0,0.0212997498456388,12018.92049696612,median 5 warm calls on training rows; end-to-end preprocessing,,,,,,,,,,,,0.1,exp_004_real_f10_v1
100.0,100.0,1.0,29,2,binary,breast_cancer,coerror_no_cert,complete,,0.99093637454982,0.9940314691685472,0.1443167818131991,0.0390201151551659,0.938655462184874,0.0601652003174878,0.1673195556746613,0.955965572848858,0.4865332912058001,0.4865332912058001,0.9796905234431588,2.8138614484771707,0.0821428571428571,15.0,0.0332752919927778,8.0,equal,True,48404.0,3.3094315426424146,2.9515640000000047,8.0,114.0,61.0,256.0,0.0209186670836061,12237.873425531314,median 5 warm calls on training rows; end-to-end preprocessing,,,,,,,,,,,,0.1,exp_004_real_f10_v1
100.0,100.0,1.0,29,2,binary,breast_cancer,covariance_only,complete,,0.99093637454982,0.9940314691685472,0.1443167818131991,0.0390201151551659,0.938655462184874,0.0601652003174878,0.1673195556746613,0.955965572848858,0.4865332912058001,0.4865332912058001,0.9796905234431588,2.8138614484771707,0.0821428571428571,15.0,0.0332752919927778,8.0,equal,True,48404.0,3.2946233327966183,2.9440269999999984,8.0,114.0,61.0,256.0,0.0257130418904125,9956.03713831512,median 5 warm calls on training rows; end-to-end preprocessing,,,,,,,,,,,,0.1,exp_004_real_f10_v1
100.0,100.0,1.0,29,2,binary,breast_cancer,shrinkage,complete,,0.99093637454982,0.9940314691685472,0.1443167818131991,0.0390201151551659,0.938655462184874,0.0601652003174878,0.1673195556746613,0.955965572848858,0.4865332912058,0.4865332912058,0.9796905234431588,2.8138614484771702,0.0821428571428571,15.0,0.0332752919927778,8.0,equal,True,48420.0,3.300706416834146,2.947039999999994,8.0,114.0,61.0,256.0,0.0247944998554885,10324.87049515264,median 5 warm calls on training rows; end-to-end preprocessing,,,,,,,,,,,,0.1,exp_004_real_f10_v1
100.0,100.0,1.0,29,2,binary,breast_cancer,caruana,complete,,0.99093637454982,0.9940314691685472,0.1443874449846582,0.0390699853434853,0.938655462184874,0.0601942080219342,0.1675334007060724,0.9564086197859424,0.4772450828603709,0.4772450828603709,0.8264335366643883,2.78657152070708,0.0761904761904762,14.0,0.0331480999408445,8.0,frequency_weighted,True,42613.0,3.3035031247418374,2.949138000000005,7.0,99.0,53.0,256.0,0.017534791957587,14599.545898189752,median 5 warm calls on training rows; end-to-end preprocessing,,,,,,,,,,,,0.1,exp_004_real_f10_v1
100.0,100.0,1.0,29,2,binary,breast_cancer,direct_auroc,complete,,0.9920768307322928,0.995333209823262,0.2027940928775686,0.0499559006440026,0.9243697478991596,0.1130013063263356,0.2142125687185584,0.904607793821754,0.4352720674225468,0.4352720674225468,0.9854715539015868,2.921006617021695,0.0785714285714285,16.0,0.0481606434567365,8.0,equal,True,48469.0,3.451919249491766,3.0813289999999967,8.0,114.0,61.0,256.0,0.0243042500223964,10533.137198806597,median 5 warm calls on training rows; end-to-end preprocessing,,,,,,,,,,,,0.1,exp_004_real_f10_v1
,,,29,2,binary,breast_cancer,rf_shallow,complete,,0.9832533013205282,0.9844133313516232,0.1481261046977805,0.041372776250951,0.9445378151260504,0.0402487345602972,0.1774078449489103,,,,,,,,,,,,15611.0,0.0230648340657353,0.0215879999999941,8.0,98.0,53.0,256.0,0.0036330409348011,70464.38633480888,median 5 warm calls on training rows; end-to-end preprocessing,0.0230648340657353,0.0215879999999941,214122496.0,,,,,,,,,0.1,exp_004_real_f10_v1
,,,29,2,binary,breast_cancer,et_shallow,complete,,0.9819327731092437,0.9880221666739708,0.2616963366847921,0.0704615715898307,0.9218487394957984,0.136068177504994,0.3021415698971349,,,,,,,,,,,,14971.0,0.0154111660085618,0.0151030000000034,8.0,90.0,49.0,256.0,0.003303499892354,77493.56995364671,median 5 warm calls on training rows; end-to-end preprocessing,0.0154111660085618,0.0151030000000034,214122496.0,,,,,,,,,0.1,exp_004_real_f10_v1
,,,29,2,binary,breast_cancer,random_patches,complete,,0.9820528211284516,0.9892056250479228,0.245455049402118,0.0652319823822794,0.9277310924369748,0.1160136286258431,0.2797169168921667,,,,,,,,,,,,35777.0,0.0781079588923603,0.0488999999999961,8.0,106.0,57.0,256.0,0.0192349168937653,13309.129507233692,median 5 warm calls on training rows; end-to-end preprocessing,0.0781079588923603,0.0488999999999961,214155264.0,,,,,,,,,0.1,exp_004_real_f10_v1
,,,29,2,binary,breast_cancer,random_forest,complete,,0.9857743097238896,0.9831181797094222,0.1768304839281225,0.0301889893869874,0.9630252100840336,0.0363343253968254,0.1294513937340101,,,,,,,,,,,,716331.0,0.5314170408528298,0.4758700000000004,256.0,7668.0,3962.0,256.0,0.023444915888831,10919.211705167876,median 5 warm calls on training rows; end-to-end preprocessing,0.5314170408528298,0.4758700000000004,214155264.0,,,,,,,,,0.1,exp_004_real_f10_v1
,,,29,2,binary,breast_cancer,extra_trees,complete,,0.9942977190876352,0.9964395753364012,0.1089443327028827,0.0296148068059689,0.9558823529411764,0.0479083994708994,0.1269892796692486,,,,,,,,,,,,2011051.0,0.3220696249045431,0.2960240000000027,256.0,23852.0,12054.0,256.0,0.0266261668875813,9614.602097284998,median 5 warm calls on training rows; end-to-end preprocessing,0.3220696249045431,0.2960240000000027,214155264.0,,,,,,,,,0.1,exp_004_real_f10_v1
,,,29,2,binary,breast_cancer,xgboost,complete,,0.9933973589435774,0.9959802351943994,0.1005952656269073,0.0275205191022009,0.9516806722689076,0.0216418999547838,0.1180089041204858,,,,,,,,,,,,127629.0,0.1767760841175913,0.1541300000000021,100.0,1396.0,748.0,256.0,0.0031262917909771,81886.15046709616,median 5 warm calls on training rows; end-to-end preprocessing,0.1767760841175913,0.1541300000000021,216023040.0,,,,,,,,,0.1,exp_004_real_f10_v1
,,,29,2,binary,breast_cancer,lightgbm,complete,,0.9930372148859544,0.995559348704179,0.0965568955614755,0.0261763659430368,0.9630252100840336,0.0283385540516205,0.1122451305268996,,,,,,,,,,,,181167.0,0.0749475001357495,0.0724419999999952,100.0,2864.0,1482.0,256.0,0.0062559170182794,40921.25890608564,median 5 warm calls on training rows; end-to-end preprocessing,0.0749475001357495,0.0724419999999952,216055808.0,,,,,,,,,0.1,exp_004_real_f10_v1
,,,29,2,binary,breast_cancer,catboost,complete,,0.993157262905162,0.9957544975812248,0.1002963216814347,0.0271750730284648,0.9600840336134454,0.0445641459621835,0.116527619830646,,,,,,,,,,,,45416.0,0.4406033330596983,0.378427000000002,100.0,3084.0,1592.0,256.0,0.0026747081428766,95711.37721391696,median 5 warm calls on training rows; end-to-end preprocessing,0.4406033330596983,0.378427000000002,216350720.0,,,,,,,,,0.1,exp_004_real_f10_v1
,,,29,2,binary,breast_cancer,linear,complete,,0.9967587034813924,0.9980166627064164,0.0726797199328,0.0201221772052169,0.9857142857142858,0.0419035993475943,0.0862845672237324,,,,,,,,,,,,5290.0,0.0146248750388622,0.0136490000000009,1.0,,,256.0,0.0040725420694798,62860.001353576765,median 5 warm calls on training rows; end-to-end preprocessing,0.0146248750388622,0.0136490000000009,215777280.0,31.0,,,,,,,,0.1,exp_004_real_f10_v1
100.0,100.0,1.0,11,0,multiclass,wine,direct_auroc,not_applicable,task restriction defined in config,,,,,,,,,,,,,,,,,,,,,,,,,,,,,,,,,,,,,,,,0.1,exp_004_real_f10_v1
100.0,100.0,1.0,11,0,multiclass,wine,coerror_no_cert_affine,not_applicable,task restriction defined in config,,,,,,,,,,,,,,,,,,,,,,,,,,,,,,,,,,,,,,,,0.1,exp_004_real_f10_v1
100.0,100.0,1.0,11,0,multiclass,wine,affine_profiled,not_applicable,task restriction defined in config,,,,,,,,,,,,,,,,,,,,,,,,,,,,,,,,,,,,,,,,0.1,exp_004_real_f10_v1
100.0,100.0,1.0,11,0,multiclass,wine,random_subspace,complete,,,,0.4218058352971253,0.2032809940275818,0.9416666666666668,,0.3090273557944593,0.8677086119912569,0.4348187245574472,0.4348187245574472,0.8879514146659863,3.010271596027756,0.0833333333333333,10.0,0.1883235933558058,8.0,equal,False,31360.0,0.0538619146682322,0.0475630000000038,8.0,106.0,57.0,118.0,0.0257178330793976,4588.25592481696,median 5 warm calls on training rows; end-to-end preprocessing,,,,,0.9886973905723906,,,,,,,0.1,exp_004_real_f10_v1
100.0,100.0,1.0,11,0,multiclass,wine,certified_random,complete,,,,0.4218058352971253,0.2032809940275818,0.9416666666666668,,0.3090273557944593,0.8677086119912569,0.4348187245574472,0.4348187245574472,0.8879514146659863,3.010271596027756,0.0833333333333333,10.0,0.1883235933558058,8.0,equal,True,31360.0,3.1860140848439187,2.823982000000001,8.0,106.0,57.0,118.0,0.0268245830666273,4398.950011894294,median 5 warm calls on training rows; end-to-end preprocessing,,,,,0.9886973905723906,,,,,,,0.1,exp_004_real_f10_v1
100.0,100.0,1.0,11,0,multiclass,wine,top_quality,complete,,,,0.2390889856471298,0.1272411725225483,0.9444444444444444,,0.1934317730042903,0.9488957601945098,0.486967441273765,0.486967441273765,1.0,2.646170428701553,0.2499999999999999,6.0,0.0970835673357211,8.0,equal,True,29312.0,3.187206375878304,2.823083000000004,8.0,82.0,45.0,118.0,0.0220189578831195,5359.018379814535,median 5 warm calls on training rows; end-to-end preprocessing,,,,,0.9924985970819304,,,,,,,0.1,exp_004_real_f10_v1
100.0,100.0,1.0,11,0,multiclass,wine,top_no_cert,complete,,,,0.2390889856471298,0.1272411725225483,0.9444444444444444,,0.1934317730042903,0.9488957601945098,0.486967441273765,0.486967441273765,1.0,2.646170428701553,0.2499999999999999,6.0,0.0970835673357211,8.0,equal,True,29312.0,3.200085834832862,2.8307660000000183,8.0,82.0,45.0,118.0,0.0294802079442888,4002.685470299064,median 5 warm calls on training rows; end-to-end preprocessing,,,,,0.9924985970819304,,,,,,,0.1,exp_004_real_f10_v1
100.0,100.0,1.0,11,0,multiclass,wine,abs_correlation,complete,,,,0.3538834203689359,0.1722276323579855,0.9583333333333334,,0.2618200982188577,0.901029288316318,0.303791040410002,0.303791040410002,0.5663805173995454,4.397443600391466,0.0714285714285714,11.0,0.1137143422485461,8.0,equal,True,30178.0,3.224799459101632,2.8565460000000016,8.0,92.0,50.0,118.0,0.0196547920349985,6003.624957714226,median 5 warm calls on training rows; end-to-end preprocessing,,,,,0.996733305274972,,,,,,,0.1,exp_004_real_f10_v1
100.0,100.0,1.0,11,0,multiclass,wine,signed_correlation,complete,,,,0.3538834203689359,0.1722276323579855,0.9583333333333334,,0.2618200982188577,0.901029288316318,0.303791040410002,0.303791040410002,0.5663805173995454,4.397443600391466,0.0714285714285714,11.0,0.1137143422485461,8.0,equal,True,30178.0,3.220018000109121,2.8564990000000066,8.0,92.0,50.0,118.0,0.022577750030905,5226.384375700792,median 5 warm calls on training rows; end-to-end preprocessing,,,,,0.996733305274972,,,,,,,0.1,exp_004_real_f10_v1
100.0,100.0,1.0,11,0,multiclass,wine,minimax,complete,,,,0.3574719961678138,0.1633521623931908,0.9444444444444444,,0.2483276267373305,0.89196219813829,0.3192535027290928,0.3192535027290928,0.4733619588940239,3.979791603782507,0.0833333333333333,10.0,0.1229793301364328,8.0,equal,True,29986.0,3.2447614178527147,2.880482000000022,8.0,90.0,49.0,118.0,0.0211245829705148,5585.909088226789,median 5 warm calls on training rows; end-to-end preprocessing,,,,,0.9987549102132436,,,,,,,0.1,exp_004_real_f10_v1
100.0,100.0,1.0,11,0,multiclass,wine,quality_diversity,complete,,,,0.2254555528162954,0.1102481232677989,0.9444444444444444,,0.1675989739115837,0.9470639924283404,0.3699394394341975,0.3699394394341975,1.0,3.777064383991642,0.1666666666666666,8.0,0.0833947948059722,8.0,equal,True,29643.0,3.2216557937208563,2.8588550000000126,8.0,86.0,47.0,118.0,0.0257612080313265,4580.53053476793,median 5 warm calls on training rows; end-to-end preprocessing,,,,,0.9977202581369248,,,,,,,0.1,exp_004_real_f10_v1
100.0,100.0,1.0,11,0,multiclass,wine,prediction_correlation,complete,,,,0.6571340882739354,0.3760572904502849,0.8208333333333333,,0.5716815320143134,0.7419860225252963,0.5709640679655628,0.5709640679655628,0.99825092921518,2.241470149131715,0.1428571428571428,9.0,0.3587076508857654,8.0,equal,True,31040.0,3.292368334718049,2.9197770000000034,8.0,102.0,55.0,118.0,0.0218060419429093,5411.344264536274,median 5 warm calls on training rows; end-to-end preprocessing,,,,,0.9537892817059485,,,,,,,0.1,exp_004_real_f10_v1
100.0,100.0,1.0,11,0,multiclass,wine,coerror_greedy,complete,,,,0.2105601617229892,0.1023424906723505,0.9583333333333334,,0.155580847236532,0.9430454480992873,0.348025410766885,0.348025410766885,1.0,3.8958163498361498,0.1666666666666666,8.0,0.0821986478750538,8.0,equal,True,29824.0,3.1883993758819997,2.824920000000013,8.0,88.0,48.0,118.0,0.0199334591161459,5919.695087162308,median 5 warm calls on training rows; end-to-end preprocessing,,,,,0.9996141975308642,,,,,,,0.1,exp_004_real_f10_v1
100.0,100.0,1.0,11,0,multiclass,wine,direct_squared,complete,,,,0.2105601617229892,0.1023424906723505,0.9583333333333334,,0.155580847236532,0.943045448099287,0.348025410766885,0.348025410766885,1.0,3.8958163498361498,0.1666666666666666,8.0,0.0821986478750538,8.0,equal,True,29808.0,3.222073792712763,2.846993000000019,8.0,88.0,48.0,118.0,0.0214807500597089,5493.290489019302,median 5 warm calls on training rows; end-to-end preprocessing,,,,,0.9996141975308642,,,,,,,0.1,exp_004_real_f10_v1
100.0,100.0,1.0,11,0,multiclass,wine,coerror,complete,,,,0.2105601617229892,0.1023424906723505,0.9583333333333334,,0.155580847236532,0.9430454480992873,0.348025410766885,0.348025410766885,1.0,3.8958163498361498,0.1666666666666666,8.0,0.0821986478750538,8.0,equal,True,29824.0,3.196908085141331,2.826641000000002,8.0,88.0,48.0,118.0,0.0230173340532928,5126.5711192612625,median 5 warm calls on training rows; end-to-end preprocessing,,,,,0.9996141975308642,,,,,,,0.1,exp_004_real_f10_v1
100.0,100.0,1.0,11,0,multiclass,wine,coerror_no_cert,complete,,,,0.2105601617229892,0.1023424906723505,0.9583333333333334,,0.155580847236532,0.9430454480992873,0.348025410766885,0.348025410766885,1.0,3.8958163498361498,0.1666666666666666,8.0,0.0821986478750538,8.0,equal,True,29824.0,3.186930625932291,2.824284000000013,8.0,88.0,48.0,118.0,0.0203934169840067,5786.180907914538,median 5 warm calls on training rows; end-to-end preprocessing,,,,,0.9996141975308642,,,,,,,0.1,exp_004_real_f10_v1
100.0,100.0,1.0,11,0,multiclass,wine,covariance_only,complete,,,,0.2105601617229892,0.1023424906723505,0.9583333333333334,,0.155580847236532,0.9430454480992873,0.348025410766885,0.348025410766885,1.0,3.8958163498361498,0.1666666666666666,8.0,0.0821986478750538,8.0,equal,True,29824.0,3.2115310428198427,2.8291129999999995,8.0,88.0,48.0,118.0,0.0201976250391453,5842.271047774293,median 5 warm calls on training rows; end-to-end preprocessing,,,,,0.9996141975308642,,,,,,,0.1,exp_004_real_f10_v1
100.0,100.0,1.0,11,0,multiclass,wine,shrinkage,complete,,,,0.2333193400362097,0.1152903399585379,0.9444444444444444,,0.1752641415222377,0.9410841539171566,0.3517499905825857,0.3517499905825857,1.0,3.897658624885192,0.1547619047619047,9.0,0.0814735158715073,8.0,equal,True,30032.0,3.1972620016895235,2.829470000000022,8.0,90.0,49.0,118.0,0.0254353750497102,4639.20818031516,median 5 warm calls on training rows; end-to-end preprocessing,,,,,0.9978956228956228,,,,,,,0.1,exp_004_real_f10_v1
100.0,100.0,1.0,11,0,multiclass,wine,caruana,complete,,,,0.2105601617229892,0.1023424906723505,0.9583333333333334,,0.155580847236532,0.9399399295519576,0.3073194615411868,0.3073194615411868,0.5531512020650374,3.815847731506202,0.1111111111111111,8.0,0.0821986478750538,8.0,frequency_weighted,True,22865.0,3.197510292986408,2.831789000000036,6.0,66.0,36.0,118.0,0.0242306250147521,4869.8702541993425,median 5 warm calls on training rows; end-to-end preprocessing,,,,,0.9996141975308642,,,,,,,0.1,exp_004_real_f10_v1
,,,11,0,multiclass,wine,rf_shallow,complete,,,,0.2655478235562976,0.1346703720966735,0.9444444444444444,,0.2047256271643586,,,,,,,,,,,,13619.0,0.0163337499834597,0.0161760000000015,8.0,76.0,42.0,118.0,0.0038919579237699,30318.93003758353,median 5 warm calls on training rows; end-to-end preprocessing,0.0163337499834597,0.0161760000000015,214466560.0,,0.9945987654320988,,,,,,,0.1,exp_004_real_f10_v1
,,,11,0,multiclass,wine,et_shallow,complete,,,,0.3915236472935586,0.1911066132271413,0.9277777777777776,,0.2905198867357213,,,,,,,,,,,,16083.0,0.0171538749709725,0.0139869999999859,8.0,104.0,56.0,118.0,0.0030917080584913,38166.60492115808,median 5 warm calls on training rows; end-to-end preprocessing,0.0171538749709725,0.0139869999999859,214024192.0,,0.9968827160493828,,,,,,,0.1,exp_004_real_f10_v1
,,,11,0,multiclass,wine,random_patches,complete,,,,0.4254806080461312,0.2173771011293076,0.9444444444444444,,0.330456229287919,,,,,,,,,,,,25208.0,0.0774685421492904,0.0532010000000013,8.0,78.0,43.0,118.0,0.020400249864906,5784.242878465513,median 5 warm calls on training rows; end-to-end preprocessing,0.0774685421492904,0.0532010000000013,214089728.0,,0.989283810325477,,,,,,,0.1,exp_004_real_f10_v1
,,,11,0,multiclass,wine,random_forest,complete,,,,0.181863295453492,0.084942626953125,0.9583333333333334,,0.1291296096180922,,,,,,,,,,,,446035.0,0.4153676249552518,0.3645450000000068,256.0,3840.0,2048.0,118.0,0.0222253329120576,5309.256804697081,median 5 warm calls on training rows; end-to-end preprocessing,0.4153676249552518,0.3645450000000068,214302720.0,,0.9987808641975308,,,,,,,0.1,exp_004_real_f10_v1
,,,11,0,multiclass,wine,extra_trees,complete,,,,0.1861345143876356,0.0813501993815104,0.9722222222222222,,0.1236684084927743,,,,,,,,,,,,1284147.0,0.3241615840233862,0.2709499999999991,256.0,13364.0,6810.0,118.0,0.0228311251848936,5168.383031690248,median 5 warm calls on training rows; end-to-end preprocessing,0.3241615840233862,0.2709499999999991,214925312.0,,0.9991975308641976,,,,,,,0.1,exp_004_real_f10_v1
,,,11,0,multiclass,wine,xgboost,complete,,,,0.1857583969831466,0.0994370219735465,0.9555555555555556,,0.1511639595996428,,,,,,,,,,,,275961.0,0.0635372090619057,0.0555090000000007,300.0,1926.0,1113.0,118.0,0.0030991248786449,38075.264670068456,median 5 warm calls on training rows; end-to-end preprocessing,0.0635372090619057,0.0555090000000007,216104960.0,,0.9952469135802468,,,,,,,0.1,exp_004_real_f10_v1
,,,11,0,multiclass,wine,lightgbm,complete,,,,0.2227813408025933,0.1111479093721177,0.925,,0.1689668269267087,,,,,,,,,,,,217623.0,0.0311759999021887,0.0294580000000053,300.0,2822.0,1561.0,118.0,0.0056444171350449,20905.612958221,median 5 warm calls on training rows; end-to-end preprocessing,0.0311759999021887,0.0294580000000053,217792512.0,,0.9892487373737374,,,,,,,0.1,exp_004_real_f10_v1
,,,11,0,multiclass,wine,catboost,complete,,,,0.1974590776186845,0.0822631945216422,0.9722222222222222,,0.1250563418574147,,,,,,,,,,,,69422.0,0.1590236669871956,0.1212160000000039,100.0,3100.0,1600.0,118.0,0.0023744171485304,49696.406578359536,median 5 warm calls on training rows; end-to-end preprocessing,0.1590236669871956,0.1212160000000039,218873856.0,,0.9988117283950618,,,,,,,0.1,exp_004_real_f10_v1
,,,11,0,multiclass,wine,linear,complete,,,,0.0843451261829404,0.0436316617449146,0.9652777777777778,,0.0663287638987034,,,,,,,,,,,,4058.0,0.0097155000548809,0.0100710000000106,1.0,,,118.0,0.00274791684933,42941.61958676733,median 5 warm calls on training rows; end-to-end preprocessing,0.0097155000548809,0.0100710000000106,219152384.0,42.0,0.9991407126823794,,,,,,,0.1,exp_004_real_f10_v1
100.0,100.0,1.0,11,1,multiclass,wine,direct_auroc,not_applicable,task restriction defined in config,,,,,,,,,,,,,,,,,,,,,,,,,,,,,,,,,,,,,,,,0.1,exp_004_real_f10_v1
100.0,100.0,1.0,11,1,multiclass,wine,coerror_no_cert_affine,not_applicable,task restriction defined in config,,,,,,,,,,,,,,,,,,,,,,,,,,,,,,,,,,,,,,,,0.1,exp_004_real_f10_v1
100.0,100.0,1.0,11,1,multiclass,wine,affine_profiled,not_applicable,task restriction defined in config,,,,,,,,,,,,,,,,,,,,,,,,,,,,,,,,,,,,,,,,0.1,exp_004_real_f10_v1
100.0,100.0,1.0,11,1,multiclass,wine,random_subspace,complete,,,,0.3765261048329348,0.1825095214871021,0.902355072463768,,0.2765733840210836,0.8679689802534629,0.4219874399739917,0.4219874399739917,0.7051212651172729,3.0621786125509183,0.1071428571428571,10.0,0.1807095438442816,8.0,equal,False,30840.0,0.0525227501057088,0.0473560000000077,8.0,98.0,53.0,119.0,0.0230012498795986,5173.631894914947,median 5 warm calls on training rows; end-to-end preprocessing,,,,,0.9853915506468592,,,,,,,0.1,exp_004_real_f10_v1
100.0,100.0,1.0,11,1,multiclass,wine,certified_random,complete,,,,0.3765261048329348,0.1825095214871021,0.902355072463768,,0.2765733840210836,0.8679689802534629,0.4219874399739917,0.4219874399739917,0.7051212651172729,3.0621786125509183,0.1071428571428571,10.0,0.1807095438442816,8.0,equal,True,30840.0,3.298606124939397,2.883860000000027,8.0,98.0,53.0,119.0,0.0193488749209791,6150.228397568144,median 5 warm calls on training rows; end-to-end preprocessing,,,,,0.9853915506468592,,,,,,,0.1,exp_004_real_f10_v1
100.0,100.0,1.0,11,1,multiclass,wine,top_quality,complete,,,,0.2181341617571928,0.1152140618686819,0.8980072463768116,,0.1745944141335539,0.94511826661042,0.4337383601049392,0.4337383601049392,0.9999999999999998,2.7541554174152125,0.2857142857142857,6.0,0.1042089033378121,8.0,equal,True,28904.0,3.302491415757686,2.886187000000021,8.0,78.0,43.0,119.0,0.0190487918443977,6247.115353669933,median 5 warm calls on training rows; end-to-end preprocessing,,,,,0.9895811548111852,,,,,,,0.1,exp_004_real_f10_v1
100.0,100.0,1.0,11,1,multiclass,wine,top_no_cert,complete,,,,0.2181341617571928,0.1152140618686819,0.8980072463768116,,0.1745944141335539,0.94511826661042,0.4337383601049392,0.4337383601049392,0.9999999999999998,2.7541554174152125,0.2857142857142857,6.0,0.1042089033378121,8.0,equal,True,28904.0,3.296570874983445,2.8848919999999936,8.0,78.0,43.0,119.0,0.0242941251490265,4898.3035721608785,median 5 warm calls on training rows; end-to-end preprocessing,,,,,0.9895811548111852,,,,,,,0.1,exp_004_real_f10_v1
100.0,100.0,1.0,11,1,multiclass,wine,abs_correlation,complete,,,,0.2805692679654001,0.1292954644405557,0.9210144927536232,,0.195933252399817,0.9078755197242252,0.2839076572824529,0.2839076572824529,0.5956031123647183,4.552646341289387,0.1071428571428571,9.0,0.1026429129892414,8.0,equal,True,30024.0,3.398428166983649,2.9793390000000244,8.0,90.0,49.0,119.0,0.0218829589430242,5438.02144444155,median 5 warm calls on training rows; end-to-end preprocessing,,,,,0.9945854902503032,,,,,,,0.1,exp_004_real_f10_v1
100.0,100.0,1.0,11,1,multiclass,wine,signed_correlation,complete,,,,0.2805692679654001,0.1292954644405557,0.9210144927536232,,0.195933252399817,0.9078755197242252,0.2839076572824529,0.2839076572824529,0.5956031123647183,4.552646341289387,0.1071428571428571,9.0,0.1026429129892414,8.0,equal,True,30024.0,3.4221509997732937,2.986044000000007,8.0,90.0,49.0,119.0,0.0206277910619974,5768.916295610234,median 5 warm calls on training rows; end-to-end preprocessing,,,,,0.9945854902503032,,,,,,,0.1,exp_004_real_f10_v1
100.0,100.0,1.0,11,1,multiclass,wine,minimax,complete,,,,0.2880821404912423,0.1347468793034583,0.9210144927536232,,0.2041942803398981,0.9070170148228748,0.3235362391924416,0.3235362391924416,0.5254765954590388,4.135611740461856,0.1309523809523809,8.0,0.1152540507494608,8.0,equal,True,29912.0,3.327662250259891,2.9149090000000086,8.0,88.0,48.0,119.0,0.0221065001096576,5383.032113166235,median 5 warm calls on training rows; end-to-end preprocessing,,,,,0.992128081258516,,,,,,,0.1,exp_004_real_f10_v1
100.0,100.0,1.0,11,1,multiclass,wine,quality_diversity,complete,,,,0.2178698621665462,0.0969582512342606,0.9855072463768116,,0.1469297132233232,0.942259272598826,0.3510736683127459,0.3510736683127459,0.9999999999999998,3.737559950504066,0.2023809523809523,6.0,0.0925683143762724,8.0,equal,True,29208.0,3.34466666681692,2.924018000000032,8.0,82.0,45.0,119.0,0.0223367079161107,5327.553211821743,median 5 warm calls on training rows; end-to-end preprocessing,,,,,0.9967050662702835,,,,,,,0.1,exp_004_real_f10_v1
100.0,100.0,1.0,11,1,multiclass,wine,prediction_correlation,complete,,,,0.6289777021446409,0.3451545361261469,0.8856884057971014,,0.5230442625065017,0.7204407933379826,0.605307873443203,0.605307873443203,0.831131987828811,2.096860512264762,0.1071428571428571,9.0,0.3907384223566412,8.0,equal,True,30760.0,3.4100986670237035,2.984224000000012,8.0,98.0,53.0,119.0,0.0233374591916799,5099.098364676508,median 5 warm calls on training rows; end-to-end preprocessing,,,,,0.9699911634820634,,,,,,,0.1,exp_004_real_f10_v1
100.0,100.0,1.0,11,1,multiclass,wine,coerror_greedy,complete,,,,0.2280248717968792,0.1137115713939962,0.9043478260869564,,0.1723175527859522,0.9327420002812334,0.310438296819104,0.310438296819104,0.6831867831496354,4.353635193749714,0.1666666666666666,7.0,0.0887057626670807,8.0,equal,True,29272.0,3.294384666951373,2.886074000000008,8.0,82.0,45.0,119.0,0.0227761249989271,5224.769358510527,median 5 warm calls on training rows; end-to-end preprocessing,,,,,0.9934101325405672,,,,,,,0.1,exp_004_real_f10_v1
100.0,100.0,1.0,11,1,multiclass,wine,direct_squared,complete,,,,0.2280248717968792,0.1137115713939962,0.9043478260869564,,0.1723175527859522,0.9327420002812334,0.310438296819104,0.310438296819104,0.6831867831496354,4.353635193749715,0.1666666666666666,7.0,0.0887057626670807,8.0,equal,True,29288.0,3.315667709102854,2.9053240000000073,8.0,82.0,45.0,119.0,0.0193947090301662,6135.694008861335,median 5 warm calls on training rows; end-to-end preprocessing,,,,,0.9934101325405672,,,,,,,0.1,exp_004_real_f10_v1
100.0,100.0,1.0,11,1,multiclass,wine,coerror,complete,,,,0.2280248717968792,0.1137115713939962,0.9043478260869564,,0.1723175527859522,0.9327420002812334,0.310438296819104,0.310438296819104,0.6831867831496354,4.353635193749714,0.1666666666666666,7.0,0.0887057626670807,8.0,equal,True,29272.0,3.3105761660262942,2.8880450000000053,8.0,82.0,45.0,119.0,0.0228583328425884,5205.978967034969,median 5 warm calls on training rows; end-to-end preprocessing,,,,,0.9934101325405672,,,,,,,0.1,exp_004_real_f10_v1
100.0,100.0,1.0,11,1,multiclass,wine,coerror_no_cert,complete,,,,0.2280248717968792,0.1137115713939962,0.9043478260869564,,0.1723175527859522,0.9327420002812334,0.310438296819104,0.310438296819104,0.6831867831496354,4.353635193749714,0.1666666666666666,7.0,0.0887057626670807,8.0,equal,True,29272.0,3.313084290595725,2.8898280000000227,8.0,82.0,45.0,119.0,0.0184327501337975,6455.900456319132,median 5 warm calls on training rows; end-to-end preprocessing,,,,,0.9934101325405672,,,,,,,0.1,exp_004_real_f10_v1
100.0,100.0,1.0,11,1,multiclass,wine,covariance_only,complete,,,,0.2189258950374292,0.0995464222735769,0.9855072463768116,,0.1508518057088907,0.9358745516219183,0.3188931731913151,0.3188931731913151,0.6831867831496354,4.209965986279574,0.1547619047619047,7.0,0.0884426128293271,8.0,equal,True,29432.0,3.293963124975562,2.885072000000008,8.0,84.0,46.0,119.0,0.0181290830951184,6564.038532761923,median 5 warm calls on training rows; end-to-end preprocessing,,,,,0.9954973368016846,,,,,,,0.1,exp_004_real_f10_v1
100.0,100.0,1.0,11,1,multiclass,wine,shrinkage,complete,,,,0.185276923245621,0.0841333558876084,0.9855072463768116,,0.127494975370534,0.9391672669471738,0.3424196760421033,0.3424196760421033,0.9999999999999998,3.856282748947011,0.1785714285714285,7.0,0.0892039119243709,8.0,equal,True,29432.0,3.303663708968088,2.887074000000013,8.0,84.0,46.0,119.0,0.0224538748152554,5299.753426929687,median 5 warm calls on training rows; end-to-end preprocessing,,,,,0.9954477889260498,,,,,,,0.1,exp_004_real_f10_v1
100.0,100.0,1.0,11,1,multiclass,wine,caruana,complete,,,,0.2005770285746566,0.1067461859892792,0.9043478260869564,,0.1617622667017147,0.936414840291874,0.3017681472132847,0.3017681472132847,0.5956031123647183,3.784669635264331,0.1333333333333333,7.0,0.0850234272615294,8.0,frequency_weighted,True,22888.0,3.3072337496560067,2.8942100000000153,6.0,66.0,36.0,119.0,0.0149260831531137,7972.620732397265,median 5 warm calls on training rows; end-to-end preprocessing,,,,,0.9938127090301002,,,,,,,0.1,exp_004_real_f10_v1
,,,11,1,multiclass,wine,rf_shallow,complete,,,,0.2839338761698283,0.1362116205836852,0.9710144927536232,,0.2064139368777426,,,,,,,,,,,,14675.0,0.0265171248465776,0.0188660000000027,8.0,88.0,48.0,119.0,0.004899209132418,24289.634670334388,median 5 warm calls on training rows; end-to-end preprocessing,0.0265171248465776,0.0188660000000027,217579520.0,,0.9953334975326888,,,,,,,0.1,exp_004_real_f10_v1
,,,11,1,multiclass,wine,et_shallow,complete,,,,0.4589260656081342,0.252034913816371,0.8898550724637682,,0.3819315750635072,,,,,,,,,,,,14851.0,0.0176478750072419,0.0153449999999963,8.0,90.0,49.0,119.0,0.0036227500531822,32847.97412271645,median 5 warm calls on training rows; end-to-end preprocessing,0.0176478750072419,0.0153449999999963,217546752.0,,0.9798036233324404,,,,,,,0.1,exp_004_real_f10_v1
,,,11,1,multiclass,wine,random_patches,complete,,,,0.4341834421750963,0.2196779599210239,0.9211956521739132,,0.3328981210139179,,,,,,,,,,,,25533.0,0.0487665829714387,0.0457080000000047,8.0,82.0,45.0,119.0,0.0201130409259349,5916.559332733946,median 5 warm calls on training rows; end-to-end preprocessing,0.0487665829714387,0.0457080000000047,217579520.0,,0.9893773459622804,,,,,,,0.1,exp_004_real_f10_v1
,,,11,1,multiclass,wine,random_forest,complete,,,,0.1495190050706232,0.0700502557269597,0.9521739130434784,,0.1061535645926106,,,,,,,,,,,,500947.0,0.4062787499278784,0.3674730000000039,256.0,4464.0,2360.0,119.0,0.0213952080812305,5561.993113046454,median 5 warm calls on training rows; end-to-end preprocessing,0.4062787499278784,0.3674730000000039,217595904.0,,0.999194847020934,,,,,,,0.1,exp_004_real_f10_v1
,,,11,1,multiclass,wine,extra_trees,complete,,,,0.1426230010173376,0.0590815140029131,1.0,,0.0895316262282211,,,,,,,,,,,,1317939.0,0.3118742499500513,0.2677639999999996,256.0,13748.0,7002.0,119.0,0.023446416016668,5075.40256538154,median 5 warm calls on training rows; end-to-end preprocessing,0.3118742499500513,0.2677639999999996,217628672.0,,1.0,,,,,,,0.1,exp_004_real_f10_v1
,,,11,1,multiclass,wine,xgboost,complete,,,,0.1842964887619018,0.1104926066670575,0.918840579710145,,0.1674395608854756,,,,,,,,,,,,279914.0,0.0761788748204708,0.0592730000000045,300.0,2042.0,1171.0,119.0,0.0027666250243782,43012.69559532774,median 5 warm calls on training rows; end-to-end preprocessing,0.0761788748204708,0.0592730000000045,217661440.0,,0.9928361189609928,,,,,,,0.1,exp_004_real_f10_v1
,,,11,1,multiclass,wine,lightgbm,complete,,,,0.222070913705907,0.1308138599018762,0.918840579710145,,0.1982342160295382,,,,,,,,,,,,219959.0,0.0331922080367803,0.0293839999999931,300.0,2876.0,1588.0,119.0,0.0056973330210894,20886.965806545923,median 5 warm calls on training rows; end-to-end preprocessing,0.0331922080367803,0.0293839999999931,218054656.0,,0.991775052644618,,,,,,,0.1,exp_004_real_f10_v1
,,,11,1,multiclass,wine,catboost,complete,,,,0.1985740651469643,0.0925148616490712,0.9210144927536232,,0.1401962382567216,,,,,,,,,,,,69414.0,0.132841374957934,0.1109009999999983,100.0,3100.0,1600.0,119.0,0.0029361660126596,40529.04348286702,median 5 warm calls on training rows; end-to-end preprocessing,0.132841374957934,0.1109009999999983,218497024.0,,0.9946674098848012,,,,,,,0.1,exp_004_real_f10_v1
,,,11,1,multiclass,wine,linear,complete,,,,0.0639255475279394,0.0252602134876058,1.0,,0.038279113705615,,,,,,,,,,,,4058.0,0.0088363750837743,0.0093190000000049,1.0,,,119.0,0.0022987499833106,51767.26519367458,median 5 warm calls on training rows; end-to-end preprocessing,0.0088363750837743,0.0093190000000049,218464256.0,42.0,1.0,,,,,,,0.1,exp_004_real_f10_v1
100.0,100.0,1.0,11,2,multiclass,wine,direct_auroc,not_applicable,task restriction defined in config,,,,,,,,,,,,,,,,,,,,,,,,,,,,,,,,,,,,,,,,0.1,exp_004_real_f10_v1
100.0,100.0,1.0,11,2,multiclass,wine,coerror_no_cert_affine,not_applicable,task restriction defined in config,,,,,,,,,,,,,,,,,,,,,,,,,,,,,,,,,,,,,,,,0.1,exp_004_real_f10_v1
100.0,100.0,1.0,11,2,multiclass,wine,affine_profiled,not_applicable,task restriction defined in config,,,,,,,,,,,,,,,,,,,,,,,,,,,,,,,,,,,,,,,,0.1,exp_004_real_f10_v1
100.0,100.0,1.0,11,2,multiclass,wine,random_subspace,complete,,,,0.4731265405436604,0.2381094382802607,0.9236111111111112,,0.3620741575581941,0.8205289149074186,0.5090766663824275,0.5090766663824275,0.8269711243669444,2.5593502968688484,0.0833333333333333,10.0,0.2601755651269148,8.0,equal,False,31080.0,0.0486197499558329,0.0446799999999854,8.0,102.0,55.0,119.0,0.0193092080298811,6162.862807001031,median 5 warm calls on training rows; end-to-end preprocessing,,,,,0.9923311184939092,,,,,,,0.1,exp_004_real_f10_v1
100.0,100.0,1.0,11,2,multiclass,wine,certified_random,complete,,,,0.4731265405436604,0.2381094382802607,0.9236111111111112,,0.3620741575581941,0.8205289149074186,0.5090766663824275,0.5090766663824275,0.8269711243669444,2.5593502968688484,0.0833333333333333,10.0,0.2601755651269148,8.0,equal,True,31080.0,3.2257720839697868,2.8220449999999886,8.0,102.0,55.0,119.0,0.0237660000566393,5007.153063889518,median 5 warm calls on training rows; end-to-end preprocessing,,,,,0.9923311184939092,,,,,,,0.1,exp_004_real_f10_v1
100.0,100.0,1.0,11,2,multiclass,wine,top_quality,complete,,,,0.203501495943597,0.0910849561675987,0.9722222222222222,,0.1385056762503914,0.9355240731270976,0.4991946949561323,0.4991946949561323,1.0,2.636468414861175,0.2499999999999999,6.0,0.1296880749468728,8.0,equal,True,29261.0,3.224599874811247,2.822975999999983,8.0,82.0,45.0,119.0,0.0252693751826882,4709.25771372161,median 5 warm calls on training rows; end-to-end preprocessing,,,,,0.9996031746031746,,,,,,,0.1,exp_004_real_f10_v1
100.0,100.0,1.0,11,2,multiclass,wine,top_no_cert,complete,,,,0.203501495943597,0.0910849561675987,0.9722222222222222,,0.1385056762503914,0.9355240731270976,0.4991946949561323,0.4991946949561323,1.0,2.636468414861175,0.2499999999999999,6.0,0.1296880749468728,8.0,equal,True,29261.0,3.2291898739058524,2.8214980000000054,8.0,82.0,45.0,119.0,0.0207549170590937,5733.581091226787,median 5 warm calls on training rows; end-to-end preprocessing,,,,,0.9996031746031746,,,,,,,0.1,exp_004_real_f10_v1
100.0,100.0,1.0,11,2,multiclass,wine,abs_correlation,complete,,,,0.2911092587615551,0.118540885149872,1.0,,0.1802557321407981,0.8898391575400055,0.3633018148573275,0.3633018148573275,0.6699078512084541,3.750609047903676,0.0714285714285714,11.0,0.1442278215815444,8.0,equal,True,29904.0,3.30846479232423,2.863062999999997,8.0,88.0,48.0,119.0,0.02199595910497,5410.084617456456,median 5 warm calls on training rows; end-to-end preprocessing,,,,,1.0,,,,,,,0.1,exp_004_real_f10_v1
100.0,100.0,1.0,11,2,multiclass,wine,signed_correlation,complete,,,,0.2911092587615551,0.118540885149872,1.0,,0.1802557321407981,0.8898391575400055,0.3633018148573275,0.3633018148573275,0.6699078512084541,3.750609047903676,0.0714285714285714,11.0,0.1442278215815444,8.0,equal,True,29904.0,3.267631333786994,2.8546980000000133,8.0,88.0,48.0,119.0,0.019428834086284,6124.917196344227,median 5 warm calls on training rows; end-to-end preprocessing,,,,,1.0,,,,,,,0.1,exp_004_real_f10_v1
100.0,100.0,1.0,11,2,multiclass,wine,minimax,complete,,,,0.3244599707878813,0.140801842202369,0.9652777777777778,,0.2141062058113757,0.8718388347134468,0.3985539297571684,0.3985539297571684,0.5473175897642842,3.436353613165179,0.0952380952380952,10.0,0.1694734589081363,8.0,equal,True,30216.0,3.28633400076069,2.8781250000000114,8.0,92.0,50.0,119.0,0.0187055419664829,6361.750983383792,median 5 warm calls on training rows; end-to-end preprocessing,,,,,0.9991186784791436,,,,,,,0.1,exp_004_real_f10_v1
100.0,100.0,1.0,11,2,multiclass,wine,quality_diversity,complete,,,,0.21647165627808,0.0950447548873839,0.9861111111111112,,0.1445270284316464,0.932157875462116,0.4243418867743275,0.4243418867743275,1.0,3.1208903851019385,0.1785714285714285,7.0,0.1221211869184266,8.0,equal,True,29288.0,3.261910999659449,2.856546999999992,8.0,82.0,45.0,119.0,0.0278293339069932,4276.063537765679,median 5 warm calls on training rows; end-to-end preprocessing,,,,,0.9996031746031746,,,,,,,0.1,exp_004_real_f10_v1
100.0,100.0,1.0,11,2,multiclass,wine,prediction_correlation,complete,,,,0.5636028089898132,0.2978561173625585,0.9477339181286548,,0.4529261987534721,0.7572653589114168,0.5546356958239748,0.5546356958239748,0.7931999644145413,2.390410798902132,0.1071428571428571,10.0,0.3365350253946771,8.0,equal,True,31096.0,3.347846958786249,2.9188410000000005,8.0,102.0,55.0,119.0,0.0186721661593765,6373.122378211186,median 5 warm calls on training rows; end-to-end preprocessing,,,,,0.9923061044083076,,,,,,,0.1,exp_004_real_f10_v1
100.0,100.0,1.0,11,2,multiclass,wine,coerror_greedy,complete,,,,0.2147648379040703,0.0919655206845936,0.9861111111111112,,0.1398446809449104,0.9304069644835858,0.433416506183864,0.433416506183864,0.994964415281092,3.2863292584134545,0.1666666666666666,7.0,0.1203503504305213,8.0,equal,True,29528.0,3.2254421249963343,2.820703000000009,8.0,84.0,46.0,119.0,0.0218170001171529,5454.462087408617,median 5 warm calls on training rows; end-to-end preprocessing,,,,,0.9996031746031746,,,,,,,0.1,exp_004_real_f10_v1
100.0,100.0,1.0,11,2,multiclass,wine,direct_squared,complete,,,,0.2147648379040703,0.0919655206845936,0.9861111111111112,,0.1398446809449104,0.9304069644835858,0.4334165061838639,0.4334165061838639,0.994964415281092,3.286329258413456,0.1666666666666666,7.0,0.1203503504305213,8.0,equal,True,29512.0,3.245927874930203,2.8387160000000193,8.0,84.0,46.0,119.0,0.0186576670967042,6378.074996365466,median 5 warm calls on training rows; end-to-end preprocessing,,,,,0.9996031746031746,,,,,,,0.1,exp_004_real_f10_v1
100.0,100.0,1.0,11,2,multiclass,wine,coerror,complete,,,,0.2262128187687176,0.098452890372931,0.9861111111111112,,0.1497095100404652,0.9321531186785824,0.4281227307429594,0.4281227307429594,0.994964415281092,3.3147292813713203,0.1666666666666666,7.0,0.1197346665553357,8.0,equal,True,29474.0,3.234217375749722,2.823814999999996,8.0,84.0,46.0,119.0,0.0175359998829662,6786.040191274837,median 5 warm calls on training rows; end-to-end preprocessing,,,,,0.9992063492063492,,,,,,,0.1,exp_004_real_f10_v1
100.0,100.0,1.0,11,2,multiclass,wine,coerror_no_cert,complete,,,,0.2262128187687176,0.098452890372931,0.9861111111111112,,0.1497095100404652,0.9321531186785824,0.4281227307429594,0.4281227307429594,0.994964415281092,3.3147292813713203,0.1666666666666666,7.0,0.1197346665553357,8.0,equal,True,29474.0,3.2424996658228338,2.826031999999998,8.0,84.0,46.0,119.0,0.0218231668695807,5452.920775026185,median 5 warm calls on training rows; end-to-end preprocessing,,,,,0.9992063492063492,,,,,,,0.1,exp_004_real_f10_v1
100.0,100.0,1.0,11,2,multiclass,wine,covariance_only,complete,,,,0.2262128187687176,0.098452890372931,0.9861111111111112,,0.1497095100404652,0.9321531186785824,0.4281227307429594,0.4281227307429594,0.994964415281092,3.3147292813713203,0.1666666666666666,7.0,0.1197346665553357,8.0,equal,True,29474.0,3.222248459002003,2.821751000000006,8.0,84.0,46.0,119.0,0.0179855830501765,6616.410469875325,median 5 warm calls on training rows; end-to-end preprocessing,,,,,0.9992063492063492,,,,,,,0.1,exp_004_real_f10_v1
100.0,100.0,1.0,11,2,multiclass,wine,shrinkage,complete,,,,0.2262128187687176,0.098452890372931,0.9861111111111112,,0.1497095100404652,0.9321531186785824,0.4281227307429595,0.4281227307429595,0.994964415281092,3.3147292813713216,0.1666666666666666,7.0,0.1197346665553357,8.0,equal,True,29464.0,3.216289124917239,2.8195830000000086,8.0,84.0,46.0,119.0,0.0223712078295648,5319.337288652551,median 5 warm calls on training rows; end-to-end preprocessing,,,,,0.9992063492063492,,,,,,,0.1,exp_004_real_f10_v1
100.0,100.0,1.0,11,2,multiclass,wine,caruana,complete,,,,0.2157926272700283,0.0925442969377467,0.9861111111111112,,0.1407247801370661,0.9284451663639536,0.4128547726873123,0.4128547726873123,0.7515807666695307,3.31114662995179,0.1428571428571428,7.0,0.1199825733854927,8.0,frequency_weighted,True,26232.0,3.2442621260415763,2.836983999999987,7.0,75.0,41.0,119.0,0.0159901659935712,7442.074087776387,median 5 warm calls on training rows; end-to-end preprocessing,,,,,0.9996031746031746,,,,,,,0.1,exp_004_real_f10_v1
,,,11,2,multiclass,wine,rf_shallow,complete,,,,0.2325711971733721,0.1042348240252829,0.9652777777777778,,0.1585016384472721,,,,,,,,,,,,14499.0,0.0251020421274006,0.0193749999999965,8.0,86.0,47.0,119.0,0.0034830421209335,34165.53572085581,median 5 warm calls on training rows; end-to-end preprocessing,0.0251020421274006,0.0193749999999965,218267648.0,,0.995902547065338,,,,,,,0.1,exp_004_real_f10_v1
,,,11,2,multiclass,wine,et_shallow,complete,,,,0.4000275121677132,0.1974034233446898,0.9652777777777778,,0.3001757457531131,,,,,,,,,,,,15379.0,0.0212037498131394,0.0162469999999927,8.0,96.0,52.0,119.0,0.0070006668101996,16998.38075804765,median 5 warm calls on training rows; end-to-end preprocessing,0.0212037498131394,0.0162469999999927,218234880.0,,0.9974437061646364,,,,,,,0.1,exp_004_real_f10_v1
,,,11,2,multiclass,wine,random_patches,complete,,,,0.5077334228540452,0.2625798561518972,0.9371345029239766,,0.3992843832424914,,,,,,,,,,,,26280.0,0.0752078748773783,0.0528829999999942,8.0,90.0,49.0,119.0,0.0240562499966472,4946.739413523938,median 5 warm calls on training rows; end-to-end preprocessing,0.0752078748773783,0.0528829999999942,218267648.0,,0.9889328456800918,,,,,,,0.1,exp_004_real_f10_v1
,,,11,2,multiclass,wine,random_forest,complete,,,,0.1134987905884947,0.0324520822298728,1.0,,0.0493473102925065,,,,,,,,,,,,524355.0,0.4469956250395626,0.3850569999999891,256.0,4730.0,2493.0,119.0,0.0213507909793406,5573.564001218788,median 5 warm calls on training rows; end-to-end preprocessing,0.4469956250395626,0.3850569999999891,218267648.0,,1.0,,,,,,,0.1,exp_004_real_f10_v1
,,,11,2,multiclass,wine,extra_trees,complete,,,,0.1301009334647338,0.0393045716366525,1.0,,0.0597673480157314,,,,,,,,,,,,1402419.0,0.3171490838285535,0.2723150000000061,256.0,14708.0,7482.0,119.0,0.0248776250518858,4783.414805545484,median 5 warm calls on training rows; end-to-end preprocessing,0.3171490838285535,0.2723150000000061,218316800.0,,1.0,,,,,,,0.1,exp_004_real_f10_v1
,,,11,2,multiclass,wine,xgboost,complete,,,,0.081474483013153,0.0331808818095687,0.9791666666666666,,0.0504555380710986,,,,,,,,,,,,289480.0,0.0729994170833379,0.0617869999999953,300.0,2322.0,1311.0,119.0,0.0035523339174687,33499.103058643035,median 5 warm calls on training rows; end-to-end preprocessing,0.0729994170833379,0.0617869999999953,218349568.0,,0.9977528608342562,,,,,,,0.1,exp_004_real_f10_v1
,,,11,2,multiclass,wine,lightgbm,complete,,,,0.0319026149550602,0.0159265066676773,0.9791666666666666,,0.0242181768441989,,,,,,,,,,,,209271.0,0.0413113750983029,0.0295789999999982,300.0,2656.0,1478.0,119.0,0.0051104999147355,23285.393207204015,median 5 warm calls on training rows; end-to-end preprocessing,0.0413113750983029,0.0295789999999982,219201536.0,,1.0,,,,,,,0.1,exp_004_real_f10_v1
,,,11,2,multiclass,wine,catboost,complete,,,,0.1145596814259481,0.027208391537634,1.0,,0.0413736453105522,,,,,,,,,,,,69438.0,0.1250394161324948,0.1155909999999948,100.0,3100.0,1600.0,119.0,0.0022527081891894,52825.30625629696,median 5 warm calls on training rows; end-to-end preprocessing,0.1250394161324948,0.1155909999999948,219283456.0,,1.0,,,,,,,0.1,exp_004_real_f10_v1
,,,11,2,multiclass,wine,linear,complete,,,,0.051684145267027,0.0179406190121041,0.9861111111111112,,0.0272808779097381,,,,,,,,,,,,4058.0,0.0096947501879185,0.0112939999999923,1.0,,,119.0,0.0023794590961188,50011.36611009776,median 5 warm calls on training rows; end-to-end preprocessing,0.0096947501879185,0.0112939999999923,219250688.0,42.0,1.0,,,,,,,0.1,exp_004_real_f10_v1
100.0,100.0,1.0,29,0,multiclass,wine,direct_auroc,not_applicable,task restriction defined in config,,,,,,,,,,,,,,,,,,,,,,,,,,,,,,,,,,,,,,,,0.1,exp_004_real_f10_v1
100.0,100.0,1.0,29,0,multiclass,wine,coerror_no_cert_affine,not_applicable,task restriction defined in config,,,,,,,,,,,,,,,,,,,,,,,,,,,,,,,,,,,,,,,,0.1,exp_004_real_f10_v1
100.0,100.0,1.0,29,0,multiclass,wine,affine_profiled,not_applicable,task restriction defined in config,,,,,,,,,,,,,,,,,,,,,,,,,,,,,,,,,,,,,,,,0.1,exp_004_real_f10_v1
100.0,100.0,1.0,29,0,multiclass,wine,random_subspace,complete,,,,0.4035851982605514,0.2053548244068847,0.9388888888888888,,0.3121799885408105,0.8396137393948537,0.4629687428156973,0.4629687428156973,0.7293099532332099,2.913753975844695,0.0833333333333333,10.0,0.2255066293442102,8.0,equal,False,31045.0,0.0555433761328458,0.0466590000000053,8.0,102.0,55.0,118.0,0.0221066670492291,5337.756240559775,median 5 warm calls on training rows; end-to-end preprocessing,,,,,0.9889197530864196,,,,,,,0.1,exp_004_real_f10_v1
100.0,100.0,1.0,29,0,multiclass,wine,certified_random,complete,,,,0.4035851982605514,0.2053548244068847,0.9388888888888888,,0.3121799885408105,0.8396137393948537,0.4629687428156973,0.4629687428156973,0.7293099532332099,2.913753975844695,0.0833333333333333,10.0,0.2255066293442102,8.0,equal,True,31045.0,3.277369333198294,2.8174749999999875,8.0,102.0,55.0,118.0,0.0227207918651402,5193.480962300601,median 5 warm calls on training rows; end-to-end preprocessing,,,,,0.9889197530864196,,,,,,,0.1,exp_004_real_f10_v1
100.0,100.0,1.0,29,0,multiclass,wine,top_quality,complete,,,,0.2176897805274118,0.1086603454395869,0.9444444444444444,,0.1651852372699041,0.9342146196383828,0.4452906252481755,0.4452906252481755,1.0,2.977780436036431,0.2142857142857142,6.0,0.1121938521595969,8.0,equal,True,30272.0,3.2897255830466747,2.8201219999999836,8.0,94.0,51.0,118.0,0.0218517079483717,5400.035561467062,median 5 warm calls on training rows; end-to-end preprocessing,,,,,0.9980709876543208,,,,,,,0.1,exp_004_real_f10_v1
100.0,100.0,1.0,29,0,multiclass,wine,top_no_cert,complete,,,,0.2176897805274118,0.1086603454395869,0.9444444444444444,,0.1651852372699041,0.9342146196383828,0.4452906252481755,0.4452906252481755,1.0,2.977780436036431,0.2142857142857142,6.0,0.1121938521595969,8.0,equal,True,30272.0,3.2857487911824137,2.8187520000000035,8.0,94.0,51.0,118.0,0.0274285841733217,4302.081334361112,median 5 warm calls on training rows; end-to-end preprocessing,,,,,0.9980709876543208,,,,,,,0.1,exp_004_real_f10_v1
100.0,100.0,1.0,29,0,multiclass,wine,abs_correlation,complete,,,,0.264027450411669,0.1179019726794752,0.9722222222222222,,0.1792343403001325,0.8974447707592388,0.3116193829753212,0.3116193829753212,0.547320657803079,4.425793174066504,0.0833333333333333,9.0,0.1171735111232912,8.0,equal,True,30624.0,3.398766539990902,2.916602999999995,8.0,98.0,53.0,118.0,0.0199622090440243,5911.1694371982885,median 5 warm calls on training rows; end-to-end preprocessing,,,,,0.9996141975308642,,,,,,,0.1,exp_004_real_f10_v1
100.0,100.0,1.0,29,0,multiclass,wine,signed_correlation,complete,,,,0.264027450411669,0.1179019726794752,0.9722222222222222,,0.1792343403001325,0.8974447707592388,0.3116193829753212,0.3116193829753212,0.547320657803079,4.425793174066504,0.0833333333333333,9.0,0.1171735111232912,8.0,equal,True,30624.0,3.387538416078314,2.9114019999999954,8.0,98.0,53.0,118.0,0.018564541824162,6356.203191959275,median 5 warm calls on training rows; end-to-end preprocessing,,,,,0.9996141975308642,,,,,,,0.1,exp_004_real_f10_v1
100.0,100.0,1.0,29,0,multiclass,wine,minimax,complete,,,,0.3012019342611467,0.1308537939140897,0.9861111111111112,,0.1989236727338,0.8773269713432843,0.3298966750235812,0.3298966750235812,0.4522439556408611,4.102406521459544,0.0476190476190476,12.0,0.1427225923041507,8.0,equal,True,30517.0,3.372967124218121,2.903448999999995,8.0,96.0,52.0,118.0,0.019475000211969,6059.049998237182,median 5 warm calls on training rows; end-to-end preprocessing,,,,,0.998425925925926,,,,,,,0.1,exp_004_real_f10_v1
100.0,100.0,1.0,29,0,multiclass,wine,quality_diversity,complete,,,,0.2182482949541405,0.1023658475653182,0.9583333333333334,,0.1556163543379603,0.9328037412185292,0.4124374503052906,0.4124374503052906,0.9936783853011558,3.412377633991445,0.1785714285714285,7.0,0.1091837979460018,8.0,equal,True,30432.0,3.326557292137295,2.8558220000000034,8.0,96.0,52.0,118.0,0.024025416933,4911.465234050578,median 5 warm calls on training rows; end-to-end preprocessing,,,,,0.9988425925925926,,,,,,,0.1,exp_004_real_f10_v1
100.0,100.0,1.0,29,0,multiclass,wine,prediction_correlation,complete,,,,0.5792658519559196,0.3141720275802545,0.8944444444444445,,0.4776036806202196,0.7630020445299435,0.5606817986552849,0.5606817986552849,0.8057965837697629,2.3099700433753623,0.1547619047619047,9.0,0.3362740764500481,8.0,equal,True,31055.0,3.3907159585505724,2.9203860000000077,8.0,102.0,55.0,118.0,0.02244658395648,5256.924627318848,median 5 warm calls on training rows; end-to-end preprocessing,,,,,0.9819339225589226,,,,,,,0.1,exp_004_real_f10_v1
100.0,100.0,1.0,29,0,multiclass,wine,coerror_greedy,complete,,,,0.2005307908377643,0.0930555051989989,0.9861111111111112,,0.1414627907115723,0.9264636197857754,0.396155685763763,0.396155685763763,0.9922701136154832,3.51098977008524,0.1547619047619047,7.0,0.1063860250758744,8.0,equal,True,30128.0,3.294327666051686,2.821982999999989,8.0,92.0,50.0,118.0,0.0231077091302722,5106.5209162345745,median 5 warm calls on training rows; end-to-end preprocessing,,,,,1.0,,,,,,,0.1,exp_004_real_f10_v1
100.0,100.0,1.0,29,0,multiclass,wine,direct_squared,complete,,,,0.2005307908377643,0.0930555051989989,0.9861111111111112,,0.1414627907115723,0.9264636197857754,0.3961556857637629,0.3961556857637629,0.9922701136154832,3.5109897700852417,0.1547619047619047,7.0,0.1063860250758744,8.0,equal,True,30144.0,3.319397416198626,2.8433239999999955,8.0,92.0,50.0,118.0,0.0201885420829057,5844.899523473468,median 5 warm calls on training rows; end-to-end preprocessing,,,,,1.0,,,,,,,0.1,exp_004_real_f10_v1
100.0,100.0,1.0,29,0,multiclass,wine,coerror,complete,,,,0.2050623099576239,0.0926997906842147,0.9722222222222222,,0.1409220342259632,0.9215837056483592,0.3614541856440079,0.3614541856440079,0.9922701136154832,3.825462717202106,0.119047619047619,9.0,0.1060808017991565,8.0,equal,True,30320.0,3.3016093340702355,2.8260780000000096,8.0,94.0,51.0,118.0,0.0224463331978768,5256.983354909904,median 5 warm calls on training rows; end-to-end preprocessing,,,,,1.0,,,,,,,0.1,exp_004_real_f10_v1
100.0,100.0,1.0,29,0,multiclass,wine,coerror_no_cert,complete,,,,0.2050623099576239,0.0926997906842147,0.9722222222222222,,0.1409220342259632,0.9215837056483592,0.3614541856440079,0.3614541856440079,0.9922701136154832,3.825462717202106,0.119047619047619,9.0,0.1060808017991565,8.0,equal,True,30320.0,3.2866319592576474,2.822509000000011,8.0,94.0,51.0,118.0,0.0242247919086366,4871.042873971203,median 5 warm calls on training rows; end-to-end preprocessing,,,,,1.0,,,,,,,0.1,exp_004_real_f10_v1
100.0,100.0,1.0,29,0,multiclass,wine,covariance_only,complete,,,,0.2234695902402913,0.1046255636654801,0.9722222222222222,,0.1590515701810334,0.9237442710362682,0.3704884569866172,0.3704884569866172,0.7114281570779128,3.893153624755561,0.1547619047619047,7.0,0.1063998324111479,8.0,equal,True,30282.0,3.2802807490807027,2.8177909999999997,8.0,94.0,51.0,118.0,0.0229049171321094,5151.732238078301,median 5 warm calls on training rows; end-to-end preprocessing,,,,,0.9996141975308642,,,,,,,0.1,exp_004_real_f10_v1
100.0,100.0,1.0,29,0,multiclass,wine,shrinkage,complete,,,,0.2005307908377643,0.0930555051989989,0.9861111111111112,,0.1414627907115723,0.9264636197857754,0.396155685763763,0.396155685763763,0.9922701136154832,3.51098977008524,0.1547619047619047,7.0,0.1063860250758744,8.0,equal,True,30128.0,3.2776444170158356,2.817701999999983,8.0,92.0,50.0,118.0,0.0281999160069972,4184.409626281183,median 5 warm calls on training rows; end-to-end preprocessing,,,,,1.0,,,,,,,0.1,exp_004_real_f10_v1
100.0,100.0,1.0,29,0,multiclass,wine,caruana,complete,,,,0.1944263924785528,0.091710720439055,0.9722222222222222,,0.1394184516405928,0.9256854659761632,0.3810214301483666,0.3810214301483666,0.9922701136154832,3.4189605552916484,0.1587301587301587,7.0,0.1035289663654872,8.0,frequency_weighted,True,26672.0,3.299285292159766,2.832435000000004,7.0,81.0,44.0,118.0,0.0229570409283041,5140.035267111252,median 5 warm calls on training rows; end-to-end preprocessing,,,,,1.0,,,,,,,0.1,exp_004_real_f10_v1
,,,29,0,multiclass,wine,rf_shallow,complete,,,,0.2026419627952938,0.1033826071218203,0.9208333333333334,,0.157162030158406,,,,,,,,,,,,13971.0,0.0226034999359399,0.0192320000000023,8.0,80.0,44.0,118.0,0.0030513748060911,38671.09335911375,median 5 warm calls on training rows; end-to-end preprocessing,0.0226034999359399,0.0192320000000023,214024192.0,,0.9960493827160494,,,,,,,0.1,exp_004_real_f10_v1
,,,29,0,multiclass,wine,et_shallow,complete,,,,0.5024990880538813,0.2631094280618203,0.9027777777777778,,0.3999784201542455,,,,,,,,,,,,12563.0,0.0142958329524844,0.0134070000000008,8.0,64.0,36.0,118.0,0.0030573750846087,38595.1990627603,median 5 warm calls on training rows; end-to-end preprocessing,0.0142958329524844,0.0134070000000008,214024192.0,,0.9823148148148148,,,,,,,0.1,exp_004_real_f10_v1
,,,29,0,multiclass,wine,random_patches,complete,,,,0.4454690971698914,0.2403955773004128,0.8791666666666668,,0.3654488701867984,,,,,,,,,,,,26237.0,0.0552022501360625,0.0474090000000018,8.0,92.0,50.0,118.0,0.0246613328345119,4784.818435882199,median 5 warm calls on training rows; end-to-end preprocessing,0.0552022501360625,0.0474090000000018,214056960.0,,0.971128647586981,,,,,,,0.1,exp_004_real_f10_v1
,,,29,0,multiclass,wine,random_forest,complete,,,,0.1435267593203696,0.0618428548177083,0.9861111111111112,,0.0940133827587638,,,,,,,,,,,,485459.0,0.3909712499007582,0.3551029999999997,256.0,4288.0,2272.0,118.0,0.0230141659267246,5127.276842258932,median 5 warm calls on training rows; end-to-end preprocessing,0.3909712499007582,0.3551029999999997,214056960.0,,0.9995833333333334,,,,,,,0.1,exp_004_real_f10_v1
,,,29,0,multiclass,wine,extra_trees,complete,,,,0.1674940524005087,0.0725977579752604,0.9861111111111112,,0.1103629647770062,,,,,,,,,,,,1320755.0,0.2954750831704587,0.2662930000000045,256.0,13780.0,7018.0,118.0,0.0239957091398537,4917.545854230143,median 5 warm calls on training rows; end-to-end preprocessing,0.2954750831704587,0.2662930000000045,214122496.0,,0.9988117283950618,,,,,,,0.1,exp_004_real_f10_v1
,,,29,0,multiclass,wine,xgboost,complete,,,,0.1055777743458747,0.0491258423731278,0.9861111111111112,,0.0746810061725852,,,,,,,,,,,,282086.0,0.0666501249652355,0.056986000000009,300.0,2106.0,1203.0,118.0,0.0032863751985132,35905.82111664617,median 5 warm calls on training rows; end-to-end preprocessing,0.0666501249652355,0.056986000000009,214220800.0,,0.9976234567901234,,,,,,,0.1,exp_004_real_f10_v1
,,,29,0,multiclass,wine,lightgbm,complete,,,,0.0594062587902077,0.027974884510905,0.9861111111111112,,0.0425273628280633,,,,,,,,,,,,213831.0,0.0441383339930325,0.0296919999999971,300.0,2754.0,1527.0,118.0,0.0054997089318931,21455.680920805025,median 5 warm calls on training rows; end-to-end preprocessing,0.0441383339930325,0.0296919999999971,214269952.0,,0.9991975308641976,,,,,,,0.1,exp_004_real_f10_v1
,,,29,0,multiclass,wine,catboost,complete,,,,0.1657231653996898,0.0601551946450786,0.9861111111111112,,0.0914478051792061,,,,,,,,,,,,69454.0,0.17552199983038,0.1190569999999979,100.0,3100.0,1600.0,118.0,0.0020065831486135,58806.4342519426,median 5 warm calls on training rows; end-to-end preprocessing,0.17552199983038,0.1190569999999979,214695936.0,,0.9996141975308642,,,,,,,0.1,exp_004_real_f10_v1
,,,29,0,multiclass,wine,linear,complete,,,,0.1201171831757052,0.0673030810550578,0.9513888888888888,,0.1023140076363591,,,,,,,,,,,,4058.0,0.0133217910770326,0.0099479999999942,1.0,,,118.0,0.0027660420164465,42660.234117336106,median 5 warm calls on training rows; end-to-end preprocessing,0.0133217910770326,0.0099479999999942,214695936.0,42.0,0.9968518518518518,,,,,,,0.1,exp_004_real_f10_v1
100.0,100.0,1.0,29,1,multiclass,wine,direct_auroc,not_applicable,task restriction defined in config,,,,,,,,,,,,,,,,,,,,,,,,,,,,,,,,,,,,,,,,0.1,exp_004_real_f10_v1
100.0,100.0,1.0,29,1,multiclass,wine,coerror_no_cert_affine,not_applicable,task restriction defined in config,,,,,,,,,,,,,,,,,,,,,,,,,,,,,,,,,,,,,,,,0.1,exp_004_real_f10_v1
100.0,100.0,1.0,29,1,multiclass,wine,affine_profiled,not_applicable,task restriction defined in config,,,,,,,,,,,,,,,,,,,,,,,,,,,,,,,,,,,,,,,,0.1,exp_004_real_f10_v1
100.0,100.0,1.0,29,1,multiclass,wine,random_subspace,complete,,,,0.5398611404837933,0.2961727211796904,0.8773550724637681,,0.4488176347401616,0.827286559579997,0.5072519331915074,0.5072519331915074,0.7805103108740705,2.4540142788377115,0.1071428571428571,9.0,0.2567407767342971,8.0,equal,False,31128.0,0.0499086671043187,0.0475089999999909,8.0,102.0,55.0,119.0,0.0236473330296576,5032.2799552387005,median 5 warm calls on training rows; end-to-end preprocessing,,,,,0.9692376108705734,,,,,,,0.1,exp_004_real_f10_v1
100.0,100.0,1.0,29,1,multiclass,wine,certified_random,complete,,,,0.5398611404837933,0.2961727211796904,0.8773550724637681,,0.4488176347401616,0.827286559579997,0.5072519331915074,0.5072519331915074,0.7805103108740705,2.4540142788377115,0.1071428571428571,9.0,0.2567407767342971,8.0,equal,True,31128.0,3.308078582631424,2.7748109999999855,8.0,102.0,55.0,119.0,0.0228737920988351,5202.460505272333,median 5 warm calls on training rows; end-to-end preprocessing,,,,,0.9692376108705734,,,,,,,0.1,exp_004_real_f10_v1
100.0,100.0,1.0,29,1,multiclass,wine,top_quality,complete,,,,0.2205361708083165,0.1359659665624199,0.8730072463768116,,0.2060416748532404,0.952440487263027,0.6219179203384589,0.6219179203384589,0.9999999999999996,1.8924773097747791,0.5714285714285714,4.0,0.1435429572134049,8.0,equal,True,30457.0,3.312125040916726,2.777180999999999,8.0,96.0,52.0,119.0,0.0224897090811282,5291.3089969605835,median 5 warm calls on training rows; end-to-end preprocessing,,,,,0.9869951229910784,,,,,,,0.1,exp_004_real_f10_v1
100.0,100.0,1.0,29,1,multiclass,wine,top_no_cert,complete,,,,0.2205361708083165,0.1359659665624199,0.8730072463768116,,0.2060416748532404,0.952440487263027,0.6219179203384589,0.6219179203384589,0.9999999999999996,1.8924773097747791,0.5714285714285714,4.0,0.1435429572134049,8.0,equal,True,30457.0,3.3174117917660624,2.780021999999988,8.0,96.0,52.0,119.0,0.0257318338844925,4624.621802479312,median 5 warm calls on training rows; end-to-end preprocessing,,,,,0.9869951229910784,,,,,,,0.1,exp_004_real_f10_v1
100.0,100.0,1.0,29,1,multiclass,wine,abs_correlation,complete,,,,0.2603159983235918,0.1154634644523494,0.9688405797101448,,0.174972356697791,0.9333404938917322,0.3172364569983933,0.3172364569983933,1.0,3.933564008448734,0.119047619047619,9.0,0.0969255688656652,8.0,equal,True,29847.0,3.411862374283374,2.871182999999988,8.0,88.0,48.0,119.0,0.0199652500450611,5960.356105303952,median 5 warm calls on training rows; end-to-end preprocessing,,,,,0.9995974235104668,,,,,,,0.1,exp_004_real_f10_v1
100.0,100.0,1.0,29,1,multiclass,wine,signed_correlation,complete,,,,0.2603159983235918,0.1154634644523494,0.9688405797101448,,0.174972356697791,0.9333404938917322,0.3172364569983933,0.3172364569983933,1.0,3.933564008448734,0.119047619047619,9.0,0.0969255688656652,8.0,equal,True,29847.0,3.4595331251621246,2.878873999999996,8.0,88.0,48.0,119.0,0.0248541659675538,4787.929723948487,median 5 warm calls on training rows; end-to-end preprocessing,,,,,0.9995974235104668,,,,,,,0.1,exp_004_real_f10_v1
100.0,100.0,1.0,29,1,multiclass,wine,minimax,complete,,,,0.3239288194840325,0.1401547913283914,1.0,,0.2123893844475474,0.9069749903228684,0.3716667905627441,0.3716667905627441,0.5124117301600031,3.8478808207731343,0.0714285714285714,11.0,0.1360644385135591,8.0,equal,True,30441.0,3.4308539568446577,2.873415999999992,8.0,94.0,51.0,119.0,0.0225311249960213,5281.582700420568,median 5 warm calls on training rows; end-to-end preprocessing,,,,,1.0,,,,,,,0.1,exp_004_real_f10_v1
100.0,100.0,1.0,29,1,multiclass,wine,quality_diversity,complete,,,,0.2110226121336852,0.099614672694429,0.9521739130434784,,0.1509552318189486,0.9488767149667086,0.3734411453814066,0.3734411453814066,1.0,3.5072522783689353,0.1785714285714285,7.0,0.0970558083285016,8.0,equal,True,30175.0,3.3615472081582993,2.815898000000004,8.0,92.0,50.0,119.0,0.0185147079173475,6427.322565996394,median 5 warm calls on training rows; end-to-end preprocessing,,,,,0.9971000449387708,,,,,,,0.1,exp_004_real_f10_v1
100.0,100.0,1.0,29,1,multiclass,wine,prediction_correlation,complete,,,,0.6309660306882132,0.3459434110772881,0.9291666666666668,,0.5242397169300782,0.7311951072501173,0.6276628815966128,0.6276628815966128,0.8516425016001318,2.0031344961739257,0.1428571428571428,8.0,0.3857492494778783,8.0,equal,True,30728.0,3.412798915989697,2.8728399999999965,8.0,98.0,53.0,119.0,0.0250472920015454,4751.0126041832245,median 5 warm calls on training rows; end-to-end preprocessing,,,,,0.9886864843765754,,,,,,,0.1,exp_004_real_f10_v1
100.0,100.0,1.0,29,1,multiclass,wine,coerror_greedy,complete,,,,0.2349965689938437,0.111871115358901,0.9521739130434784,,0.1695285412887943,0.9451027796327774,0.3589487101682039,0.3589487101682039,0.9999999999999998,3.845160866650261,0.1428571428571428,8.0,0.092459461816393,8.0,equal,True,30072.0,3.3091036251280457,2.7761040000000037,8.0,90.0,49.0,119.0,0.0257789168972522,4616.175321651482,median 5 warm calls on training rows; end-to-end preprocessing,,,,,0.9974207017938058,,,,,,,0.1,exp_004_real_f10_v1
100.0,100.0,1.0,29,1,multiclass,wine,direct_squared,complete,,,,0.2349965689938437,0.111871115358901,0.9521739130434784,,0.1695285412887943,0.9451027796327774,0.3589487101682039,0.3589487101682039,0.9999999999999998,3.84516086665026,0.1428571428571428,8.0,0.092459461816393,8.0,equal,True,30064.0,3.332742790924385,2.796077000000011,8.0,90.0,49.0,119.0,0.0191727080382406,6206.7392755707815,median 5 warm calls on training rows; end-to-end preprocessing,,,,,0.9974207017938058,,,,,,,0.1,exp_004_real_f10_v1
100.0,100.0,1.0,29,1,multiclass,wine,coerror,complete,,,,0.2352269921877911,0.1104379589528912,0.9855072463768116,,0.1673567482019901,0.9426725986444752,0.3437381651864005,0.3437381651864005,0.9999999999999998,3.9420618080069656,0.119047619047619,9.0,0.092095592013345,8.0,equal,True,30040.0,3.306034206878394,2.775382999999991,8.0,90.0,49.0,119.0,0.0234477499034255,5075.113837793656,median 5 warm calls on training rows; end-to-end preprocessing,,,,,0.9974207017938058,,,,,,,0.1,exp_004_real_f10_v1
100.0,100.0,1.0,29,1,multiclass,wine,coerror_no_cert,complete,,,,0.2352269921877911,0.1104379589528912,0.9855072463768116,,0.1673567482019901,0.9426725986444752,0.3437381651864005,0.3437381651864005,0.9999999999999998,3.9420618080069656,0.119047619047619,9.0,0.092095592013345,8.0,equal,True,30040.0,3.319277540780604,2.7818110000000047,8.0,90.0,49.0,119.0,0.0234367090743035,5077.504679634141,median 5 warm calls on training rows; end-to-end preprocessing,,,,,0.9974207017938058,,,,,,,0.1,exp_004_real_f10_v1
100.0,100.0,1.0,29,1,multiclass,wine,covariance_only,complete,,,,0.241499589817232,0.1136101960429433,0.9543478260869565,,0.172163929437052,0.9416908643598252,0.3316807081728595,0.3316807081728595,1.0,3.779466473571896,0.119047619047619,9.0,0.0920975356319285,8.0,equal,True,30024.0,3.3121514581143856,2.778780999999995,8.0,90.0,49.0,119.0,0.022075125016272,5390.682947991571,median 5 warm calls on training rows; end-to-end preprocessing,,,,,0.9979051979178368,,,,,,,0.1,exp_004_real_f10_v1
100.0,100.0,1.0,29,1,multiclass,wine,shrinkage,complete,,,,0.2349965689938437,0.111871115358901,0.9521739130434784,,0.1695285412887943,0.9451027796327776,0.3589487101682039,0.3589487101682039,0.9999999999999998,3.845160866650259,0.1428571428571428,8.0,0.092459461816393,8.0,equal,True,30072.0,3.31718370760791,2.7798799999999773,8.0,90.0,49.0,119.0,0.0258811658713966,4597.938152837094,median 5 warm calls on training rows; end-to-end preprocessing,,,,,0.9974207017938058,,,,,,,0.1,exp_004_real_f10_v1
100.0,100.0,1.0,29,1,multiclass,wine,caruana,complete,,,,0.2422835365076373,0.1219184561455654,0.9521739130434784,,0.1847541964718156,0.945831806958264,0.3371399783184405,0.3371399783184405,0.6221664120093021,3.5754682916955685,0.1555555555555555,7.0,0.0921879486710757,8.0,frequency_weighted,True,22912.0,3.323681666282937,2.787910999999994,6.0,66.0,36.0,119.0,0.0201730839908123,5898.949315543314,median 5 warm calls on training rows; end-to-end preprocessing,,,,,0.995728476201176,,,,,,,0.1,exp_004_real_f10_v1
,,,29,1,multiclass,wine,rf_shallow,complete,,,,0.2718882206378066,0.1439705978335866,0.9543478260869565,,0.2181718253268638,,,,,,,,,,,,14323.0,0.0300220409408211,0.0214529999999939,8.0,84.0,46.0,119.0,0.0032892080489546,36178.92156071466,median 5 warm calls on training rows; end-to-end preprocessing,0.0300220409408211,0.0214529999999939,212828160.0,,0.991325484892219,,,,,,,0.1,exp_004_real_f10_v1
,,,29,1,multiclass,wine,et_shallow,complete,,,,0.5624026216711749,0.3083415399305245,0.8152173913043478,,0.4672581596729676,,,,,,,,,,,,14851.0,0.0152916670776903,0.0141550000000023,8.0,90.0,49.0,119.0,0.0038797908928245,30671.756104197328,median 5 warm calls on training rows; end-to-end preprocessing,0.0152916670776903,0.0141550000000023,212795392.0,,0.9726532455298886,,,,,,,0.1,exp_004_real_f10_v1
,,,29,1,multiclass,wine,random_patches,complete,,,,0.3460287878760694,0.1604571773223639,0.9855072463768116,,0.2431554483345323,,,,,,,,,,,,25048.0,0.0544409591238945,0.0470930000000038,8.0,76.0,42.0,119.0,0.0219416250474751,5423.481612803048,median 5 warm calls on training rows; end-to-end preprocessing,0.0544409591238945,0.0470930000000038,212828160.0,,0.9971000449387708,,,,,,,0.1,exp_004_real_f10_v1
,,,29,1,multiclass,wine,random_forest,complete,,,,0.1678861879163148,0.076633259401483,0.9543478260869565,,0.1161293926395589,,,,,,,,,,,,475779.0,0.4524801669176668,0.3814729999999997,256.0,4178.0,2217.0,119.0,0.0210717918816953,5647.360256218776,median 5 warm calls on training rows; end-to-end preprocessing,0.4524801669176668,0.3814729999999997,212844544.0,,0.9987922705314012,,,,,,,0.1,exp_004_real_f10_v1
,,,29,1,multiclass,wine,extra_trees,complete,,,,0.1644471338539108,0.067935749635858,0.9855072463768116,,0.1029492599602601,,,,,,,,,,,,1313891.0,0.3217020838055759,0.2767339999999905,256.0,13702.0,6979.0,119.0,0.0229389581363648,5187.68111840925,median 5 warm calls on training rows; end-to-end preprocessing,0.3217020838055759,0.2767339999999905,212844544.0,,1.0,,,,,,,0.1,exp_004_real_f10_v1
,,,29,1,multiclass,wine,xgboost,complete,,,,0.161513864994049,0.0846655481253695,0.918840579710145,,0.1283014549829292,,,,,,,,,,,,280887.0,0.0593022920656949,0.0551909999999935,300.0,2070.0,1185.0,119.0,0.0027704590465873,42953.17057531827,median 5 warm calls on training rows; end-to-end preprocessing,0.0593022920656949,0.0551909999999935,212860928.0,,0.9979051979178368,,,,,,,0.1,exp_004_real_f10_v1
,,,29,1,multiclass,wine,lightgbm,complete,,,,0.1007571240806146,0.0551538471962465,0.95,,0.0835796731948895,,,,,,,,,,,,213047.0,0.0334060001187026,0.0298399999999929,300.0,2732.0,1516.0,119.0,0.0046990409027785,25324.316698251387,median 5 warm calls on training rows; end-to-end preprocessing,0.0334060001187026,0.0298399999999929,212860928.0,,0.9995974235104668,,,,,,,0.1,exp_004_real_f10_v1
,,,29,1,multiclass,wine,catboost,complete,,,,0.1689736704483161,0.0655342621921448,0.9543478260869565,,0.0993100662152979,,,,,,,,,,,,69414.0,0.1302157090976834,0.1197949999999963,100.0,3100.0,1600.0,119.0,0.0024856671225279,47874.47157404383,median 5 warm calls on training rows; end-to-end preprocessing,0.1302157090976834,0.1197949999999963,213024768.0,,0.999194847020934,,,,,,,0.1,exp_004_real_f10_v1
,,,29,1,multiclass,wine,linear,complete,,,,0.0623247097205868,0.0259726898506209,0.9855072463768116,,0.0393587943554163,,,,,,,,,,,,4058.0,0.0122379590757191,0.0109190000000012,1.0,,,119.0,0.002503375057131,47535.82554919989,median 5 warm calls on training rows; end-to-end preprocessing,0.0122379590757191,0.0109190000000012,212926464.0,42.0,1.0,,,,,,,0.1,exp_004_real_f10_v1
100.0,100.0,1.0,29,2,multiclass,wine,direct_auroc,not_applicable,task restriction defined in config,,,,,,,,,,,,,,,,,,,,,,,,,,,,,,,,,,,,,,,,0.1,exp_004_real_f10_v1
100.0,100.0,1.0,29,2,multiclass,wine,coerror_no_cert_affine,not_applicable,task restriction defined in config,,,,,,,,,,,,,,,,,,,,,,,,,,,,,,,,,,,,,,,,0.1,exp_004_real_f10_v1
100.0,100.0,1.0,29,2,multiclass,wine,affine_profiled,not_applicable,task restriction defined in config,,,,,,,,,,,,,,,,,,,,,,,,,,,,,,,,,,,,,,,,0.1,exp_004_real_f10_v1
100.0,100.0,1.0,29,2,multiclass,wine,random_subspace,complete,,,,0.5273842917793954,0.284340838512761,0.9236111111111112,,0.4323745850121272,0.7911947063517124,0.5855833059070029,0.5855833059070029,0.996686541632079,2.129270882908235,0.1309523809523809,10.0,0.3168790282047529,8.0,equal,False,31976.0,0.0457703762222081,0.0446930000000094,8.0,112.0,60.0,119.0,0.0228216671384871,5214.342987209513,median 5 warm calls on training rows; end-to-end preprocessing,,,,,0.9788482834994464,,,,,,,0.1,exp_004_real_f10_v1
100.0,100.0,1.0,29,2,multiclass,wine,certified_random,complete,,,,0.5273842917793954,0.284340838512761,0.9236111111111112,,0.4323745850121272,0.7911947063517124,0.5855833059070029,0.5855833059070029,0.996686541632079,2.129270882908235,0.1309523809523809,10.0,0.3168790282047529,8.0,equal,True,31976.0,3.4396266262046993,2.9037469999999956,8.0,112.0,60.0,119.0,0.024757666978985,4806.591836824132,median 5 warm calls on training rows; end-to-end preprocessing,,,,,0.9788482834994464,,,,,,,0.1,exp_004_real_f10_v1
100.0,100.0,1.0,29,2,multiclass,wine,top_quality,complete,,,,0.3862340274017228,0.2017252396940078,0.8121345029239766,,0.3067475894612098,0.9298893447973604,0.4802285460690064,0.4802285460690064,1.0,2.6786785084941194,0.2619047619047619,7.0,0.1206152054521513,8.0,equal,True,28999.0,3.3960746261291206,2.8980980000000045,8.0,78.0,43.0,119.0,0.0220577081199735,5394.939463009938,median 5 warm calls on training rows; end-to-end preprocessing,,,,,0.9746796739911796,,,,,,,0.1,exp_004_real_f10_v1
100.0,100.0,1.0,29,2,multiclass,wine,top_no_cert,complete,,,,0.3862340274017228,0.2017252396940078,0.8121345029239766,,0.3067475894612098,0.9298893447973604,0.4802285460690064,0.4802285460690064,1.0,2.6786785084941194,0.2619047619047619,7.0,0.1206152054521513,8.0,equal,True,28999.0,3.3848382509313524,2.8916690000000074,8.0,78.0,43.0,119.0,0.0250897500663995,4742.972715354622,median 5 warm calls on training rows; end-to-end preprocessing,,,,,0.9746796739911796,,,,,,,0.1,exp_004_real_f10_v1
100.0,100.0,1.0,29,2,multiclass,wine,abs_correlation,complete,,,,0.3141714421873017,0.1456608798028641,0.9722222222222222,,0.221494959312495,0.9038648663997764,0.3245300468309394,0.3245300468309394,0.6904084155912102,4.154449109162478,0.0952380952380952,10.0,0.1118544474074115,8.0,equal,True,30035.0,3.470005959970877,2.959898999999993,8.0,90.0,49.0,119.0,0.0230007080826908,5173.7537632397225,median 5 warm calls on training rows; end-to-end preprocessing,,,,,0.997531376891842,,,,,,,0.1,exp_004_real_f10_v1
100.0,100.0,1.0,29,2,multiclass,wine,signed_correlation,complete,,,,0.3141714421873017,0.1456608798028641,0.9722222222222222,,0.221494959312495,0.9038648663997764,0.3245300468309394,0.3245300468309394,0.6904084155912102,4.154449109162478,0.0952380952380952,10.0,0.1118544474074115,8.0,equal,True,30035.0,3.4787997510284185,2.9601370000000173,8.0,90.0,49.0,119.0,0.0243449159897863,4888.084232860981,median 5 warm calls on training rows; end-to-end preprocessing,,,,,0.997531376891842,,,,,,,0.1,exp_004_real_f10_v1
100.0,100.0,1.0,29,2,multiclass,wine,minimax,complete,,,,0.3232207017455283,0.143443784238676,0.9513888888888888,,0.2181235977468751,0.8854703906556612,0.3535173711163267,0.3535173711163267,0.4948546126649762,3.7865820360944977,0.0833333333333333,10.0,0.1407317658839119,8.0,equal,True,30216.0,3.504310540854931,2.9903579999999863,8.0,92.0,50.0,119.0,0.0209323328454047,5684.985084026311,median 5 warm calls on training rows; end-to-end preprocessing,,,,,0.9928156146179402,,,,,,,0.1,exp_004_real_f10_v1
100.0,100.0,1.0,29,2,multiclass,wine,quality_diversity,complete,,,,0.2947373595212699,0.1433392746863214,0.9305555555555556,,0.2179646783508239,0.9254413802820438,0.3579982646680056,0.3579982646680056,0.9999999999999998,3.632603724649754,0.1428571428571428,8.0,0.101482698258365,8.0,equal,True,29506.0,3.4426729169208556,2.9328000000000003,8.0,84.0,46.0,119.0,0.0251780000980943,4726.348380982285,median 5 warm calls on training rows; end-to-end preprocessing,,,,,0.9964747139165744,,,,,,,0.1,exp_004_real_f10_v1
100.0,100.0,1.0,29,2,multiclass,wine,prediction_correlation,complete,,,,0.6123157457296283,0.3280051419044186,0.9097222222222222,,0.498771431689374,0.7382601969702598,0.597598893194001,0.597598893194001,0.8017414560831339,2.1559710538152745,0.1547619047619047,9.0,0.3648449428156254,8.0,equal,True,30520.0,3.4745431668125093,2.957011999999992,8.0,96.0,52.0,119.0,0.0197970420122146,6010.99901321509,median 5 warm calls on training rows; end-to-end preprocessing,,,,,0.9833010335917312,,,,,,,0.1,exp_004_real_f10_v1
100.0,100.0,1.0,29,2,multiclass,wine,coerror_greedy,complete,,,,0.2793134783027625,0.1302825169900488,0.9305555555555556,,0.1981103013993527,0.922705751559276,0.3357546293165084,0.3357546293165084,0.6904084155912102,3.962852848793938,0.1309523809523809,8.0,0.0986854239098163,8.0,equal,True,29416.0,3.4087780427653342,2.897199999999984,8.0,84.0,46.0,119.0,0.0239080830942839,4977.3961187399045,median 5 warm calls on training rows; end-to-end preprocessing,,,,,0.9945364865652504,,,,,,,0.1,exp_004_real_f10_v1
100.0,100.0,1.0,29,2,multiclass,wine,direct_squared,complete,,,,0.2793134783027625,0.1302825169900488,0.9305555555555556,,0.1981103013993528,0.9227057515592758,0.3357546293165084,0.3357546293165084,0.6904084155912102,3.962852848793936,0.1309523809523809,8.0,0.0986854239098163,8.0,equal,True,29432.0,3.4097530827857554,2.913743999999994,8.0,84.0,46.0,119.0,0.0250990418717265,4741.216840394642,median 5 warm calls on training rows; end-to-end preprocessing,,,,,0.9945364865652504,,,,,,,0.1,exp_004_real_f10_v1
100.0,100.0,1.0,29,2,multiclass,wine,coerror,complete,,,,0.2793134783027625,0.1302825169900488,0.9305555555555556,,0.1981103013993527,0.922705751559276,0.3357546293165084,0.3357546293165084,0.6904084155912102,3.962852848793938,0.1309523809523809,8.0,0.0986854239098163,8.0,equal,True,29416.0,3.3919157080817968,2.894824,8.0,84.0,46.0,119.0,0.0245467498898506,4847.892308920421,median 5 warm calls on training rows; end-to-end preprocessing,,,,,0.9945364865652504,,,,,,,0.1,exp_004_real_f10_v1
100.0,100.0,1.0,29,2,multiclass,wine,coerror_no_cert,complete,,,,0.2793134783027625,0.1302825169900488,0.9305555555555556,,0.1981103013993527,0.922705751559276,0.3357546293165084,0.3357546293165084,0.6904084155912102,3.962852848793938,0.1309523809523809,8.0,0.0986854239098163,8.0,equal,True,29416.0,3.4004813330248,2.897248999999988,8.0,84.0,46.0,119.0,0.0236419171560555,5033.432746359138,median 5 warm calls on training rows; end-to-end preprocessing,,,,,0.9945364865652504,,,,,,,0.1,exp_004_real_f10_v1
100.0,100.0,1.0,29,2,multiclass,wine,covariance_only,complete,,,,0.2811795894849117,0.14003178009362,0.9097222222222222,,0.212935233374052,0.9250243466216608,0.3618314900881301,0.3618314900881301,1.0,3.7209142760352,0.1666666666666666,8.0,0.0986216741203541,8.0,equal,True,29096.0,3.391318291425705,2.8956010000000134,8.0,80.0,44.0,119.0,0.0243939168285578,4878.265382158196,median 5 warm calls on training rows; end-to-end preprocessing,,,,,0.9929491849779488,,,,,,,0.1,exp_004_real_f10_v1
100.0,100.0,1.0,29,2,multiclass,wine,shrinkage,complete,,,,0.2811795894849117,0.14003178009362,0.9097222222222222,,0.212935233374052,0.9250243466216608,0.3618314900881301,0.3618314900881301,1.0,3.7209142760352023,0.1666666666666666,8.0,0.0986216741203541,8.0,equal,True,29096.0,3.4071237929165363,2.8992629999999906,8.0,80.0,44.0,119.0,0.0230397919658571,5164.977191475819,median 5 warm calls on training rows; end-to-end preprocessing,,,,,0.9929491849779488,,,,,,,0.1,exp_004_real_f10_v1
100.0,100.0,1.0,29,2,multiclass,wine,caruana,complete,,,,0.2888400426320023,0.1369842505483482,0.9652777777777778,,0.2083010966480681,0.9215951600644944,0.3203507804134188,0.3203507804134188,0.6904084155912102,3.840291031486516,0.1111111111111111,8.0,0.0969668665845115,8.0,frequency_weighted,True,26152.0,3.4017909169197083,2.9065630000000056,7.0,75.0,41.0,119.0,0.0172073331195861,6915.656201514992,median 5 warm calls on training rows; end-to-end preprocessing,,,,,0.9984126984126984,,,,,,,0.1,exp_004_real_f10_v1
,,,29,2,multiclass,wine,rf_shallow,complete,,,,0.2708145585070359,0.143102203817035,0.8611111111111112,,0.2176041834628496,,,,,,,,,,,,14499.0,0.0168073750101029,0.0164230000000031,8.0,86.0,47.0,119.0,0.0041582088451832,28618.09120959523,median 5 warm calls on training rows; end-to-end preprocessing,0.0168073750101029,0.0164230000000031,207060992.0,,0.9885197489848652,,,,,,,0.1,exp_004_real_f10_v1
,,,29,2,multiclass,wine,et_shallow,complete,,,,0.5407246618326033,0.2823037861178518,0.8958333333333334,,0.4292770008293426,,,,,,,,,,,,14499.0,0.0149699999019503,0.0133500000000026,8.0,86.0,47.0,119.0,0.0031834591645747,37380.72136254226,median 5 warm calls on training rows; end-to-end preprocessing,0.0149699999019503,0.0133500000000026,207060992.0,,0.9895577121097316,,,,,,,0.1,exp_004_real_f10_v1
,,,29,2,multiclass,wine,random_patches,complete,,,,0.3961469685101593,0.2073468927157704,0.8472222222222222,,0.3152959918119951,,,,,,,,,,,,25565.0,0.055427165934816,0.0456080000000014,8.0,82.0,45.0,119.0,0.0210167919285595,5662.139131628928,median 5 warm calls on training rows; end-to-end preprocessing,0.055427165934816,0.0456080000000014,207093760.0,,0.984093955819782,,,,,,,0.1,exp_004_real_f10_v1
,,,29,2,multiclass,wine,random_forest,complete,,,,0.1554326304286323,0.0629474187301377,0.9861111111111112,,0.0957191523855143,,,,,,,,,,,,497955.0,0.4336019998881966,0.3796090000000021,256.0,4430.0,2343.0,119.0,0.0223562498576939,5322.896315682664,median 5 warm calls on training rows; end-to-end preprocessing,0.4336019998881966,0.3796090000000021,207093760.0,,0.9987218530823182,,,,,,,0.1,exp_004_real_f10_v1
,,,29,2,multiclass,wine,extra_trees,complete,,,,0.1543011974128969,0.0562107926708156,0.9861111111111112,,0.085475298875001,,,,,,,,,,,,1358243.0,0.2995971248019486,0.2679210000000012,256.0,14206.0,7231.0,119.0,0.0220919998828321,5386.5653010651895,median 5 warm calls on training rows; end-to-end preprocessing,0.2995971248019486,0.2679210000000012,207093760.0,,0.999360926541159,,,,,,,0.1,exp_004_real_f10_v1
,,,29,2,multiclass,wine,xgboost,complete,,,,0.1188778728246688,0.0538579334081034,0.9685672514619884,,0.0818974922094928,,,,,,,,,,,,283076.0,0.0650647089350968,0.0588759999999979,300.0,2134.0,1217.0,119.0,0.0026700000744313,44569.28714705993,median 5 warm calls on training rows; end-to-end preprocessing,0.0650647089350968,0.0588759999999979,208502784.0,,0.9996031746031746,,,,,,,0.1,exp_004_real_f10_v1
,,,29,2,multiclass,wine,lightgbm,complete,,,,0.0696833263317954,0.0317790724887093,0.9861111111111112,,0.0483239177011829,,,,,,,,,,,,212279.0,0.030742541886866,0.0292869999999965,300.0,2728.0,1514.0,119.0,0.0067454159725457,17641.61031496609,median 5 warm calls on training rows; end-to-end preprocessing,0.030742541886866,0.0292869999999965,208584704.0,,0.9991186784791436,,,,,,,0.1,exp_004_real_f10_v1
,,,29,2,multiclass,wine,catboost,complete,,,,0.1640444585461097,0.0614753203709711,0.9722222222222222,,0.0934806490439933,,,,,,,,,,,,69502.0,0.1418474169913679,0.1197540000000003,100.0,3100.0,1600.0,119.0,0.0025350828655064,46941.26634642708,median 5 warm calls on training rows; end-to-end preprocessing,0.1418474169913679,0.1197540000000003,208584704.0,,0.9987218530823182,,,,,,,0.1,exp_004_real_f10_v1
,,,29,2,multiclass,wine,linear,complete,,,,0.09297065574434,0.0494270233675862,0.9652777777777778,,0.0751597583686021,,,,,,,,,,,,4058.0,0.0101487920619547,0.0097449999999952,1.0,,,119.0,0.0018909170757979,62932.42655804208,median 5 warm calls on training rows; end-to-end preprocessing,0.0101487920619547,0.0097449999999952,208322560.0,42.0,0.9982373569582872,,,,,,,0.1,exp_004_real_f10_v1
100.0,29.0,0.29,11,0,regression,diabetes,direct_auroc,not_applicable,task restriction defined in config,,,,,,,,,,,,,,,,,,,,,,,,,,,,,,,,,,,,,,,,0.1,exp_004_real_f10_v1
100.0,29.0,0.29,11,0,regression,diabetes,random_subspace,complete,,,,,,,,0.7256815979399039,0.0647450562295816,0.7963792786902794,0.7963792786902794,1.0,1.4407385495986802,0.0357142857142857,7.0,4156.092150144852,8.0,equal,False,40444.0,0.0522104178089648,0.0471440000000029,8.0,120.0,64.0,256.0,0.0248194579035043,10314.487971304732,median 5 warm calls on training rows; end-to-end preprocessing,,,,,,72.13426175988964,5203.351719644277,61.350892504689824,0.2671182732370584,,,0.1,exp_004_real_f10_v1
100.0,29.0,0.29,11,0,regression,diabetes,certified_random,complete,,,,,,,,0.583964263106635,0.2099213968139631,0.81043338742806,0.81043338742806,1.0,1.4029662133174623,0.3214285714285714,3.0,3556.964055182392,8.0,equal,True,40011.0,2.7011984998825938,2.4007819999999924,8.0,114.0,61.0,256.0,0.0257897078990936,9926.440462282128,median 5 warm calls on training rows; end-to-end preprocessing,,,,,,64.7085504996806,4187.196507769715,53.5230936946292,0.4102417110639181,,,0.1,exp_004_real_f10_v1
100.0,29.0,0.29,11,0,regression,diabetes,top_quality,complete,,,,,,,,0.6416245953678686,0.2436644685904956,1.0,1.0,1.0,1.0000000000000004,1.0,1.0,4090.157354131857,8.0,equal,True,40443.0,2.709622959140688,2.400777999999974,8.0,120.0,64.0,256.0,0.0238248331006616,10745.091011482917,median 5 warm calls on training rows; end-to-end preprocessing,,,,,,67.82800414629472,4600.638146469772,54.48669500544501,0.3520092796597015,,,0.1,exp_004_real_f10_v1
100.0,29.0,0.29,11,0,regression,diabetes,top_no_cert,complete,,,,,,,,0.6416245953678686,0.2436644685904956,1.0,1.0,1.0,1.0000000000000004,1.0,1.0,4090.157354131857,8.0,equal,True,40443.0,2.7092059592250735,2.399114999999981,8.0,120.0,64.0,256.0,0.0265390418935567,9646.16586487069,median 5 warm calls on training rows; end-to-end preprocessing,,,,,,67.82800414629472,4600.638146469772,54.48669500544501,0.3520092796597015,,,0.1,exp_004_real_f10_v1
100.0,29.0,0.29,11,0,regression,diabetes,abs_correlation,complete,,,,,,,,0.5982600271350366,0.1939324582064476,0.806926940572091,0.806926940572091,1.0,1.4106859466335242,0.25,3.0,3620.457080210844,8.0,equal,True,39579.0,2.707650375086814,2.405701999999991,8.0,108.0,58.0,256.0,0.0223470828495919,11455.633906359024,median 5 warm calls on training rows; end-to-end preprocessing,,,,,,65.49581181002785,4289.701364654583,54.33215668879704,0.3958041061194449,,,0.1,exp_004_real_f10_v1
100.0,29.0,0.29,11,0,regression,diabetes,signed_correlation,complete,,,,,,,,0.5982600271350366,0.1939324582064476,0.806926940572091,0.806926940572091,1.0,1.4106859466335242,0.25,3.0,3620.457080210844,8.0,equal,True,39579.0,2.7050966259557754,2.4051339999999897,8.0,108.0,58.0,256.0,0.0256236670538783,9990.763596081488,median 5 warm calls on training rows; end-to-end preprocessing,,,,,,65.49581181002785,4289.701364654583,54.33215668879704,0.3958041061194449,,,0.1,exp_004_real_f10_v1
100.0,29.0,0.29,11,0,regression,diabetes,minimax,complete,,,,,,,,0.583964263106635,0.2099213968139631,0.81043338742806,0.81043338742806,1.0,1.402966213317462,0.3214285714285714,3.0,3556.964055182392,8.0,equal,True,40011.0,2.712169334059581,2.4074429999999865,8.0,114.0,61.0,256.0,0.0219871669542044,11643.155324794903,median 5 warm calls on training rows; end-to-end preprocessing,,,,,,64.7085504996806,4187.196507769715,53.5230936946292,0.4102417110639181,,,0.1,exp_004_real_f10_v1
100.0,29.0,0.29,11,0,regression,diabetes,quality_diversity,complete,,,,,,,,0.610542795634379,0.2377464242008232,0.9217078616257576,0.9217078616257576,1.0,1.13776930943866,0.75,2.0,3832.3270137040704,8.0,equal,True,40443.0,2.714974793139845,2.4085510000000028,8.0,120.0,64.0,256.0,0.0175719999242573,14568.631977206129,median 5 warm calls on training rows; end-to-end preprocessing,,,,,,66.16473719539687,4377.772448135935,53.47812471229531,0.3833994694126821,,,0.1,exp_004_real_f10_v1
100.0,29.0,0.29,11,0,regression,diabetes,prediction_correlation,complete,,,,,,,,0.6110747432522253,0.1838615639886044,0.8130437675043034,0.8130437675043034,1.0,1.3903425075259055,0.25,3.0,3691.6967201776656,8.0,equal,True,39147.0,2.7035851259715855,2.403287000000006,8.0,102.0,55.0,256.0,0.0189441249240189,13513.424400797809,median 5 warm calls on training rows; end-to-end preprocessing,,,,,,66.19355459491693,4381.586669910249,54.90307812084699,0.3828622438721401,,,0.1,exp_004_real_f10_v1
100.0,29.0,0.29,11,0,regression,diabetes,coerror_greedy,complete,,,,,,,,0.5786437849370792,0.2199922910318062,0.8210465408588743,0.8210465408588743,1.0,1.3592769021078293,0.4285714285714285,2.0,3555.6947947150197,8.0,equal,True,40443.0,2.703710583038628,2.397474999999986,8.0,120.0,64.0,256.0,0.0191943750251084,13337.240710631238,median 5 warm calls on training rows; end-to-end preprocessing,,,,,,64.41309731300029,4149.047105454045,53.20174550084573,0.4156149784020704,,,0.1,exp_004_real_f10_v1
100.0,29.0,0.29,11,0,regression,diabetes,direct_squared,complete,,,,,,,,0.5786437849370792,0.2199922910318062,0.8210465408588742,0.8210465408588742,1.0,1.35927690210783,0.4285714285714285,2.0,3555.69479471502,8.0,equal,True,40443.0,2.7052397069055587,2.399688000000012,8.0,120.0,64.0,256.0,0.0218273329082876,11728.414143662923,median 5 warm calls on training rows; end-to-end preprocessing,,,,,,64.41309731300029,4149.047105454045,53.201745500845725,0.4156149784020704,,,0.1,exp_004_real_f10_v1
100.0,29.0,0.29,11,0,regression,diabetes,coerror,complete,,,,,,,,0.5786437849370792,0.2199922910318062,0.8210465408588743,0.8210465408588743,1.0,1.3592769021078293,0.4285714285714285,2.0,3555.6947947150197,8.0,equal,True,40443.0,2.7084673752542585,2.402497000000011,8.0,120.0,64.0,256.0,0.0218969169072806,11691.143601813665,median 5 warm calls on training rows; end-to-end preprocessing,,,,,,64.41309731300029,4149.047105454045,53.20174550084573,0.4156149784020704,,,0.1,exp_004_real_f10_v1
100.0,29.0,0.29,11,0,regression,diabetes,coerror_no_cert,complete,,,,,,,,0.5883313097674834,0.2064126453794971,0.793785000274956,0.793785000274956,1.0,1.4555562941783984,0.3214285714285714,3.0,3504.2514017477865,8.0,equal,True,40443.0,2.7062185420654714,2.401297999999997,8.0,120.0,64.0,256.0,0.0203402910847216,12585.85724922544,median 5 warm calls on training rows; end-to-end preprocessing,,,,,,64.95005407338238,4218.509524135295,53.84884028766197,0.4058313350715509,,,0.1,exp_004_real_f10_v1
100.0,29.0,0.29,11,0,regression,diabetes,covariance_only,complete,,,,,,,,0.5786437849370792,0.2199922910318062,0.8210465408588743,0.8210465408588743,1.0,1.3592769021078293,0.4285714285714285,2.0,3555.6947947150197,8.0,equal,True,40443.0,2.700953959254548,2.398183000000003,8.0,120.0,64.0,256.0,0.0215972091536968,11853.3833782954,median 5 warm calls on training rows; end-to-end preprocessing,,,,,,64.41309731300029,4149.047105454045,53.20174550084573,0.4156149784020704,,,0.1,exp_004_real_f10_v1
100.0,29.0,0.29,11,0,regression,diabetes,shrinkage,complete,,,,,,,,0.5786437849370792,0.2199922910318062,0.8210465408588743,0.8210465408588743,1.0,1.3592769021078293,0.4285714285714285,2.0,3555.6947947150197,8.0,equal,True,40443.0,2.6998691253829747,2.398393000000013,8.0,120.0,64.0,256.0,0.024904292076826,10279.352619631887,median 5 warm calls on training rows; end-to-end preprocessing,,,,,,64.41309731300029,4149.047105454045,53.20174550084573,0.4156149784020704,,,0.1,exp_004_real_f10_v1
100.0,29.0,0.29,11,0,regression,diabetes,caruana,complete,,,,,,,,0.5883313097674834,0.175889176772752,0.703980236598215,0.703980236598215,0.7164344035040549,1.50323295119755,0.0,3.0,3504.2514017477865,8.0,frequency_weighted,True,16411.0,2.685037959134206,2.3814499999999867,3.0,45.0,24.0,256.0,0.0064866249449551,39465.82424178859,median 5 warm calls on training rows; end-to-end preprocessing,,,,,,64.95005407338238,4218.509524135295,53.84884028766197,0.405831335071551,,,0.1,exp_004_real_f10_v1
100.0,29.0,0.29,11,0,regression,diabetes,coerror_no_cert_affine,complete,,,,,,,,0.5416381414041737,0.2064126453794971,0.793785000274956,0.793785000274956,1.0,1.4555562941783984,0.3214285714285714,3.0,3504.2514017477865,8.0,affine_of_equal,True,40694.0,2.7116424590349197,2.4018640000000033,8.0,120.0,64.0,256.0,0.022094374988228,11586.65950661185,median 5 warm calls on training rows; end-to-end preprocessing,,,,,,62.31938458263259,3883.705694758064,50.86291759410817,0.4529877876470083,3426.049452993618,2.0,0.1,exp_004_real_f10_v1
100.0,29.0,0.29,11,0,regression,diabetes,affine_profiled,complete,,,,,,,,0.5342792635124334,0.1768440611196724,0.7740457847395341,0.7740457847395341,1.0,1.5196845580666254,0.1785714285714285,4.0,3562.3645193109114,8.0,affine_of_equal,True,40262.0,2.7107574592810124,2.404513000000009,8.0,114.0,61.0,256.0,0.017597832949832,14547.24571654959,median 5 warm calls on training rows; end-to-end preprocessing,,,,,,61.89459074474445,3830.9403634594055,50.79291674529155,0.4604196794734604,3362.4715012575243,2.0,0.1,exp_004_real_f10_v1
,,,11,0,regression,diabetes,rf_shallow,complete,,,,,,,,0.4968899174070843,,,,,,,,,,,,14355.0,0.0180599589366465,0.0165429999999986,8.0,120.0,64.0,256.0,0.0035429170820862,72256.84205097382,median 5 warm calls on training rows; end-to-end preprocessing,0.0180599589366465,0.0165429999999986,207421440.0,,,59.68959450202957,3562.847691816719,48.65295683985838,0.498179998343355,,,0.1,exp_004_real_f10_v1
,,,11,0,regression,diabetes,et_shallow,complete,,,,,,,,0.5188691920992126,,,,,,,,,,,,14211.0,0.0141129579860717,0.0123490000000003,8.0,118.0,63.0,256.0,0.0031522919889539,81210.7510652751,median 5 warm calls on training rows; end-to-end preprocessing,0.0141129579860717,0.0123490000000003,207421440.0,,,60.99545551108177,3720.445593004355,51.26894423554825,0.4759826478316531,,,0.1,exp_004_real_f10_v1
,,,11,0,regression,diabetes,random_patches,complete,,,,,,,,0.7411483808099122,,,,,,,,,,,,30691.0,0.0612428749445825,0.0456719999999961,8.0,116.0,62.0,256.0,0.0183156251441687,13977.136897317663,median 5 warm calls on training rows; end-to-end preprocessing,0.0612428749445825,0.0456719999999961,207470592.0,,,72.89892405255509,5314.253128020195,61.41920370515446,0.2514980307375679,,,0.1,exp_004_real_f10_v1
,,,11,0,regression,diabetes,random_forest,complete,,,,,,,,0.5039618462045101,,,,,,,,,,,,6774771.0,0.5919395410455763,0.5409000000000077,256.0,92940.0,46598.0,256.0,0.0347085001412779,7375.714852499371,median 5 warm calls on training rows; end-to-end preprocessing,0.5919395410455763,0.5409000000000077,214581248.0,,,60.11285647203357,3613.555513227308,49.06252639358108,0.4910379026869191,,,0.1,exp_004_real_f10_v1
,,,11,0,regression,diabetes,extra_trees,complete,,,,,,,,0.4947878470952006,,,,,,,,,,,,10795539.0,0.3973160421010107,0.3592579999999969,256.0,148784.0,74520.0,256.0,0.0378312920220196,6766.884933535861,median 5 warm calls on training rows; end-to-end preprocessing,0.3973160421010107,0.3592579999999969,224559104.0,,,59.563203623305206,3547.775225871318,47.87288851351352,0.5003029251535758,,,0.1,exp_004_real_f10_v1
,,,11,0,regression,diabetes,xgboost,complete,,,,,,,,0.5073166568130264,,,,,,,,,,,,166782.0,0.0533409579657018,0.0497079999999954,100.0,2584.0,1342.0,256.0,0.0037035420536994,69123.01690871306,median 5 warm calls on training rows; end-to-end preprocessing,0.0533409579657018,0.0497079999999954,226164736.0,,,60.312606457275194,3637.6104976701536,48.09131709949391,0.4876498060358372,,,0.1,exp_004_real_f10_v1
,,,11,0,regression,diabetes,lightgbm,complete,,,,,,,,0.4723840863534549,,,,,,,,,,,,111713.0,0.0292762080207467,0.0245460000000008,100.0,2134.0,1117.0,256.0,0.0056812909897416,45060.18094518334,median 5 warm calls on training rows; end-to-end preprocessing,0.0292762080207467,0.0245460000000008,228687872.0,,,58.199086196791434,3387.133634141559,46.44456655960257,0.5229289734163485,,,0.1,exp_004_real_f10_v1
,,,11,0,regression,diabetes,catboost,complete,,,,,,,,0.480050779904273,,,,,,,,,,,,42354.0,0.0801091250032186,0.0694409999999976,100.0,3084.0,1592.0,256.0,0.0030076669063419,85115.8083563719,median 5 warm calls on training rows; end-to-end preprocessing,0.0801091250032186,0.0694409999999976,230719488.0,,,58.66946475612452,3442.1060947701367,47.85671026651587,0.5151862118194765,,,0.1,exp_004_real_f10_v1
,,,11,0,regression,diabetes,linear,complete,,,,,,,,0.4581058621803068,,,,,,,,,,,,3090.0,0.0077107918914407,0.0072770000000019,1.0,,,256.0,0.0018053341191262,141802.0062258096,median 5 warm calls on training rows; end-to-end preprocessing,0.0077107918914407,0.0072770000000019,230801408.0,11.0,,57.31277818433938,3284.7545432072875,46.49437133704612,0.5373488644771547,,,0.1,exp_004_real_f10_v1
100.0,45.0,0.45,11,1,regression,diabetes,direct_auroc,not_applicable,task restriction defined in config,,,,,,,,,,,,,,,,,,,,,,,,,,,,,,,,,,,,,,,,0.1,exp_004_real_f10_v1
100.0,45.0,0.45,11,1,regression,diabetes,random_subspace,complete,,,,,,,,0.7792407930054428,0.1266321172975114,0.7949151105546651,0.7949151105546651,1.0,1.429995649635425,0.1071428571428571,6.0,4584.073916514909,8.0,equal,False,39875.0,0.0400816658511757,0.0392220000000094,8.0,112.0,60.0,256.0,0.0232358751818537,11017.445996608085,median 5 warm calls on training rows; end-to-end preprocessing,,,,,,62.96987135852229,3965.204698908846,54.63216120753912,0.2022649418609439,,,0.1,exp_004_real_f10_v1
100.0,45.0,0.45,11,1,regression,diabetes,certified_random,complete,,,,,,,,0.6708218732738929,0.248558441255744,0.7553813583911946,0.7553813583911946,1.0,1.5766390999660849,0.25,4.0,3749.66873836933,8.0,equal,True,40451.0,2.7657772933598608,2.421917999999991,8.0,120.0,64.0,256.0,0.0212941248901188,12022.095358273787,median 5 warm calls on training rows; end-to-end preprocessing,,,,,,58.42524924531489,3413.5097493771677,49.65489686884362,0.313257043418976,,,0.1,exp_004_real_f10_v1
100.0,45.0,0.45,11,1,regression,diabetes,top_quality,complete,,,,,,,,0.7935687483814831,0.3060139946561854,0.9999999999999996,0.9999999999999996,0.9999999999999996,1.0,1.0,1.0,4429.976146362659,8.0,equal,True,40451.0,2.7402857085689902,2.4154049999999785,8.0,120.0,64.0,256.0,0.0231149171013385,11075.099204451652,median 5 warm calls on training rows; end-to-end preprocessing,,,,,,63.54615013630317,4038.113197145583,51.64503189908836,0.1875969311285548,,,0.1,exp_004_real_f10_v1
100.0,45.0,0.45,11,1,regression,diabetes,top_no_cert,complete,,,,,,,,0.7935687483814831,0.3060139946561854,0.9999999999999996,0.9999999999999996,0.9999999999999996,1.0,1.0,1.0,4429.976146362659,8.0,equal,True,40451.0,2.7647702931426466,2.421914000000001,8.0,120.0,64.0,256.0,0.0190697908401489,13424.373772418408,median 5 warm calls on training rows; end-to-end preprocessing,,,,,,63.54615013630317,4038.113197145583,51.64503189908836,0.1875969311285548,,,0.1,exp_004_real_f10_v1
100.0,45.0,0.45,11,1,regression,diabetes,abs_correlation,complete,,,,,,,,0.6512110467076779,0.2278962355925898,0.7280156668995545,0.7280156668995545,1.0,1.6532505340106864,0.1785714285714285,4.0,3747.7740681416417,8.0,equal,True,40451.0,2.766854251269251,2.432248999999985,8.0,120.0,64.0,256.0,0.0200885829981416,12743.55687624568,median 5 warm calls on training rows; end-to-end preprocessing,,,,,,57.56491209048353,3313.7191039850973,49.34528133038378,0.3333333074074363,,,0.1,exp_004_real_f10_v1
100.0,45.0,0.45,11,1,regression,diabetes,signed_correlation,complete,,,,,,,,0.6512110467076779,0.2278962355925898,0.7280156668995545,0.7280156668995545,1.0,1.6532505340106864,0.1785714285714285,4.0,3747.7740681416417,8.0,equal,True,40451.0,2.756689209258184,2.425313999999986,8.0,120.0,64.0,256.0,0.0195542911533266,13091.755563660436,median 5 warm calls on training rows; end-to-end preprocessing,,,,,,57.56491209048353,3313.7191039850973,49.34528133038378,0.3333333074074363,,,0.1,exp_004_real_f10_v1
100.0,45.0,0.45,11,1,regression,diabetes,minimax,complete,,,,,,,,0.6591240290692875,0.1965522268900521,0.800021513127613,0.800021513127613,1.0,1.3905164739519964,0.3571428571428571,4.0,4246.578573824939,8.0,equal,True,40451.0,2.7730713761411607,2.435744999999983,8.0,120.0,64.0,256.0,0.0249780840240418,10248.984660056192,median 5 warm calls on training rows; end-to-end preprocessing,,,,,,57.9135968476938,3353.98469983721,48.14342353776592,0.3252325207174256,,,0.1,exp_004_real_f10_v1
100.0,45.0,0.45,11,1,regression,diabetes,quality_diversity,complete,,,,,,,,0.7935687483814831,0.3060139946561854,0.9999999999999996,0.9999999999999996,0.9999999999999996,1.0,1.0,1.0,4429.976146362659,8.0,equal,True,40451.0,2.758508751168847,2.4290769999999924,8.0,120.0,64.0,256.0,0.0226592088583856,11297.83487146154,median 5 warm calls on training rows; end-to-end preprocessing,,,,,,63.54615013630317,4038.113197145583,51.64503189908836,0.1875969311285548,,,0.1,exp_004_real_f10_v1
100.0,45.0,0.45,11,1,regression,diabetes,prediction_correlation,complete,,,,,,,,0.661765211595531,0.2156317863468274,0.7378995787013362,0.7378995787013362,1.0,1.6145041046626278,0.1428571428571428,4.0,3861.175249978613,8.0,equal,True,40451.0,2.7679767087101936,2.4352369999999723,8.0,120.0,64.0,256.0,0.0222398750483989,11510.856038664177,median 5 warm calls on training rows; end-to-end preprocessing,,,,,,58.02951391888225,3367.424485661749,49.757600563097405,0.3225286531644932,,,0.1,exp_004_real_f10_v1
100.0,45.0,0.45,11,1,regression,diabetes,coerror_greedy,complete,,,,,,,,0.6448248132066638,0.2447552245986428,0.7391520598093912,0.7391520598093912,1.0,1.6230667279162454,0.25,4.0,3699.315876961377,8.0,equal,True,40451.0,2.748019168386236,2.415133999999995,8.0,120.0,64.0,256.0,0.0232831661123782,10995.068229311835,median 5 warm calls on training rows; end-to-end preprocessing,,,,,,57.28195565807066,3281.222444013173,48.73897924099191,0.3398711098414851,,,0.1,exp_004_real_f10_v1
100.0,45.0,0.45,11,1,regression,diabetes,direct_squared,complete,,,,,,,,0.6448248132066638,0.2447552245986428,0.7391520598093911,0.7391520598093911,1.0,1.6230667279162458,0.25,4.0,3699.315876961377,8.0,equal,True,40451.0,2.749220959376544,2.4197829999999954,8.0,120.0,64.0,256.0,0.0222512499894946,11504.971636239015,median 5 warm calls on training rows; end-to-end preprocessing,,,,,,57.28195565807066,3281.222444013173,48.738979240991895,0.3398711098414851,,,0.1,exp_004_real_f10_v1
100.0,45.0,0.45,11,1,regression,diabetes,coerror,complete,,,,,,,,0.6448248132066638,0.2447552245986428,0.7391520598093912,0.7391520598093912,1.0,1.6230667279162454,0.25,4.0,3699.315876961377,8.0,equal,True,40451.0,2.7398973752278835,2.4155080000000027,8.0,120.0,64.0,256.0,0.0245326668955385,10435.066072924805,median 5 warm calls on training rows; end-to-end preprocessing,,,,,,57.28195565807066,3281.222444013173,48.73897924099191,0.3398711098414851,,,0.1,exp_004_real_f10_v1
100.0,45.0,0.45,11,1,regression,diabetes,coerror_no_cert,complete,,,,,,,,0.6448248132066638,0.2447552245986428,0.7391520598093912,0.7391520598093912,1.0,1.6230667279162454,0.25,4.0,3699.315876961377,8.0,equal,True,40451.0,2.7471901264507324,2.419450999999995,8.0,120.0,64.0,256.0,0.0225946670398116,11330.107212862673,median 5 warm calls on training rows; end-to-end preprocessing,,,,,,57.28195565807066,3281.222444013173,48.73897924099191,0.3398711098414851,,,0.1,exp_004_real_f10_v1
100.0,45.0,0.45,11,1,regression,diabetes,covariance_only,complete,,,,,,,,0.6448248132066638,0.2447552245986428,0.7391520598093912,0.7391520598093912,1.0,1.6230667279162454,0.25,4.0,3699.315876961377,8.0,equal,True,40451.0,2.755542417289689,2.421919999999986,8.0,120.0,64.0,256.0,0.0185246670152992,13819.4116951508,median 5 warm calls on training rows; end-to-end preprocessing,,,,,,57.28195565807066,3281.222444013173,48.73897924099191,0.3398711098414851,,,0.1,exp_004_real_f10_v1
100.0,45.0,0.45,11,1,regression,diabetes,shrinkage,complete,,,,,,,,0.6448248132066638,0.2447552245986428,0.739152059809391,0.739152059809391,1.0,1.6230667279162454,0.25,4.0,3699.315876961377,8.0,equal,True,40451.0,2.7600028773304075,2.4207639999999913,8.0,120.0,64.0,256.0,0.0212652080226689,12038.443250924282,median 5 warm calls on training rows; end-to-end preprocessing,,,,,,57.281955658070665,3281.2224440131736,48.73897924099191,0.339871109841485,,,0.1,exp_004_real_f10_v1
100.0,45.0,0.45,11,1,regression,diabetes,caruana,complete,,,,,,,,0.6448248132066638,0.2156317863468274,0.6942161751515586,0.6942161751515586,0.777524793433542,1.6145041046626276,0.0,4.0,3699.315876961377,8.0,frequency_weighted,True,21236.0,2.7258347102906555,2.4020189999999957,4.0,60.0,32.0,256.0,0.010815791785717,23669.09469707668,median 5 warm calls on training rows; end-to-end preprocessing,,,,,,57.28195565807066,3281.222444013173,48.7389792409919,0.3398711098414851,,,0.1,exp_004_real_f10_v1
100.0,45.0,0.45,11,1,regression,diabetes,coerror_no_cert_affine,complete,,,,,,,,0.6261984087693953,0.2447552245986428,0.7391520598093912,0.7391520598093912,1.0,1.6230667279162454,0.25,4.0,3699.315876961377,8.0,affine_of_equal,True,40702.0,2.754496043547988,2.423107999999985,8.0,120.0,64.0,256.0,0.0174167500808835,14698.494197317772,median 5 warm calls on training rows; end-to-end preprocessing,,,,,,56.44857020805407,3186.4410785336095,47.06171075558976,0.3589395877241391,3544.900353122787,2.0,0.1,exp_004_real_f10_v1
100.0,45.0,0.45,11,1,regression,diabetes,affine_profiled,complete,,,,,,,,0.6069976632512435,0.2183616707827708,0.7207202561637461,0.7207202561637461,1.0,1.6900445270130064,0.1428571428571428,5.0,3757.441892415611,8.0,affine_of_equal,True,40558.0,2.7777083762921393,2.427096999999989,8.0,118.0,63.0,256.0,0.0202701669186353,12629.397726599209,median 5 warm calls on training rows; end-to-end preprocessing,,,,,,55.57640821888572,3088.737150512228,46.08931130059056,0.3785960379250579,3449.049658152177,2.0,0.1,exp_004_real_f10_v1
,,,11,1,regression,diabetes,rf_shallow,complete,,,,,,,,0.625530313739552,,,,,,,,,,,,13923.0,0.0166395418345928,0.015779000000009,8.0,114.0,61.0,256.0,0.0025936251040548,98703.54801847652,median 5 warm calls on training rows; end-to-end preprocessing,0.0166395418345928,0.015779000000009,229179392.0,,,56.418449504215715,3183.041444459738,46.02098959875485,0.3596235391192127,,,0.1,exp_004_real_f10_v1
,,,11,1,regression,diabetes,et_shallow,complete,,,,,,,,0.5940394206025207,,,,,,,,,,,,13923.0,0.0124223749153316,0.0111459999999965,8.0,114.0,61.0,256.0,0.0030859161633998,82957.53560523163,median 5 warm calls on training rows; end-to-end preprocessing,0.0124223749153316,0.0111459999999965,229212160.0,,,54.97998274052965,3022.7985021489385,46.314828501288986,0.3918618275828213,,,0.1,exp_004_real_f10_v1
,,,11,1,regression,diabetes,random_patches,complete,,,,,,,,0.8459519190687615,,,,,,,,,,,,29251.0,0.0502536660060286,0.0412249999999971,8.0,96.0,52.0,256.0,0.0180792917963117,14159.84668449376,median 5 warm calls on training rows; end-to-end preprocessing,0.0502536660060286,0.0412249999999971,229212160.0,,,65.6099650247256,4304.667510545716,57.081604197851426,0.1339705141226468,,,0.1,exp_004_real_f10_v1
,,,11,1,regression,diabetes,random_forest,complete,,,,,,,,0.6562564537427941,,,,,,,,,,,,6762963.0,0.5777380000799894,0.5313100000000048,256.0,92776.0,46516.0,256.0,0.0323225418105721,7920.169196479059,median 5 warm calls on training rows; end-to-end preprocessing,0.5777380000799894,0.5313100000000048,229212160.0,,,57.787480505993926,3339.392903230628,47.586150085034014,0.3281681542088083,,,0.1,exp_004_real_f10_v1
,,,11,1,regression,diabetes,extra_trees,complete,,,,,,,,0.6532328716325626,,,,,,,,,,,,10791795.0,0.3959036250598728,0.3627330000000057,256.0,148732.0,74494.0,256.0,0.0372217081021517,6877.706936431563,median 5 warm calls on training rows; end-to-end preprocessing,0.3959036250598728,0.3627330000000057,229212160.0,,,57.65420417031646,3324.007258512536,47.66419536564626,0.3312634971017166,,,0.1,exp_004_real_f10_v1
,,,11,1,regression,diabetes,xgboost,complete,,,,,,,,0.662612701215033,,,,,,,,,,,,172563.0,0.0674297080840915,0.0514689999999973,100.0,2754.0,1427.0,256.0,0.0029246248304843,87532.59472176473,median 5 warm calls on training rows; end-to-end preprocessing,0.0674297080840915,0.0514689999999973,229261312.0,,,58.06665977853199,3371.7369778357847,47.082051491250795,0.321661049482866,,,0.1,exp_004_real_f10_v1
,,,11,1,regression,diabetes,lightgbm,complete,,,,,,,,0.6382583209418543,,,,,,,,,,,,112491.0,0.0267573748715221,0.0236650000000082,100.0,2152.0,1126.0,256.0,0.0064130830578505,39918.397702118746,median 5 warm calls on training rows; end-to-end preprocessing,0.0267573748715221,0.0236650000000082,229621760.0,,,56.98954753767513,3247.8085285489333,47.093068407278366,0.3465934492462714,,,0.1,exp_004_real_f10_v1
,,,11,1,regression,diabetes,catboost,complete,,,,,,,,0.5783416142183805,,,,,,,,,,,,42458.0,0.07782324985601,0.0632999999999981,100.0,3100.0,1600.0,256.0,0.0021445001475512,119375.13750806412,median 5 warm calls on training rows; end-to-end preprocessing,0.07782324985601,0.0632999999999981,231014400.0,,,54.24868155439597,2942.9194503902618,44.889186843212336,0.4079322009525329,,,0.1,exp_004_real_f10_v1
,,,11,1,regression,diabetes,linear,complete,,,,,,,,0.5521847867402178,,,,,,,,,,,,3090.0,0.0064009591005742,0.0062860000000029,1.0,,,256.0,0.0023092080373317,110860.5183514817,median 5 warm calls on training rows; end-to-end preprocessing,0.0064009591005742,0.0062860000000029,230981632.0,11.0,,53.007727368566286,2809.819160780251,43.23056644693133,0.4347098266573511,,,0.1,exp_004_real_f10_v1
100.0,44.0,0.44,11,2,regression,diabetes,direct_auroc,not_applicable,task restriction defined in config,,,,,,,,,,,,,,,,,,,,,,,,,,,,,,,,,,,,,,,,0.1,exp_004_real_f10_v1
100.0,44.0,0.44,11,2,regression,diabetes,random_subspace,complete,,,,,,,,0.7963295106398738,0.0397482166306283,0.8553739763878381,0.8553739763878381,1.0,1.2734472104086207,0.0714285714285714,6.0,5105.079856950781,8.0,equal,False,39588.0,0.0517273738514632,0.0444490000000428,8.0,108.0,58.0,256.0,0.0204662920441478,12508.37227612028,median 5 warm calls on training rows; end-to-end preprocessing,,,,,,66.96150405731863,4483.843025618299,57.095216836451385,0.2028276820358308,,,0.1,exp_004_real_f10_v1
100.0,44.0,0.44,11,2,regression,diabetes,certified_random,complete,,,,,,,,0.7617674897904458,0.2348975241890121,0.8246018176579122,0.8246018176579122,1.0,1.3547682960436995,0.25,3.0,3945.494704763688,8.0,equal,True,40163.0,2.843962040264159,2.4355279999999766,8.0,116.0,62.0,256.0,0.022760541178286,11247.535723984813,median 5 warm calls on training rows; end-to-end preprocessing,,,,,,65.49226523316347,4289.2368053710325,54.18196797507912,0.2374262821202677,,,0.1,exp_004_real_f10_v1
100.0,44.0,0.44,11,2,regression,diabetes,top_quality,complete,,,,,,,,0.834437746287297,0.3147264360651489,1.0,1.0,1.0,1.0000000000000004,1.0,1.0,4174.444656054914,8.0,equal,True,40451.0,2.8549004152882844,2.440252999999956,8.0,120.0,64.0,256.0,0.0167130408808588,15317.380112029256,median 5 warm calls on training rows; end-to-end preprocessing,,,,,,68.54499760648348,4698.416696872825,55.924245475797605,0.1646791139635878,,,0.1,exp_004_real_f10_v1
100.0,44.0,0.44,11,2,regression,diabetes,top_no_cert,complete,,,,,,,,0.834437746287297,0.3147264360651489,1.0,1.0,1.0,1.0000000000000004,1.0,1.0,4174.444656054914,8.0,equal,True,40451.0,2.833462916314602,2.43274999999997,8.0,120.0,64.0,256.0,0.0223264161031693,11466.23796748372,median 5 warm calls on training rows; end-to-end preprocessing,,,,,,68.54499760648348,4698.416696872825,55.924245475797605,0.1646791139635878,,,0.1,exp_004_real_f10_v1
100.0,44.0,0.44,11,2,regression,diabetes,abs_correlation,complete,,,,,,,,0.5940911760664283,0.2708651408332734,0.7670761897148994,0.7670761897148994,1.0,1.5245181221792583,0.25,3.0,3531.412061558218,8.0,equal,True,40451.0,2.8595687069464475,2.450447999999966,8.0,120.0,64.0,256.0,0.0242120418697595,10573.2511688632,median 5 warm calls on training rows; end-to-end preprocessing,,,,,,57.836945104265666,3345.1122189938405,49.06417573896195,0.4052800585948545,,,0.1,exp_004_real_f10_v1
100.0,44.0,0.44,11,2,regression,diabetes,signed_correlation,complete,,,,,,,,0.5940911760664283,0.2708651408332734,0.7670761897148994,0.7670761897148994,1.0,1.5245181221792583,0.25,3.0,3531.412061558218,8.0,equal,True,40451.0,2.8518371232785285,2.449763999999959,8.0,120.0,64.0,256.0,0.0259384580422192,9869.514972066429,median 5 warm calls on training rows; end-to-end preprocessing,,,,,,57.836945104265666,3345.1122189938405,49.06417573896195,0.4052800585948545,,,0.1,exp_004_real_f10_v1
100.0,44.0,0.44,11,2,regression,diabetes,minimax,complete,,,,,,,,0.5627075092746162,0.264559252737544,0.8204308506682018,0.8204308506682018,0.9999999999999998,1.375780856607472,0.3571428571428571,4.0,3767.500016789243,8.0,equal,True,40307.0,2.852451208280399,2.4458709999999826,8.0,118.0,63.0,256.0,0.0216836670879274,11806.121121575874,median 5 warm calls on training rows; end-to-end preprocessing,,,,,,56.2885615304952,3168.4021591723445,47.769337801217766,0.4366969407628166,,,0.1,exp_004_real_f10_v1
100.0,44.0,0.44,11,2,regression,diabetes,quality_diversity,complete,,,,,,,,0.6095477317106225,0.3036561484838417,0.814425369706784,0.814425369706784,1.0,1.372182160831408,0.4642857142857143,2.0,3549.1719938808965,8.0,equal,True,40451.0,2.852871291106567,2.4495029999999645,8.0,120.0,64.0,256.0,0.0271387919783592,9432.99171916485,median 5 warm calls on training rows; end-to-end preprocessing,,,,,,58.58449014122844,3432.142485107692,49.13280969063623,0.3898071442723352,,,0.1,exp_004_real_f10_v1
100.0,44.0,0.44,11,2,regression,diabetes,prediction_correlation,complete,,,,,,,,0.6035692424728081,0.2555439406331313,0.7723702921373639,0.7723702921373639,1.0,1.5094819373142032,0.1785714285714285,4.0,3631.160841139826,8.0,equal,True,40307.0,2.850044708000496,2.447893999999934,8.0,118.0,63.0,256.0,0.0266779998783022,9595.921777037349,median 5 warm calls on training rows; end-to-end preprocessing,,,,,,58.29648169276895,3398.479777755345,49.69650798050511,0.3957919609342253,,,0.1,exp_004_real_f10_v1
100.0,44.0,0.44,11,2,regression,diabetes,coerror_greedy,complete,,,,,,,,0.5941116081979443,0.2872606446585576,0.7796081524189836,0.7796081524189836,1.0,1.487228874699794,0.3214285714285714,3.0,3495.319707261252,8.0,equal,True,40451.0,2.8376995413564146,2.435075000000012,8.0,120.0,64.0,256.0,0.0248546670190989,10299.876470011955,median 5 warm calls on training rows; end-to-end preprocessing,,,,,,57.83793966701633,3345.227264925421,48.96748612013431,0.4052596048386845,,,0.1,exp_004_real_f10_v1
100.0,44.0,0.44,11,2,regression,diabetes,direct_squared,complete,,,,,,,,0.5941116081979441,0.2872606446585576,0.7796081524189837,0.7796081524189837,1.0,1.4872288746997937,0.3214285714285714,3.0,3495.319707261252,8.0,equal,True,40451.0,2.837620416423306,2.438124999999957,8.0,120.0,64.0,256.0,0.0209122500382363,12241.628688061994,median 5 warm calls on training rows; end-to-end preprocessing,,,,,,57.83793966701632,3345.22726492542,48.9674861201343,0.4052596048386847,,,0.1,exp_004_real_f10_v1
100.0,44.0,0.44,11,2,regression,diabetes,coerror,complete,,,,,,,,0.5941116081979443,0.2872606446585576,0.7796081524189836,0.7796081524189836,1.0,1.487228874699794,0.3214285714285714,3.0,3495.319707261252,8.0,equal,True,40451.0,2.855600790353492,2.436575999999974,8.0,120.0,64.0,256.0,0.0278586249332875,9189.254696275862,median 5 warm calls on training rows; end-to-end preprocessing,,,,,,57.83793966701633,3345.227264925421,48.96748612013431,0.4052596048386845,,,0.1,exp_004_real_f10_v1
100.0,44.0,0.44,11,2,regression,diabetes,coerror_no_cert,complete,,,,,,,,0.5941116081979443,0.2872606446585576,0.7796081524189836,0.7796081524189836,1.0,1.487228874699794,0.3214285714285714,3.0,3495.319707261252,8.0,equal,True,40451.0,2.8554264560807496,2.443295999999947,8.0,120.0,64.0,256.0,0.0229719160124659,11144.042136540937,median 5 warm calls on training rows; end-to-end preprocessing,,,,,,57.83793966701633,3345.227264925421,48.96748612013431,0.4052596048386845,,,0.1,exp_004_real_f10_v1
100.0,44.0,0.44,11,2,regression,diabetes,covariance_only,complete,,,,,,,,0.5941116081979443,0.2872606446585576,0.7796081524189836,0.7796081524189836,1.0,1.487228874699794,0.3214285714285714,3.0,3495.319707261252,8.0,equal,True,40451.0,2.8619891663547605,2.4424249999999574,8.0,120.0,64.0,256.0,0.024508791975677,10445.23125636136,median 5 warm calls on training rows; end-to-end preprocessing,,,,,,57.83793966701633,3345.227264925421,48.96748612013431,0.4052596048386845,,,0.1,exp_004_real_f10_v1
100.0,44.0,0.44,11,2,regression,diabetes,shrinkage,complete,,,,,,,,0.5941116081979443,0.2872606446585576,0.7796081524189836,0.7796081524189836,1.0,1.4872288746997937,0.3214285714285714,3.0,3495.3197072612525,8.0,equal,True,40451.0,2.851696041645482,2.4426409999999805,8.0,120.0,64.0,256.0,0.0218820411246269,11699.091439504084,median 5 warm calls on training rows; end-to-end preprocessing,,,,,,57.83793966701633,3345.227264925421,48.96748612013431,0.4052596048386845,,,0.1,exp_004_real_f10_v1
100.0,44.0,0.44,11,2,regression,diabetes,caruana,complete,,,,,,,,0.5941116081979441,0.2611648369032293,0.6954084023143997,0.6954084023143997,0.74462474766256,1.5152016401004946,0.0,3.0,3495.319707261252,8.0,frequency_weighted,True,16420.0,2.8167211241088808,2.4172229999999786,3.0,45.0,24.0,256.0,0.0090469999704509,28296.67302267475,median 5 warm calls on training rows; end-to-end preprocessing,,,,,,57.83793966701632,3345.22726492542,48.9674861201343,0.4052596048386847,,,0.1,exp_004_real_f10_v1
100.0,44.0,0.44,11,2,regression,diabetes,coerror_no_cert_affine,complete,,,,,,,,0.5958312162790466,0.2872606446585576,0.7796081524189836,0.7796081524189836,1.0,1.487228874699794,0.3214285714285714,3.0,3495.319707261252,8.0,affine_of_equal,True,40702.0,2.834754499141127,2.433732999999961,8.0,120.0,64.0,256.0,0.0234687079209834,10908.14206141744,median 5 warm calls on training rows; end-to-end preprocessing,,,,,,57.921582809421395,3354.90975514866,46.98991946698986,0.4035381767844852,3301.4284660424514,2.0,0.1,exp_004_real_f10_v1
100.0,44.0,0.44,11,2,regression,diabetes,affine_profiled,complete,,,,,,,,0.589288193283494,0.2142966052682193,0.7435268040836197,0.7435268040836197,1.0,1.6175033003032089,0.1071428571428571,5.0,3700.9610667375177,8.0,affine_of_equal,True,40414.0,2.8479482911061496,2.4377079999999864,8.0,116.0,62.0,256.0,0.01993487495929,12841.81619010854,median 5 warm calls on training rows; end-to-end preprocessing,,,,,,57.60267669729898,3318.0683626935515,46.45892680733709,0.4100881246869137,3037.109517542651,2.0,0.1,exp_004_real_f10_v1
,,,11,2,regression,diabetes,rf_shallow,complete,,,,,,,,0.5706963856592686,,,,,,,,,,,,14211.0,0.0183919169940054,0.01773799999998,8.0,118.0,63.0,256.0,0.0023775838781148,107672.33171305896,median 5 warm calls on training rows; end-to-end preprocessing,0.0183919169940054,0.01773799999998,208486400.0,,,56.68672356328463,3213.3846283402486,45.414923848382706,0.4286996092305903,,,0.1,exp_004_real_f10_v1
,,,11,2,regression,diabetes,et_shallow,complete,,,,,,,,0.5823101529732424,,,,,,,,,,,,14355.0,0.0099008330143988,0.0099150000000065,8.0,120.0,64.0,256.0,0.0035206249449402,72714.36293375114,median 5 warm calls on training rows; end-to-end preprocessing,0.0099008330143988,0.0099150000000065,208486400.0,,,57.26061076615068,3278.7775453126105,47.699615379472974,0.4170735503111643,,,0.1,exp_004_real_f10_v1
,,,11,2,regression,diabetes,random_patches,complete,,,,,,,,0.7611218402228663,,,,,,,,,,,,29683.0,0.0507125000003725,0.0424009999999839,8.0,102.0,55.0,256.0,0.0190410839859396,13444.612722103237,median 5 warm calls on training rows; end-to-end preprocessing,0.0507125000003725,0.0424009999999839,208519168.0,,,65.46450478331795,4285.601386525059,56.047518355161955,0.2380726150207859,,,0.1,exp_004_real_f10_v1
,,,11,2,regression,diabetes,random_forest,complete,,,,,,,,0.573525726400286,,,,,,,,,,,,6784563.0,0.5914271669462323,0.5327939999999955,256.0,93076.0,46666.0,256.0,0.0313970828428864,8153.623738900992,median 5 warm calls on training rows; end-to-end preprocessing,0.5914271669462323,0.5327939999999955,217169920.0,,,56.82706768082331,3229.315621200873,46.34202274659864,0.4258672740142113,,,0.1,exp_004_real_f10_v1
,,,11,2,regression,diabetes,extra_trees,complete,,,,,,,,0.5198425636856222,,,,,,,,,,,,10814403.0,0.4067617091350257,0.3581319999999834,256.0,149046.0,74651.0,256.0,0.0379070830531418,6753.355293550662,median 5 warm calls on training rows; end-to-end preprocessing,0.4067617091350257,0.3581319999999834,226279424.0,,,54.1021734981707,2927.045177226164,43.685533588435376,0.4796072531121972,,,0.1,exp_004_real_f10_v1
,,,11,2,regression,diabetes,xgboost,complete,,,,,,,,0.6280431408588113,,,,,,,,,,,,170043.0,0.0553046248387545,0.0475859999999954,100.0,2680.0,1390.0,256.0,0.0026024580001831,98368.5423480372,median 5 warm calls on training rows; end-to-end preprocessing,0.0553046248387545,0.0475859999999954,227213312.0,,,59.46665817548662,3536.28343456017,48.308615444468806,0.3712921602294732,,,0.1,exp_004_real_f10_v1
,,,11,2,regression,diabetes,lightgbm,complete,,,,,,,,0.6236545302923033,,,,,,,,,,,,114188.0,0.0274193338118493,0.022894999999977,100.0,2196.0,1148.0,256.0,0.0057106250897049,44828.71769353448,median 5 warm calls on training rows; end-to-end preprocessing,0.0274193338118493,0.022894999999977,228229120.0,,,59.258524771677074,3511.5727581154656,47.59952941211285,0.3756854155480336,,,0.1,exp_004_real_f10_v1
,,,11,2,regression,diabetes,catboost,complete,,,,,,,,0.5132342320821971,,,,,,,,,,,,42362.0,0.0731612078379839,0.0622490000000084,100.0,3100.0,1600.0,256.0,0.0026455419138073,96766.56365333172,median 5 warm calls on training rows; end-to-end preprocessing,0.0731612078379839,0.0622490000000084,229474304.0,,,53.75719538495659,2889.836055656399,43.62227158142653,0.4862225787428463,,,0.1,exp_004_real_f10_v1
,,,11,2,regression,diabetes,linear,complete,,,,,,,,0.5282986364236111,,,,,,,,,,,,3090.0,0.0073135420680046,0.0061430000000086,1.0,,,256.0,0.0030165831558406,84864.2277619097,median 5 warm calls on training rows; end-to-end preprocessing,0.0073135420680046,0.0061430000000086,229474304.0,11.0,,54.5404277562111,2974.658259830482,43.87993472643446,0.4711422307623415,,,0.1,exp_004_real_f10_v1
100.0,41.0,0.41,29,0,regression,diabetes,direct_auroc,not_applicable,task restriction defined in config,,,,,,,,,,,,,,,,,,,,,,,,,,,,,,,,,,,,,,,,0.1,exp_004_real_f10_v1
100.0,41.0,0.41,29,0,regression,diabetes,random_subspace,complete,,,,,,,,0.8062711095568486,0.0704936189424541,0.8243645964495084,0.8243645964495084,0.9302178145233748,1.3749668926038396,0.0,8.0,4382.326123867069,8.0,equal,False,39580.0,0.0488048738334327,0.0417439999999658,8.0,108.0,58.0,256.0,0.023759749950841,10774.524165012852,median 5 warm calls on training rows; end-to-end preprocessing,,,,,,74.112529519525,5492.667031782464,63.65022276182262,0.1656238795517625,,,0.1,exp_004_real_f10_v1
100.0,41.0,0.41,29,0,regression,diabetes,certified_random,complete,,,,,,,,0.7209441118704034,0.1809837110898098,0.8367914578758909,0.8367914578758909,1.0,1.324740507605409,0.25,4.0,3917.836381806475,8.0,equal,True,40443.0,2.7037503351457417,2.411615000000012,8.0,120.0,64.0,256.0,0.0242596669122576,10552.494431432238,median 5 warm calls on training rows; end-to-end preprocessing,,,,,,70.08125762487512,4911.382670284117,59.07755134513257,0.2539252070521894,,,0.1,exp_004_real_f10_v1
100.0,41.0,0.41,29,0,regression,diabetes,top_quality,complete,,,,,,,,0.5659177407899292,0.2544013836157828,0.8327891839424257,0.8327891839424257,1.0,1.3437253091462844,0.4642857142857143,2.0,3531.3180339740666,8.0,equal,True,40443.0,2.688209833810106,2.4097380000000044,8.0,120.0,64.0,256.0,0.0206196249928325,12415.356733645083,median 5 warm calls on training rows; end-to-end preprocessing,,,,,,62.09086948686574,3855.276073634995,51.4877731291351,0.414355489789704,,,0.1,exp_004_real_f10_v1
100.0,41.0,0.41,29,0,regression,diabetes,top_no_cert,complete,,,,,,,,0.5659177407899292,0.2544013836157828,0.8327891839424257,0.8327891839424257,1.0,1.3437253091462844,0.4642857142857143,2.0,3531.3180339740666,8.0,equal,True,40443.0,2.6934204169083387,2.410613000000012,8.0,120.0,64.0,256.0,0.0208387919701635,12284.781208360537,median 5 warm calls on training rows; end-to-end preprocessing,,,,,,62.09086948686574,3855.276073634995,51.4877731291351,0.414355489789704,,,0.1,exp_004_real_f10_v1
100.0,41.0,0.41,29,0,regression,diabetes,abs_correlation,complete,,,,,,,,0.6080843854831147,0.2188343703021963,0.7941181011805567,0.7941181011805567,1.0,1.4524129348466306,0.25,3.0,3561.0424574809645,8.0,equal,True,40443.0,2.703046041773632,2.424188999999984,8.0,120.0,64.0,256.0,0.0206925829406827,12371.582645523182,median 5 warm calls on training rows; end-to-end preprocessing,,,,,,64.36251602695263,4142.533469319734,54.15485225483553,0.3707189995392262,,,0.1,exp_004_real_f10_v1
100.0,41.0,0.41,29,0,regression,diabetes,signed_correlation,complete,,,,,,,,0.6080843854831147,0.2188343703021963,0.7941181011805567,0.7941181011805567,1.0,1.4524129348466306,0.25,3.0,3561.0424574809645,8.0,equal,True,40443.0,2.6974992498289794,2.4209170000000313,8.0,120.0,64.0,256.0,0.0236312919296324,10833.093711604872,median 5 warm calls on training rows; end-to-end preprocessing,,,,,,64.36251602695263,4142.533469319734,54.15485225483553,0.3707189995392262,,,0.1,exp_004_real_f10_v1
100.0,41.0,0.41,29,0,regression,diabetes,minimax,complete,,,,,,,,0.6221903961205993,0.1942238675680145,0.8455756738425205,0.8455756738425205,1.0,1.302280947348186,0.3571428571428571,4.0,3886.669461951439,8.0,equal,True,40443.0,2.7115329599473625,2.4254009999999937,8.0,120.0,64.0,256.0,0.0192474171053618,13300.48590928521,median 5 warm calls on training rows; end-to-end preprocessing,,,,,,65.1047594746771,4238.629706255558,54.96831077899636,0.3561212813632953,,,0.1,exp_004_real_f10_v1
100.0,41.0,0.41,29,0,regression,diabetes,quality_diversity,complete,,,,,,,,0.5659177407899292,0.2544013836157828,0.8327891839424257,0.8327891839424257,1.0,1.3437253091462844,0.4642857142857143,2.0,3531.3180339740666,8.0,equal,True,40443.0,2.710275333141908,2.4242480000000057,8.0,120.0,64.0,256.0,0.0193252908065915,13246.889920677571,median 5 warm calls on training rows; end-to-end preprocessing,,,,,,62.09086948686574,3855.276073634995,51.4877731291351,0.414355489789704,,,0.1,exp_004_real_f10_v1
100.0,41.0,0.41,29,0,regression,diabetes,prediction_correlation,complete,,,,,,,,0.6278700386548473,0.2165507244033962,0.7990676302444387,0.7990676302444387,1.0,1.443982234169212,0.1785714285714285,4.0,3590.9292692149447,8.0,equal,True,40443.0,2.705237250076607,2.4223869999999863,8.0,120.0,64.0,256.0,0.0228990840259939,11179.486468078858,median 5 warm calls on training rows; end-to-end preprocessing,,,,,,65.40123763562589,4277.321884271609,55.24055359369125,0.3502436577611508,,,0.1,exp_004_real_f10_v1
100.0,41.0,0.41,29,0,regression,diabetes,coerror_greedy,complete,,,,,,,,0.5811035107505687,0.2366178769589896,0.8045436867930773,0.8045436867930773,1.0,1.4267467141888146,0.3214285714285714,3.0,3511.9881310804885,8.0,equal,True,40443.0,2.701364749809727,2.4139279999999985,8.0,120.0,64.0,256.0,0.018685792107135,13700.248752218962,median 5 warm calls on training rows; end-to-end preprocessing,,,,,,62.91842414932913,3958.7280974348823,52.74360647984219,0.3986403740233188,,,0.1,exp_004_real_f10_v1
100.0,41.0,0.41,29,0,regression,diabetes,direct_squared,complete,,,,,,,,0.5811035107505685,0.2366178769589896,0.8045436867930773,0.8045436867930773,1.0,1.4267467141888144,0.3214285714285714,3.0,3511.988131080489,8.0,equal,True,40443.0,2.696528417058289,2.4135140000000206,8.0,120.0,64.0,256.0,0.0212924168445169,12023.059752651918,median 5 warm calls on training rows; end-to-end preprocessing,,,,,,62.91842414932912,3958.728097434882,52.74360647984219,0.398640374023319,,,0.1,exp_004_real_f10_v1
100.0,41.0,0.41,29,0,regression,diabetes,coerror,complete,,,,,,,,0.5811035107505687,0.2366178769589896,0.8045436867930773,0.8045436867930773,1.0,1.4267467141888146,0.3214285714285714,3.0,3511.9881310804885,8.0,equal,True,40443.0,2.69101387495175,2.407868000000036,8.0,120.0,64.0,256.0,0.0216004580724984,11851.600514247311,median 5 warm calls on training rows; end-to-end preprocessing,,,,,,62.91842414932913,3958.7280974348823,52.74360647984219,0.3986403740233188,,,0.1,exp_004_real_f10_v1
100.0,41.0,0.41,29,0,regression,diabetes,coerror_no_cert,complete,,,,,,,,0.5992199410615826,0.2225238123485412,0.790161025868877,0.790161025868877,1.0,1.4900519677347448,0.25,4.0,3510.8093604780806,8.0,equal,True,40443.0,2.6978428759612143,2.4102580000000273,8.0,120.0,64.0,256.0,0.0175884161144495,14555.034309751576,median 5 warm calls on training rows; end-to-end preprocessing,,,,,,63.89166647781118,4082.145045311861,53.849364335609486,0.3798924409024324,,,0.1,exp_004_real_f10_v1
100.0,41.0,0.41,29,0,regression,diabetes,covariance_only,complete,,,,,,,,0.5811035107505687,0.2366178769589896,0.8045436867930773,0.8045436867930773,1.0,1.4267467141888146,0.3214285714285714,3.0,3511.9881310804885,8.0,equal,True,40443.0,2.6859215849544853,2.409907000000004,8.0,120.0,64.0,256.0,0.0203666249290108,12569.583860472898,median 5 warm calls on training rows; end-to-end preprocessing,,,,,,62.91842414932913,3958.7280974348823,52.74360647984219,0.3986403740233188,,,0.1,exp_004_real_f10_v1
100.0,41.0,0.41,29,0,regression,diabetes,shrinkage,complete,,,,,,,,0.5811035107505687,0.2366178769589896,0.8045436867930773,0.8045436867930773,1.0,1.4267467141888146,0.3214285714285714,3.0,3511.9881310804885,8.0,equal,True,40443.0,2.6991277502384037,2.414517000000046,8.0,120.0,64.0,256.0,0.0228310001548379,11212.824592169814,median 5 warm calls on training rows; end-to-end preprocessing,,,,,,62.91842414932913,3958.7280974348823,52.74360647984219,0.3986403740233188,,,0.1,exp_004_real_f10_v1
100.0,41.0,0.41,29,0,regression,diabetes,caruana,complete,,,,,,,,0.5992199410615826,0.1772761199172413,0.7318786292017013,0.7318786292017013,0.7568868519860638,1.5314810851868608,0.0,4.0,3510.8093604780806,8.0,frequency_weighted,True,21227.0,2.674321500817314,2.39635100000001,4.0,60.0,32.0,256.0,0.0106213751714676,24102.34040952589,median 5 warm calls on training rows; end-to-end preprocessing,,,,,,63.89166647781118,4082.145045311861,53.84936433560947,0.3798924409024324,,,0.1,exp_004_real_f10_v1
100.0,41.0,0.41,29,0,regression,diabetes,coerror_no_cert_affine,complete,,,,,,,,0.5305526437492311,0.2225238123485412,0.790161025868877,0.790161025868877,1.0,1.4900519677347448,0.25,4.0,3510.8093604780806,8.0,affine_of_equal,True,40694.0,2.6891144171822816,2.4111590000000263,8.0,120.0,64.0,256.0,0.0239037908613681,10709.598384820682,median 5 warm calls on training rows; end-to-end preprocessing,,,,,,60.11949565814335,3614.353758189517,49.17149911579507,0.4509533439337172,3328.283383109085,2.0,0.1,exp_004_real_f10_v1
100.0,41.0,0.41,29,0,regression,diabetes,affine_profiled,complete,,,,,,,,0.5641167863345077,0.1521755600430171,0.7761884763296478,0.7761884763296478,1.0,1.5221864706523631,0.0357142857142857,7.0,3787.756856873367,8.0,affine_of_equal,True,40694.0,2.691528792725876,2.412978000000038,8.0,120.0,64.0,256.0,0.027672957861796,9250.908460111576,median 5 warm calls on training rows; end-to-end preprocessing,,,,,,61.991992983298175,3843.0071940412904,52.14006900345991,0.4162192219435754,3260.9834746237257,2.0,0.1,exp_004_real_f10_v1
,,,29,0,regression,diabetes,rf_shallow,complete,,,,,,,,0.4855823703043881,,,,,,,,,,,,14355.0,0.0198023340199142,0.0175780000000145,8.0,120.0,64.0,256.0,0.0035951659083366,71206.72773581192,median 5 warm calls on training rows; end-to-end preprocessing,0.0198023340199142,0.0175780000000145,228294656.0,,,57.515187842376754,3307.996832543882,47.35304419096328,0.497491191870533,,,0.1,exp_004_real_f10_v1
,,,29,0,regression,diabetes,et_shallow,complete,,,,,,,,0.5735796395880568,,,,,,,,,,,,13923.0,0.0152228749357163,0.0123789999999814,8.0,114.0,61.0,256.0,0.0024434998631477,104767.7570442827,median 5 warm calls on training rows; end-to-end preprocessing,0.0152228749357163,0.0123789999999814,228294656.0,,,62.509777135015774,3907.4722374693406,52.227540705102925,0.4064265124039679,,,0.1,exp_004_real_f10_v1
,,,29,0,regression,diabetes,random_patches,complete,,,,,,,,0.893786263747696,,,,,,,,,,,,29539.0,0.0487725830171257,0.0413839999999936,8.0,100.0,54.0,256.0,0.0240568339359015,10641.466814881036,median 5 warm calls on training rows; end-to-end preprocessing,0.0487725830171257,0.0413839999999936,228327424.0,,,78.03113519914427,6088.8580604671315,66.38397202570877,0.0750581207534311,,,0.1,exp_004_real_f10_v1
,,,29,0,regression,diabetes,random_forest,complete,,,,,,,,0.5335949082354634,,,,,,,,,,,,6755763.0,0.585531875025481,0.5345179999999914,256.0,92676.0,46466.0,256.0,0.0342610829975456,7472.034670309148,median 5 warm calls on training rows; end-to-end preprocessing,0.585531875025481,0.5345179999999914,228327424.0,,,60.29161614886923,3635.0789778425888,49.18929476351352,0.4478050321446526,,,0.1,exp_004_real_f10_v1
,,,29,0,regression,diabetes,extra_trees,complete,,,,,,,,0.520055780990842,,,,,,,,,,,,10803315.0,0.4200651249848306,0.3645489999999824,256.0,148892.0,74574.0,256.0,0.0374125828966498,6842.617648377436,median 5 warm calls on training rows; end-to-end preprocessing,0.4200651249848306,0.3645489999999824,228327424.0,,,59.52179932948427,3542.844595419394,48.333667652027025,0.461816106497585,,,0.1,exp_004_real_f10_v1
,,,29,0,regression,diabetes,xgboost,complete,,,,,,,,0.5642038219242193,,,,,,,,,,,,174392.0,0.0635743748862296,0.0497430000000065,100.0,2808.0,1454.0,256.0,0.0028832091484218,88789.9513429752,median 5 warm calls on training rows; end-to-end preprocessing,0.0635743748862296,0.0497430000000065,228737024.0,,,61.99677506184991,3843.6001180696153,50.20217240823282,0.4161291524659224,,,0.1,exp_004_real_f10_v1
,,,29,0,regression,diabetes,lightgbm,complete,,,,,,,,0.5865100825962271,,,,,,,,,,,,113079.0,0.0279307919554412,0.0210869999999943,100.0,2174.0,1137.0,256.0,0.007244125008583,35338.98154665789,median 5 warm calls on training rows; end-to-end preprocessing,0.0279307919554412,0.0210869999999943,229113856.0,,,63.21044217516076,3995.5599999793417,50.41065375006176,0.3930453398120788,,,0.1,exp_004_real_f10_v1
,,,29,0,regression,diabetes,catboost,complete,,,,,,,,0.5428608786515717,,,,,,,,,,,,42410.0,0.0770140001550316,0.0630639999999971,100.0,3100.0,1600.0,256.0,0.0036008330062031,71094.66047411457,median 5 warm calls on training rows; end-to-end preprocessing,0.0770140001550316,0.0630639999999971,229703680.0,,,60.81285037183405,3698.2027703470767,49.56179739767162,0.438216068387499,,,0.1,exp_004_real_f10_v1
,,,29,0,regression,diabetes,linear,complete,,,,,,,,0.4653010239648599,,,,,,,,,,,,3090.0,0.0132156661711633,0.0093420000000037,1.0,,,256.0,0.002078125020489,123187.96871025072,median 5 warm calls on training rows; end-to-end preprocessing,0.0132156661711633,0.0093420000000037,229670912.0,11.0,,56.30125701651817,3169.8315416400364,46.356556741810536,0.5184795056965656,,,0.1,exp_004_real_f10_v1
100.0,51.0,0.51,29,1,regression,diabetes,direct_auroc,not_applicable,task restriction defined in config,,,,,,,,,,,,,,,,,,,,,,,,,,,,,,,,,,,,,,,,0.1,exp_004_real_f10_v1
100.0,51.0,0.51,29,1,regression,diabetes,random_subspace,complete,,,,,,,,0.6942929240901861,0.1137371322070712,0.8071967893970481,0.8071967893970481,1.0,1.4066709662133627,0.0357142857142857,7.0,4479.327335021173,8.0,equal,False,39299.0,0.0464979172684252,0.0414839999999685,8.0,104.0,56.0,256.0,0.0211776669602841,12088.205961501511,median 5 warm calls on training rows; end-to-end preprocessing,,,,,,63.206845709034475,3995.1053444856902,53.86077220695522,0.2627930057851825,,,0.1,exp_004_real_f10_v1
100.0,51.0,0.51,29,1,regression,diabetes,certified_random,complete,,,,,,,,0.6418366152097146,0.1978287326526557,0.800536796565902,0.800536796565902,1.0,1.4354071603849918,0.1785714285714285,4.0,4022.137154415306,8.0,equal,True,39587.0,2.6738808734808117,2.38318799999999,8.0,108.0,58.0,256.0,0.0206767921335995,12381.030787846596,median 5 warm calls on training rows; end-to-end preprocessing,,,,,,60.772204782334555,3693.260874106007,51.13525938721455,0.3184916258568934,,,0.1,exp_004_real_f10_v1
100.0,51.0,0.51,29,1,regression,diabetes,top_quality,complete,,,,,,,,0.5975060127356033,0.2797938609174166,1.0,1.0,1.0,1.0000000000000009,1.0,1.0,4379.64041084618,8.0,equal,True,40451.0,2.679971165722236,2.3810139999999933,8.0,120.0,64.0,256.0,0.021034084027633,12170.722512265596,median 5 warm calls on training rows; end-to-end preprocessing,,,,,,58.63593950859561,3438.1734020556837,48.27414106954678,0.3655622916634001,,,0.1,exp_004_real_f10_v1
100.0,51.0,0.51,29,1,regression,diabetes,top_no_cert,complete,,,,,,,,0.5975060127356033,0.2797938609174166,1.0,1.0,1.0,1.0000000000000009,1.0,1.0,4379.64041084618,8.0,equal,True,40451.0,2.677187582012266,2.384785999999991,8.0,120.0,64.0,256.0,0.0194145410787314,13185.992857716705,median 5 warm calls on training rows; end-to-end preprocessing,,,,,,58.63593950859561,3438.1734020556837,48.27414106954678,0.3655622916634001,,,0.1,exp_004_real_f10_v1
100.0,51.0,0.51,29,1,regression,diabetes,abs_correlation,complete,,,,,,,,0.5714406331571111,0.2171973057711906,0.7691079343530849,0.7691079343530849,1.0,1.5307883845592651,0.1785714285714285,4.0,3788.2744680633073,8.0,equal,True,40163.0,2.690370747819543,2.397188999999969,8.0,116.0,62.0,256.0,0.0196887501515448,13002.348957123308,median 5 warm calls on training rows; end-to-end preprocessing,,,,,,57.34272235556734,3288.187807147682,48.69673074421585,0.3932387657644561,,,0.1,exp_004_real_f10_v1
100.0,51.0,0.51,29,1,regression,diabetes,signed_correlation,complete,,,,,,,,0.5714406331571111,0.2171973057711906,0.7691079343530849,0.7691079343530849,1.0,1.5307883845592651,0.1785714285714285,4.0,3788.2744680633073,8.0,equal,True,40163.0,2.683411373989657,2.394978000000009,8.0,116.0,62.0,256.0,0.0212189999874681,12064.659039124974,median 5 warm calls on training rows; end-to-end preprocessing,,,,,,57.34272235556734,3288.187807147682,48.69673074421585,0.3932387657644561,,,0.1,exp_004_real_f10_v1
100.0,51.0,0.51,29,1,regression,diabetes,minimax,complete,,,,,,,,0.6081460338362967,0.2303030384117783,0.8303506845582864,0.8303506845582864,1.0,1.3562343655723403,0.3571428571428571,4.0,3971.756471214462,8.0,equal,True,40163.0,2.690111915813759,2.397198000000003,8.0,116.0,62.0,256.0,0.0203879999462515,12556.405761962322,median 5 warm calls on training rows; end-to-end preprocessing,,,,,,59.15571221875937,3499.3982881086763,49.18220574352264,0.3542646135482109,,,0.1,exp_004_real_f10_v1
100.0,51.0,0.51,29,1,regression,diabetes,quality_diversity,complete,,,,,,,,0.5280518436888596,0.2697810596777479,0.8195426895929737,0.8195426895929737,1.0,1.3607951954543929,0.4642857142857143,2.0,3735.247094427971,8.0,equal,True,40451.0,2.68927191523835,2.399715999999984,8.0,120.0,64.0,256.0,0.0258710829075425,9895.217796444247,median 5 warm calls on training rows; end-to-end preprocessing,,,,,,55.12276954470939,3038.519722279141,46.18080144791709,0.4393094053412961,,,0.1,exp_004_real_f10_v1
100.0,51.0,0.51,29,1,regression,diabetes,prediction_correlation,complete,,,,,,,,0.629187323004312,0.1877320857448897,0.7853925393155906,0.7853925393155906,1.0,1.4644855214082713,0.1785714285714285,4.0,4013.6696789389616,8.0,equal,True,39875.0,2.6891163748223335,2.3963109999999688,8.0,112.0,60.0,256.0,0.0220107918139547,11630.658368123655,median 5 warm calls on training rows; end-to-end preprocessing,,,,,,60.17037664657254,3620.474225790402,50.719711527067986,0.3319227676158413,,,0.1,exp_004_real_f10_v1
100.0,51.0,0.51,29,1,regression,diabetes,coerror_greedy,complete,,,,,,,,0.5370299692700261,0.2466625257974915,0.7838503390703184,0.7838503390703184,1.0,1.481138107490482,0.3214285714285714,3.0,3699.741382384035,8.0,equal,True,40451.0,2.6663309577852488,2.3795389999999657,8.0,120.0,64.0,256.0,0.0199949580710381,12803.22764821425,median 5 warm calls on training rows; end-to-end preprocessing,,,,,,55.58940292145411,3090.1817171637713,46.92698782795189,0.4297763440875778,,,0.1,exp_004_real_f10_v1
100.0,51.0,0.51,29,1,regression,diabetes,direct_squared,complete,,,,,,,,0.5370299692700261,0.2466625257974915,0.7838503390703184,0.7838503390703184,1.0,1.4811381074904817,0.3214285714285714,3.0,3699.741382384035,8.0,equal,True,40451.0,2.676347915781662,2.3841279999999756,8.0,120.0,64.0,256.0,0.0221164999529719,11575.068412468205,median 5 warm calls on training rows; end-to-end preprocessing,,,,,,55.58940292145411,3090.1817171637713,46.92698782795187,0.4297763440875778,,,0.1,exp_004_real_f10_v1
100.0,51.0,0.51,29,1,regression,diabetes,coerror,complete,,,,,,,,0.5370299692700261,0.2466625257974915,0.7838503390703184,0.7838503390703184,1.0,1.481138107490482,0.3214285714285714,3.0,3699.741382384035,8.0,equal,True,40451.0,2.6654092899989337,2.3802890000000048,8.0,120.0,64.0,256.0,0.0182069591246545,14060.557737691825,median 5 warm calls on training rows; end-to-end preprocessing,,,,,,55.58940292145411,3090.1817171637713,46.92698782795189,0.4297763440875778,,,0.1,exp_004_real_f10_v1
100.0,51.0,0.51,29,1,regression,diabetes,coerror_no_cert,complete,,,,,,,,0.5370299692700261,0.2466625257974915,0.7838503390703184,0.7838503390703184,1.0,1.481138107490482,0.3214285714285714,3.0,3699.741382384035,8.0,equal,True,40451.0,2.6685632467269897,2.3822379999999725,8.0,120.0,64.0,256.0,0.0223566670902073,11450.722908162508,median 5 warm calls on training rows; end-to-end preprocessing,,,,,,55.58940292145411,3090.1817171637713,46.92698782795189,0.4297763440875778,,,0.1,exp_004_real_f10_v1
100.0,51.0,0.51,29,1,regression,diabetes,covariance_only,complete,,,,,,,,0.5370299692700261,0.2466625257974915,0.7838503390703184,0.7838503390703184,1.0,1.481138107490482,0.3214285714285714,3.0,3699.741382384035,8.0,equal,True,40451.0,2.6613879159558564,2.378747999999973,8.0,120.0,64.0,256.0,0.0259107090532779,9880.084696779588,median 5 warm calls on training rows; end-to-end preprocessing,,,,,,55.58940292145411,3090.1817171637713,46.92698782795189,0.4297763440875778,,,0.1,exp_004_real_f10_v1
100.0,51.0,0.51,29,1,regression,diabetes,shrinkage,complete,,,,,,,,0.5329126150284778,0.266443459264525,0.8075122022325053,0.8075122022325053,1.0,1.3893589527244827,0.4285714285714285,2.0,3708.524546436751,8.0,equal,True,40451.0,2.675388665869832,2.383613999999966,8.0,120.0,64.0,256.0,0.019251958001405,13297.348767398997,median 5 warm calls on training rows; end-to-end preprocessing,,,,,,55.3758937420568,3066.489607731566,46.34912420218376,0.4341481909539519,,,0.1,exp_004_real_f10_v1
100.0,51.0,0.51,29,1,regression,diabetes,caruana,complete,,,,,,,,0.5370299692700261,0.2092441694681385,0.6970858310338183,0.6970858310338183,0.722391309691978,1.5117927578528858,0.0,3.0,3699.741382384035,8.0,frequency_weighted,True,16420.0,2.646466582780704,2.361488999999949,3.0,45.0,24.0,256.0,0.0075373330619186,33964.26798404416,median 5 warm calls on training rows; end-to-end preprocessing,,,,,,55.58940292145411,3090.1817171637713,46.92698782795189,0.4297763440875778,,,0.1,exp_004_real_f10_v1
100.0,51.0,0.51,29,1,regression,diabetes,coerror_no_cert_affine,complete,,,,,,,,0.4831047291744025,0.2466625257974915,0.7838503390703184,0.7838503390703184,1.0,1.481138107490482,0.3214285714285714,3.0,3699.741382384035,8.0,affine_of_equal,True,40702.0,2.675793290603906,2.384890999999982,8.0,120.0,64.0,256.0,0.0230016249697655,11129.648463380256,median 5 warm calls on training rows; end-to-end preprocessing,,,,,,52.72461201569715,2779.884712205796,43.788341888521266,0.4870346896415116,3537.5972288086127,2.0,0.1,exp_004_real_f10_v1
100.0,51.0,0.51,29,1,regression,diabetes,affine_profiled,complete,,,,,,,,0.4674940733130945,0.2102357775285003,0.7699421128680155,0.7699421128680155,1.0,1.5385186891226124,0.1428571428571428,5.0,3819.472422111178,8.0,affine_of_equal,True,40270.0,2.6914782896637917,2.388875999999982,8.0,114.0,61.0,256.0,0.022868457948789,11194.458348406324,median 5 warm calls on training rows; end-to-end preprocessing,,,,,,51.865766781297886,2690.0577638119835,42.71306219443164,0.5036102361953203,3441.4708978916296,2.0,0.1,exp_004_real_f10_v1
,,,29,1,regression,diabetes,rf_shallow,complete,,,,,,,,0.481810483219598,,,,,,,,,,,,14355.0,0.0184903750196099,0.017610999999988,8.0,120.0,64.0,256.0,0.0039079999551177,65506.65377177306,median 5 warm calls on training rows; end-to-end preprocessing,0.0184903750196099,0.017610999999988,223150080.0,,,52.65393957540857,2772.4373528107767,42.98147060428152,0.4884089326116044,,,0.1,exp_004_real_f10_v1
,,,29,1,regression,diabetes,et_shallow,complete,,,,,,,,0.5243837526337746,,,,,,,,,,,,13491.0,0.012362458044663,0.0115399999999965,8.0,108.0,58.0,256.0,0.0041572500485926,61579.16820198515,median 5 warm calls on training rows; end-to-end preprocessing,0.012362458044663,0.0115399999999965,223150080.0,,,54.9309818436766,3017.412766310328,46.55649609302406,0.4432042201772229,,,0.1,exp_004_real_f10_v1
,,,29,1,regression,diabetes,random_patches,complete,,,,,,,,0.6812325030238586,,,,,,,,,,,,30259.0,0.0583582080435007,0.0467580000000111,8.0,110.0,59.0,256.0,0.0199892499949783,12806.883703206084,median 5 warm calls on training rows; end-to-end preprocessing,0.0583582080435007,0.0467580000000111,223182848.0,,,62.60952783336872,3919.952975517372,53.92574473695686,0.2766606881760181,,,0.1,exp_004_real_f10_v1
,,,29,1,regression,diabetes,random_forest,complete,,,,,,,,0.4904784916526619,,,,,,,,,,,,6814803.0,0.5839732501190156,0.532985999999994,256.0,93496.0,46876.0,256.0,0.0316967498511076,8076.53785332992,median 5 warm calls on training rows; end-to-end preprocessing,0.5839732501190156,0.532985999999994,223838208.0,,,53.12546347438446,2822.314869368158,43.697916666666664,0.479205156768517,,,0.1,exp_004_real_f10_v1
,,,29,1,regression,diabetes,extra_trees,complete,,,,,,,,0.4962026463507064,,,,,,,,,,,,10855299.0,0.3960844581015408,0.3577290000000062,256.0,149614.0,74935.0,256.0,0.0385625411290675,6638.56666351879,median 5 warm calls on training rows; end-to-end preprocessing,0.3960844581015408,0.3577290000000062,230801408.0,,,53.43456598083499,2855.2528415602083,43.69358524659864,0.4731271935156209,,,0.1,exp_004_real_f10_v1
,,,29,1,regression,diabetes,xgboost,complete,,,,,,,,0.5480647863079081,,,,,,,,,,,,166036.0,0.0690679161343723,0.0514050000000168,100.0,2562.0,1331.0,256.0,0.0034827920608222,73504.24473505927,median 5 warm calls on training rows; end-to-end preprocessing,0.0690679161343723,0.0514050000000168,231374848.0,,,56.15762050552067,3153.678340842076,44.5858979776603,0.4180594677981245,,,0.1,exp_004_real_f10_v1
,,,29,1,regression,diabetes,lightgbm,complete,,,,,,,,0.4885864619726086,,,,,,,,,,,,115833.0,0.0242881251033395,0.0237520000000017,100.0,2244.0,1172.0,256.0,0.005486249923706,46662.110468906176,median 5 warm calls on training rows; end-to-end preprocessing,0.0242881251033395,0.0237520000000017,232456192.0,,,53.022898247415135,2811.427738555739,42.33131242056909,0.4812141323247999,,,0.1,exp_004_real_f10_v1
,,,29,1,regression,diabetes,catboost,complete,,,,,,,,0.4371785215712727,,,,,,,,,,,,42314.0,0.0729242078959941,0.0656760000000247,100.0,3084.0,1592.0,256.0,0.002914042212069,87850.47757363622,median 5 warm calls on training rows; end-to-end preprocessing,0.0729242078959941,0.0656760000000247,232800256.0,,,50.15591488179269,2515.6157976296336,41.04213828038904,0.5357995845267014,,,0.1,exp_004_real_f10_v1
,,,29,1,regression,diabetes,linear,complete,,,,,,,,0.4411616477313895,,,,,,,,,,,,3090.0,0.0065634581260383,0.0072570000000098,1.0,,,256.0,0.0017601251602172,145444.2023704707,median 5 warm calls on training rows; end-to-end preprocessing,0.0065634581260383,0.0072570000000098,232095744.0,11.0,,50.38388165741976,2538.53553086888,39.79971499193272,0.53157026234554,,,0.1,exp_004_real_f10_v1
100.0,31.0,0.31,29,2,regression,diabetes,direct_auroc,not_applicable,task restriction defined in config,,,,,,,,,,,,,,,,,,,,,,,,,,,,,,,,,,,,,,,,0.1,exp_004_real_f10_v1
100.0,31.0,0.31,29,2,regression,diabetes,random_subspace,complete,,,,,,,,0.7772761459064814,0.1117536837060546,0.790588843284295,0.790588843284295,1.0,1.3957343497720864,0.0714285714285714,6.0,4489.818276650883,8.0,equal,False,38579.0,0.0418407919351011,0.0396470000000022,8.0,94.0,51.0,256.0,0.023375041084364,10951.852408560791,median 5 warm calls on training rows; end-to-end preprocessing,,,,,,65.60269131297126,4303.713107504996,56.49082959745959,0.2213703648122876,,,0.1,exp_004_real_f10_v1
100.0,31.0,0.31,29,2,regression,diabetes,certified_random,complete,,,,,,,,0.6962070003448778,0.3193440127160601,0.7904909360354477,0.7904909360354477,1.0,1.4528963052192925,0.3928571428571428,3.0,3422.3972574813943,8.0,equal,True,40163.0,2.769200000911951,2.399062000000015,8.0,116.0,62.0,256.0,0.0224001668393611,11428.486307082372,median 5 warm calls on training rows; end-to-end preprocessing,,,,,,62.087357963021525,3854.8400188283726,52.638010039671,0.3025806779886881,,,0.1,exp_004_real_f10_v1
100.0,31.0,0.31,29,2,regression,diabetes,top_quality,complete,,,,,,,,0.7884748182242983,0.3531105146782173,1.0,1.0,1.0,1.0,1.0,1.0,4003.452032178344,8.0,equal,True,40451.0,2.8142663759645075,2.406364999999994,8.0,120.0,64.0,256.0,0.0263695418834686,9708.170173426084,median 5 warm calls on training rows; end-to-end preprocessing,,,,,,66.07358943555369,4365.719220898112,55.01185621085131,0.210152191982296,,,0.1,exp_004_real_f10_v1
100.0,31.0,0.31,29,2,regression,diabetes,top_no_cert,complete,,,,,,,,0.7884748182242983,0.3531105146782173,1.0,1.0,1.0,1.0,1.0,1.0,4003.452032178344,8.0,equal,True,40451.0,2.768494876101613,2.3996329999999944,8.0,120.0,64.0,256.0,0.0234276668634265,10927.25116386417,median 5 warm calls on training rows; end-to-end preprocessing,,,,,,66.07358943555369,4365.719220898112,55.01185621085131,0.210152191982296,,,0.1,exp_004_real_f10_v1
100.0,31.0,0.31,29,2,regression,diabetes,abs_correlation,complete,,,,,,,,0.6845430641050169,0.3172758856224221,0.7507442386131612,0.7507442386131612,1.0,1.5632912410431723,0.25,3.0,3299.5295888632845,8.0,equal,True,40163.0,2.7824085850734264,2.4124009999999885,8.0,116.0,62.0,256.0,0.0216832910664379,11806.325857805065,median 5 warm calls on training rows; end-to-end preprocessing,,,,,,61.565069462758785,3790.257777954314,51.21423933173262,0.3142649249157621,,,0.1,exp_004_real_f10_v1
100.0,31.0,0.31,29,2,regression,diabetes,signed_correlation,complete,,,,,,,,0.6845430641050169,0.3172758856224221,0.7507442386131612,0.7507442386131612,1.0,1.5632912410431723,0.25,3.0,3299.5295888632845,8.0,equal,True,40163.0,2.7859944170340896,2.41270499999996,8.0,116.0,62.0,256.0,0.0217309170402586,11780.450844561,median 5 warm calls on training rows; end-to-end preprocessing,,,,,,61.565069462758785,3790.257777954314,51.21423933173262,0.3142649249157621,,,0.1,exp_004_real_f10_v1
100.0,31.0,0.31,29,2,regression,diabetes,minimax,complete,,,,,,,,0.7829740505260022,0.269211291546234,0.8282905869153121,0.8282905869153121,1.0,1.3101214208450145,0.3928571428571428,3.0,3861.806164814122,8.0,equal,True,39731.0,2.766583250835538,2.403819999999996,8.0,110.0,59.0,256.0,0.0237726250197738,10768.68876647243,median 5 warm calls on training rows; end-to-end preprocessing,,,,,,65.84270597064076,4335.261929536253,54.45817441443122,0.2156625382970948,,,0.1,exp_004_real_f10_v1
100.0,31.0,0.31,29,2,regression,diabetes,quality_diversity,complete,,,,,,,,0.6701960921453219,0.3489742604909413,0.7757249708421584,0.7757249708421584,1.0,1.4611328028201656,0.4285714285714285,2.0,3237.8589438768186,8.0,equal,True,40451.0,2.7730269997846335,2.406909000000013,8.0,120.0,64.0,256.0,0.0196644170209765,13018.438315609264,median 5 warm calls on training rows; end-to-end preprocessing,,,,,,60.91649852352742,3710.8197923669186,49.937279821817334,0.3286368795960355,,,0.1,exp_004_real_f10_v1
100.0,31.0,0.31,29,2,regression,diabetes,prediction_correlation,complete,,,,,,,,0.699213131979023,0.3019437299615721,0.7558997697586781,0.7558997697586781,1.0,1.5346562086226565,0.25,3.0,3399.3036657098105,8.0,equal,True,40019.0,2.785504376050085,2.4104549999999847,8.0,114.0,61.0,256.0,0.0220606250222772,11604.385630120922,median 5 warm calls on training rows; end-to-end preprocessing,,,,,,62.22125616408479,3871.48471863666,52.16378315990188,0.299569311706643,,,0.1,exp_004_real_f10_v1
100.0,31.0,0.31,29,2,regression,diabetes,coerror_greedy,complete,,,,,,,,0.6701175197126201,0.3336421048300912,0.7579445204483164,0.7579445204483164,1.0,1.5396846999080511,0.3214285714285714,3.0,3242.3986919537997,8.0,equal,True,40307.0,2.76763820881024,2.3998770000000036,8.0,118.0,63.0,256.0,0.0238559998106211,10731.053069761678,median 5 warm calls on training rows; end-to-end preprocessing,,,,,,60.91292755539533,3710.3847433688393,50.7685130040909,0.3287155888487671,,,0.1,exp_004_real_f10_v1
100.0,31.0,0.31,29,2,regression,diabetes,direct_squared,complete,,,,,,,,0.6701175197126203,0.3336421048300912,0.7579445204483163,0.7579445204483163,1.0,1.5396846999080518,0.3214285714285714,3.0,3242.3986919538,8.0,equal,True,40307.0,2.7788967506494373,2.4067170000000147,8.0,118.0,63.0,256.0,0.0222778329625725,11491.24335522614,median 5 warm calls on training rows; end-to-end preprocessing,,,,,,60.912927555395335,3710.3847433688406,50.7685130040909,0.3287155888487669,,,0.1,exp_004_real_f10_v1
100.0,31.0,0.31,29,2,regression,diabetes,coerror,complete,,,,,,,,0.6701960921453219,0.3489742604909413,0.7757249708421584,0.7757249708421584,1.0,1.4611328028201656,0.4285714285714285,2.0,3237.858943876819,8.0,equal,True,40451.0,2.7724687086883932,2.4017159999999933,8.0,120.0,64.0,256.0,0.0219138329848647,11682.11878665007,median 5 warm calls on training rows; end-to-end preprocessing,,,,,,60.91649852352742,3710.8197923669186,49.937279821817334,0.3286368795960355,,,0.1,exp_004_real_f10_v1
100.0,31.0,0.31,29,2,regression,diabetes,coerror_no_cert,complete,,,,,,,,0.6701960921453219,0.3489742604909413,0.7757249708421584,0.7757249708421584,1.0,1.4611328028201656,0.4285714285714285,2.0,3237.858943876819,8.0,equal,True,40451.0,2.7839417920913547,2.406546999999989,8.0,120.0,64.0,256.0,0.02144116605632,11939.649146299138,median 5 warm calls on training rows; end-to-end preprocessing,,,,,,60.91649852352742,3710.8197923669186,49.937279821817334,0.3286368795960355,,,0.1,exp_004_real_f10_v1
100.0,31.0,0.31,29,2,regression,diabetes,covariance_only,complete,,,,,,,,0.6701960921453219,0.3489742604909413,0.7757249708421584,0.7757249708421584,1.0,1.4611328028201656,0.4285714285714285,2.0,3237.858943876819,8.0,equal,True,40451.0,2.7738490840420127,2.4015580000000227,8.0,120.0,64.0,256.0,0.0219708341173827,11651.81069741268,median 5 warm calls on training rows; end-to-end preprocessing,,,,,,60.91649852352742,3710.8197923669186,49.937279821817334,0.3286368795960355,,,0.1,exp_004_real_f10_v1
100.0,31.0,0.31,29,2,regression,diabetes,shrinkage,complete,,,,,,,,0.6701960921453219,0.3489742604909413,0.7757249708421584,0.7757249708421584,1.0,1.4611328028201656,0.4285714285714285,2.0,3237.8589438768186,8.0,equal,True,40451.0,2.7651796678546816,2.398696000000001,8.0,120.0,64.0,256.0,0.0194996669888496,13128.42932888991,median 5 warm calls on training rows; end-to-end preprocessing,,,,,,60.91649852352742,3710.8197923669186,49.937279821817334,0.3286368795960355,,,0.1,exp_004_real_f10_v1
100.0,31.0,0.31,29,2,regression,diabetes,caruana,complete,,,,,,,,0.6701175197126202,0.3067097606662491,0.67768236579151,0.67768236579151,0.769891408735485,1.5439005493932207,0.0,3.0,3242.3986919537997,8.0,frequency_weighted,True,16276.0,2.741459751036018,2.3781560000000184,3.0,43.0,23.0,256.0,0.008913500001654,28720.48016519835,median 5 warm calls on training rows; end-to-end preprocessing,,,,,,60.91292755539533,3710.38474336884,50.7685130040909,0.328715588848767,,,0.1,exp_004_real_f10_v1
100.0,31.0,0.31,29,2,regression,diabetes,coerror_no_cert_affine,complete,,,,,,,,0.6767618825175787,0.3489742604909413,0.7757249708421584,0.7757249708421584,1.0,1.4611328028201656,0.4285714285714285,2.0,3237.858943876819,8.0,affine_of_equal,True,40702.0,2.777794544119388,2.404288000000008,8.0,120.0,64.0,256.0,0.0213981249835342,11963.66504995139,median 5 warm calls on training rows; end-to-end preprocessing,,,,,,61.214165234295635,3747.174025331648,49.01703870085199,0.3220596560581805,3150.757243869191,2.0,0.1,exp_004_real_f10_v1
100.0,31.0,0.31,29,2,regression,diabetes,affine_profiled,complete,,,,,,,,0.6660748286716733,0.29922702366047,0.735638856303644,0.735638856303644,1.0,1.6380510361730638,0.2142857142857142,4.0,3312.1633090520436,8.0,affine_of_equal,True,40558.0,2.784226918127388,2.4037209999999902,8.0,118.0,63.0,256.0,0.0194597919471561,13155.330781293953,median 5 warm calls on training rows; end-to-end preprocessing,,,,,,60.72891157176208,3688.000700690899,48.60043082654576,0.3327653195229512,3036.3058500382135,2.0,0.1,exp_004_real_f10_v1
,,,29,2,regression,diabetes,rf_shallow,complete,,,,,,,,0.6420226637119248,,,,,,,,,,,,14355.0,0.0177322910167276,0.0167339999999853,8.0,120.0,64.0,256.0,0.0036491660866886,70153.01411843988,median 5 warm calls on training rows; end-to-end preprocessing,0.0177322910167276,0.0167339999999853,232128512.0,,,59.622360503157275,3554.8258719684486,47.17195179905548,0.3568593670847001,,,0.1,exp_004_real_f10_v1
,,,29,2,regression,diabetes,et_shallow,complete,,,,,,,,0.636094460666005,,,,,,,,,,,,13923.0,0.0120495839510113,0.0118339999999932,8.0,114.0,61.0,256.0,0.0032399999909102,79012.34590067876,median 5 warm calls on training rows; end-to-end preprocessing,0.0120495839510113,0.0118339999999932,232161280.0,,,59.346456564676615,3522.001906783048,49.47088373800097,0.3627978930503724,,,0.1,exp_004_real_f10_v1
,,,29,2,regression,diabetes,random_patches,complete,,,,,,,,0.8306567836484887,,,,,,,,,,,,30259.0,0.0555877918377518,0.0462469999999939,8.0,110.0,59.0,256.0,0.020618624985218,12415.958881037512,median 5 warm calls on training rows; end-to-end preprocessing,0.0555877918377518,0.0462469999999939,232161280.0,,,67.81797136987191,4599.277240724766,58.149762578473705,0.1678967741070514,,,0.1,exp_004_real_f10_v1
,,,29,2,regression,diabetes,random_forest,complete,,,,,,,,0.6606798443759236,,,,,,,,,,,,6757635.0,0.5686969170346856,0.5264620000000093,256.0,92702.0,46479.0,256.0,0.0326654589734971,7837.024430230827,median 5 warm calls on training rows; end-to-end preprocessing,0.5686969170346856,0.5264620000000093,232161280.0,,,60.48246955271162,3658.129123194688,49.01695365646258,0.3381696982320701,,,0.1,exp_004_real_f10_v1
,,,29,2,regression,diabetes,extra_trees,complete,,,,,,,,0.6418049964101161,,,,,,,,,,,,10793379.0,0.436089624883607,0.3700310000000115,256.0,148754.0,74505.0,256.0,0.0355117500293999,7208.881561400352,median 5 warm calls on training rows; end-to-end preprocessing,0.436089624883607,0.3700310000000115,232161280.0,,,59.61225265242293,3553.6206662963036,47.95982142857143,0.3570774134157141,,,0.1,exp_004_real_f10_v1
,,,29,2,regression,diabetes,xgboost,complete,,,,,,,,0.6711610347148562,,,,,,,,,,,,175149.0,0.058838415890932,0.04938199999998,100.0,2830.0,1465.0,256.0,0.003155417041853,81130.32179405984,median 5 warm calls on training rows; end-to-end preprocessing,0.058838415890932,0.04938199999998,232161280.0,,,60.96033627523337,3716.1625987895327,49.30047659322518,0.3276702567492514,,,0.1,exp_004_real_f10_v1
,,,29,2,regression,diabetes,lightgbm,complete,,,,,,,,0.6688580131041685,,,,,,,,,,,,116352.0,0.0275677910540252,0.0247850000000084,100.0,2252.0,1176.0,256.0,0.0054462919943034,47004.45739372082,median 5 warm calls on training rows; end-to-end preprocessing,0.0275677910540252,0.0247850000000084,229343232.0,,,60.8556567663398,3703.4109604625583,49.24601060057972,0.3299772886657754,,,0.1,exp_004_real_f10_v1
,,,29,2,regression,diabetes,catboost,complete,,,,,,,,0.6026737501575602,,,,,,,,,,,,42306.0,0.0737896249629557,0.0581420000000036,100.0,3084.0,1592.0,256.0,0.0024544592015445,104299.96140856863,median 5 warm calls on training rows; end-to-end preprocessing,0.0737896249629557,0.0581420000000036,230162432.0,,,57.76637623868571,3336.9542237493933,46.13792874055244,0.3962767998300941,,,0.1,exp_004_real_f10_v1
,,,29,2,regression,diabetes,linear,complete,,,,,,,,0.6138008871114587,,,,,,,,,,,,3090.0,0.0076488750055432,0.0065859999999986,1.0,,,256.0,0.0027451671194285,93254.79610629086,median 5 warm calls on training rows; end-to-end preprocessing,0.0076488750055432,0.0065859999999986,230129664.0,11.0,,58.297206209273874,3398.5642518066006,46.998962196549215,0.3851302869302371,,,0.1,exp_004_real_f10_v1
100.0,100.0,1.0,11,0,binary,breast_cancer,coerror_no_cert_affine,not_applicable,task restriction defined in config,,,,,,,,,,,,,,,,,,,,,,,,,,,,,,,,,,,,,,,,0.5,exp_004_real_f50_v1
100.0,100.0,1.0,11,0,binary,breast_cancer,affine_profiled,not_applicable,task restriction defined in config,,,,,,,,,,,,,,,,,,,,,,,,,,,,,,,,,,,,,,,,0.5,exp_004_real_f50_v1
100.0,100.0,1.0,11,0,binary,breast_cancer,random_subspace,complete,,0.983370813113978,0.9892624459063422,0.178020140018418,0.0510312788046832,0.9268552491419104,0.0265826324362742,0.2180385453057551,0.9228816526610644,0.7027512896798612,0.7027512896798612,0.9731895128910512,1.7850922477543922,0.333278212470759,30.0,0.0600577942678565,8.0,equal,False,52774.0,0.0849778749980032,0.0674929999999998,8.0,100.0,54.0,256.0,0.0219246670603752,11676.346066968228,median 5 warm calls on training rows; end-to-end preprocessing,,,,,,,,,,,,0.5,exp_004_real_f50_v1
100.0,100.0,1.0,11,0,binary,breast_cancer,certified_random,complete,,0.983370813113978,0.9892624459063422,0.178020140018418,0.0510312788046832,0.9268552491419104,0.0265826324362742,0.2180385453057551,0.9228816526610644,0.7027512896798612,0.7027512896798612,0.9731895128910512,1.7850922477543922,0.333278212470759,30.0,0.0600577942678565,8.0,equal,True,52774.0,3.64507837430574,3.299678000000001,8.0,100.0,54.0,256.0,0.0242448749486356,10558.932580281493,median 5 warm calls on training rows; end-to-end preprocessing,,,,,,,,,,,,0.5,exp_004_real_f50_v1
100.0,100.0,1.0,11,0,binary,breast_cancer,top_quality,complete,,0.9554976920345604,0.9602638825505374,0.4383912512113734,0.0605851272941523,0.9268552491419104,0.0624991060368006,0.2588587496100271,0.9543327969485668,0.8274780846244086,0.8274780846244086,0.952173971421292,1.3720544460294484,0.3644584534458677,30.0,0.0524896902637466,8.0,equal,True,52106.0,3.6414724171627313,3.3002739999999986,8.0,90.0,49.0,256.0,0.0202659170608967,12632.046170461934,median 5 warm calls on training rows; end-to-end preprocessing,,,,,,,,,,,,0.5,exp_004_real_f50_v1
100.0,100.0,1.0,11,0,binary,breast_cancer,top_no_cert,complete,,0.9554976920345604,0.9602638825505374,0.4383912512113734,0.0605851272941523,0.9268552491419104,0.0624991060368006,0.2588587496100271,0.9543327969485668,0.8274780846244086,0.8274780846244086,0.952173971421292,1.3720544460294484,0.3644584534458677,30.0,0.0524896902637466,8.0,equal,True,52106.0,3.644870876101777,3.2986120000000008,8.0,90.0,49.0,256.0,0.0192223750054836,13317.813221673705,median 5 warm calls on training rows; end-to-end preprocessing,,,,,,,,,,,,0.5,exp_004_real_f50_v1
100.0,100.0,1.0,11,0,binary,breast_cancer,abs_correlation,complete,,0.9836667061190674,0.9895518455982945,0.1683621142513779,0.0479047436364519,0.935258610486448,0.0431616794034998,0.2046799700182813,0.9222856695869838,0.5768927220585928,0.5768927220585928,0.8406299678306389,2.3332726560900876,0.3568345474401375,29.0,0.0513897356725781,8.0,equal,True,53114.0,3.7416974182706326,3.390489,8.0,104.0,56.0,256.0,0.0221049168612808,11581.13380866916,median 5 warm calls on training rows; end-to-end preprocessing,,,,,,,,,,,,0.5,exp_004_real_f50_v1
100.0,100.0,1.0,11,0,binary,breast_cancer,signed_correlation,complete,,0.9836667061190674,0.9895518455982945,0.1683621142513779,0.0479047436364519,0.935258610486448,0.0431616794034998,0.2046799700182813,0.9222856695869838,0.5768927220585928,0.5768927220585928,0.8406299678306389,2.3332726560900876,0.3568345474401375,29.0,0.0513897356725781,8.0,equal,True,53114.0,3.765118543291464,3.4003990000000006,8.0,104.0,56.0,256.0,0.0229344170074909,11162.263244641605,median 5 warm calls on training rows; end-to-end preprocessing,,,,,,,,,,,,0.5,exp_004_real_f50_v1
100.0,100.0,1.0,11,0,binary,breast_cancer,minimax,complete,,0.977867203219316,0.9818986648102458,0.1705050226386751,0.0491886622883001,0.9240146762930525,0.0542541569779036,0.2101656988045686,0.9199706478336016,0.6193457125306107,0.6193457125306107,0.689329857021959,2.149718251490054,0.3244403888037429,30.0,0.0543771379084808,8.0,equal,True,52954.0,3.740601166384294,3.391338999999999,8.0,102.0,55.0,256.0,0.0229538751300424,11152.80093446804,median 5 warm calls on training rows; end-to-end preprocessing,,,,,,,,,,,,0.5,exp_004_real_f50_v1
100.0,100.0,1.0,11,0,binary,breast_cancer,quality_diversity,complete,,0.9853828855485856,0.9914797707783524,0.1705614676336933,0.0500865318219889,0.9240146762930525,0.0424247701225046,0.2140019767028581,0.9483785535490792,0.6500963205278429,0.6500963205278429,0.9143046180268418,1.9980513409129093,0.3479214190516903,29.0,0.0492752322454774,8.0,equal,True,52986.0,3.7568093752488494,3.4097309999999994,8.0,102.0,55.0,256.0,0.0195622919127345,13086.401181517544,median 5 warm calls on training rows; end-to-end preprocessing,,,,,,,,,,,,0.5,exp_004_real_f50_v1
100.0,100.0,1.0,11,0,binary,breast_cancer,prediction_correlation,complete,,0.9834891703160138,0.9894931073652566,0.1696163062268791,0.0487275575107055,0.935258610486448,0.04919112642672,0.2081955617181541,0.9114033911436916,0.5974153868258433,0.5974153868258433,0.8349600625427497,2.2147685973503908,0.3244326407492475,30.0,0.0575276707775122,8.0,equal,True,53210.0,3.761892125243321,3.3958869999999988,8.0,106.0,57.0,256.0,0.0198854580521583,12873.729100357028,median 5 warm calls on training rows; end-to-end preprocessing,,,,,,,,,,,,0.5,exp_004_real_f50_v1
100.0,100.0,1.0,11,0,binary,breast_cancer,coerror_greedy,complete,,0.9707657710971712,0.9788359616253168,0.1770538849321783,0.0486587631623614,0.9310569298141792,0.0304773933447566,0.2079016278801327,0.9438919184695156,0.6376449004652823,0.6376449004652823,0.952173971421292,2.1203139776883546,0.3395485113121595,30.0,0.0441664979168779,8.0,equal,True,52858.0,3.6343556670472026,3.296677000000001,8.0,100.0,54.0,256.0,0.0177930830977857,14387.613354756846,median 5 warm calls on training rows; end-to-end preprocessing,,,,,,,,,,,,0.5,exp_004_real_f50_v1
100.0,100.0,1.0,11,0,binary,breast_cancer,direct_squared,complete,,0.9707657710971712,0.9788359616253168,0.1770538849321783,0.0486587631623614,0.9310569298141792,0.0304773933447566,0.2079016278801327,0.9438919184695156,0.6376449004652823,0.6376449004652823,0.952173971421292,2.120313977688354,0.3395485113121595,30.0,0.0441664979168779,8.0,equal,True,52858.0,3.644325458211824,3.3048120000000005,8.0,100.0,54.0,256.0,0.0194202079437673,13182.145152166624,median 5 warm calls on training rows; end-to-end preprocessing,,,,,,,,,,,,0.5,exp_004_real_f50_v1
100.0,100.0,1.0,11,0,binary,breast_cancer,coerror,complete,,0.9707657710971712,0.9788359616253168,0.1770538849321783,0.0486587631623614,0.9310569298141792,0.0304773933447566,0.2079016278801327,0.9438919184695156,0.6376449004652823,0.6376449004652823,0.952173971421292,2.1203139776883546,0.3395485113121595,30.0,0.0441664979168779,8.0,equal,True,52858.0,3.635247374186292,3.297856999999999,8.0,100.0,54.0,256.0,0.0216465000994503,11826.392203074916,median 5 warm calls on training rows; end-to-end preprocessing,,,,,,,,,,,,0.5,exp_004_real_f50_v1
100.0,100.0,1.0,11,0,binary,breast_cancer,coerror_no_cert,complete,,0.9707657710971712,0.9788359616253168,0.1770538849321783,0.0486587631623614,0.9310569298141792,0.0304773933447566,0.2079016278801327,0.9438919184695156,0.6376449004652823,0.6376449004652823,0.952173971421292,2.1203139776883546,0.3395485113121595,30.0,0.0441664979168779,8.0,equal,True,52858.0,3.651544709457085,3.303231999999998,8.0,100.0,54.0,256.0,0.0215081658679991,11902.456098355098,median 5 warm calls on training rows; end-to-end preprocessing,,,,,,,,,,,,0.5,exp_004_real_f50_v1
100.0,100.0,1.0,11,0,binary,breast_cancer,covariance_only,complete,,0.9707657710971712,0.9788359616253168,0.1770538849321783,0.0486587631623614,0.9310569298141792,0.0304773933447566,0.2079016278801327,0.9438919184695156,0.6376449004652823,0.6376449004652823,0.952173971421292,2.1203139776883546,0.3395485113121595,30.0,0.0441664979168779,8.0,equal,True,52858.0,3.6350432918407023,3.299830999999998,8.0,100.0,54.0,256.0,0.0208700420334935,12266.386411160818,median 5 warm calls on training rows; end-to-end preprocessing,,,,,,,,,,,,0.5,exp_004_real_f50_v1
100.0,100.0,1.0,11,0,binary,breast_cancer,shrinkage,complete,,0.9707657710971712,0.9788359616253168,0.1770538849321783,0.0486587631623614,0.9310569298141792,0.0304773933447566,0.2079016278801327,0.9438919184695156,0.6376449004652823,0.6376449004652823,0.952173971421292,2.120313977688355,0.3395485113121595,30.0,0.0441664979168779,8.0,equal,True,52858.0,3.6496327922213823,3.3054740000000007,8.0,100.0,54.0,256.0,0.0259810420684516,9853.33841981868,median 5 warm calls on training rows; end-to-end preprocessing,,,,,,,,,,,,0.5,exp_004_real_f50_v1
100.0,100.0,1.0,11,0,binary,breast_cancer,caruana,complete,,0.9717718073144752,0.9790684030472606,0.1765131316822439,0.049108642906977,0.9310569298141792,0.0273297987856887,0.2098238043839579,0.942433001569422,0.6029179016995801,0.6029179016995801,0.952173971421292,2.144006136901897,0.3292496062290112,30.0,0.0435759937775831,8.0,frequency_weighted,True,40314.0,3.637413542252034,3.297576,6.0,76.0,41.0,256.0,0.0176889998838305,14472.270997865102,median 5 warm calls on training rows; end-to-end preprocessing,,,,,,,,,,,,0.5,exp_004_real_f50_v1
100.0,100.0,1.0,11,0,binary,breast_cancer,direct_auroc,complete,,0.9552609776304888,0.9601402959020086,0.4452252868515975,0.0627189370327233,0.9268552491419104,0.0602898654103574,0.2679757614164133,0.945670555456225,0.8015662420948606,0.8015662420948606,0.9397339681351018,1.4508232515988366,0.3488696862144067,30.0,0.0523413369530155,8.0,equal,True,52090.0,3.794279501074925,3.431652,8.0,90.0,49.0,256.0,0.0202487078495323,12642.78204329528,median 5 warm calls on training rows; end-to-end preprocessing,,,,,,,,,,,,0.5,exp_004_real_f50_v1
,,,11,0,binary,breast_cancer,rf_shallow,complete,,0.9920108888625871,0.9952842941758762,0.1257239748167247,0.0385491825780064,0.9240146762930525,0.0228349669530421,0.1647069775422349,,,,,,,,,,,,15771.0,0.029712124960497,0.0236780000000003,8.0,100.0,54.0,256.0,0.0043261249084025,59175.360263587245,median 5 warm calls on training rows; end-to-end preprocessing,0.029712124960497,0.0236780000000003,176340992.0,,,,,,,,,0.5,exp_004_real_f50_v1
,,,11,0,binary,breast_cancer,et_shallow,complete,,0.9891703160137294,0.9935578683381824,0.2126060579704296,0.0555717230143096,0.9253757841164636,0.1051289004878675,0.2374382521854903,,,,,,,,,,,,15771.0,0.0231188749894499,0.0173629999999995,8.0,100.0,54.0,256.0,0.0070304172113537,36413.20170680234,median 5 warm calls on training rows; end-to-end preprocessing,0.0231188749894499,0.0173629999999995,176422912.0,,,,,,,,,0.5,exp_004_real_f50_v1
,,,11,0,binary,breast_cancer,random_patches,complete,,0.9701148064859748,0.9690041085164816,0.1838661378643514,0.0465619307126933,0.9324180376375902,0.0393983683266367,0.1989426069074195,,,,,,,,,,,,39962.0,0.0568752498365938,0.0545580000000001,8.0,92.0,50.0,256.0,0.0228154170326888,11220.483045881443,median 5 warm calls on training rows; end-to-end preprocessing,0.0568752498365938,0.0545580000000001,176553984.0,,,,,,,,,0.5,exp_004_real_f50_v1
,,,11,0,binary,breast_cancer,random_forest,complete,,0.9895253876198368,0.993280438517154,0.125669058433845,0.0366727327045641,0.9394602911587172,0.044140625,0.1566895731124838,,,,,,,,,,,,748811.0,0.5465342497918755,0.4876319999999996,256.0,8074.0,4165.0,256.0,0.0226214579306542,11316.688817527316,median 5 warm calls on training rows; end-to-end preprocessing,0.5465342497918755,0.4876319999999996,177651712.0,,,,,,,,,0.5,exp_004_real_f50_v1
,,,11,0,binary,breast_cancer,extra_trees,complete,,0.9938454254941412,0.9962549265821662,0.1112447208678517,0.0310917904502467,0.9423008640075748,0.0284950657894737,0.1328441873202877,,,,,,,,,,,,2061771.0,0.3415751249995082,0.3044420000000016,256.0,24486.0,12371.0,256.0,0.0268065840937197,9549.89263477162,median 5 warm calls on training rows; end-to-end preprocessing,0.3415751249995082,0.3044420000000016,181338112.0,,,,,,,,,0.5,exp_004_real_f50_v1
,,,11,0,binary,breast_cancer,xgboost,complete,,0.9913599242513906,0.994855496132584,0.1387665867805481,0.0418093305002643,0.935258610486448,0.036625340228018,0.1786364327136671,,,,,,,,,,,,124835.0,0.2275330000557005,0.2010940000000012,100.0,1314.0,707.0,256.0,0.0034182500094175,74892.12295610353,median 5 warm calls on training rows; end-to-end preprocessing,0.2275330000557005,0.2010940000000012,190398464.0,,,,,,,,,0.5,exp_004_real_f50_v1
,,,11,0,binary,breast_cancer,lightgbm,complete,,0.9859154929577464,0.9904078748740408,0.1496316343151039,0.0379717213367535,0.9394602911587172,0.0326001455251305,0.1622396905770161,,,,,,,,,,,,181791.0,0.126540333032608,0.112490000000001,100.0,2876.0,1488.0,256.0,0.0065876659937202,38860.50085782014,median 5 warm calls on training rows; end-to-end preprocessing,0.126540333032608,0.112490000000001,195428352.0,,,,,,,,,0.5,exp_004_real_f50_v1
,,,11,0,binary,breast_cancer,catboost,complete,,0.99360871109007,0.9962182930362647,0.1108521941013914,0.0338998559750535,0.9394602911587172,0.0334615137093109,0.1448420548339652,,,,,,,,,,,,45632.0,0.4817957079503685,0.4055119999999999,100.0,3100.0,1600.0,256.0,0.0033752918243408,75845.29377693014,median 5 warm calls on training rows; end-to-end preprocessing,0.4817957079503685,0.4055119999999999,217645056.0,,,,,,,,,0.5,exp_004_real_f50_v1
,,,11,0,binary,breast_cancer,linear,complete,,0.9976328559592852,0.9985960622653456,0.0632973538961001,0.0186543901307851,0.970469878092082,0.0237450976229956,0.0797035893074494,,,,,,,,,,,,5290.0,0.0134631250984966,0.0128080000000014,1.0,,,256.0,0.0026399169582873,96972.74726629264,median 5 warm calls on training rows; end-to-end preprocessing,0.0134631250984966,0.0128080000000014,218169344.0,31.0,,,,,,,,0.5,exp_004_real_f50_v1
100.0,100.0,1.0,11,1,binary,breast_cancer,coerror_no_cert_affine,not_applicable,task restriction defined in config,,,,,,,,,,,,,,,,,,,,,,,,,,,,,,,,,,,,,,,,0.5,exp_004_real_f50_v1
100.0,100.0,1.0,11,1,binary,breast_cancer,affine_profiled,not_applicable,task restriction defined in config,,,,,,,,,,,,,,,,,,,,,,,,,,,,,,,,,,,,,,,,0.5,exp_004_real_f50_v1
100.0,100.0,1.0,11,1,binary,breast_cancer,random_subspace,complete,,0.952893833589774,0.9662219596360464,0.4132147354177148,0.0602448897209065,0.9227719256716772,0.0398783523884053,0.2574050351967,0.954308585136182,0.6893937834684716,0.6893937834684716,0.923226432990105,1.779219136357045,0.3472293747261057,30.0,0.0389908041850341,8.0,equal,False,51866.0,0.0629665008746087,0.0622929999999968,8.0,88.0,48.0,256.0,0.0227752921637147,11240.25097723467,median 5 warm calls on training rows; end-to-end preprocessing,,,,,,,,,,,,0.5,exp_004_real_f50_v1
100.0,100.0,1.0,11,1,binary,breast_cancer,certified_random,complete,,0.952893833589774,0.9662219596360464,0.4132147354177148,0.0602448897209065,0.9227719256716772,0.0398783523884053,0.2574050351967,0.954308585136182,0.6893937834684716,0.6893937834684716,0.923226432990105,1.779219136357045,0.3472293747261057,30.0,0.0389908041850341,8.0,equal,True,51866.0,3.589468958089128,3.2567299999999992,8.0,88.0,48.0,256.0,0.0214064170140773,11959.030781828134,median 5 warm calls on training rows; end-to-end preprocessing,,,,,,,,,,,,0.5,exp_004_real_f50_v1
100.0,100.0,1.0,11,1,binary,breast_cancer,top_quality,complete,,0.9631909101668836,0.9735242187504992,0.3244886143149307,0.0541203083906082,0.9298141791928038,0.046895945138254,0.2312368725493148,0.969180225281602,0.6144656915806749,0.6144656915806749,0.868435541856147,2.169894657359688,0.3363972289560717,30.0,0.0293195000172202,8.0,equal,True,52362.0,3.5884187491610646,3.2566919999999993,8.0,94.0,51.0,256.0,0.0215399579610675,11884.888562118262,median 5 warm calls on training rows; end-to-end preprocessing,,,,,,,,,,,,0.5,exp_004_real_f50_v1
100.0,100.0,1.0,11,1,binary,breast_cancer,top_no_cert,complete,,0.9631909101668836,0.9735242187504992,0.3244886143149307,0.0541203083906082,0.9298141791928038,0.046895945138254,0.2312368725493148,0.969180225281602,0.6144656915806749,0.6144656915806749,0.868435541856147,2.169894657359688,0.3363972289560717,30.0,0.0293195000172202,8.0,equal,True,52362.0,3.580608416115865,3.256287000000002,8.0,94.0,51.0,256.0,0.0219779999461025,11648.011676576518,median 5 warm calls on training rows; end-to-end preprocessing,,,,,,,,,,,,0.5,exp_004_real_f50_v1
100.0,100.0,1.0,11,1,binary,breast_cancer,abs_correlation,complete,,0.9826014913007456,0.9879042072591964,0.1700818903285949,0.049967878214052,0.9424192212096104,0.0441351742195201,0.2134950119417192,0.9548263454317898,0.4756548364150665,0.4756548364150665,0.8009902886175637,2.934219848397662,0.3142685730418649,30.0,0.0284274969631106,8.0,equal,True,52458.0,3.706240125233307,3.356086999999997,8.0,96.0,52.0,256.0,0.0234613339416682,10911.570528619164,median 5 warm calls on training rows; end-to-end preprocessing,,,,,,,,,,,,0.5,exp_004_real_f50_v1
100.0,100.0,1.0,11,1,binary,breast_cancer,signed_correlation,complete,,0.9826014913007456,0.9879042072591964,0.1700818903285949,0.049967878214052,0.9424192212096104,0.0441351742195201,0.2134950119417192,0.9548263454317898,0.4756548364150665,0.4756548364150665,0.8009902886175637,2.934219848397662,0.3142685730418649,30.0,0.0284274969631106,8.0,equal,True,52458.0,3.693737875204534,3.351798999999998,8.0,96.0,52.0,256.0,0.0211505840998142,12103.684644919462,median 5 warm calls on training rows; end-to-end preprocessing,,,,,,,,,,,,0.5,exp_004_real_f50_v1
100.0,100.0,1.0,11,1,binary,breast_cancer,minimax,complete,,0.978695703633566,0.981121517667958,0.17447910974025,0.0480015375054124,0.9382175405373416,0.0569275978359671,0.2050935358719501,0.9570333452529948,0.5454156354384326,0.5454156354384326,0.6589124185540418,2.5392162350881353,0.3310286762926515,30.0,0.0311686450287725,8.0,equal,True,52442.0,3.694263166282326,3.3499839999999974,8.0,96.0,52.0,256.0,0.0227568328846246,11249.36854341289,median 5 warm calls on training rows; end-to-end preprocessing,,,,,,,,,,,,0.5,exp_004_real_f50_v1
100.0,100.0,1.0,11,1,binary,breast_cancer,quality_diversity,complete,,0.9804118830630844,0.9867315523067688,0.1762792806217524,0.0519009775721129,0.9298141791928038,0.0381573734233901,0.221754459516535,0.9651126408010012,0.5116365256566529,0.5116365256566529,0.822789732084648,2.7321250735527185,0.3313583931596353,30.0,0.0277846960294503,8.0,equal,True,52442.0,3.635014540981502,3.2969109999999997,8.0,96.0,52.0,256.0,0.0236379581037908,10830.038655451574,median 5 warm calls on training rows; end-to-end preprocessing,,,,,,,,,,,,0.5,exp_004_real_f50_v1
100.0,100.0,1.0,11,1,binary,breast_cancer,prediction_correlation,complete,,0.975973487986744,0.9768621158209037,0.1792110335076664,0.0500359594946007,0.9353769676884838,0.0438421464358156,0.2137858990940911,0.9428936468204304,0.5146698039977977,0.5146698039977977,0.7843219344058431,2.667682574454334,0.3308754134064693,30.0,0.0357810800159344,8.0,equal,True,52698.0,3.655494458042085,3.320235000000002,8.0,98.0,53.0,256.0,0.0204392080195248,12524.94713862948,median 5 warm calls on training rows; end-to-end preprocessing,,,,,,,,,,,,0.5,exp_004_real_f50_v1
100.0,100.0,1.0,11,1,binary,breast_cancer,coerror_greedy,complete,,0.975026630370458,0.9775393770396776,0.1852897174933037,0.0532470409176186,0.926973606343946,0.0393815729930369,0.227505710526073,0.9627696823410216,0.5204994132618075,0.5204994132618075,0.8536645349165652,2.684329763351587,0.339607924856372,30.0,0.0261969707868611,8.0,equal,True,52282.0,3.577383083291352,3.253268000000004,8.0,94.0,51.0,256.0,0.0238743750378489,10722.79377341411,median 5 warm calls on training rows; end-to-end preprocessing,,,,,,,,,,,,0.5,exp_004_real_f50_v1
100.0,100.0,1.0,11,1,binary,breast_cancer,direct_squared,complete,,0.975026630370458,0.9775393770396776,0.1852897174933036,0.0532470409176186,0.926973606343946,0.0393815729930369,0.227505710526073,0.9627696823410214,0.5204994132618074,0.5204994132618074,0.8536645349165652,2.6843297633515872,0.339607924856372,30.0,0.0261969707868611,8.0,equal,True,52279.0,3.6064517912454903,3.265990999999998,8.0,94.0,51.0,256.0,0.021768125006929,11760.314676551716,median 5 warm calls on training rows; end-to-end preprocessing,,,,,,,,,,,,0.5,exp_004_real_f50_v1
100.0,100.0,1.0,11,1,binary,breast_cancer,coerror,complete,,0.9738430583501008,0.9768637313751818,0.191851841142489,0.0569408152630859,0.9128890993016924,0.0535957345395457,0.2432878975266367,0.9607321652065082,0.5006940467343391,0.5006940467343391,0.8536645349165652,2.809243105700573,0.3506746613235662,30.0,0.0260806884940617,8.0,equal,True,52111.0,3.5906204991042614,3.258455999999997,8.0,92.0,50.0,256.0,0.0250344590749591,10225.904990935684,median 5 warm calls on training rows; end-to-end preprocessing,,,,,,,,,,,,0.5,exp_004_real_f50_v1
100.0,100.0,1.0,11,1,binary,breast_cancer,coerror_no_cert,complete,,0.9738430583501008,0.9768637313751818,0.191851841142489,0.0569408152630859,0.9128890993016924,0.0535957345395457,0.2432878975266367,0.9607321652065082,0.5006940467343391,0.5006940467343391,0.8536645349165652,2.809243105700573,0.3506746613235662,30.0,0.0260806884940617,8.0,equal,True,52111.0,3.616909834323451,3.266103999999997,8.0,92.0,50.0,256.0,0.0227016250137239,11276.72577823123,median 5 warm calls on training rows; end-to-end preprocessing,,,,,,,,,,,,0.5,exp_004_real_f50_v1
100.0,100.0,1.0,11,1,binary,breast_cancer,covariance_only,complete,,0.9738430583501008,0.9768637313751818,0.191851841142489,0.0569408152630859,0.9128890993016924,0.0535957345395457,0.2432878975266367,0.9607321652065082,0.5006940467343391,0.5006940467343391,0.8536645349165652,2.809243105700573,0.3506746613235662,30.0,0.0260806884940617,8.0,equal,True,52111.0,3.591764500364661,3.2604380000000024,8.0,92.0,50.0,256.0,0.0194252091459929,13178.75128530121,median 5 warm calls on training rows; end-to-end preprocessing,,,,,,,,,,,,0.5,exp_004_real_f50_v1
100.0,100.0,1.0,11,1,binary,breast_cancer,shrinkage,complete,,0.973251272339922,0.9767863998050634,0.1962975923206288,0.0567417162584922,0.9086874186294236,0.0471054478961565,0.2424372181325422,0.962229572680136,0.5319536740007693,0.5319536740007693,0.8536645349165652,2.654097196441036,0.3403429817249693,30.0,0.0261849611205527,8.0,equal,True,51946.0,3.593406750122085,3.259769000000004,8.0,90.0,49.0,256.0,0.0226840418763458,11285.466734521764,median 5 warm calls on training rows; end-to-end preprocessing,,,,,,,,,,,,0.5,exp_004_real_f50_v1
100.0,100.0,1.0,11,1,binary,breast_cancer,caruana,complete,,0.975026630370458,0.9775393770396776,0.1857236342966026,0.0534384730806394,0.926973606343946,0.0392255547945136,0.2283236322267921,0.9629490093909904,0.5064226679682232,0.5064226679682232,0.8282302717095968,2.655525874993783,0.3445914334113091,30.0,0.0258800364220622,8.0,frequency_weighted,True,46069.0,3.597531749168411,3.2616119999999977,7.0,83.0,45.0,256.0,0.0216802500654011,11807.981883407429,median 5 warm calls on training rows; end-to-end preprocessing,,,,,,,,,,,,0.5,exp_004_real_f50_v1
100.0,100.0,1.0,11,1,binary,breast_cancer,direct_auroc,complete,,0.975085808971476,0.9776628744633464,0.1885283920968373,0.0546383853835463,0.9128890993016924,0.0488532312560651,0.2334504316946566,0.9650195184456762,0.5254966410016298,0.5254966410016298,0.8536645349165652,2.625511681688014,0.3184364720855404,30.0,0.0265887232472768,8.0,equal,True,52346.0,3.735991665162146,3.3908240000000003,8.0,94.0,51.0,256.0,0.0238576668780297,10730.303231610123,median 5 warm calls on training rows; end-to-end preprocessing,,,,,,,,,,,,0.5,exp_004_real_f50_v1
,,,11,1,binary,breast_cancer,rf_shallow,complete,,0.969523020475796,0.966713850897856,0.1980243227458308,0.0513177386396667,0.9437803290330216,0.0585840100395893,0.2192624865271265,,,,,,,,,,,,15451.0,0.0223850419279187,0.0207980000000027,8.0,96.0,52.0,256.0,0.002718084026128,94183.99046503183,median 5 warm calls on training rows; end-to-end preprocessing,0.0223850419279187,0.0207980000000027,218873856.0,,,,,,,,,0.5,exp_004_real_f50_v1
,,,11,1,binary,breast_cancer,et_shallow,complete,,0.9715350929104036,0.977480016549599,0.2372103730142562,0.0643005819169561,0.90572848857853,0.0991102748448191,0.2747335687421577,,,,,,,,,,,,15291.0,0.0160664168652147,0.0152779999999985,8.0,94.0,51.0,256.0,0.003619167022407,70734.50835925725,median 5 warm calls on training rows; end-to-end preprocessing,0.0160664168652147,0.0152779999999985,218873856.0,,,,,,,,,0.5,exp_004_real_f50_v1
,,,11,1,binary,breast_cancer,random_patches,complete,,0.9737838797490828,0.9733680621176783,0.1913158744638058,0.0489253692666698,0.9353769676884838,0.0385353495618587,0.2090407411556498,,,,,,,,,,,,39082.0,0.0647477498278021,0.0584249999999997,8.0,80.0,44.0,256.0,0.0256638331338763,9975.12720194862,median 5 warm calls on training rows; end-to-end preprocessing,0.0647477498278021,0.0584249999999997,218955776.0,,,,,,,,,0.5,exp_004_real_f50_v1
,,,11,1,binary,breast_cancer,random_forest,complete,,0.978814060835602,0.9767165461311024,0.2114584169135451,0.0418971011513157,0.9479820097052906,0.0436677631578947,0.1790114455592013,,,,,,,,,,,,658091.0,0.5202763751149178,0.482839000000002,256.0,6940.0,3598.0,256.0,0.0239482908509671,10689.698133078306,median 5 warm calls on training rows; end-to-end preprocessing,0.5202763751149178,0.482839000000002,219004928.0,,,,,,,,,0.5,exp_004_real_f50_v1
,,,11,1,binary,breast_cancer,extra_trees,complete,,0.9873949579831932,0.991133569587514,0.13662703445838,0.0357409025493421,0.962066516747544,0.0616776315789473,0.1527081935296934,,,,,,,,,,,,1858891.0,0.3487875829450786,0.306636000000001,256.0,21950.0,11103.0,256.0,0.0259779999032616,9854.492299380525,median 5 warm calls on training rows; end-to-end preprocessing,0.3487875829450786,0.306636000000001,219889664.0,,,,,,,,,0.5,exp_004_real_f50_v1
,,,11,1,binary,breast_cancer,xgboost,complete,,0.9853828855485856,0.9903544314540328,0.1481757462024688,0.0403576651779785,0.9508225825541484,0.0281722322498497,0.1724339819314039,,,,,,,,,,,,123268.0,0.1582857090979814,0.1442210000000017,100.0,1268.0,684.0,256.0,0.0028487080708146,89865.29810574619,median 5 warm calls on training rows; end-to-end preprocessing,0.1582857090979814,0.1442210000000017,220233728.0,,,,,,,,,0.5,exp_004_real_f50_v1
,,,11,1,binary,breast_cancer,lightgbm,complete,,0.9835483489170316,0.9888910875525804,0.1638659606323816,0.0395028542396883,0.9508225825541484,0.0378618535856945,0.1687816781314224,,,,,,,,,,,,181247.0,0.0841549159958958,0.0751360000000005,100.0,2850.0,1475.0,256.0,0.0061297910287976,41763.25078576374,median 5 warm calls on training rows; end-to-end preprocessing,0.0841549159958958,0.0751360000000005,221216768.0,,,,,,,,,0.5,exp_004_real_f50_v1
,,,11,1,binary,breast_cancer,catboost,complete,,0.9872174221801396,0.9912839755659192,0.1253423462671077,0.0320685151356746,0.9578648360752752,0.0314495755272618,0.137017385299316,,,,,,,,,,,,45528.0,0.405277208192274,0.3729079999999989,100.0,3100.0,1600.0,256.0,0.0031856251880526,80360.99192086393,median 5 warm calls on training rows; end-to-end preprocessing,0.405277208192274,0.3729079999999989,224952320.0,,,,,,,,,0.5,exp_004_real_f50_v1
,,,11,1,binary,breast_cancer,linear,complete,,0.9924251390697124,0.9947852828467414,0.092275482055583,0.0225626731076872,0.9788732394366196,0.0234340741241084,0.0964022955693194,,,,,,,,,,,,5290.0,0.0136201661080122,0.0119450000000007,1.0,,,256.0,0.0030663749203085,83486.20330296629,median 5 warm calls on training rows; end-to-end preprocessing,0.0136201661080122,0.0119450000000007,224935936.0,31.0,,,,,,,,0.5,exp_004_real_f50_v1
100.0,100.0,1.0,11,2,binary,breast_cancer,coerror_no_cert_affine,not_applicable,task restriction defined in config,,,,,,,,,,,,,,,,,,,,,,,,,,,,,,,,,,,,,,,,0.5,exp_004_real_f50_v1
100.0,100.0,1.0,11,2,binary,breast_cancer,affine_profiled,not_applicable,task restriction defined in config,,,,,,,,,,,,,,,,,,,,,,,,,,,,,,,,,,,,,,,,0.5,exp_004_real_f50_v1
100.0,100.0,1.0,11,2,binary,breast_cancer,random_subspace,complete,,0.9930372148859542,0.9959015720414052,0.1161383684552456,0.0335283051457009,0.9546218487394956,0.0366006455636622,0.1437704911222036,0.9522114303467866,0.6601080336521868,0.6601080336521868,0.8480609298819155,1.953285402872606,0.3675417749951912,29.0,0.045606760212216,8.0,equal,False,53426.0,0.0729785840958356,0.0654859999999999,8.0,106.0,57.0,256.0,0.0200023329816758,12798.507065876844,median 5 warm calls on training rows; end-to-end preprocessing,,,,,,,,,,,,0.5,exp_004_real_f50_v1
100.0,100.0,1.0,11,2,binary,breast_cancer,certified_random,complete,,0.9930372148859542,0.9959015720414052,0.1161383684552456,0.0335283051457009,0.9546218487394956,0.0366006455636622,0.1437704911222036,0.9522114303467866,0.6601080336521868,0.6601080336521868,0.8480609298819155,1.953285402872606,0.3675417749951912,29.0,0.045606760212216,8.0,equal,True,53426.0,3.720174249727279,3.379662000000007,8.0,106.0,57.0,256.0,0.0204531250055879,12516.424748299296,median 5 warm calls on training rows; end-to-end preprocessing,,,,,,,,,,,,0.5,exp_004_real_f50_v1
100.0,100.0,1.0,11,2,binary,breast_cancer,top_quality,complete,,0.985234093637455,0.9912169445334412,0.2212535992991008,0.0449581393246958,0.9319327731092436,0.044494805574418,0.1927820014332202,0.9669469020002368,0.7738309375294639,0.7738309375294639,0.8918137379459774,1.5373991535615732,0.3463539566024037,29.0,0.0411877340265085,8.0,equal,True,52066.0,3.7294749587308615,3.379265,8.0,90.0,49.0,256.0,0.0221098749898374,11578.53674512714,median 5 warm calls on training rows; end-to-end preprocessing,,,,,,,,,,,,0.5,exp_004_real_f50_v1
100.0,100.0,1.0,11,2,binary,breast_cancer,top_no_cert,complete,,0.985234093637455,0.9912169445334412,0.2212535992991008,0.0449581393246958,0.9319327731092436,0.044494805574418,0.1927820014332202,0.9669469020002368,0.7738309375294639,0.7738309375294639,0.8918137379459774,1.5373991535615732,0.3463539566024037,29.0,0.0411877340265085,8.0,equal,True,52066.0,3.714638082776218,3.3747220000000056,8.0,90.0,49.0,256.0,0.0275613749399781,9288.360996412728,median 5 warm calls on training rows; end-to-end preprocessing,,,,,,,,,,,,0.5,exp_004_real_f50_v1
100.0,100.0,1.0,11,2,binary,breast_cancer,abs_correlation,complete,,0.9926170468187276,0.995731304356058,0.1309681485885614,0.035660048542232,0.9588235294117646,0.0543767309019387,0.1529114779312278,0.94669302580187,0.5637089782217255,0.5637089782217255,0.7538523719919076,2.4391285629224777,0.3547898012960125,30.0,0.0422975839912134,8.0,equal,True,53218.0,3.85575741622597,3.476884000000009,8.0,104.0,56.0,256.0,0.0197050829883664,12991.571776233455,median 5 warm calls on training rows; end-to-end preprocessing,,,,,,,,,,,,0.5,exp_004_real_f50_v1
100.0,100.0,1.0,11,2,binary,breast_cancer,signed_correlation,complete,,0.9926170468187276,0.995731304356058,0.1309681485885614,0.035660048542232,0.9588235294117646,0.0543767309019387,0.1529114779312278,0.94669302580187,0.5637089782217255,0.5637089782217255,0.7538523719919076,2.4391285629224777,0.3547898012960125,30.0,0.0422975839912134,8.0,equal,True,53218.0,3.834313750499859,3.476300000000002,8.0,104.0,56.0,256.0,0.0209459159523248,12221.952985139596,median 5 warm calls on training rows; end-to-end preprocessing,,,,,,,,,,,,0.5,exp_004_real_f50_v1
100.0,100.0,1.0,11,2,binary,breast_cancer,minimax,complete,,0.994717887154862,0.9969957775285736,0.1089550056016929,0.0307046891539846,0.957563025210084,0.0392470198764435,0.1316627315409942,0.9489011273523492,0.593456459891143,0.593456459891143,0.7002141087547241,2.289343564866491,0.3326893603291118,30.0,0.0440450958262195,8.0,equal,True,53266.0,3.846312125213444,3.4754820000000066,8.0,104.0,56.0,256.0,0.0230235408525913,11119.05426011769,median 5 warm calls on training rows; end-to-end preprocessing,,,,,,,,,,,,0.5,exp_004_real_f50_v1
100.0,100.0,1.0,11,2,binary,breast_cancer,quality_diversity,complete,,0.9923169267707084,0.9955731347691316,0.1193299189002026,0.0356296803215582,0.9319327731092436,0.0576348374185761,0.1527812579877557,0.9616152799147828,0.6097035637001412,0.6097035637001412,0.9453815326431008,2.2073768340826345,0.3231205130273453,30.0,0.0373816820246086,8.0,equal,True,52547.0,3.840425374917686,3.4905410000000003,8.0,96.0,52.0,256.0,0.0231618748512119,11052.645852052225,median 5 warm calls on training rows; end-to-end preprocessing,,,,,,,,,,,,0.5,exp_004_real_f50_v1
100.0,100.0,1.0,11,2,binary,breast_cancer,prediction_correlation,complete,,0.9936974789915968,0.996426716692849,0.1193048989497849,0.0333662580594371,0.9403361344537816,0.0513604623554509,0.1430756278096729,0.9421492188424666,0.5766198310636569,0.5766198310636569,0.8710209570257039,2.289349929431243,0.340698690543411,30.0,0.047284039763493,8.0,equal,True,53346.0,3.813883292721584,3.447771000000003,8.0,106.0,57.0,256.0,0.0207857498899102,12316.130106244906,median 5 warm calls on training rows; end-to-end preprocessing,,,,,,,,,,,,0.5,exp_004_real_f50_v1
100.0,100.0,1.0,11,2,binary,breast_cancer,coerror_greedy,complete,,0.9911164465786316,0.9949349835317928,0.1263687339712375,0.0402512060792473,0.9390756302521008,0.0462374952235978,0.1725985146319398,0.961981447508581,0.6285100033037889,0.6285100033037889,0.805191125664046,2.151347819653071,0.3185407759941921,30.0,0.0363544319838,8.0,equal,True,52594.0,3.717626832658425,3.379470000000005,8.0,96.0,52.0,256.0,0.0222435831092298,11508.937150228048,median 5 warm calls on training rows; end-to-end preprocessing,,,,,,,,,,,,0.5,exp_004_real_f50_v1
100.0,100.0,1.0,11,2,binary,breast_cancer,direct_squared,complete,,0.9911164465786316,0.9949349835317928,0.1263687339712375,0.0402512060792473,0.9390756302521008,0.0462374952235979,0.1725985146319398,0.9619814475085808,0.6285100033037889,0.6285100033037889,0.805191125664046,2.15134781965307,0.3185407759941921,30.0,0.0363544319838,8.0,equal,True,52578.0,3.731523500056938,3.388266999999999,8.0,96.0,52.0,256.0,0.0194091249722987,13189.6724023041,median 5 warm calls on training rows; end-to-end preprocessing,,,,,,,,,,,,0.5,exp_004_real_f50_v1
100.0,100.0,1.0,11,2,binary,breast_cancer,coerror,complete,,0.9911164465786316,0.9949349835317928,0.1263687339712375,0.0402512060792473,0.9390756302521008,0.0462374952235978,0.1725985146319398,0.961981447508581,0.6285100033037889,0.6285100033037889,0.805191125664046,2.151347819653071,0.3185407759941921,30.0,0.0363544319838,8.0,equal,True,52594.0,3.7289271256886423,3.3795690000000036,8.0,96.0,52.0,256.0,0.0229469160549342,11156.183226850322,median 5 warm calls on training rows; end-to-end preprocessing,,,,,,,,,,,,0.5,exp_004_real_f50_v1
100.0,100.0,1.0,11,2,binary,breast_cancer,coerror_no_cert,complete,,0.9911164465786316,0.9949349835317928,0.1263687339712375,0.0402512060792473,0.9390756302521008,0.0462374952235978,0.1725985146319398,0.961981447508581,0.6285100033037889,0.6285100033037889,0.805191125664046,2.151347819653071,0.3185407759941921,30.0,0.0363544319838,8.0,equal,True,52594.0,3.730356417829171,3.38467,8.0,96.0,52.0,256.0,0.0237742920871824,10767.93365965328,median 5 warm calls on training rows; end-to-end preprocessing,,,,,,,,,,,,0.5,exp_004_real_f50_v1
100.0,100.0,1.0,11,2,binary,breast_cancer,covariance_only,complete,,0.9911164465786316,0.9949349835317928,0.1263687339712375,0.0402512060792473,0.9390756302521008,0.0462374952235978,0.1725985146319398,0.961981447508581,0.6285100033037889,0.6285100033037889,0.805191125664046,2.151347819653071,0.3185407759941921,30.0,0.0363544319838,8.0,equal,True,52594.0,3.720359874656424,3.380409000000004,8.0,96.0,52.0,256.0,0.0267538749612867,9568.70735063371,median 5 warm calls on training rows; end-to-end preprocessing,,,,,,,,,,,,0.5,exp_004_real_f50_v1
100.0,100.0,1.0,11,2,binary,breast_cancer,shrinkage,complete,,0.9911164465786316,0.9949349835317928,0.1263687339712375,0.0402512060792473,0.9390756302521008,0.0462374952235978,0.1725985146319398,0.9619814475085808,0.6285100033037889,0.6285100033037889,0.805191125664046,2.151347819653072,0.3185407759941921,30.0,0.0363544319838,8.0,equal,True,52610.0,3.733349960064515,3.3842130000000026,8.0,96.0,52.0,256.0,0.0219525839202106,11661.497385932513,median 5 warm calls on training rows; end-to-end preprocessing,,,,,,,,,,,,0.5,exp_004_real_f50_v1
100.0,100.0,1.0,11,2,binary,breast_cancer,caruana,complete,,0.990996398559424,0.9948885587047248,0.1324627435537613,0.0430515602853835,0.9260504201680672,0.0467864345870092,0.1846065269004621,0.9624289856787784,0.6290441918663965,0.6290441918663965,0.805191125664046,2.0399482909738116,0.3133672124976473,30.0,0.0358136305305242,8.0,frequency_weighted,True,40050.0,3.71484824991785,3.3748570000000058,6.0,72.0,39.0,256.0,0.0206197500228881,12415.28145180406,median 5 warm calls on training rows; end-to-end preprocessing,,,,,,,,,,,,0.5,exp_004_real_f50_v1
100.0,100.0,1.0,11,2,binary,breast_cancer,direct_auroc,complete,,0.9881752701080432,0.9931501560993476,0.1444984311457954,0.0453066670788886,0.9247899159663866,0.0515113811137694,0.1942765000716774,0.9635552284294,0.6739255236841422,0.6739255236841422,0.8845956303360617,1.9173176761166115,0.3224439380495281,30.0,0.037608948604801,8.0,equal,True,52354.0,3.875313292024657,3.509349000000004,8.0,94.0,51.0,256.0,0.0245856251567602,10412.588590597976,median 5 warm calls on training rows; end-to-end preprocessing,,,,,,,,,,,,0.5,exp_004_real_f50_v1
,,,11,2,binary,breast_cancer,rf_shallow,complete,,0.9903961584633854,0.9946455022878392,0.1326602591776532,0.0391296704288653,0.9403361344537816,0.0337106373055833,0.1677893323435489,,,,,,,,,,,,15611.0,0.0354847498238086,0.0230689999999995,8.0,98.0,53.0,256.0,0.0044637077953666,57351.42436199106,median 5 warm calls on training rows; end-to-end preprocessing,0.0354847498238086,0.0230689999999995,218398720.0,,,,,,,,,0.5,exp_004_real_f50_v1
,,,11,2,binary,breast_cancer,et_shallow,complete,,0.9845738295318128,0.99048867666806,0.2679286940796265,0.068055878846392,0.923109243697479,0.1352384710054087,0.2918258791483689,,,,,,,,,,,,14971.0,0.0153749170713126,0.0148800000000015,8.0,90.0,49.0,256.0,0.0043420000001788,58959.00506436142,median 5 warm calls on training rows; end-to-end preprocessing,0.0153749170713126,0.0148800000000015,218365952.0,,,,,,,,,0.5,exp_004_real_f50_v1
,,,11,2,binary,breast_cancer,random_patches,complete,,0.9920768307322928,0.9953604921091692,0.1280712379807548,0.0366112870346654,0.9445378151260504,0.0459131034584381,0.1569904203244441,,,,,,,,,,,,39458.0,0.0653476668521761,0.0553470000000011,8.0,84.0,46.0,256.0,0.0220017090905457,11635.459724808572,median 5 warm calls on training rows; end-to-end preprocessing,0.0653476668521761,0.0553470000000011,218398720.0,,,,,,,,,0.5,exp_004_real_f50_v1
,,,11,2,binary,breast_cancer,random_forest,complete,,0.9967587034813924,0.9981235045302236,0.1014152799534121,0.0267077249193948,0.965966386554622,0.064401455026455,0.1145236155460858,,,,,,,,,,,,771851.0,0.5243952497839928,0.4820139999999995,256.0,8362.0,4309.0,256.0,0.0315654999576509,8110.120237077072,median 5 warm calls on training rows; end-to-end preprocessing,0.5243952497839928,0.4820139999999995,218398720.0,,,,,,,,,0.5,exp_004_real_f50_v1
,,,11,2,binary,breast_cancer,extra_trees,complete,,0.9988595438175272,0.9992983752986108,0.0974799796322865,0.0234714891544725,0.9743697478991598,0.060453869047619,0.1006465286104888,,,,,,,,,,,,2146571.0,0.3517865419853478,0.303249000000001,256.0,25546.0,12901.0,256.0,0.0257564168423414,9939.270728805614,median 5 warm calls on training rows; end-to-end preprocessing,0.3517865419853478,0.303249000000001,205864960.0,,,,,,,,,0.5,exp_004_real_f50_v1
,,,11,2,binary,breast_cancer,xgboost,complete,,0.9914765906362544,0.9950066826509631,0.1422649770975113,0.0445495699098231,0.9390756302521008,0.0384861553314501,0.1910300421505041,,,,,,,,,,,,128102.0,0.1597080409992486,0.1512870000000035,100.0,1410.0,755.0,256.0,0.0035777499433606,71553.35170225218,median 5 warm calls on training rows; end-to-end preprocessing,0.1597080409992486,0.1512870000000035,207994880.0,,,,,,,,,0.5,exp_004_real_f50_v1
,,,11,2,binary,breast_cancer,lightgbm,complete,,0.9949579831932772,0.9970789146106946,0.1000128132822227,0.0331454798041535,0.946218487394958,0.0369234154656463,0.1421289232848456,,,,,,,,,,,,182335.0,0.0920634169597178,0.0759370000000032,100.0,2876.0,1488.0,256.0,0.0059674999210983,42899.037014630034,median 5 warm calls on training rows; end-to-end preprocessing,0.0920634169597178,0.0759370000000032,208683008.0,,,,,,,,,0.5,exp_004_real_f50_v1
,,,11,2,binary,breast_cancer,catboost,complete,,0.9974789915966388,0.9985120086038968,0.0743116375459468,0.0199923675454695,0.9701680672268908,0.0449768312963403,0.0857279390716923,,,,,,,,,,,,45584.0,0.4395876659546047,0.371383999999999,100.0,3100.0,1600.0,256.0,0.0034687910228967,73800.92900096816,median 5 warm calls on training rows; end-to-end preprocessing,0.4395876659546047,0.371383999999999,212910080.0,,,,,,,,,0.5,exp_004_real_f50_v1
,,,11,2,binary,breast_cancer,linear,complete,,0.9920768307322928,0.9946246416346756,0.0845608250787557,0.0206779068306881,0.9714285714285714,0.0263633968169137,0.0886675543994322,,,,,,,,,,,,5290.0,0.0127786248922348,0.0115940000000023,1.0,,,256.0,0.0027423331048339,93351.16859025774,median 5 warm calls on training rows; end-to-end preprocessing,0.0127786248922348,0.0115940000000023,212910080.0,31.0,,,,,,,,0.5,exp_004_real_f50_v1
100.0,100.0,1.0,29,0,binary,breast_cancer,coerror_no_cert_affine,not_applicable,task restriction defined in config,,,,,,,,,,,,,,,,,,,,,,,,,,,,,,,,,,,,,,,,0.5,exp_004_real_f50_v1
100.0,100.0,1.0,29,0,binary,breast_cancer,affine_profiled,not_applicable,task restriction defined in config,,,,,,,,,,,,,,,,,,,,,,,,,,,,,,,,,,,,,,,,0.5,exp_004_real_f50_v1
100.0,100.0,1.0,29,0,binary,breast_cancer,random_subspace,complete,,0.9859154929577464,0.9869592845843342,0.1264163063379107,0.0362293520440376,0.9493431175287016,0.0387109294244725,0.1547951648886978,0.9503322605638,0.6597039881511334,0.6597039881511334,0.8826497831882987,1.975722568618926,0.3147001290634831,30.0,0.043717760595881,8.0,equal,False,54026.0,0.0715701666194945,0.0669969999999935,8.0,116.0,62.0,256.0,0.0250172498635947,10232.939327696946,median 5 warm calls on training rows; end-to-end preprocessing,,,,,,,,,,,,0.5,exp_004_real_f50_v1
100.0,100.0,1.0,29,0,binary,breast_cancer,certified_random,complete,,0.9859154929577464,0.9869592845843342,0.1264163063379107,0.0362293520440376,0.9493431175287016,0.0387109294244725,0.1547951648886978,0.9503322605638,0.6597039881511334,0.6597039881511334,0.8826497831882987,1.975722568618926,0.3147001290634831,30.0,0.043717760595881,8.0,equal,True,54026.0,3.652723832987249,3.315885999999999,8.0,116.0,62.0,256.0,0.021855334052816,11713.387650874854,median 5 warm calls on training rows; end-to-end preprocessing,,,,,,,,,,,,0.5,exp_004_real_f50_v1
100.0,100.0,1.0,29,0,binary,breast_cancer,top_quality,complete,,0.9723635933246538,0.9746220834387308,0.1890573722602455,0.0517957092448855,0.9226535684696414,0.038029185644782,0.2213046853099493,0.9681875409738364,0.8247804899828416,0.8247804899828416,0.97857566201247,1.3973618972976334,0.3698992859053336,30.0,0.0433059064449659,8.0,equal,True,53962.0,3.6484882498625666,3.3176250000000067,8.0,116.0,62.0,256.0,0.0219894170295447,11641.963934561863,median 5 warm calls on training rows; end-to-end preprocessing,,,,,,,,,,,,0.5,exp_004_real_f50_v1
100.0,100.0,1.0,29,0,binary,breast_cancer,top_no_cert,complete,,0.9723635933246538,0.9746220834387308,0.1890573722602455,0.0517957092448855,0.9226535684696414,0.038029185644782,0.2213046853099493,0.9681875409738364,0.8247804899828416,0.8247804899828416,0.97857566201247,1.3973618972976334,0.3698992859053336,30.0,0.0433059064449659,8.0,equal,True,53962.0,3.6450980820227414,3.3152800000000084,8.0,116.0,62.0,256.0,0.0245631670113652,10422.108838064312,median 5 warm calls on training rows; end-to-end preprocessing,,,,,,,,,,,,0.5,exp_004_real_f50_v1
100.0,100.0,1.0,29,0,binary,breast_cancer,abs_correlation,complete,,0.982897384305835,0.9824257373245678,0.1204273074944728,0.0325757662436299,0.9282163569653212,0.044412311505478,0.1391846892798142,0.9441787353239168,0.552403212220106,0.552403212220106,0.8161788735709518,2.455401407596876,0.3270771154311527,30.0,0.0412476845681532,8.0,equal,True,54074.0,3.7159924160223454,3.378885000000004,8.0,116.0,62.0,256.0,0.0234469168353825,10918.279865849274,median 5 warm calls on training rows; end-to-end preprocessing,,,,,,,,,,,,0.5,exp_004_real_f50_v1
100.0,100.0,1.0,29,0,binary,breast_cancer,signed_correlation,complete,,0.982897384305835,0.9824257373245678,0.1204273074944728,0.0325757662436299,0.9282163569653212,0.044412311505478,0.1391846892798142,0.9441787353239168,0.552403212220106,0.552403212220106,0.8161788735709518,2.455401407596876,0.3270771154311527,30.0,0.0412476845681532,8.0,equal,True,54074.0,3.72019462287426,3.3849930000000086,8.0,116.0,62.0,256.0,0.0227532079443335,11251.160742973569,median 5 warm calls on training rows; end-to-end preprocessing,,,,,,,,,,,,0.5,exp_004_real_f50_v1
100.0,100.0,1.0,29,0,binary,breast_cancer,minimax,complete,,0.9823055982956562,0.9824268111886922,0.1178423912077813,0.0317728284936485,0.9394602911587172,0.0341680996554986,0.1357540212056885,0.9484828505870432,0.5801798800313761,0.5801798800313761,0.6586872059840753,2.3589961025313544,0.3571482170983642,30.0,0.0416099316655609,8.0,equal,True,53914.0,3.7600483319256455,3.4068980000000053,8.0,114.0,61.0,256.0,0.0256554998923093,9978.36725359386,median 5 warm calls on training rows; end-to-end preprocessing,,,,,,,,,,,,0.5,exp_004_real_f50_v1
100.0,100.0,1.0,29,0,binary,breast_cancer,quality_diversity,complete,,0.978281453426441,0.9811843842967588,0.1441115273876373,0.0426762338251553,0.9169724227719256,0.0458138347948249,0.1823404029904733,0.9593986530782526,0.6017945265682709,0.6017945265682709,0.8399583519378101,2.235901125237112,0.3507995886101477,30.0,0.0367828353915611,8.0,equal,True,53506.0,3.68959679082036,3.3562399999999997,8.0,110.0,59.0,256.0,0.0242359999101609,10562.799180927232,median 5 warm calls on training rows; end-to-end preprocessing,,,,,,,,,,,,0.5,exp_004_real_f50_v1
100.0,100.0,1.0,29,0,binary,breast_cancer,prediction_correlation,complete,,0.9828973843058352,0.9838423477768246,0.115050530866613,0.0307049381203984,0.9493431175287016,0.0428218460442199,0.1311913045937723,0.939079355146314,0.5643404849137965,0.5643404849137965,0.851251728034894,2.3860672874619384,0.3321307574413165,30.0,0.0453313445496285,8.0,equal,True,54122.0,3.758344874950126,3.4111780000000067,8.0,116.0,62.0,256.0,0.022265083855018,11497.823303382876,median 5 warm calls on training rows; end-to-end preprocessing,,,,,,,,,,,,0.5,exp_004_real_f50_v1
100.0,100.0,1.0,29,0,binary,breast_cancer,coerror_greedy,complete,,0.98053024026512,0.9846743231120548,0.1308070861573564,0.0372875041461226,0.9465025446798438,0.0506251802799141,0.1593162733236619,0.9570724566422314,0.6237821972614023,0.6237821972614023,0.900331416689408,2.1519400522411836,0.3494010647737356,30.0,0.0348387730286548,8.0,equal,True,53738.0,3.6604372079018503,3.3171570000000017,8.0,112.0,60.0,256.0,0.0227768749464303,11239.469883471493,median 5 warm calls on training rows; end-to-end preprocessing,,,,,,,,,,,,0.5,exp_004_real_f50_v1
100.0,100.0,1.0,29,0,binary,breast_cancer,direct_squared,complete,,0.98053024026512,0.9846743231120548,0.1308070861573564,0.0372875041461226,0.9465025446798438,0.0506251802799141,0.1593162733236619,0.9570724566422312,0.6237821972614023,0.6237821972614023,0.900331416689408,2.151940052241185,0.3494010647737355,30.0,0.0348387730286548,8.0,equal,True,53754.0,3.6554149999283254,3.3253679999999903,8.0,112.0,60.0,256.0,0.0228713750839233,11193.030548475705,median 5 warm calls on training rows; end-to-end preprocessing,,,,,,,,,,,,0.5,exp_004_real_f50_v1
100.0,100.0,1.0,29,0,binary,breast_cancer,coerror,complete,,0.9753225233755474,0.9821047038495184,0.2099604457021644,0.0417048422862192,0.9282163569653212,0.0444821735820985,0.1781899916538774,0.955846966446153,0.6282751462705195,0.6282751462705195,0.900331416689408,2.0924663005168234,0.348988209404195,30.0,0.0347040469669544,8.0,equal,True,53914.0,3.65835812385194,3.319691000000013,8.0,114.0,61.0,256.0,0.0262869161088019,9738.685167191616,median 5 warm calls on training rows; end-to-end preprocessing,,,,,,,,,,,,0.5,exp_004_real_f50_v1
100.0,100.0,1.0,29,0,binary,breast_cancer,coerror_no_cert,complete,,0.9753225233755474,0.9821047038495184,0.2099604457021644,0.0417048422862192,0.9282163569653212,0.0444821735820985,0.1781899916538774,0.955846966446153,0.6282751462705195,0.6282751462705195,0.900331416689408,2.0924663005168234,0.348988209404195,30.0,0.0347040469669544,8.0,equal,True,53914.0,3.6471089569386095,3.3172170000000065,8.0,114.0,61.0,256.0,0.0233592081349343,10959.27561076633,median 5 warm calls on training rows; end-to-end preprocessing,,,,,,,,,,,,0.5,exp_004_real_f50_v1
100.0,100.0,1.0,29,0,binary,breast_cancer,covariance_only,complete,,0.9753225233755474,0.9821047038495184,0.2099604457021644,0.0417048422862192,0.9282163569653212,0.0444821735820985,0.1781899916538774,0.955846966446153,0.6282751462705195,0.6282751462705195,0.900331416689408,2.0924663005168234,0.348988209404195,30.0,0.0347040469669544,8.0,equal,True,53914.0,3.641400040825829,3.315731000000006,8.0,114.0,61.0,256.0,0.0209472919814288,12221.150124176464,median 5 warm calls on training rows; end-to-end preprocessing,,,,,,,,,,,,0.5,exp_004_real_f50_v1
100.0,100.0,1.0,29,0,binary,breast_cancer,shrinkage,complete,,0.9753225233755474,0.9821047038495184,0.2099604457021644,0.0417048422862192,0.9282163569653212,0.0444821735820985,0.1781899916538774,0.9565044102747482,0.6355349739375468,0.6355349739375468,0.900331416689408,2.0623802258947785,0.3356308287985307,30.0,0.034751784875636,8.0,equal,True,53898.0,3.646577666047961,3.3160950000000113,8.0,114.0,61.0,256.0,0.0244402498938143,10474.524651435418,median 5 warm calls on training rows; end-to-end preprocessing,,,,,,,,,,,,0.5,exp_004_real_f50_v1
100.0,100.0,1.0,29,0,binary,breast_cancer,caruana,complete,,0.9761510237897976,0.9825708259385894,0.2049039575719148,0.0395402073323267,0.935258610486448,0.0483161187938988,0.1689412746410989,0.956704312930846,0.6246795808248871,0.6246795808248871,0.9003314166894081,2.027835026483773,0.3318520609824957,30.0,0.0341127087141689,8.0,frequency_weighted,True,41095.0,3.6334823328070343,3.307019000000004,6.0,86.0,46.0,256.0,0.017949917120859,14261.904290494498,median 5 warm calls on training rows; end-to-end preprocessing,,,,,,,,,,,,0.5,exp_004_real_f50_v1
100.0,100.0,1.0,29,0,binary,breast_cancer,direct_auroc,complete,,0.9776304888152444,0.9808099979076212,0.1489718241893613,0.0443616600411251,0.9211741034441944,0.0370238320910913,0.1895416311187505,0.9544929673997258,0.5972588305847397,0.5972588305847397,0.8399583519378101,2.2390296201055637,0.3325986125675567,30.0,0.0377081325762928,8.0,equal,True,53738.0,3.7912537497468297,3.4397830000000127,8.0,112.0,60.0,256.0,0.0222662920132279,11497.199437064588,median 5 warm calls on training rows; end-to-end preprocessing,,,,,,,,,,,,0.5,exp_004_real_f50_v1
,,,29,0,binary,breast_cancer,rf_shallow,complete,,0.987158243579122,0.9859879012109758,0.1267941872807796,0.0334034013523982,0.9366197183098592,0.0438731814144488,0.1427208804038986,,,,,,,,,,,,15451.0,0.0238632918335497,0.0214780000000018,8.0,96.0,52.0,256.0,0.0038869581185281,65861.27048287811,median 5 warm calls on training rows; end-to-end preprocessing,0.0238632918335497,0.0214780000000018,212926464.0,,,,,,,,,0.5,exp_004_real_f50_v1
,,,29,0,binary,breast_cancer,et_shallow,complete,,0.9870990649781038,0.9921360480249284,0.2361364358884068,0.0619094899746682,0.9141318499230676,0.1070145246459331,0.2645172813787904,,,,,,,,,,,,14491.0,0.0161025000270456,0.0150679999999994,8.0,84.0,46.0,256.0,0.0032924169208854,77754.4296945093,median 5 warm calls on training rows; end-to-end preprocessing,0.0161025000270456,0.0150679999999994,212926464.0,,,,,,,,,0.5,exp_004_real_f50_v1
,,,29,0,binary,breast_cancer,random_patches,complete,,0.9788732394366196,0.9792936693678668,0.1622003976677227,0.0461093179074631,0.9198129956207834,0.0414133095975632,0.1970087530054459,,,,,,,,,,,,39930.0,0.0885604168288409,0.0627039999999965,8.0,92.0,50.0,256.0,0.0232318339403718,11019.362511675314,median 5 warm calls on training rows; end-to-end preprocessing,0.0885604168288409,0.0627039999999965,212959232.0,,,,,,,,,0.5,exp_004_real_f50_v1
,,,29,0,binary,breast_cancer,random_forest,complete,,0.9933719966859984,0.9957475188908644,0.1089492191474084,0.0298922890111019,0.9451414368564328,0.0450657894736841,0.1277191433274792,,,,,,,,,,,,763371.0,0.5237940829247236,0.4758340000000061,256.0,8256.0,4256.0,256.0,0.0242823748849332,10542.626131632756,median 5 warm calls on training rows; end-to-end preprocessing,0.5237940829247236,0.4758340000000061,212959232.0,,,,,,,,,0.5,exp_004_real_f50_v1
,,,29,0,binary,breast_cancer,extra_trees,complete,,0.9936087110900698,0.99553626427301,0.1027143678936148,0.0267741956208881,0.9563853710498283,0.0415707236842105,0.1143966367618134,,,,,,,,,,,,2102891.0,0.3752982090227306,0.3144320000000036,256.0,25000.0,12628.0,256.0,0.0258480408228933,9904.03883041159,median 5 warm calls on training rows; end-to-end preprocessing,0.3752982090227306,0.3144320000000036,212959232.0,,,,,,,,,0.5,exp_004_real_f50_v1
,,,29,0,binary,breast_cancer,xgboost,complete,,0.9932536394839626,0.9957113778546332,0.1025973260402679,0.0292765554569299,0.9394602911587172,0.0369336208328604,0.1250883323505201,,,,,,,,,,,,131439.0,0.1762560410425067,0.1602409999999992,100.0,1508.0,804.0,256.0,0.0034930419642478,73288.55553990632,median 5 warm calls on training rows; end-to-end preprocessing,0.1762560410425067,0.1602409999999992,213401600.0,,,,,,,,,0.5,exp_004_real_f50_v1
,,,29,0,binary,breast_cancer,lightgbm,complete,,0.9942004971002484,0.9963707531784766,0.0934908078271577,0.0264094998205791,0.9535447982009706,0.0308722138327789,0.112838421023524,,,,,,,,,,,,181167.0,0.0933486248832196,0.0745959999999996,100.0,2862.0,1481.0,256.0,0.008863375056535,28882.90277316541,median 5 warm calls on training rows; end-to-end preprocessing,0.0933486248832196,0.0745959999999996,213647360.0,,,,,,,,,0.5,exp_004_real_f50_v1
,,,29,0,binary,breast_cancer,catboost,complete,,0.9924251390697124,0.9943895205896672,0.0890318797537579,0.0226918410210401,0.967629305243224,0.0274261648838296,0.0969541842263806,,,,,,,,,,,,45288.0,0.416624000063166,0.3742220000000031,100.0,3072.0,1586.0,256.0,0.0035300832241773,72519.53671989063,median 5 warm calls on training rows; end-to-end preprocessing,0.416624000063166,0.3742220000000031,213909504.0,,,,,,,,,0.5,exp_004_real_f50_v1
,,,29,0,binary,breast_cancer,linear,complete,,0.9946739259083917,0.9960713222117616,0.0644638435146683,0.013970105829734,0.9859154929577464,0.0202012187153434,0.0596893047603407,,,,,,,,,,,,5290.0,0.0180654160212725,0.0141419999999996,1.0,,,256.0,0.0030588328372687,83692.05302130444,median 5 warm calls on training rows; end-to-end preprocessing,0.0180654160212725,0.0141419999999996,213909504.0,31.0,,,,,,,,0.5,exp_004_real_f50_v1
100.0,100.0,1.0,29,1,binary,breast_cancer,coerror_no_cert_affine,not_applicable,task restriction defined in config,,,,,,,,,,,,,,,,,,,,,,,,,,,,,,,,,,,,,,,,0.5,exp_004_real_f50_v1
100.0,100.0,1.0,29,1,binary,breast_cancer,affine_profiled,not_applicable,task restriction defined in config,,,,,,,,,,,,,,,,,,,,,,,,,,,,,,,,,,,,,,,,0.5,exp_004_real_f50_v1
100.0,100.0,1.0,29,1,binary,breast_cancer,random_subspace,complete,,0.9820688838915848,0.9834176753201126,0.1486419378356403,0.0440584667699809,0.9353769676884838,0.0385676230631585,0.1882461938627139,0.9543830830204424,0.7153459460298702,0.7153459460298702,0.9798060574639468,1.7363906477403668,0.3314002849063326,29.0,0.0443382267738412,8.0,equal,False,53434.0,0.07107162498869,0.0654830000000075,8.0,108.0,58.0,256.0,0.0204585408791899,12513.111346097914,median 5 warm calls on training rows; end-to-end preprocessing,,,,,,,,,,,,0.5,exp_004_real_f50_v1
100.0,100.0,1.0,29,1,binary,breast_cancer,certified_random,complete,,0.9820688838915848,0.9834176753201126,0.1486419378356403,0.0440584667699809,0.9353769676884838,0.0385676230631585,0.1882461938627139,0.9543830830204424,0.7153459460298702,0.7153459460298702,0.9798060574639468,1.7363906477403668,0.3314002849063326,29.0,0.0443382267738412,8.0,equal,True,53434.0,3.684783583972603,3.3350419999999943,8.0,108.0,58.0,256.0,0.0213474170304834,11992.083146848145,median 5 warm calls on training rows; end-to-end preprocessing,,,,,,,,,,,,0.5,exp_004_real_f50_v1
100.0,100.0,1.0,29,1,binary,breast_cancer,top_quality,complete,,0.9823055982956564,0.983275620238315,0.1436363783859551,0.0410447430289551,0.9409397561841638,0.034100340455578,0.1753696217712776,0.9673866887180405,0.7846612995651131,0.7846612995651131,0.9977069313502326,1.4592561560112731,0.398365478914678,28.0,0.0465274325624239,8.0,equal,True,53146.0,3.682595292106271,3.333003000000005,8.0,104.0,56.0,256.0,0.0208107498474419,12301.334736934909,median 5 warm calls on training rows; end-to-end preprocessing,,,,,,,,,,,,0.5,exp_004_real_f50_v1
100.0,100.0,1.0,29,1,binary,breast_cancer,top_no_cert,complete,,0.9823055982956564,0.983275620238315,0.1436363783859551,0.0410447430289551,0.9409397561841638,0.034100340455578,0.1753696217712776,0.9673866887180405,0.7846612995651131,0.7846612995651131,0.9977069313502326,1.4592561560112731,0.398365478914678,28.0,0.0465274325624239,8.0,equal,True,53146.0,3.674145666649565,3.330418999999999,8.0,104.0,56.0,256.0,0.0201299160253256,12717.390359598308,median 5 warm calls on training rows; end-to-end preprocessing,,,,,,,,,,,,0.5,exp_004_real_f50_v1
100.0,100.0,1.0,29,1,binary,breast_cancer,abs_correlation,complete,,0.986211385962836,0.9853945124403912,0.1435377829629427,0.0374878042212133,0.9536631554030062,0.0612167553760374,0.1601720844657764,0.9396082901245604,0.4855914231853407,0.4855914231853407,0.7932486938223084,2.952928055644876,0.3470903401926613,30.0,0.0364546749355336,8.0,equal,True,53130.0,3.795040833763778,3.427221000000003,8.0,104.0,56.0,256.0,0.0232328749261796,11018.86877166157,median 5 warm calls on training rows; end-to-end preprocessing,,,,,,,,,,,,0.5,exp_004_real_f50_v1
100.0,100.0,1.0,29,1,binary,breast_cancer,signed_correlation,complete,,0.986211385962836,0.9853945124403912,0.1435377829629427,0.0374878042212133,0.9536631554030062,0.0612167553760374,0.1601720844657764,0.9396082901245604,0.4855914231853407,0.4855914231853407,0.7932486938223084,2.952928055644876,0.3470903401926613,30.0,0.0364546749355336,8.0,equal,True,53130.0,3.8121737909968942,3.436625999999997,8.0,104.0,56.0,256.0,0.0224440421443432,11406.145040790776,median 5 warm calls on training rows; end-to-end preprocessing,,,,,,,,,,,,0.5,exp_004_real_f50_v1
100.0,100.0,1.0,29,1,binary,breast_cancer,minimax,complete,,0.9846135637353532,0.9841580308014468,0.1493316305884036,0.0394004796674912,0.9578648360752752,0.0535612751163611,0.1683442679131997,0.9461659663865548,0.5394140792950182,0.5394140792950182,0.6344909972680103,2.601299149396221,0.365319230458982,30.0,0.0387081534848248,8.0,equal,True,53114.0,3.80256508407183,3.4255600000000044,8.0,104.0,56.0,256.0,0.0276250829920172,9266.940485716386,median 5 warm calls on training rows; end-to-end preprocessing,,,,,,,,,,,,0.5,exp_004_real_f50_v1
100.0,100.0,1.0,29,1,binary,breast_cancer,quality_diversity,complete,,0.9892886732157652,0.9920334355841756,0.1340524941733994,0.0360335320687685,0.9578648360752752,0.0462561958888355,0.1539584956233067,0.9605813069908816,0.5667045919445549,0.5667045919445549,0.8809223526855751,2.402304199849765,0.3285656971338566,30.0,0.0358226551898152,8.0,equal,True,53274.0,3.768131041899323,3.409582000000007,8.0,106.0,57.0,256.0,0.0256367919500917,9985.648769875988,median 5 warm calls on training rows; end-to-end preprocessing,,,,,,,,,,,,0.5,exp_004_real_f50_v1
100.0,100.0,1.0,29,1,binary,breast_cancer,prediction_correlation,complete,,0.9864481003669072,0.9852987538145088,0.1537918062099385,0.0399857755840856,0.9536631554030062,0.0629650930142608,0.1708450296659292,0.9375577358603016,0.4924036699250518,0.4924036699250518,0.7058319780828278,2.879885412885736,0.3627359441800436,30.0,0.0386707516893268,8.0,equal,True,53050.0,3.788624791894108,3.4245260000000073,8.0,102.0,55.0,256.0,0.0221460000611841,11559.649566184977,median 5 warm calls on training rows; end-to-end preprocessing,,,,,,,,,,,,0.5,exp_004_real_f50_v1
100.0,100.0,1.0,29,1,binary,breast_cancer,coerror_greedy,complete,,0.9900579950289976,0.9927719299123904,0.1334162966349704,0.0354492338706792,0.962066516747544,0.0569484713494781,0.1514619967676976,0.9526994308361644,0.5424308797012893,0.5424308797012893,0.8408851510625167,2.553388763985276,0.336905416420781,30.0,0.0343311498861875,8.0,equal,True,53178.0,3.6739900826942176,3.3299360000000107,8.0,106.0,57.0,256.0,0.0255452091805636,10021.448569494589,median 5 warm calls on training rows; end-to-end preprocessing,,,,,,,,,,,,0.5,exp_004_real_f50_v1
100.0,100.0,1.0,29,1,binary,breast_cancer,direct_squared,complete,,0.9900579950289976,0.9927719299123904,0.1334162966349704,0.0354492338706792,0.962066516747544,0.0569484713494781,0.1514619967676976,0.9526994308361644,0.5424308797012892,0.5424308797012892,0.8408851510625167,2.553388763985275,0.3369054164207808,30.0,0.0343311498861875,8.0,equal,True,53210.0,3.689485499635339,3.337970999999996,8.0,106.0,57.0,256.0,0.0231580000836402,11054.495166914225,median 5 warm calls on training rows; end-to-end preprocessing,,,,,,,,,,,,0.5,exp_004_real_f50_v1
100.0,100.0,1.0,29,1,binary,breast_cancer,coerror,complete,,0.9901763522310332,0.9928385328982536,0.1312905648335942,0.0348396601760059,0.962066516747544,0.0548432081915834,0.148857504684481,0.9519227903927528,0.5377894640687101,0.5377894640687101,0.8408851510625167,2.581780332253004,0.3383523390633557,30.0,0.0342819772385915,8.0,equal,True,53162.0,3.6811078749597073,3.332932999999997,8.0,106.0,57.0,256.0,0.0260035831015557,9844.797118927983,median 5 warm calls on training rows; end-to-end preprocessing,,,,,,,,,,,,0.5,exp_004_real_f50_v1
100.0,100.0,1.0,29,1,binary,breast_cancer,coerror_no_cert,complete,,0.9901763522310332,0.9928385328982536,0.1312905648335942,0.0348396601760059,0.962066516747544,0.0548432081915834,0.148857504684481,0.9519227903927528,0.5377894640687101,0.5377894640687101,0.8408851510625167,2.581780332253004,0.3383523390633557,30.0,0.0342819772385915,8.0,equal,True,53162.0,3.675295206718147,3.331534000000005,8.0,106.0,57.0,256.0,0.0258930420968681,9886.825929617748,median 5 warm calls on training rows; end-to-end preprocessing,,,,,,,,,,,,0.5,exp_004_real_f50_v1
100.0,100.0,1.0,29,1,binary,breast_cancer,covariance_only,complete,,0.9901763522310332,0.9927879074592506,0.1309682466850635,0.0350017201659195,0.962066516747544,0.0505758831783126,0.149549929512561,0.9517477203647416,0.5337079862517475,0.5337079862517475,0.8079282224209321,2.6100716139379663,0.3315966723698009,30.0,0.0341724640512716,8.0,equal,True,53210.0,3.681710666976869,3.3324420000000003,8.0,106.0,57.0,256.0,0.0198854999616742,12873.70196843905,median 5 warm calls on training rows; end-to-end preprocessing,,,,,,,,,,,,0.5,exp_004_real_f50_v1
100.0,100.0,1.0,29,1,binary,breast_cancer,shrinkage,complete,,0.9899396378269616,0.99265359143776,0.1328726437667516,0.0355552594489057,0.962066516747544,0.0487218921726972,0.1519150064390834,0.9516992967399726,0.537270992143052,0.537270992143052,0.8079282224209321,2.5994253807440435,0.3218100304403018,30.0,0.0341864014901687,8.0,equal,True,53226.0,3.6879451668355614,3.3355469999999983,8.0,106.0,57.0,256.0,0.0214031659997999,11960.847287844825,median 5 warm calls on training rows; end-to-end preprocessing,,,,,,,,,,,,0.5,exp_004_real_f50_v1
100.0,100.0,1.0,29,1,binary,breast_cancer,caruana,complete,,0.9894070304178008,0.992429261297151,0.142011955718383,0.0391492427542238,0.9536631554030062,0.0503385859812721,0.1672708217370692,0.9524435306037308,0.5032759250809026,0.5032759250809026,0.6422406387823336,2.443055981815841,0.3202399774138905,30.0,0.0329664629954134,8.0,frequency_weighted,True,34218.0,3.6588938743807375,3.316693000000001,5.0,67.0,36.0,256.0,0.0122938340064138,20823.446930098635,median 5 warm calls on training rows; end-to-end preprocessing,,,,,,,,,,,,0.5,exp_004_real_f50_v1
100.0,100.0,1.0,29,1,binary,breast_cancer,direct_auroc,complete,,0.9903538880340867,0.9927381040478273,0.1343453805972412,0.0353088234888252,0.9578648360752752,0.0594274146121345,0.1508620730322483,0.9563870761070384,0.5589124519970935,0.5589124519970935,0.8809223526855751,2.4702195020740185,0.3423966643033331,30.0,0.0359532581094098,8.0,equal,True,52938.0,3.837360165547579,3.4663320000000013,8.0,102.0,55.0,256.0,0.0223795420024544,11439.018723972282,median 5 warm calls on training rows; end-to-end preprocessing,,,,,,,,,,,,0.5,exp_004_real_f50_v1
,,,29,1,binary,breast_cancer,rf_shallow,complete,,0.9807077760681736,0.9812830874333328,0.158090171786015,0.0411723109141138,0.9479820097052906,0.038837756628677,0.1759146740756535,,,,,,,,,,,,15931.0,0.0200320831499993,0.0189139999999952,8.0,102.0,55.0,256.0,0.0036629580426961,69888.87042003116,median 5 warm calls on training rows; end-to-end preprocessing,0.0200320831499993,0.0189139999999952,214007808.0,,,,,,,,,0.5,exp_004_real_f50_v1
,,,29,1,binary,breast_cancer,et_shallow,complete,,0.9817138122854776,0.9884588634124716,0.2976849785216042,0.0798879621880705,0.9268552491419104,0.1627922966205332,0.3413329132823834,,,,,,,,,,,,15291.0,0.0168950001243501,0.0162869999999983,8.0,94.0,51.0,256.0,0.0026107500307261,98056.11298941256,median 5 warm calls on training rows; end-to-end preprocessing,0.0168950001243501,0.0162869999999983,214007808.0,,,,,,,,,0.5,exp_004_real_f50_v1
,,,29,1,binary,breast_cancer,random_patches,complete,,0.991714995857498,0.994881438780671,0.134649588074463,0.0407228465670573,0.9382175405373416,0.0594576270308102,0.17399427241819,,,,,,,,,,,,39450.0,0.077173083089292,0.0604459999999988,8.0,84.0,46.0,256.0,0.0227900000754743,11232.996891276722,median 5 warm calls on training rows; end-to-end preprocessing,0.077173083089292,0.0604459999999988,214040576.0,,,,,,,,,0.5,exp_004_real_f50_v1
,,,29,1,binary,breast_cancer,random_forest,complete,,0.9917741744585158,0.9944390273123588,0.1191491391928174,0.0312178762335526,0.9592259438986862,0.0429276315789473,0.1333829071293871,,,,,,,,,,,,737611.0,0.5317973340861499,0.4786080000000012,256.0,7934.0,4095.0,256.0,0.0263110829982906,9729.740125734525,median 5 warm calls on training rows; end-to-end preprocessing,0.5317973340861499,0.4786080000000012,214040576.0,,,,,,,,,0.5,exp_004_real_f50_v1
,,,29,1,binary,breast_cancer,extra_trees,complete,,0.9946147473073736,0.9965788062499996,0.1118894037434707,0.028069425884046,0.9592259438986862,0.0595394736842105,0.1199306960491738,,,,,,,,,,,,2036491.0,0.3393474998883903,0.297981,256.0,24170.0,12213.0,256.0,0.0316112090367823,8098.393190280125,median 5 warm calls on training rows; end-to-end preprocessing,0.3393474998883903,0.297981,212566016.0,,,,,,,,,0.5,exp_004_real_f50_v1
,,,29,1,binary,breast_cancer,xgboost,complete,,0.9914782814534264,0.9945875914220966,0.1123565882444381,0.0318106999043136,0.9592259438986862,0.0337180819950605,0.1359158323043621,,,,,,,,,,,,128586.0,0.1640155420172959,0.1507129999999961,100.0,1424.0,762.0,256.0,0.0027565420605242,92869.97781246089,median 5 warm calls on training rows; end-to-end preprocessing,0.1640155420172959,0.1507129999999961,212566016.0,,,,,,,,,0.5,exp_004_real_f50_v1
,,,29,1,binary,breast_cancer,lightgbm,complete,,0.9927802106758196,0.9953484519949978,0.0930197945328358,0.0257968654292304,0.966268197419813,0.0236635087140469,0.1102208516695363,,,,,,,,,,,,182383.0,0.0806516669690609,0.0731289999999944,100.0,2882.0,1491.0,256.0,0.0072069999296218,35521.02157623214,median 5 warm calls on training rows; end-to-end preprocessing,0.0806516669690609,0.0731289999999944,212942848.0,,,,,,,,,0.5,exp_004_real_f50_v1
,,,29,1,binary,breast_cancer,catboost,complete,,0.9956207835246774,0.9973378189653508,0.0838233624919698,0.0233906228999961,0.966268197419813,0.0405900269528167,0.0999398312245037,,,,,,,,,,,,45592.0,0.4315757921431213,0.3703390000000013,100.0,3100.0,1600.0,256.0,0.0034696669317781,73782.29813799473,median 5 warm calls on training rows; end-to-end preprocessing,0.4315757921431213,0.3703390000000013,213581824.0,,,,,,,,,0.5,exp_004_real_f50_v1
,,,29,1,binary,breast_cancer,linear,complete,,0.9975144987572494,0.9984321268733388,0.0650883924587985,0.0169069738712803,0.9733104509409398,0.0399600025930951,0.0722374997210158,,,,,,,,,,,,5290.0,0.0136950421147048,0.0121030000000033,1.0,,,256.0,0.0025919170584529,98768.59260025804,median 5 warm calls on training rows; end-to-end preprocessing,0.0136950421147048,0.0121030000000033,213598208.0,31.0,,,,,,,,0.5,exp_004_real_f50_v1
100.0,100.0,1.0,29,2,binary,breast_cancer,coerror_no_cert_affine,not_applicable,task restriction defined in config,,,,,,,,,,,,,,,,,,,,,,,,,,,,,,,,,,,,,,,,0.5,exp_004_real_f50_v1
100.0,100.0,1.0,29,2,binary,breast_cancer,affine_profiled,not_applicable,task restriction defined in config,,,,,,,,,,,,,,,,,,,,,,,,,,,,,,,,,,,,,,,,0.5,exp_004_real_f50_v1
100.0,100.0,1.0,29,2,binary,breast_cancer,random_subspace,complete,,0.9828331332533012,0.98465354093731,0.141465665807589,0.0407154009963577,0.9373949579831932,0.0365684955479387,0.1745889979241724,0.9456074683394484,0.6643029763976316,0.6643029763976316,0.942050410490636,1.9257955041536017,0.3637982440900061,30.0,0.045029522393685,8.0,equal,False,52642.0,0.0724927929695695,0.0658900000000031,8.0,98.0,53.0,256.0,0.0246800419408828,10372.753847550508,median 5 warm calls on training rows; end-to-end preprocessing,,,,,,,,,,,,0.5,exp_004_real_f50_v1
100.0,100.0,1.0,29,2,binary,breast_cancer,certified_random,complete,,0.9828331332533012,0.98465354093731,0.141465665807589,0.0407154009963577,0.9373949579831932,0.0365684955479387,0.1745889979241724,0.9456074683394484,0.6643029763976316,0.6643029763976316,0.942050410490636,1.9257955041536017,0.3637982440900061,30.0,0.045029522393685,8.0,equal,True,52642.0,3.974568083649501,3.361643000000001,8.0,98.0,53.0,256.0,0.0259567080065608,9862.575791016858,median 5 warm calls on training rows; end-to-end preprocessing,,,,,,,,,,,,0.5,exp_004_real_f50_v1
100.0,100.0,1.0,29,2,binary,breast_cancer,top_quality,complete,,0.985174069627851,0.9858516815325268,0.13914826977655,0.037985146818405,0.9491596638655462,0.0374029259983395,0.1628815769153586,0.9676015652739968,0.8138478502548153,0.8138478502548153,0.9718624920323504,1.417124752238783,0.3648920260844092,29.0,0.0432786791835003,8.0,equal,True,53970.0,3.970333000877872,3.3597740000000016,8.0,114.0,61.0,256.0,0.0309393329080194,8274.25726214172,median 5 warm calls on training rows; end-to-end preprocessing,,,,,,,,,,,,0.5,exp_004_real_f50_v1
100.0,100.0,1.0,29,2,binary,breast_cancer,top_no_cert,complete,,0.985174069627851,0.9858516815325268,0.13914826977655,0.037985146818405,0.9491596638655462,0.0374029259983395,0.1628815769153586,0.9676015652739968,0.8138478502548153,0.8138478502548153,0.9718624920323504,1.417124752238783,0.3648920260844092,29.0,0.0432786791835003,8.0,equal,True,53970.0,3.985586708178744,3.3620170000000087,8.0,114.0,61.0,256.0,0.0220488328486681,11610.591896498692,median 5 warm calls on training rows; end-to-end preprocessing,,,,,,,,,,,,0.5,exp_004_real_f50_v1
100.0,100.0,1.0,29,2,binary,breast_cancer,abs_correlation,complete,,0.9874549819927972,0.9918686255623738,0.1384910060636785,0.0398837829171421,0.9516806722689076,0.0337412191676791,0.1710229918539178,0.9448658864954432,0.53302410383294,0.53302410383294,0.9165364560911288,2.563428728022295,0.3337954747116237,30.0,0.0385689001890496,8.0,equal,True,53490.0,4.0855989579577,3.4572079999999943,8.0,108.0,58.0,256.0,0.0214626670349389,11927.688184476763,median 5 warm calls on training rows; end-to-end preprocessing,,,,,,,,,,,,0.5,exp_004_real_f50_v1
100.0,100.0,1.0,29,2,binary,breast_cancer,signed_correlation,complete,,0.9874549819927972,0.9918686255623738,0.1384910060636785,0.0398837829171421,0.9516806722689076,0.0337412191676791,0.1710229918539178,0.9448658864954432,0.53302410383294,0.53302410383294,0.9165364560911288,2.563428728022295,0.3337954747116237,30.0,0.0385689001890496,8.0,equal,True,53490.0,4.088478500954807,3.457207000000004,8.0,108.0,58.0,256.0,0.0229874169453978,11136.52745796008,median 5 warm calls on training rows; end-to-end preprocessing,,,,,,,,,,,,0.5,exp_004_real_f50_v1
100.0,100.0,1.0,29,2,binary,breast_cancer,minimax,complete,,0.9879351740696278,0.992177215524847,0.1376769917287994,0.0394376354645965,0.9516806722689076,0.0481380600109008,0.1691098966918847,0.946521037992662,0.5436398751389765,0.5436398751389765,0.649190184961249,2.5883504945039233,0.3630276637386804,30.0,0.037508600125875,8.0,equal,True,53506.0,4.031940000131726,3.416449000000007,8.0,108.0,58.0,256.0,0.0271795419976115,9418.84892771544,median 5 warm calls on training rows; end-to-end preprocessing,,,,,,,,,,,,0.5,exp_004_real_f50_v1
100.0,100.0,1.0,29,2,binary,breast_cancer,quality_diversity,complete,,0.9838535414165666,0.984899813677635,0.1382248560532758,0.0375148665575131,0.9432773109243696,0.0403902301129975,0.1608649994659562,0.9608478074328324,0.5931969042331191,0.5931969042331191,0.9279513086728624,2.2550816030256597,0.3155531580221021,30.0,0.0360311126780199,8.0,equal,True,53858.0,4.006549666868523,3.394617000000011,8.0,112.0,60.0,256.0,0.0219043751712888,11687.16286121468,median 5 warm calls on training rows; end-to-end preprocessing,,,,,,,,,,,,0.5,exp_004_real_f50_v1
100.0,100.0,1.0,29,2,binary,breast_cancer,prediction_correlation,complete,,0.9900360144057624,0.9935372828054556,0.1312837003045718,0.0373524870443441,0.9558823529411764,0.0400045963973775,0.1601687106957649,0.935859643153036,0.5582054123261898,0.5582054123261898,0.9597047899260632,2.3088155009002427,0.3543676207741262,30.0,0.0438683821630601,8.0,equal,True,53714.0,4.049720874754712,3.423554000000003,8.0,110.0,59.0,256.0,0.0236265000421553,10835.290861669488,median 5 warm calls on training rows; end-to-end preprocessing,,,,,,,,,,,,0.5,exp_004_real_f50_v1
100.0,100.0,1.0,29,2,binary,breast_cancer,coerror_greedy,complete,,0.984813925570228,0.9857668705964784,0.1313895015154532,0.0355908501683556,0.9546218487394956,0.0322637577903231,0.1526147529952716,0.9543178186767663,0.5576602932351198,0.5576602932351198,0.8034218596969234,2.5157408477423977,0.3253733068174061,30.0,0.0342872423689474,8.0,equal,True,53714.0,3.9823976261541247,3.3633410000000055,8.0,110.0,59.0,256.0,0.0241528330370783,10599.170689707496,median 5 warm calls on training rows; end-to-end preprocessing,,,,,,,,,,,,0.5,exp_004_real_f50_v1
100.0,100.0,1.0,29,2,binary,breast_cancer,direct_squared,complete,,0.984813925570228,0.9857668705964784,0.1313895015154532,0.0355908501683556,0.9546218487394956,0.0322637577903231,0.1526147529952716,0.9543178186767663,0.5576602932351197,0.5576602932351197,0.8034218596969234,2.5157408477423973,0.3253733068174061,30.0,0.0342872423689474,8.0,equal,True,53710.0,3.988174375146627,3.3732880000000023,8.0,110.0,59.0,256.0,0.025815833127126,9916.395056451109,median 5 warm calls on training rows; end-to-end preprocessing,,,,,,,,,,,,0.5,exp_004_real_f50_v1
100.0,100.0,1.0,29,2,binary,breast_cancer,coerror,complete,,0.984813925570228,0.9857668705964784,0.1313895015154532,0.0355908501683556,0.9546218487394956,0.0322637577903231,0.1526147529952716,0.9543178186767663,0.5576602932351198,0.5576602932351198,0.8034218596969234,2.5157408477423977,0.3253733068174061,30.0,0.0342872423689474,8.0,equal,True,53714.0,3.9771359167061746,3.3604310000000055,8.0,110.0,59.0,256.0,0.023211957886815,11028.798227546928,median 5 warm calls on training rows; end-to-end preprocessing,,,,,,,,,,,,0.5,exp_004_real_f50_v1
100.0,100.0,1.0,29,2,binary,breast_cancer,coerror_no_cert,complete,,0.984813925570228,0.9857668705964784,0.1313895015154532,0.0355908501683556,0.9546218487394956,0.0322637577903231,0.1526147529952716,0.9543178186767663,0.5576602932351198,0.5576602932351198,0.8034218596969234,2.5157408477423977,0.3253733068174061,30.0,0.0342872423689474,8.0,equal,True,53714.0,3.9748533337842673,3.3582770000000153,8.0,110.0,59.0,256.0,0.0272712081205099,9387.189554226932,median 5 warm calls on training rows; end-to-end preprocessing,,,,,,,,,,,,0.5,exp_004_real_f50_v1
100.0,100.0,1.0,29,2,binary,breast_cancer,covariance_only,complete,,0.984813925570228,0.9857668705964784,0.1313895015154532,0.0355908501683556,0.9546218487394956,0.0322637577903231,0.1526147529952716,0.9543178186767663,0.5576602932351198,0.5576602932351198,0.8034218596969234,2.5157408477423977,0.3253733068174061,30.0,0.0342872423689474,8.0,equal,True,53714.0,3.9739953747484833,3.3610180000000014,8.0,110.0,59.0,256.0,0.0204226661007851,12535.09207547384,median 5 warm calls on training rows; end-to-end preprocessing,,,,,,,,,,,,0.5,exp_004_real_f50_v1
100.0,100.0,1.0,29,2,binary,breast_cancer,shrinkage,complete,,0.9854141656662664,0.9862886587949804,0.1256446901656876,0.0339767335311612,0.9588235294117646,0.0299130071212499,0.1456933670006771,0.9540737069475678,0.5749485065017165,0.5749485065017165,0.9382702337603792,2.425871556554976,0.3336918516266342,30.0,0.0343196225841934,8.0,equal,True,53710.0,3.9726464999839664,3.3589290000000034,8.0,110.0,59.0,256.0,0.0287699159234762,8898.183807033802,median 5 warm calls on training rows; end-to-end preprocessing,,,,,,,,,,,,0.5,exp_004_real_f50_v1
100.0,100.0,1.0,29,2,binary,breast_cancer,caruana,complete,,0.9846938775510204,0.98589433331569,0.1302927723376817,0.0361282191507224,0.9445378151260504,0.0325078605053009,0.1549190091207448,0.9523295233586392,0.5516105673223386,0.5516105673223386,0.7067052567807256,2.483164098931206,0.3278726449533903,30.0,0.0342514953063595,8.0,frequency_weighted,True,47198.0,3.973529417067766,3.358786000000009,7.0,95.0,51.0,256.0,0.0189747919794172,13491.584006701863,median 5 warm calls on training rows; end-to-end preprocessing,,,,,,,,,,,,0.5,exp_004_real_f50_v1
100.0,100.0,1.0,29,2,binary,breast_cancer,direct_auroc,complete,,0.9846338535414164,0.9859041062614352,0.1353869366330519,0.0367678666673067,0.9474789915966386,0.0337639243678952,0.1576618390134218,0.9505821694875132,0.5573481915686102,0.5573481915686102,0.9299263101837268,2.4256117742116405,0.324551853834299,30.0,0.0369311163058325,8.0,equal,True,53794.0,4.117243124637753,3.488432000000003,8.0,112.0,60.0,256.0,0.0217966248746961,11744.93764386395,median 5 warm calls on training rows; end-to-end preprocessing,,,,,,,,,,,,0.5,exp_004_real_f50_v1
,,,29,2,binary,breast_cancer,rf_shallow,complete,,0.9832533013205282,0.9844133313516232,0.1481261046977805,0.041372776250951,0.9445378151260504,0.0402487345602972,0.1774078449489103,,,,,,,,,,,,15611.0,0.02282958291471,0.0207520000000016,8.0,98.0,53.0,256.0,0.004400041885674,58181.26432693852,median 5 warm calls on training rows; end-to-end preprocessing,0.02282958291471,0.0207520000000016,208175104.0,,,,,,,,,0.5,exp_004_real_f50_v1
,,,29,2,binary,breast_cancer,et_shallow,complete,,0.9819327731092437,0.9880221666739708,0.2616963366847921,0.0704615715898307,0.9218487394957984,0.136068177504994,0.3021415698971349,,,,,,,,,,,,14971.0,0.0190899998415261,0.0147460000000023,8.0,90.0,49.0,256.0,0.0032098339870572,79754.90353465352,median 5 warm calls on training rows; end-to-end preprocessing,0.0190899998415261,0.0147460000000023,208175104.0,,,,,,,,,0.5,exp_004_real_f50_v1
,,,29,2,binary,breast_cancer,random_patches,complete,,0.9865546218487394,0.9911463902221772,0.1427910777651446,0.040900469169234,0.9390756302521008,0.0331298498967902,0.175382576424186,,,,,,,,,,,,39362.0,0.068278124788776,0.0565559999999933,8.0,84.0,46.0,256.0,0.0251006670296192,10198.932151799616,median 5 warm calls on training rows; end-to-end preprocessing,0.068278124788776,0.0565559999999933,208207872.0,,,,,,,,,0.5,exp_004_real_f50_v1
,,,29,2,binary,breast_cancer,random_forest,complete,,0.9857743097238896,0.9831181797094222,0.1768304839281225,0.0301889893869874,0.9630252100840336,0.0363343253968254,0.1294513937340101,,,,,,,,,,,,716331.0,0.4988541658967733,0.4611870000000024,256.0,7668.0,3962.0,256.0,0.0249878331087529,10244.98598521238,median 5 warm calls on training rows; end-to-end preprocessing,0.4988541658967733,0.4611870000000024,208207872.0,,,,,,,,,0.5,exp_004_real_f50_v1
,,,29,2,binary,breast_cancer,extra_trees,complete,,0.9942977190876352,0.9964395753364012,0.1089443327028827,0.0296148068059689,0.9558823529411764,0.0479083994708994,0.1269892796692486,,,,,,,,,,,,2011051.0,0.3284727500285953,0.294947999999998,256.0,23852.0,12054.0,256.0,0.0282808749470859,9052.053745825777,median 5 warm calls on training rows; end-to-end preprocessing,0.3284727500285953,0.294947999999998,208207872.0,,,,,,,,,0.5,exp_004_real_f50_v1
,,,29,2,binary,breast_cancer,xgboost,complete,,0.9933973589435774,0.9959802351943994,0.1005952656269073,0.0275205191022009,0.9516806722689076,0.0216418999547838,0.1180089041204858,,,,,,,,,,,,127629.0,0.1756948749534785,0.1537919999999957,100.0,1396.0,748.0,256.0,0.0024295840412378,105367.83072940026,median 5 warm calls on training rows; end-to-end preprocessing,0.1756948749534785,0.1537919999999957,210059264.0,,,,,,,,,0.5,exp_004_real_f50_v1
,,,29,2,binary,breast_cancer,lightgbm,complete,,0.9930372148859544,0.995559348704179,0.0965568955614755,0.0261763659430368,0.9630252100840336,0.0283385540516205,0.1122451305268996,,,,,,,,,,,,181167.0,0.0969506248366087,0.077216000000007,100.0,2864.0,1482.0,256.0,0.0066138748079538,38706.50827743743,median 5 warm calls on training rows; end-to-end preprocessing,0.0969506248366087,0.077216000000007,210092032.0,,,,,,,,,0.5,exp_004_real_f50_v1
,,,29,2,binary,breast_cancer,catboost,complete,,0.993157262905162,0.9957544975812248,0.1002963216814347,0.0271750730284648,0.9600840336134454,0.0445641459621835,0.116527619830646,,,,,,,,,,,,45416.0,0.3946024170145392,0.3656250000000085,100.0,3084.0,1592.0,256.0,0.0029522080440074,86714.75593315487,median 5 warm calls on training rows; end-to-end preprocessing,0.3946024170145392,0.3656250000000085,210272256.0,,,,,,,,,0.5,exp_004_real_f50_v1
,,,29,2,binary,breast_cancer,linear,complete,,0.9967587034813924,0.9980166627064164,0.0726797199328,0.0201221772052169,0.9857142857142858,0.0419035993475943,0.0862845672237324,,,,,,,,,,,,5290.0,0.0112978750839829,0.012326999999999,1.0,,,256.0,0.0030382499098777,84259.03319134744,median 5 warm calls on training rows; end-to-end preprocessing,0.0112978750839829,0.012326999999999,210239488.0,31.0,,,,,,,,0.5,exp_004_real_f50_v1
100.0,100.0,1.0,11,0,multiclass,wine,direct_auroc,not_applicable,task restriction defined in config,,,,,,,,,,,,,,,,,,,,,,,,,,,,,,,,,,,,,,,,0.5,exp_004_real_f50_v1
100.0,100.0,1.0,11,0,multiclass,wine,coerror_no_cert_affine,not_applicable,task restriction defined in config,,,,,,,,,,,,,,,,,,,,,,,,,,,,,,,,,,,,,,,,0.5,exp_004_real_f50_v1
100.0,100.0,1.0,11,0,multiclass,wine,affine_profiled,not_applicable,task restriction defined in config,,,,,,,,,,,,,,,,,,,,,,,,,,,,,,,,,,,,,,,,0.5,exp_004_real_f50_v1
100.0,100.0,1.0,11,0,multiclass,wine,random_subspace,complete,,,,0.1707865985084025,0.0991179846938775,0.9583333333333334,,0.1506789597726418,0.9375369170928464,0.4569919389598578,0.4569919389598578,0.8904108360664711,2.8464175493446167,0.3563131313131313,13.0,0.1121648212454166,8.0,equal,False,31338.0,0.0604208759032189,0.0524349999999884,8.0,82.0,45.0,118.0,0.0188442089129239,6261.8707182274975,median 5 warm calls on training rows; end-to-end preprocessing,,,,,0.993020482603816,,,,,,,0.5,exp_004_real_f50_v1
100.0,100.0,1.0,11,0,multiclass,wine,certified_random,complete,,,,0.1707865985084025,0.0991179846938775,0.9583333333333334,,0.1506789597726418,0.9375369170928464,0.4569919389598578,0.4569919389598578,0.8904108360664711,2.8464175493446167,0.3563131313131313,13.0,0.1121648212454166,8.0,equal,True,31338.0,3.0377512094564736,2.7470980000000083,8.0,82.0,45.0,118.0,0.02164241601713,5452.256342665382,median 5 warm calls on training rows; end-to-end preprocessing,,,,,0.993020482603816,,,,,,,0.5,exp_004_real_f50_v1
100.0,100.0,1.0,11,0,multiclass,wine,top_quality,complete,,,,0.4197914639532006,0.1322647480867347,0.9166666666666666,,0.2010686024120781,0.9699276717836308,0.4249858695189624,0.4249858695189624,1.0,3.0261501649377816,0.4623737373737374,12.0,0.0611740855327327,8.0,equal,True,30682.0,3.0480384591501206,2.751022000000006,8.0,72.0,40.0,118.0,0.0189720829948782,6219.664969410861,median 5 warm calls on training rows; end-to-end preprocessing,,,,,0.9785746352413018,,,,,,,0.5,exp_004_real_f50_v1
100.0,100.0,1.0,11,0,multiclass,wine,top_no_cert,complete,,,,0.4197914639532006,0.1322647480867347,0.9166666666666666,,0.2010686024120781,0.9699276717836308,0.4249858695189624,0.4249858695189624,1.0,3.0261501649377816,0.4623737373737374,12.0,0.0611740855327327,8.0,equal,True,30682.0,3.0256676252465695,2.744493999999989,8.0,72.0,40.0,118.0,0.0228618341498076,5161.440644997094,median 5 warm calls on training rows; end-to-end preprocessing,,,,,0.9785746352413018,,,,,,,0.5,exp_004_real_f50_v1
100.0,100.0,1.0,11,0,multiclass,wine,abs_correlation,complete,,,,0.1673318538763734,0.0842193979356698,0.9583333333333334,,0.1280301583291652,0.9507193459041172,0.230681818796256,0.230681818796256,0.565562141092052,5.009306627591152,0.3965909090909091,13.0,0.0574037994758657,8.0,equal,True,31290.0,3.134095002198592,2.8405249999999853,8.0,82.0,45.0,118.0,0.019954458810389,5913.465312252155,median 5 warm calls on training rows; end-to-end preprocessing,,,,,0.9996141975308642,,,,,,,0.5,exp_004_real_f50_v1
100.0,100.0,1.0,11,0,multiclass,wine,signed_correlation,complete,,,,0.1673318538763734,0.0842193979356698,0.9583333333333334,,0.1280301583291652,0.9507193459041172,0.230681818796256,0.230681818796256,0.565562141092052,5.009306627591152,0.3965909090909091,13.0,0.0574037994758657,8.0,equal,True,31290.0,3.1464826250448823,2.8431499999999943,8.0,82.0,45.0,118.0,0.0250822089146822,4704.529828348843,median 5 warm calls on training rows; end-to-end preprocessing,,,,,0.9996141975308642,,,,,,,0.5,exp_004_real_f50_v1
100.0,100.0,1.0,11,0,multiclass,wine,minimax,complete,,,,0.1828532033039422,0.0998119965332578,0.9583333333333334,,0.1517339951665786,0.951258494061038,0.2867450032450182,0.2867450032450182,0.4605554779750926,4.54918905862882,0.3553030303030303,13.0,0.067752018860272,8.0,equal,True,31002.0,3.1333050010725856,2.834858000000011,8.0,78.0,43.0,118.0,0.0205550410319119,5740.684234918503,median 5 warm calls on training rows; end-to-end preprocessing,,,,,0.9931520061728396,,,,,,,0.5,exp_004_real_f50_v1
100.0,100.0,1.0,11,0,multiclass,wine,quality_diversity,complete,,,,0.1855414247220931,0.1069461480605027,0.9444444444444444,,0.1625793178827906,0.9637049420189964,0.2714441473533484,0.2714441473533484,0.7179066704650625,4.423569504998635,0.3681818181818183,13.0,0.0557825119227,8.0,equal,True,30906.0,3.0678401263430715,2.781143,8.0,76.0,42.0,118.0,0.0193795831874012,6088.882245760168,median 5 warm calls on training rows; end-to-end preprocessing,,,,,0.9946338383838386,,,,,,,0.5,exp_004_real_f50_v1
100.0,100.0,1.0,11,0,multiclass,wine,prediction_correlation,complete,,,,0.2501162487337386,0.129390295635341,0.9444444444444444,,0.1966988656117427,0.9179094023117836,0.3360871058884919,0.3360871058884919,0.7939941128086302,3.760901785027469,0.3570707070707071,13.0,0.1166750722365067,8.0,equal,True,31226.0,3.0642923354171216,2.7777960000000093,8.0,80.0,44.0,118.0,0.0189198751468211,6236.827626202702,median 5 warm calls on training rows; end-to-end preprocessing,,,,,0.9970622895622896,,,,,,,0.5,exp_004_real_f50_v1
100.0,100.0,1.0,11,0,multiclass,wine,coerror_greedy,complete,,,,0.1740600769457333,0.1012625290664105,0.9444444444444444,,0.1539390917884162,0.960600329383974,0.2688627344411584,0.2688627344411584,0.9907739208343948,4.202135858919995,0.3904040404040404,13.0,0.0523933517034658,8.0,equal,True,30826.0,3.034494585124776,2.74875999999999,8.0,76.0,42.0,118.0,0.0245575830340385,4805.033127097388,median 5 warm calls on training rows; end-to-end preprocessing,,,,,0.9949712401795736,,,,,,,0.5,exp_004_real_f50_v1
100.0,100.0,1.0,11,0,multiclass,wine,direct_squared,complete,,,,0.1740600769457333,0.1012625290664105,0.9444444444444444,,0.1539390917884162,0.960600329383974,0.2688627344411584,0.2688627344411584,0.9907739208343948,4.202135858919997,0.3904040404040404,13.0,0.0523933517034658,8.0,equal,True,30842.0,3.0565262492746115,2.767294000000007,8.0,76.0,42.0,118.0,0.0204375830944627,5773.67683128688,median 5 warm calls on training rows; end-to-end preprocessing,,,,,0.9949712401795736,,,,,,,0.5,exp_004_real_f50_v1
100.0,100.0,1.0,11,0,multiclass,wine,coerror,complete,,,,0.1740600769457333,0.1012625290664105,0.9444444444444444,,0.1539390917884162,0.960600329383974,0.2688627344411584,0.2688627344411584,0.9907739208343948,4.202135858919995,0.3904040404040404,13.0,0.0523933517034658,8.0,equal,True,30826.0,3.0259096261579543,2.745142999999999,8.0,76.0,42.0,118.0,0.0219972080085426,5364.317142165246,median 5 warm calls on training rows; end-to-end preprocessing,,,,,0.9949712401795736,,,,,,,0.5,exp_004_real_f50_v1
100.0,100.0,1.0,11,0,multiclass,wine,coerror_no_cert,complete,,,,0.1740600769457333,0.1012625290664105,0.9444444444444444,,0.1539390917884162,0.960600329383974,0.2688627344411584,0.2688627344411584,0.9907739208343948,4.202135858919995,0.3904040404040404,13.0,0.0523933517034658,8.0,equal,True,30826.0,3.031109959119931,2.7484079999999977,8.0,76.0,42.0,118.0,0.0266812499612569,4422.581407218333,median 5 warm calls on training rows; end-to-end preprocessing,,,,,0.9949712401795736,,,,,,,0.5,exp_004_real_f50_v1
100.0,100.0,1.0,11,0,multiclass,wine,covariance_only,complete,,,,0.1740600769457333,0.1012625290664105,0.9444444444444444,,0.1539390917884162,0.960600329383974,0.2688627344411584,0.2688627344411584,0.9907739208343948,4.202135858919995,0.3904040404040404,13.0,0.0523933517034658,8.0,equal,True,30826.0,3.023854625876993,2.745446999999998,8.0,76.0,42.0,118.0,0.0216694159898906,5445.46286134568,median 5 warm calls on training rows; end-to-end preprocessing,,,,,0.9949712401795736,,,,,,,0.5,exp_004_real_f50_v1
100.0,100.0,1.0,11,0,multiclass,wine,shrinkage,complete,,,,0.1904350730969987,0.1171128967597841,0.9166666666666666,,0.1780347886836635,0.9646932002233176,0.315903349150712,0.315903349150712,1.0,3.9569396849387943,0.4304292929292929,13.0,0.0525684375527345,8.0,equal,True,30778.0,3.0450476261321455,2.7533770000000004,8.0,74.0,41.0,118.0,0.0236952500417828,4979.901026236293,median 5 warm calls on training rows; end-to-end preprocessing,,,,,0.9922881593714928,,,,,,,0.5,exp_004_real_f50_v1
100.0,100.0,1.0,11,0,multiclass,wine,caruana,complete,,,,0.1740600769457333,0.1012625290664105,0.9444444444444444,,0.1539390917884162,0.960600329383974,0.2688627344411584,0.2688627344411584,0.9907739208343948,4.202135858919997,0.3904040404040404,13.0,0.0523933517034658,8.0,equal,True,30842.0,3.065042875474319,2.7717870000000175,8.0,76.0,42.0,118.0,0.025779582792893,4577.265696965833,median 5 warm calls on training rows; end-to-end preprocessing,,,,,0.9949712401795736,,,,,,,0.5,exp_004_real_f50_v1
,,,11,0,multiclass,wine,rf_shallow,complete,,,,0.2655478235562976,0.1346703720966735,0.9444444444444444,,0.2047256271643586,,,,,,,,,,,,13619.0,0.0286834579892456,0.0223189999999959,8.0,76.0,42.0,118.0,0.0028961249627172,40744.098241288,median 5 warm calls on training rows; end-to-end preprocessing,0.0286834579892456,0.0223189999999959,209879040.0,,0.9945987654320988,,,,,,,0.5,exp_004_real_f50_v1
,,,11,0,multiclass,wine,et_shallow,complete,,,,0.3915236472935586,0.1911066132271413,0.9277777777777776,,0.2905198867357213,,,,,,,,,,,,16083.0,0.0140486250165849,0.0133739999999988,8.0,104.0,56.0,118.0,0.0037944589275866,31097.97793358895,median 5 warm calls on training rows; end-to-end preprocessing,0.0140486250165849,0.0133739999999988,209846272.0,,0.9968827160493828,,,,,,,0.5,exp_004_real_f50_v1
,,,11,0,multiclass,wine,random_patches,complete,,,,0.2974797043494093,0.1582121509727473,0.9444444444444444,,0.2405137917764612,,,,,,,,,,,,26242.0,0.0654350419063121,0.0542879999999996,8.0,68.0,38.0,118.0,0.0262366249226033,4497.529706968547,median 5 warm calls on training rows; end-to-end preprocessing,0.0654350419063121,0.0542879999999996,209879040.0,,0.9869353254769924,,,,,,,0.5,exp_004_real_f50_v1
,,,11,0,multiclass,wine,random_forest,complete,,,,0.181863295453492,0.084942626953125,0.9583333333333334,,0.1291296096180922,,,,,,,,,,,,446035.0,0.4434106249827891,0.3691220000000044,256.0,3840.0,2048.0,118.0,0.0210385830141603,5608.742752331656,median 5 warm calls on training rows; end-to-end preprocessing,0.4434106249827891,0.3691220000000044,210026496.0,,0.9987808641975308,,,,,,,0.5,exp_004_real_f50_v1
,,,11,0,multiclass,wine,extra_trees,complete,,,,0.1861345143876356,0.0813501993815104,0.9722222222222222,,0.1236684084927743,,,,,,,,,,,,1284147.0,0.2821936670225113,0.257450999999989,256.0,13364.0,6810.0,118.0,0.023332041921094,5057.422766471134,median 5 warm calls on training rows; end-to-end preprocessing,0.2821936670225113,0.257450999999989,210878464.0,,0.9991975308641976,,,,,,,0.5,exp_004_real_f50_v1
,,,11,0,multiclass,wine,xgboost,complete,,,,0.1857583969831466,0.0994370219735465,0.9555555555555556,,0.1511639595996428,,,,,,,,,,,,275961.0,0.0638468340039253,0.0566210000000069,300.0,1926.0,1113.0,118.0,0.0029665001202374,39777.513978510826,median 5 warm calls on training rows; end-to-end preprocessing,0.0638468340039253,0.0566210000000069,212074496.0,,0.9952469135802468,,,,,,,0.5,exp_004_real_f50_v1
,,,11,0,multiclass,wine,lightgbm,complete,,,,0.2227813408025933,0.1111479093721177,0.925,,0.1689668269267087,,,,,,,,,,,,217623.0,0.0334753750357776,0.0296600000000069,300.0,2822.0,1561.0,118.0,0.0055450000800192,21280.432515267097,median 5 warm calls on training rows; end-to-end preprocessing,0.0334753750357776,0.0296600000000069,213942272.0,,0.9892487373737374,,,,,,,0.5,exp_004_real_f50_v1
,,,11,0,multiclass,wine,catboost,complete,,,,0.1974590776186845,0.0822631945216422,0.9722222222222222,,0.1250563418574147,,,,,,,,,,,,69422.0,0.1420652081724256,0.1190079999999937,100.0,3100.0,1600.0,118.0,0.0018524159677326,63700.59536057142,median 5 warm calls on training rows; end-to-end preprocessing,0.1420652081724256,0.1190079999999937,214958080.0,,0.9988117283950618,,,,,,,0.5,exp_004_real_f50_v1
,,,11,0,multiclass,wine,linear,complete,,,,0.0843451261829404,0.0436316617449146,0.9652777777777778,,0.0663287638987034,,,,,,,,,,,,4058.0,0.0100380419753491,0.0105689999999896,1.0,,,118.0,0.0023646668996661,49901.32014646864,median 5 warm calls on training rows; end-to-end preprocessing,0.0100380419753491,0.0105689999999896,215236608.0,42.0,0.9991407126823794,,,,,,,0.5,exp_004_real_f50_v1
100.0,100.0,1.0,11,1,multiclass,wine,direct_auroc,not_applicable,task restriction defined in config,,,,,,,,,,,,,,,,,,,,,,,,,,,,,,,,,,,,,,,,0.5,exp_004_real_f50_v1
100.0,100.0,1.0,11,1,multiclass,wine,coerror_no_cert_affine,not_applicable,task restriction defined in config,,,,,,,,,,,,,,,,,,,,,,,,,,,,,,,,,,,,,,,,0.5,exp_004_real_f50_v1
100.0,100.0,1.0,11,1,multiclass,wine,affine_profiled,not_applicable,task restriction defined in config,,,,,,,,,,,,,,,,,,,,,,,,,,,,,,,,,,,,,,,,0.5,exp_004_real_f50_v1
100.0,100.0,1.0,11,1,multiclass,wine,random_subspace,complete,,,,0.1706162729496031,0.105144708419949,0.918840579710145,,0.1593354011487588,0.9311466210596172,0.3787317085923286,0.3787317085923286,0.8078353641994895,3.365607019007561,0.3705808080808081,13.0,0.0948947797759874,8.0,equal,False,30962.0,0.0532428340520709,0.0479740000000106,8.0,76.0,42.0,119.0,0.0237745831254869,5005.345388051364,median 5 warm calls on training rows; end-to-end preprocessing,,,,,0.9942820095120398,,,,,,,0.5,exp_004_real_f50_v1
100.0,100.0,1.0,11,1,multiclass,wine,certified_random,complete,,,,0.1706162729496031,0.105144708419949,0.918840579710145,,0.1593354011487588,0.9311466210596172,0.3787317085923286,0.3787317085923286,0.8078353641994895,3.365607019007561,0.3705808080808081,13.0,0.0948947797759874,8.0,equal,True,30962.0,3.236770750721917,2.864575000000002,8.0,76.0,42.0,119.0,0.0217397920787334,5473.833400477164,median 5 warm calls on training rows; end-to-end preprocessing,,,,,0.9942820095120398,,,,,,,0.5,exp_004_real_f50_v1
100.0,100.0,1.0,11,1,multiclass,wine,top_quality,complete,,,,1.1722559583012655,0.1828911264542172,0.9043478260869564,,0.2771516649581785,0.9773112275091012,0.5985520314904941,0.5985520314904941,1.0,2.061541353219329,0.481024531024531,12.0,0.0693751030183163,8.0,equal,True,28914.0,3.2221485839691013,2.8591690000000085,8.0,56.0,32.0,119.0,0.0240477910265326,4948.479461947408,median 5 warm calls on training rows; end-to-end preprocessing,,,,,0.9389618063657498,,,,,,,0.5,exp_004_real_f50_v1
100.0,100.0,1.0,11,1,multiclass,wine,top_no_cert,complete,,,,1.1722559583012655,0.1828911264542172,0.9043478260869564,,0.2771516649581785,0.9773112275091012,0.5985520314904941,0.5985520314904941,1.0,2.061541353219329,0.481024531024531,12.0,0.0693751030183163,8.0,equal,True,28914.0,3.215026126243174,2.855255000000014,8.0,56.0,32.0,119.0,0.0207462909165769,5735.965068575945,median 5 warm calls on training rows; end-to-end preprocessing,,,,,0.9389618063657498,,,,,,,0.5,exp_004_real_f50_v1
100.0,100.0,1.0,11,1,multiclass,wine,abs_correlation,complete,,,,0.1746035828984563,0.0886496195346682,0.918840579710145,,0.1343388830736562,0.932214048548586,0.2671395998575135,0.2671395998575135,0.6845138397482476,4.250805911142906,0.3941919191919193,13.0,0.0781364284843481,8.0,equal,True,31106.0,3.305028334958479,2.9436359999999695,8.0,80.0,44.0,119.0,0.0236232909373939,5037.401449077186,median 5 warm calls on training rows; end-to-end preprocessing,,,,,0.997132416697634,,,,,,,0.5,exp_004_real_f50_v1
100.0,100.0,1.0,11,1,multiclass,wine,signed_correlation,complete,,,,0.1746035828984563,0.0886496195346682,0.918840579710145,,0.1343388830736562,0.932214048548586,0.2671395998575135,0.2671395998575135,0.6845138397482476,4.250805911142906,0.3941919191919193,13.0,0.0781364284843481,8.0,equal,True,31106.0,3.3263145417440683,2.9559420000000074,8.0,80.0,44.0,119.0,0.0200745831243693,5927.893957386387,median 5 warm calls on training rows; end-to-end preprocessing,,,,,0.997132416697634,,,,,,,0.5,exp_004_real_f50_v1
100.0,100.0,1.0,11,1,multiclass,wine,minimax,complete,,,,0.1650414601564856,0.0813064947855934,0.918840579710145,,0.1232111739843301,0.9259169033412826,0.3015035547556277,0.3015035547556277,0.4950771138799979,4.106738038148192,0.3666666666666667,13.0,0.0910362125437865,8.0,equal,True,31042.0,3.2513580839149654,2.8901429999999806,8.0,78.0,43.0,119.0,0.0223069591447711,5334.658087088235,median 5 warm calls on training rows; end-to-end preprocessing,,,,,0.998389694041868,,,,,,,0.5,exp_004_real_f50_v1
100.0,100.0,1.0,11,1,multiclass,wine,quality_diversity,complete,,,,0.2071188008464235,0.1331863150085065,0.9043478260869564,,0.2018294144166275,0.9645427600787452,0.3668217173714531,0.3668217173714531,1.0,3.715892501236449,0.3656565656565656,13.0,0.0588452250855789,8.0,equal,True,30066.0,3.354990751016885,2.9714629999999858,8.0,68.0,38.0,119.0,0.0214609580580145,5544.952824487717,median 5 warm calls on training rows; end-to-end preprocessing,,,,,0.9876501919980182,,,,,,,0.5,exp_004_real_f50_v1
100.0,100.0,1.0,11,1,multiclass,wine,prediction_correlation,complete,,,,0.2023316600928183,0.0806031338205124,0.9833333333333334,,0.1221453067314014,0.8954341938197117,0.3824769065211501,0.3824769065211501,0.8050300070979047,3.1373013985785763,0.4422979797979798,13.0,0.1534209896837901,8.0,equal,True,32226.0,3.2958771670237184,2.9187619999999868,8.0,92.0,50.0,119.0,0.0213740000035613,5567.511929455039,median 5 warm calls on training rows; end-to-end preprocessing,,,,,0.9995974235104668,,,,,,,0.5,exp_004_real_f50_v1
100.0,100.0,1.0,11,1,multiclass,wine,coerror_greedy,complete,,,,0.2027444739680404,0.1350633346646422,0.9043478260869564,,0.2046738341156195,0.9630508116856162,0.3676716095797531,0.3676716095797531,1.0,3.815655044975629,0.3868686868686869,13.0,0.0568989197657537,8.0,equal,True,30098.0,3.216892333002761,2.855031000000011,8.0,68.0,38.0,119.0,0.0184438328724354,6452.0211619270885,median 5 warm calls on training rows; end-to-end preprocessing,,,,,0.9867954911433172,,,,,,,0.5,exp_004_real_f50_v1
100.0,100.0,1.0,11,1,multiclass,wine,direct_squared,complete,,,,0.2027444739680404,0.1350633346646422,0.9043478260869564,,0.2046738341156195,0.963050811685616,0.3676716095797531,0.3676716095797531,1.0,3.815655044975629,0.3868686868686869,13.0,0.0568989197657537,8.0,equal,True,30098.0,3.244009916903451,2.874674000000013,8.0,68.0,38.0,119.0,0.0212301660794764,5605.231704477296,median 5 warm calls on training rows; end-to-end preprocessing,,,,,0.9867954911433172,,,,,,,0.5,exp_004_real_f50_v1
100.0,100.0,1.0,11,1,multiclass,wine,coerror,complete,,,,0.2027444739680404,0.1350633346646422,0.9043478260869564,,0.2046738341156195,0.9624316714740996,0.3614031573685554,0.3614031573685554,1.0,3.8389047893746855,0.3618686868686869,13.0,0.0565850135542306,8.0,equal,True,30130.0,3.226287417812273,2.859308999999996,8.0,68.0,38.0,119.0,0.0217003747820854,5483.776257092092,median 5 warm calls on training rows; end-to-end preprocessing,,,,,0.9867954911433172,,,,,,,0.5,exp_004_real_f50_v1
100.0,100.0,1.0,11,1,multiclass,wine,coerror_no_cert,complete,,,,0.2027444739680404,0.1350633346646422,0.9043478260869564,,0.2046738341156195,0.9624316714740996,0.3614031573685554,0.3614031573685554,1.0,3.8389047893746855,0.3618686868686869,13.0,0.0565850135542306,8.0,equal,True,30130.0,3.21169808274135,2.8557559999999995,8.0,68.0,38.0,119.0,0.0224005000200122,5312.381415311589,median 5 warm calls on training rows; end-to-end preprocessing,,,,,0.9867954911433172,,,,,,,0.5,exp_004_real_f50_v1
100.0,100.0,1.0,11,1,multiclass,wine,covariance_only,complete,,,,0.2027444739680404,0.1350633346646422,0.9043478260869564,,0.2046738341156195,0.9624316714740996,0.3614031573685555,0.3614031573685555,1.0,3.838904789374685,0.3618686868686869,13.0,0.0565850135542306,8.0,equal,True,30098.0,3.2177395422477275,2.8550440000000066,8.0,68.0,38.0,119.0,0.0204474171623587,5819.805946888231,median 5 warm calls on training rows; end-to-end preprocessing,,,,,0.9867954911433172,,,,,,,0.5,exp_004_real_f50_v1
100.0,100.0,1.0,11,1,multiclass,wine,shrinkage,complete,,,,0.2027444739680403,0.1350633346646422,0.9043478260869564,,0.2046738341156195,0.9624316714740996,0.3614031573685555,0.3614031573685555,1.0,3.8389047893746855,0.3618686868686868,13.0,0.0565850135542306,8.0,equal,True,30114.0,3.2204757921863347,2.85838600000001,8.0,68.0,38.0,119.0,0.0220034159719944,5408.251162067804,median 5 warm calls on training rows; end-to-end preprocessing,,,,,0.9867954911433172,,,,,,,0.5,exp_004_real_f50_v1
100.0,100.0,1.0,11,1,multiclass,wine,caruana,complete,,,,0.2027444739680404,0.1350633346646422,0.9043478260869564,,0.2046738341156195,0.9618202232107648,0.3466432387244225,0.3466432387244225,0.9125081048871156,3.785867706234225,0.3797979797979797,13.0,0.0568989197657537,8.0,frequency_weighted,True,26770.0,3.237138291820884,2.8736159999999984,7.0,61.0,34.0,119.0,0.0219548339955508,5420.218619011888,median 5 warm calls on training rows; end-to-end preprocessing,,,,,0.9867954911433172,,,,,,,0.5,exp_004_real_f50_v1
,,,11,1,multiclass,wine,rf_shallow,complete,,,,0.2839338761698283,0.1362116205836852,0.9710144927536232,,0.2064139368777426,,,,,,,,,,,,14675.0,0.0197678329423069,0.0175120000000106,8.0,88.0,48.0,119.0,0.0041638328693807,28579.437199576863,median 5 warm calls on training rows; end-to-end preprocessing,0.0197678329423069,0.0175120000000106,214941696.0,,0.9953334975326888,,,,,,,0.5,exp_004_real_f50_v1
,,,11,1,multiclass,wine,et_shallow,complete,,,,0.4589260656081342,0.252034913816371,0.8898550724637682,,0.3819315750635072,,,,,,,,,,,,14851.0,0.015418916940689,0.0141350000000102,8.0,90.0,49.0,119.0,0.0048629590310156,24470.69762279011,median 5 warm calls on training rows; end-to-end preprocessing,0.015418916940689,0.0141350000000102,214941696.0,,0.9798036233324404,,,,,,,0.5,exp_004_real_f50_v1
,,,11,1,multiclass,wine,random_patches,complete,,,,0.2049552775424493,0.109599370291902,0.9666666666666668,,0.1660859580433086,,,,,,,,,,,,26690.0,0.0531707918271422,0.0487399999999951,8.0,72.0,40.0,119.0,0.0229687499813735,5180.9523851538615,median 5 warm calls on training rows; end-to-end preprocessing,0.0531707918271422,0.0487399999999951,214974464.0,,0.9934101325405672,,,,,,,0.5,exp_004_real_f50_v1
,,,11,1,multiclass,wine,random_forest,complete,,,,0.1495190050706232,0.0700502557269597,0.9521739130434784,,0.1061535645926106,,,,,,,,,,,,500947.0,0.4102934999391436,0.3720670000000012,256.0,4464.0,2360.0,119.0,0.0210101250559091,5663.935825385814,median 5 warm calls on training rows; end-to-end preprocessing,0.4102934999391436,0.3720670000000012,215007232.0,,0.999194847020934,,,,,,,0.5,exp_004_real_f50_v1
,,,11,1,multiclass,wine,extra_trees,complete,,,,0.1426230010173376,0.0590815140029131,1.0,,0.0895316262282211,,,,,,,,,,,,1317939.0,0.3004392909351736,0.266537999999997,256.0,13748.0,7002.0,119.0,0.0238734160084277,4984.623899570589,median 5 warm calls on training rows; end-to-end preprocessing,0.3004392909351736,0.266537999999997,215056384.0,,1.0,,,,,,,0.5,exp_004_real_f50_v1
,,,11,1,multiclass,wine,xgboost,complete,,,,0.1842964887619018,0.1104926066670575,0.918840579710145,,0.1674395608854756,,,,,,,,,,,,279914.0,0.0736956670880317,0.0578029999999927,300.0,2042.0,1171.0,119.0,0.0033559158910065,35459.76832104293,median 5 warm calls on training rows; end-to-end preprocessing,0.0736956670880317,0.0578029999999927,215040000.0,,0.9928361189609928,,,,,,,0.5,exp_004_real_f50_v1
,,,11,1,multiclass,wine,lightgbm,complete,,,,0.222070913705907,0.1308138599018762,0.918840579710145,,0.1982342160295382,,,,,,,,,,,,219959.0,0.0328519579488784,0.0288060000000029,300.0,2876.0,1588.0,119.0,0.0063130839262157,18849.741487807496,median 5 warm calls on training rows; end-to-end preprocessing,0.0328519579488784,0.0288060000000029,213401600.0,,0.991775052644618,,,,,,,0.5,exp_004_real_f50_v1
,,,11,1,multiclass,wine,catboost,complete,,,,0.1985740651469643,0.0925148616490712,0.9210144927536232,,0.1401962382567216,,,,,,,,,,,,69414.0,0.1402549999766051,0.115594999999999,100.0,3100.0,1600.0,119.0,0.0032452910672873,36668.51371192098,median 5 warm calls on training rows; end-to-end preprocessing,0.1402549999766051,0.115594999999999,213778432.0,,0.9946674098848012,,,,,,,0.5,exp_004_real_f50_v1
,,,11,1,multiclass,wine,linear,complete,,,,0.0639255475279394,0.0252602134876058,1.0,,0.038279113705615,,,,,,,,,,,,4058.0,0.015579542145133,0.0124860000000097,1.0,,,119.0,0.0032889998983591,36181.21121237093,median 5 warm calls on training rows; end-to-end preprocessing,0.015579542145133,0.0124860000000097,213745664.0,42.0,1.0,,,,,,,0.5,exp_004_real_f50_v1
100.0,100.0,1.0,11,2,multiclass,wine,direct_auroc,not_applicable,task restriction defined in config,,,,,,,,,,,,,,,,,,,,,,,,,,,,,,,,,,,,,,,,0.5,exp_004_real_f50_v1
100.0,100.0,1.0,11,2,multiclass,wine,coerror_no_cert_affine,not_applicable,task restriction defined in config,,,,,,,,,,,,,,,,,,,,,,,,,,,,,,,,,,,,,,,,0.5,exp_004_real_f50_v1
100.0,100.0,1.0,11,2,multiclass,wine,affine_profiled,not_applicable,task restriction defined in config,,,,,,,,,,,,,,,,,,,,,,,,,,,,,,,,,,,,,,,,0.5,exp_004_real_f50_v1
100.0,100.0,1.0,11,2,multiclass,wine,random_subspace,complete,,,,0.1459344086079868,0.0639967137963149,0.9791666666666666,,0.0973147322577784,0.9385781345342586,0.4569712674952467,0.4569712674952467,0.9773505848177104,2.94651313810621,0.346969696969697,13.0,0.1130184311091899,8.0,equal,False,32226.0,0.0643779169768095,0.0516999999999825,8.0,92.0,50.0,119.0,0.0193506251089274,6149.67213359422,median 5 warm calls on training rows; end-to-end preprocessing,,,,,0.999515503875969,,,,,,,0.5,exp_004_real_f50_v1
100.0,100.0,1.0,11,2,multiclass,wine,certified_random,complete,,,,0.1459344086079868,0.0639967137963149,0.9791666666666666,,0.0973147322577784,0.9385781345342586,0.4569712674952467,0.4569712674952467,0.9773505848177104,2.94651313810621,0.346969696969697,13.0,0.1130184311091899,8.0,equal,True,32226.0,3.216027874033898,2.807914000000025,8.0,92.0,50.0,119.0,0.0245865408796817,4840.046453966263,median 5 warm calls on training rows; end-to-end preprocessing,,,,,0.999515503875969,,,,,,,0.5,exp_004_real_f50_v1
100.0,100.0,1.0,11,2,multiclass,wine,top_quality,complete,,,,0.1943804804562742,0.1171504237288135,0.8819444444444445,,0.1781413676230239,0.9612114544809338,0.8265017524158828,0.8265017524158828,0.9958997722095672,1.3639335349558168,0.5742063492063493,11.0,0.1445561845443812,8.0,equal,True,33170.0,3.237097166944295,2.8130709999999937,8.0,104.0,56.0,119.0,0.0246673340443521,4824.193801650252,median 5 warm calls on training rows; end-to-end preprocessing,,,,,0.9887596899224804,,,,,,,0.5,exp_004_real_f50_v1
100.0,100.0,1.0,11,2,multiclass,wine,top_no_cert,complete,,,,0.1943804804562742,0.1171504237288135,0.8819444444444445,,0.1781413676230239,0.9612114544809338,0.8265017524158828,0.8265017524158828,0.9958997722095672,1.3639335349558168,0.5742063492063493,11.0,0.1445561845443812,8.0,equal,True,33170.0,3.234429750125855,2.8134990000000073,8.0,104.0,56.0,119.0,0.0208142499905079,5717.236991689263,median 5 warm calls on training rows; end-to-end preprocessing,,,,,0.9887596899224804,,,,,,,0.5,exp_004_real_f50_v1
100.0,100.0,1.0,11,2,multiclass,wine,abs_correlation,complete,,,,0.1599942616612882,0.0618349435451255,0.9791666666666666,,0.0940274995122519,0.9271123878311128,0.3296551145255647,0.3296551145255647,0.880975038750871,4.046161493700279,0.405050505050505,13.0,0.0968666032518464,8.0,equal,True,32082.0,3.309148082975298,2.876215999999999,8.0,90.0,49.0,119.0,0.020840415963903,5710.058772632734,median 5 warm calls on training rows; end-to-end preprocessing,,,,,0.9996031746031746,,,,,,,0.5,exp_004_real_f50_v1
100.0,100.0,1.0,11,2,multiclass,wine,signed_correlation,complete,,,,0.1599942616612882,0.0618349435451255,0.9791666666666666,,0.0940274995122519,0.9271123878311128,0.3296551145255647,0.3296551145255647,0.880975038750871,4.046161493700279,0.405050505050505,13.0,0.0968666032518464,8.0,equal,True,32082.0,3.295708917081356,2.8716550000000183,8.0,90.0,49.0,119.0,0.0193815419916063,6139.862352104689,median 5 warm calls on training rows; end-to-end preprocessing,,,,,0.9996031746031746,,,,,,,0.5,exp_004_real_f50_v1
100.0,100.0,1.0,11,2,multiclass,wine,minimax,complete,,,,0.1786286517546154,0.0672953867720127,0.9791666666666666,,0.1023307629005032,0.9195128629618108,0.3786004489516207,0.3786004489516207,0.5553532835713919,3.778948945910399,0.3957070707070707,13.0,0.1213545444941286,8.0,equal,True,31778.0,3.3454507512506098,2.8403450000000134,8.0,88.0,48.0,119.0,0.0254712079185992,4671.941761863025,median 5 warm calls on training rows; end-to-end preprocessing,,,,,1.0,,,,,,,0.5,exp_004_real_f50_v1
100.0,100.0,1.0,11,2,multiclass,wine,quality_diversity,complete,,,,0.1404183623296959,0.0622839911868641,0.9791666666666666,,0.0947103306833315,0.954050767782994,0.422029772387529,0.422029772387529,0.9770620564060696,3.0192855878051708,0.4035353535353536,13.0,0.0925610216745997,8.0,equal,True,31948.0,3.3324094580020756,2.890923000000015,8.0,88.0,48.0,119.0,0.0320914168842136,3708.1566211100553,median 5 warm calls on training rows; end-to-end preprocessing,,,,,0.9992063492063492,,,,,,,0.5,exp_004_real_f50_v1
100.0,100.0,1.0,11,2,multiclass,wine,prediction_correlation,complete,,,,0.1941309418791513,0.0709473801897656,1.0,,0.1078840599461438,0.8921889064912587,0.3918742075226003,0.3918742075226003,0.8044125632157961,3.5089022324168044,0.4195707070707071,13.0,0.1565825548931948,8.0,equal,True,31986.0,3.3083252906799316,2.879322000000016,8.0,88.0,48.0,119.0,0.022189375013113,5362.927073415804,median 5 warm calls on training rows; end-to-end preprocessing,,,,,1.0,,,,,,,0.5,exp_004_real_f50_v1
100.0,100.0,1.0,11,2,multiclass,wine,coerror_greedy,complete,,,,0.1408301220729346,0.0650517459339838,0.9791666666666666,,0.098919036040116,0.9502896405937046,0.4032634590767188,0.4032634590767188,0.9770620564060696,3.2579249661306307,0.3983585858585859,13.0,0.0887272483832037,8.0,equal,True,32047.0,3.239293123828247,2.8154250000000047,8.0,90.0,49.0,119.0,0.0240801251493394,4941.834781255877,median 5 warm calls on training rows; end-to-end preprocessing,,,,,0.9996031746031746,,,,,,,0.5,exp_004_real_f50_v1
100.0,100.0,1.0,11,2,multiclass,wine,direct_squared,complete,,,,0.1408301220729346,0.0650517459339838,0.9791666666666666,,0.098919036040116,0.9502896405937046,0.4032634590767188,0.4032634590767188,0.9770620564060696,3.25792496613063,0.3983585858585859,13.0,0.0887272483832037,8.0,equal,True,32066.0,3.2505024150013924,2.831672000000026,8.0,90.0,49.0,119.0,0.0298897500615566,3981.2979283842938,median 5 warm calls on training rows; end-to-end preprocessing,,,,,0.9996031746031746,,,,,,,0.5,exp_004_real_f50_v1
100.0,100.0,1.0,11,2,multiclass,wine,coerror,complete,,,,0.1377956102412071,0.062031039510267,0.9791666666666666,,0.0943256871099044,0.94911490988438,0.3881411245625491,0.3881411245625491,0.9770620564060696,3.351999562218019,0.3914141414141414,13.0,0.0883994666294765,8.0,equal,True,32063.0,3.2270408738404512,2.8129800000000245,8.0,90.0,49.0,119.0,0.0220973750110715,5385.255033250638,median 5 warm calls on training rows; end-to-end preprocessing,,,,,1.0,,,,,,,0.5,exp_004_real_f50_v1
100.0,100.0,1.0,11,2,multiclass,wine,coerror_no_cert,complete,,,,0.1377956102412071,0.062031039510267,0.9791666666666666,,0.0943256871099044,0.94911490988438,0.3881411245625491,0.3881411245625491,0.9770620564060696,3.351999562218019,0.3914141414141414,13.0,0.0883994666294765,8.0,equal,True,32063.0,3.246999873314053,2.817430000000016,8.0,90.0,49.0,119.0,0.0217230839189142,5478.043561595193,median 5 warm calls on training rows; end-to-end preprocessing,,,,,1.0,,,,,,,0.5,exp_004_real_f50_v1
100.0,100.0,1.0,11,2,multiclass,wine,covariance_only,complete,,,,0.1377956102412071,0.062031039510267,0.9791666666666666,,0.0943256871099044,0.94911490988438,0.3881411245625491,0.3881411245625491,0.9770620564060696,3.351999562218019,0.3914141414141414,13.0,0.0883994666294765,8.0,equal,True,32063.0,3.2328308748546988,2.8131130000000155,8.0,90.0,49.0,119.0,0.020409874850884,5830.511008490841,median 5 warm calls on training rows; end-to-end preprocessing,,,,,1.0,,,,,,,0.5,exp_004_real_f50_v1
100.0,100.0,1.0,11,2,multiclass,wine,shrinkage,complete,,,,0.1408301220729346,0.0650517459339839,0.9791666666666666,,0.098919036040116,0.949434903575216,0.398045122927967,0.398045122927967,0.9770620564060696,3.2573849062807536,0.382070707070707,13.0,0.0884447336679159,8.0,equal,True,32034.0,3.2136044988874346,2.805336000000011,8.0,90.0,49.0,119.0,0.0225943338591605,5266.80718899589,median 5 warm calls on training rows; end-to-end preprocessing,,,,,0.9996031746031746,,,,,,,0.5,exp_004_real_f50_v1
100.0,100.0,1.0,11,2,multiclass,wine,caruana,complete,,,,0.1409995380022851,0.0653624803972607,0.9791666666666666,,0.0993915453191595,0.9505096515013324,0.4022636836755174,0.4022636836755174,0.910898257630548,3.230637217648466,0.4196969696969697,12.0,0.0886718929076801,8.0,frequency_weighted,True,28498.0,3.2510897498577833,2.8262450000000143,7.0,81.0,44.0,119.0,0.0204854998737573,5808.986880151416,median 5 warm calls on training rows; end-to-end preprocessing,,,,,0.9991186784791436,,,,,,,0.5,exp_004_real_f50_v1
,,,11,2,multiclass,wine,rf_shallow,complete,,,,0.2325711971733721,0.1042348240252829,0.9652777777777778,,0.1585016384472721,,,,,,,,,,,,14499.0,0.0175367919728159,0.0162569999999959,8.0,86.0,47.0,119.0,0.0032396249007433,36732.64765087286,median 5 warm calls on training rows; end-to-end preprocessing,0.0175367919728159,0.0162569999999959,210108416.0,,0.995902547065338,,,,,,,0.5,exp_004_real_f50_v1
,,,11,2,multiclass,wine,et_shallow,complete,,,,0.4000275121677132,0.1974034233446898,0.9652777777777778,,0.3001757457531131,,,,,,,,,,,,15379.0,0.0154015410225838,0.0141919999999942,8.0,96.0,52.0,119.0,0.0050002080388367,23799.00977633822,median 5 warm calls on training rows; end-to-end preprocessing,0.0154015410225838,0.0141919999999942,210075648.0,,0.9974437061646364,,,,,,,0.5,exp_004_real_f50_v1
,,,11,2,multiclass,wine,random_patches,complete,,,,0.1737977997213466,0.0733530567843621,0.9861111111111112,,0.1115421817435703,,,,,,,,,,,,26578.0,0.0501675829291343,0.045500000000004,8.0,72.0,40.0,119.0,0.0259357918985188,4588.253964468157,median 5 warm calls on training rows; end-to-end preprocessing,0.0501675829291343,0.045500000000004,210108416.0,,0.9996031746031746,,,,,,,0.5,exp_004_real_f50_v1
,,,11,2,multiclass,wine,random_forest,complete,,,,0.1134987905884947,0.0324520822298728,1.0,,0.0493473102925065,,,,,,,,,,,,524355.0,0.392699042102322,0.3591300000000075,256.0,4730.0,2493.0,119.0,0.0226874591317027,5245.188511820301,median 5 warm calls on training rows; end-to-end preprocessing,0.392699042102322,0.3591300000000075,210124800.0,,1.0,,,,,,,0.5,exp_004_real_f50_v1
,,,11,2,multiclass,wine,extra_trees,complete,,,,0.1301009334647338,0.0393045716366525,1.0,,0.0597673480157314,,,,,,,,,,,,1402419.0,0.297020792029798,0.2626910000000038,256.0,14708.0,7482.0,119.0,0.0242512088734656,4906.971880078245,median 5 warm calls on training rows; end-to-end preprocessing,0.297020792029798,0.2626910000000038,210190336.0,,1.0,,,,,,,0.5,exp_004_real_f50_v1
,,,11,2,multiclass,wine,xgboost,complete,,,,0.081474483013153,0.0331808818095687,0.9791666666666666,,0.0504555380710986,,,,,,,,,,,,289480.0,0.0681441249325871,0.0615230000000082,300.0,2322.0,1311.0,119.0,0.0037810839712619,31472.45628620156,median 5 warm calls on training rows; end-to-end preprocessing,0.0681441249325871,0.0615230000000082,210649088.0,,0.9977528608342562,,,,,,,0.5,exp_004_real_f50_v1
,,,11,2,multiclass,wine,lightgbm,complete,,,,0.0319026149550602,0.0159265066676773,0.9791666666666666,,0.0242181768441989,,,,,,,,,,,,209271.0,0.0307632919866591,0.0281399999999933,300.0,2656.0,1478.0,119.0,0.0052964580245316,22467.84538814954,median 5 warm calls on training rows; end-to-end preprocessing,0.0307632919866591,0.0281399999999933,211779584.0,,1.0,,,,,,,0.5,exp_004_real_f50_v1
,,,11,2,multiclass,wine,catboost,complete,,,,0.1145596814259481,0.027208391537634,1.0,,0.0413736453105522,,,,,,,,,,,,69438.0,0.1287350000347942,0.1172779999999988,100.0,3100.0,1600.0,119.0,0.0025122500956058,47367.89550058795,median 5 warm calls on training rows; end-to-end preprocessing,0.1287350000347942,0.1172779999999988,212385792.0,,1.0,,,,,,,0.5,exp_004_real_f50_v1
,,,11,2,multiclass,wine,linear,complete,,,,0.051684145267027,0.0179406190121041,0.9861111111111112,,0.0272808779097381,,,,,,,,,,,,4058.0,0.0110234159510582,0.010159999999999,1.0,,,119.0,0.0031571248546242,37692.52262092187,median 5 warm calls on training rows; end-to-end preprocessing,0.0110234159510582,0.010159999999999,212353024.0,42.0,1.0,,,,,,,0.5,exp_004_real_f50_v1
100.0,100.0,1.0,29,0,multiclass,wine,direct_auroc,not_applicable,task restriction defined in config,,,,,,,,,,,,,,,,,,,,,,,,,,,,,,,,,,,,,,,,0.5,exp_004_real_f50_v1
100.0,100.0,1.0,29,0,multiclass,wine,coerror_no_cert_affine,not_applicable,task restriction defined in config,,,,,,,,,,,,,,,,,,,,,,,,,,,,,,,,,,,,,,,,0.5,exp_004_real_f50_v1
100.0,100.0,1.0,29,0,multiclass,wine,affine_profiled,not_applicable,task restriction defined in config,,,,,,,,,,,,,,,,,,,,,,,,,,,,,,,,,,,,,,,,0.5,exp_004_real_f50_v1
100.0,100.0,1.0,29,0,multiclass,wine,random_subspace,complete,,,,0.1599881752105412,0.0839946931906426,0.9583333333333334,,0.1276885626304507,0.9174852289611948,0.5038478585645467,0.5038478585645467,0.9871920784387578,2.5866879440398485,0.3696969696969697,13.0,0.1547659038196254,8.0,equal,False,31962.0,0.05486924899742,0.0486990000000133,8.0,88.0,48.0,118.0,0.0245365831069648,4809.145571964547,median 5 warm calls on training rows; end-to-end preprocessing,,,,,0.9956944444444444,,,,,,,0.5,exp_004_real_f50_v1
100.0,100.0,1.0,29,0,multiclass,wine,certified_random,complete,,,,0.1599881752105412,0.0839946931906426,0.9583333333333334,,0.1276885626304507,0.9174852289611948,0.5038478585645467,0.5038478585645467,0.9871920784387578,2.5866879440398485,0.3696969696969697,13.0,0.1547659038196254,8.0,equal,True,31962.0,3.237347208429128,2.8846889999999945,8.0,88.0,48.0,118.0,0.0255860830657184,4611.882158629534,median 5 warm calls on training rows; end-to-end preprocessing,,,,,0.9956944444444444,,,,,,,0.5,exp_004_real_f50_v1
100.0,100.0,1.0,29,0,multiclass,wine,top_quality,complete,,,,0.1682635625038533,0.1079695232107758,0.9388888888888888,,0.1641350507155006,0.9570097297333422,0.7499036182087274,0.7499036182087274,0.9442938930794234,1.5866116294839838,0.490530303030303,12.0,0.1342055835399131,8.0,equal,True,32010.0,3.261926751350984,2.888845000000003,8.0,88.0,48.0,118.0,0.0211869589984416,5569.463744593026,median 5 warm calls on training rows; end-to-end preprocessing,,,,,0.9879629629629628,,,,,,,0.5,exp_004_real_f50_v1
100.0,100.0,1.0,29,0,multiclass,wine,top_no_cert,complete,,,,0.1682635625038533,0.1079695232107758,0.9388888888888888,,0.1641350507155006,0.9570097297333422,0.7499036182087274,0.7499036182087274,0.9442938930794234,1.5866116294839838,0.490530303030303,12.0,0.1342055835399131,8.0,equal,True,32010.0,3.232911664992571,2.8817419999999885,8.0,88.0,48.0,118.0,0.0215927078388631,5464.807882391686,median 5 warm calls on training rows; end-to-end preprocessing,,,,,0.9879629629629628,,,,,,,0.5,exp_004_real_f50_v1
100.0,100.0,1.0,29,0,multiclass,wine,abs_correlation,complete,,,,0.142294808703101,0.0589092812673566,0.9861111111111112,,0.0895537701834202,0.9131869153465088,0.3090321870904064,0.3090321870904064,0.7732788066248225,4.059003879046129,0.3664141414141414,13.0,0.1041573354346762,8.0,equal,True,32202.0,3.352678333874792,2.978728000000004,8.0,92.0,50.0,118.0,0.0238221250474452,4953.378414603461,median 5 warm calls on training rows; end-to-end preprocessing,,,,,0.9991975308641976,,,,,,,0.5,exp_004_real_f50_v1
100.0,100.0,1.0,29,0,multiclass,wine,signed_correlation,complete,,,,0.142294808703101,0.0589092812673566,0.9861111111111112,,0.0895537701834202,0.9131869153465088,0.3090321870904064,0.3090321870904064,0.7732788066248225,4.059003879046129,0.3664141414141414,13.0,0.1041573354346762,8.0,equal,True,32202.0,3.3477106243371964,2.9795350000000127,8.0,92.0,50.0,118.0,0.0193279159720987,6105.158992327048,median 5 warm calls on training rows; end-to-end preprocessing,,,,,0.9991975308641976,,,,,,,0.5,exp_004_real_f50_v1
100.0,100.0,1.0,29,0,multiclass,wine,minimax,complete,,,,0.1351331819607283,0.0575797258168858,0.9861111111111112,,0.0875325826778861,0.9053156270168188,0.3309528693186658,0.3309528693186658,0.5597685953486837,4.122249325663368,0.4203282828282829,13.0,0.1215574104793186,8.0,equal,True,32036.0,3.299431250197813,2.9420840000000084,8.0,90.0,49.0,118.0,0.0254656251054257,4633.697366999206,median 5 warm calls on training rows; end-to-end preprocessing,,,,,1.0,,,,,,,0.5,exp_004_real_f50_v1
100.0,100.0,1.0,29,0,multiclass,wine,quality_diversity,complete,,,,0.1384152076708615,0.0637963454775197,0.9694444444444444,,0.0969830753070439,0.9405445635954844,0.398804865738006,0.398804865738006,0.8804504518393599,3.696887553478802,0.3914141414141414,13.0,0.1005699184856571,8.0,equal,True,32090.0,3.38175658416003,3.000440999999995,8.0,90.0,49.0,118.0,0.0201871669851243,5845.297662963437,median 5 warm calls on training rows; end-to-end preprocessing,,,,,0.9991975308641976,,,,,,,0.5,exp_004_real_f50_v1
100.0,100.0,1.0,29,0,multiclass,wine,prediction_correlation,complete,,,,0.1850574313786242,0.0872220991839506,0.9861111111111112,,0.132594858691025,0.8781853284624905,0.403301001338564,0.403301001338564,0.9044609455143277,3.1098188766042933,0.3555555555555555,13.0,0.1795896872246632,8.0,equal,True,32234.0,3.3438991254661232,2.978198000000006,8.0,92.0,50.0,118.0,0.0236024169716984,4999.487982162737,median 5 warm calls on training rows; end-to-end preprocessing,,,,,0.9992283950617284,,,,,,,0.5,exp_004_real_f50_v1
100.0,100.0,1.0,29,0,multiclass,wine,coerror_greedy,complete,,,,0.1335159255053789,0.0606345353946042,0.9861111111111112,,0.0921764980167191,0.934231926815956,0.3675392037842604,0.3675392037842604,0.9442938930794234,3.891846996413218,0.3625,13.0,0.0904525867363009,8.0,equal,True,32202.0,3.2292226247955114,2.879936999999998,8.0,92.0,50.0,118.0,0.0230540421325713,5118.40827397841,median 5 warm calls on training rows; end-to-end preprocessing,,,,,0.9983950617283952,,,,,,,0.5,exp_004_real_f50_v1
100.0,100.0,1.0,29,0,multiclass,wine,direct_squared,complete,,,,0.1335159255053789,0.0606345353946042,0.9861111111111112,,0.0921764980167191,0.934231926815956,0.3675392037842605,0.3675392037842605,0.9442938930794234,3.8918469964132183,0.3624999999999999,13.0,0.0904525867363009,8.0,equal,True,32186.0,3.2666463332716376,2.904316999999992,8.0,92.0,50.0,118.0,0.0208716250490397,5653.608653985907,median 5 warm calls on training rows; end-to-end preprocessing,,,,,0.9983950617283952,,,,,,,0.5,exp_004_real_f50_v1
100.0,100.0,1.0,29,0,multiclass,wine,coerror,complete,,,,0.1335159255053789,0.0606345353946042,0.9861111111111112,,0.0921764980167191,0.934231926815956,0.3675392037842604,0.3675392037842604,0.9442938930794234,3.891846996413218,0.3625,13.0,0.0904525867363009,8.0,equal,True,32202.0,3.244731000158936,2.8843960000000095,8.0,92.0,50.0,118.0,0.0193431249354034,6100.35867493293,median 5 warm calls on training rows; end-to-end preprocessing,,,,,0.9983950617283952,,,,,,,0.5,exp_004_real_f50_v1
100.0,100.0,1.0,29,0,multiclass,wine,coerror_no_cert,complete,,,,0.1335159255053789,0.0606345353946042,0.9861111111111112,,0.0921764980167191,0.934231926815956,0.3675392037842604,0.3675392037842604,0.9442938930794234,3.891846996413218,0.3625,13.0,0.0904525867363009,8.0,equal,True,32202.0,3.2432061249855906,2.888200999999981,8.0,92.0,50.0,118.0,0.0267000840976834,4419.461735337305,median 5 warm calls on training rows; end-to-end preprocessing,,,,,0.9983950617283952,,,,,,,0.5,exp_004_real_f50_v1
100.0,100.0,1.0,29,0,multiclass,wine,covariance_only,complete,,,,0.1335159255053789,0.0606345353946042,0.9861111111111112,,0.0921764980167191,0.934231926815956,0.3675392037842604,0.3675392037842604,0.9442938930794234,3.891846996413219,0.3625,13.0,0.0904525867363009,8.0,equal,True,32186.0,3.236456668237224,2.883698999999993,8.0,92.0,50.0,118.0,0.0218776250258088,5393.638471305574,median 5 warm calls on training rows; end-to-end preprocessing,,,,,0.9983950617283952,,,,,,,0.5,exp_004_real_f50_v1
100.0,100.0,1.0,29,0,multiclass,wine,shrinkage,complete,,,,0.1415469979585085,0.0650510404751718,0.9861111111111112,,0.0988904601036785,0.9343537251233222,0.3720996449430491,0.3720996449430491,0.9442938930794234,3.840775567766256,0.3601010101010101,13.0,0.0905579092967581,8.0,equal,True,32250.0,3.2378173742908984,2.885598999999985,8.0,92.0,50.0,118.0,0.0207241252064704,5693.847090016519,median 5 warm calls on training rows; end-to-end preprocessing,,,,,0.9983950617283952,,,,,,,0.5,exp_004_real_f50_v1
100.0,100.0,1.0,29,0,multiclass,wine,caruana,complete,,,,0.1398626654106786,0.0616339370839653,0.9861111111111112,,0.0936957864426596,0.9281816021202364,0.2936546852523428,0.2936546852523428,0.6288400681279067,4.0269384726659725,0.3594612794612794,13.0,0.0899648416094136,8.0,frequency_weighted,True,24586.0,3.251197875244543,2.8928849999999926,6.0,68.0,37.0,118.0,0.0150135420262813,7859.571032168146,median 5 warm calls on training rows; end-to-end preprocessing,,,,,0.9983950617283952,,,,,,,0.5,exp_004_real_f50_v1
,,,29,0,multiclass,wine,rf_shallow,complete,,,,0.2026419627952938,0.1033826071218203,0.9208333333333334,,0.157162030158406,,,,,,,,,,,,13971.0,0.0171849580947309,0.0169429999999977,8.0,80.0,44.0,118.0,0.0032167499884963,36682.987618555984,median 5 warm calls on training rows; end-to-end preprocessing,0.0171849580947309,0.0169429999999977,212418560.0,,0.9960493827160494,,,,,,,0.5,exp_004_real_f50_v1
,,,29,0,multiclass,wine,et_shallow,complete,,,,0.5024990880538813,0.2631094280618203,0.9027777777777778,,0.3999784201542455,,,,,,,,,,,,12563.0,0.0140619580633938,0.0131330000000104,8.0,64.0,36.0,118.0,0.0036687499377876,32163.543986635665,median 5 warm calls on training rows; end-to-end preprocessing,0.0140619580633938,0.0131330000000104,212418560.0,,0.9823148148148148,,,,,,,0.5,exp_004_real_f50_v1
,,,29,0,multiclass,wine,random_patches,complete,,,,0.261232290780767,0.1361839916087963,0.9305555555555556,,0.2070266284839741,,,,,,,,,,,,26818.0,0.0529507501050829,0.0484500000000025,8.0,74.0,41.0,118.0,0.0302338749170303,3902.9069321687302,median 5 warm calls on training rows; end-to-end preprocessing,0.0529507501050829,0.0484500000000025,212451328.0,,0.9893174803591468,,,,,,,0.5,exp_004_real_f50_v1
,,,29,0,multiclass,wine,random_forest,complete,,,,0.1435267593203696,0.0618428548177083,0.9861111111111112,,0.0940133827587638,,,,,,,,,,,,485459.0,0.4205624158494174,0.3600200000000058,256.0,4288.0,2272.0,118.0,0.0224175420589745,5263.73496655315,median 5 warm calls on training rows; end-to-end preprocessing,0.4205624158494174,0.3600200000000058,212336640.0,,0.9995833333333334,,,,,,,0.5,exp_004_real_f50_v1
,,,29,0,multiclass,wine,extra_trees,complete,,,,0.1674940524005087,0.0725977579752604,0.9861111111111112,,0.1103629647770062,,,,,,,,,,,,1320755.0,0.3134445000905543,0.270707999999999,256.0,13780.0,7018.0,118.0,0.022001959150657,5363.1587619994325,median 5 warm calls on training rows; end-to-end preprocessing,0.3134445000905543,0.270707999999999,212353024.0,,0.9988117283950618,,,,,,,0.5,exp_004_real_f50_v1
,,,29,0,multiclass,wine,xgboost,complete,,,,0.1055777743458747,0.0491258423731278,0.9861111111111112,,0.0746810061725852,,,,,,,,,,,,282086.0,0.0603074999526143,0.0561900000000008,300.0,2106.0,1203.0,118.0,0.0034455000422894,34247.56887293211,median 5 warm calls on training rows; end-to-end preprocessing,0.0603074999526143,0.0561900000000008,212271104.0,,0.9976234567901234,,,,,,,0.5,exp_004_real_f50_v1
,,,29,0,multiclass,wine,lightgbm,complete,,,,0.0594062587902077,0.027974884510905,0.9861111111111112,,0.0425273628280633,,,,,,,,,,,,213831.0,0.0318105421029031,0.029687999999993,300.0,2754.0,1527.0,118.0,0.0052155419252812,22624.68631073961,median 5 warm calls on training rows; end-to-end preprocessing,0.0318105421029031,0.029687999999993,212434944.0,,0.9991975308641976,,,,,,,0.5,exp_004_real_f50_v1
,,,29,0,multiclass,wine,catboost,complete,,,,0.1657231653996898,0.0601551946450786,0.9861111111111112,,0.0914478051792061,,,,,,,,,,,,69454.0,0.1214968329295516,0.1112069999999931,100.0,3100.0,1600.0,118.0,0.0028182088863104,41870.565582696465,median 5 warm calls on training rows; end-to-end preprocessing,0.1214968329295516,0.1112069999999931,212516864.0,,0.9996141975308642,,,,,,,0.5,exp_004_real_f50_v1
,,,29,0,multiclass,wine,linear,complete,,,,0.1201171831757052,0.0673030810550578,0.9513888888888888,,0.1023140076363591,,,,,,,,,,,,4058.0,0.0097959579434245,0.0104149999999947,1.0,,,118.0,0.0025932090356945,45503.46631365694,median 5 warm calls on training rows; end-to-end preprocessing,0.0097959579434245,0.0104149999999947,212516864.0,42.0,0.9968518518518518,,,,,,,0.5,exp_004_real_f50_v1
100.0,100.0,1.0,29,1,multiclass,wine,direct_auroc,not_applicable,task restriction defined in config,,,,,,,,,,,,,,,,,,,,,,,,,,,,,,,,,,,,,,,,0.5,exp_004_real_f50_v1
100.0,100.0,1.0,29,1,multiclass,wine,coerror_no_cert_affine,not_applicable,task restriction defined in config,,,,,,,,,,,,,,,,,,,,,,,,,,,,,,,,,,,,,,,,0.5,exp_004_real_f50_v1
100.0,100.0,1.0,29,1,multiclass,wine,affine_profiled,not_applicable,task restriction defined in config,,,,,,,,,,,,,,,,,,,,,,,,,,,,,,,,,,,,,,,,0.5,exp_004_real_f50_v1
100.0,100.0,1.0,29,1,multiclass,wine,random_subspace,complete,,,,0.2373774371230677,0.1486252586386299,0.8856884057971014,,0.2252254589117402,0.9329982642780495,0.5183646716965546,0.5183646716965546,0.9212420511452852,2.8271395757147335,0.3541666666666667,13.0,0.1241752754571655,8.0,equal,False,31954.0,0.0589017497841268,0.0488220000000012,8.0,88.0,48.0,119.0,0.0201340001076459,5910.400286270444,median 5 warm calls on training rows; end-to-end preprocessing,,,,,0.9889595738306558,,,,,,,0.5,exp_004_real_f50_v1
100.0,100.0,1.0,29,1,multiclass,wine,certified_random,complete,,,,0.2373774371230677,0.1486252586386299,0.8856884057971014,,0.2252254589117402,0.9329982642780495,0.5183646716965546,0.5183646716965546,0.9212420511452852,2.8271395757147335,0.3541666666666667,13.0,0.1241752754571655,8.0,equal,True,31954.0,3.182188417064026,2.8334390000000127,8.0,88.0,48.0,119.0,0.0245995000004768,4837.4966969935695,median 5 warm calls on training rows; end-to-end preprocessing,,,,,0.9889595738306558,,,,,,,0.5,exp_004_real_f50_v1
100.0,100.0,1.0,29,1,multiclass,wine,top_quality,complete,,,,0.944838541552574,0.1779709659287444,0.8856884057971014,,0.269695695344269,0.9694947467185964,0.6730519965809386,0.6730519965809386,1.0,1.8371542924371969,0.4021103896103896,13.0,0.1150216930947939,8.0,equal,True,31954.0,3.1908248749095947,2.83546800000002,8.0,88.0,48.0,119.0,0.0193985418882221,6134.481688659874,median 5 warm calls on training rows; end-to-end preprocessing,,,,,0.9500001620388376,,,,,,,0.5,exp_004_real_f50_v1
100.0,100.0,1.0,29,1,multiclass,wine,top_no_cert,complete,,,,0.944838541552574,0.1779709659287444,0.8856884057971014,,0.269695695344269,0.9694947467185964,0.6730519965809386,0.6730519965809386,1.0,1.8371542924371969,0.4021103896103896,13.0,0.1150216930947939,8.0,equal,True,31954.0,3.175116334343329,2.829351000000017,8.0,88.0,48.0,119.0,0.0201484579592943,5906.159183021065,median 5 warm calls on training rows; end-to-end preprocessing,,,,,0.9500001620388376,,,,,,,0.5,exp_004_real_f50_v1
100.0,100.0,1.0,29,1,multiclass,wine,abs_correlation,complete,,,,0.2244516075582182,0.0991787076358679,0.9855072463768116,,0.1502945740594042,0.9166014611560462,0.3324140562495359,0.3324140562495359,0.5900990220846122,4.20082691951883,0.4056818181818182,13.0,0.1091010774186301,8.0,equal,True,31826.0,3.2959223752841353,2.93341199999999,8.0,86.0,47.0,119.0,0.0226322500966489,5257.983607101437,median 5 warm calls on training rows; end-to-end preprocessing,,,,,0.999031007751938,,,,,,,0.5,exp_004_real_f50_v1
100.0,100.0,1.0,29,1,multiclass,wine,signed_correlation,complete,,,,0.2244516075582182,0.0991787076358679,0.9855072463768116,,0.1502945740594042,0.9166014611560462,0.3324140562495359,0.3324140562495359,0.5900990220846122,4.20082691951883,0.4056818181818182,13.0,0.1091010774186301,8.0,equal,True,31826.0,3.3068892918527126,2.9346319999999793,8.0,86.0,47.0,119.0,0.0237464578822255,5011.273706175472,median 5 warm calls on training rows; end-to-end preprocessing,,,,,0.999031007751938,,,,,,,0.5,exp_004_real_f50_v1
100.0,100.0,1.0,29,1,multiclass,wine,minimax,complete,,,,0.2110145997576535,0.0943626372575938,0.9855072463768116,,0.1429963417734952,0.9183798010765744,0.3566397367158609,0.3566397367158609,0.4856485877322514,4.095165829784178,0.3892676767676769,13.0,0.1139602360611928,8.0,equal,True,31762.0,3.3207805005367845,2.926152000000002,8.0,86.0,47.0,119.0,0.0197703749872744,6019.106874634229,median 5 warm calls on training rows; end-to-end preprocessing,,,,,0.997823278283339,,,,,,,0.5,exp_004_real_f50_v1
100.0,100.0,1.0,29,1,multiclass,wine,quality_diversity,complete,,,,0.1760383343392438,0.0983967696000147,0.9355072463768116,,0.149109631778538,0.9618119896804938,0.4506132503457588,0.4506132503457588,1.0,3.165678033721637,0.3726911976911977,13.0,0.0905287805954949,8.0,equal,True,31730.0,3.3060375419445336,2.944125999999997,8.0,86.0,47.0,119.0,0.0218576670158654,5444.3138837106235,median 5 warm calls on training rows; end-to-end preprocessing,,,,,0.9941591300602928,,,,,,,0.5,exp_004_real_f50_v1
100.0,100.0,1.0,29,1,multiclass,wine,prediction_correlation,complete,,,,0.2976178310740279,0.142627596912592,0.9855072463768116,,0.2161366530989362,0.8878673158906283,0.4181437182151942,0.4181437182151942,0.9020774420887016,3.3425918185001073,0.4683080808080808,13.0,0.1690946971533739,8.0,equal,True,32514.0,3.2940331678837538,2.908118999999985,8.0,94.0,51.0,119.0,0.0239285840652883,4973.131702039396,median 5 warm calls on training rows; end-to-end preprocessing,,,,,0.992262105381418,,,,,,,0.5,exp_004_real_f50_v1
100.0,100.0,1.0,29,1,multiclass,wine,coerror_greedy,complete,,,,0.1788344261991263,0.0930182460228733,0.9355072463768116,,0.1409590626759155,0.9521564939389506,0.398892891464874,0.398892891464874,0.7118138709673575,3.63096241676123,0.3888888888888889,13.0,0.0875731458504557,8.0,equal,True,31266.0,3.1955828750506043,2.8380829999999975,8.0,80.0,44.0,119.0,0.0224581251386553,5298.750419516328,median 5 warm calls on training rows; end-to-end preprocessing,,,,,0.996533629180242,,,,,,,0.5,exp_004_real_f50_v1
100.0,100.0,1.0,29,1,multiclass,wine,direct_squared,complete,,,,0.1788344261991263,0.0930182460228733,0.9355072463768116,,0.1409590626759155,0.9521564939389504,0.3988928914648742,0.3988928914648742,0.7118138709673575,3.630962416761231,0.3888888888888889,13.0,0.0875731458504557,8.0,equal,True,31282.0,3.213468376081437,2.8542479999999983,8.0,80.0,44.0,119.0,0.0201870831660926,5894.85855984777,median 5 warm calls on training rows; end-to-end preprocessing,,,,,0.996533629180242,,,,,,,0.5,exp_004_real_f50_v1
100.0,100.0,1.0,29,1,multiclass,wine,coerror,complete,,,,0.1788133129743518,0.0885063719150308,0.9521739130434784,,0.1341218068433683,0.9500627213676252,0.3866683379701516,0.3866683379701516,0.7523484577056543,3.697525543712907,0.375,13.0,0.0869581842172069,8.0,equal,True,31426.0,3.179188584908843,2.833010999999999,8.0,82.0,45.0,119.0,0.0226637499872595,5250.6756413610365,median 5 warm calls on training rows; end-to-end preprocessing,,,,,0.9970181253042728,,,,,,,0.5,exp_004_real_f50_v1
100.0,100.0,1.0,29,1,multiclass,wine,coerror_no_cert,complete,,,,0.1788133129743518,0.0885063719150308,0.9521739130434784,,0.1341218068433683,0.9500627213676252,0.3866683379701516,0.3866683379701516,0.7523484577056543,3.697525543712907,0.375,13.0,0.0869581842172069,8.0,equal,True,31426.0,3.1794569180347025,2.83287500000003,8.0,82.0,45.0,119.0,0.0218071250710636,5456.932062901944,median 5 warm calls on training rows; end-to-end preprocessing,,,,,0.9970181253042728,,,,,,,0.5,exp_004_real_f50_v1
100.0,100.0,1.0,29,1,multiclass,wine,covariance_only,complete,,,,0.1815433314181336,0.0897142000818739,0.9521739130434784,,0.1359521394238161,0.9510124520424196,0.3817892602493238,0.3817892602493238,0.7523484577056543,3.694304271884263,0.3535353535353535,13.0,0.086852945850865,8.0,equal,True,31394.0,3.1769027090631425,2.8315780000000075,8.0,82.0,45.0,119.0,0.0227528328541666,5230.117970923698,median 5 warm calls on training rows; end-to-end preprocessing,,,,,0.9970181253042728,,,,,,,0.5,exp_004_real_f50_v1
100.0,100.0,1.0,29,1,multiclass,wine,shrinkage,complete,,,,0.1868544440378737,0.1041848446700683,0.9355072463768116,,0.1578808317468965,0.9568334411957302,0.4211639506954484,0.4211639506954484,0.7118138709673575,3.4367606723484148,0.3684343434343434,13.0,0.0871832822206458,8.0,equal,True,31746.0,3.180776541819796,2.834167000000008,8.0,86.0,47.0,119.0,0.0216676250565797,5492.064759716885,median 5 warm calls on training rows; end-to-end preprocessing,,,,,0.995005242856608,,,,,,,0.5,exp_004_real_f50_v1
100.0,100.0,1.0,29,1,multiclass,wine,caruana,complete,,,,0.1788344261991263,0.0930182460228733,0.9355072463768116,,0.1409590626759155,0.9521564939389504,0.3988928914648742,0.3988928914648742,0.7118138709673575,3.630962416761231,0.3888888888888889,13.0,0.0875731458504557,8.0,equal,True,31282.0,3.2089062503073364,2.853728000000004,8.0,80.0,44.0,119.0,0.0225844169035553,5269.11987624822,median 5 warm calls on training rows; end-to-end preprocessing,,,,,0.996533629180242,,,,,,,0.5,exp_004_real_f50_v1
,,,29,1,multiclass,wine,rf_shallow,complete,,,,0.2718882206378066,0.1439705978335866,0.9543478260869565,,0.2181718253268638,,,,,,,,,,,,14323.0,0.0179852498695254,0.0172810000000112,8.0,84.0,46.0,119.0,0.0036057918332517,33002.45979332795,median 5 warm calls on training rows; end-to-end preprocessing,0.0179852498695254,0.0172810000000112,212336640.0,,0.991325484892219,,,,,,,0.5,exp_004_real_f50_v1
,,,29,1,multiclass,wine,et_shallow,complete,,,,0.5624026216711749,0.3083415399305245,0.8152173913043478,,0.4672581596729676,,,,,,,,,,,,14851.0,0.0151385839562863,0.0143920000000008,8.0,90.0,49.0,119.0,0.0040154999587684,29635.164044802055,median 5 warm calls on training rows; end-to-end preprocessing,0.0151385839562863,0.0143920000000008,212303872.0,,0.9726532455298886,,,,,,,0.5,exp_004_real_f50_v1
,,,29,1,multiclass,wine,random_patches,complete,,,,0.2556439350921911,0.1383550571112748,0.9210144927536232,,0.2096620824486671,,,,,,,,,,,,26402.0,0.0679224589839577,0.051374999999993,8.0,68.0,38.0,119.0,0.017669458175078,6734.784893848306,median 5 warm calls on training rows; end-to-end preprocessing,0.0679224589839577,0.051374999999993,212336640.0,,0.9904060405197918,,,,,,,0.5,exp_004_real_f50_v1
,,,29,1,multiclass,wine,random_forest,complete,,,,0.1678861879163148,0.076633259401483,0.9543478260869565,,0.1161293926395589,,,,,,,,,,,,475779.0,0.3674448330421,0.3448379999999957,256.0,4178.0,2217.0,119.0,0.0206133341416716,5772.962257446315,median 5 warm calls on training rows; end-to-end preprocessing,0.3674448330421,0.3448379999999957,212336640.0,,0.9987922705314012,,,,,,,0.5,exp_004_real_f50_v1
,,,29,1,multiclass,wine,extra_trees,complete,,,,0.1644471338539108,0.067935749635858,0.9855072463768116,,0.1029492599602601,,,,,,,,,,,,1313891.0,0.2810358749702573,0.2650989999999922,256.0,13702.0,6979.0,119.0,0.0239895840641111,4960.486171080654,median 5 warm calls on training rows; end-to-end preprocessing,0.2810358749702573,0.2650989999999922,212336640.0,,1.0,,,,,,,0.5,exp_004_real_f50_v1
,,,29,1,multiclass,wine,xgboost,complete,,,,0.161513864994049,0.0846655481253695,0.918840579710145,,0.1283014549829292,,,,,,,,,,,,280887.0,0.0711522919591516,0.0599480000000056,300.0,2070.0,1185.0,119.0,0.0023337909951806,50989.998781270835,median 5 warm calls on training rows; end-to-end preprocessing,0.0711522919591516,0.0599480000000056,212336640.0,,0.9979051979178368,,,,,,,0.5,exp_004_real_f50_v1
,,,29,1,multiclass,wine,lightgbm,complete,,,,0.1007571240806146,0.0551538471962465,0.95,,0.0835796731948895,,,,,,,,,,,,213047.0,0.0341827080119401,0.0300759999999939,300.0,2732.0,1516.0,119.0,0.0050156251527369,23725.855975314393,median 5 warm calls on training rows; end-to-end preprocessing,0.0341827080119401,0.0300759999999939,212385792.0,,0.9995974235104668,,,,,,,0.5,exp_004_real_f50_v1
,,,29,1,multiclass,wine,catboost,complete,,,,0.1689736704483161,0.0655342621921448,0.9543478260869565,,0.0993100662152979,,,,,,,,,,,,69414.0,0.1299380420241505,0.1230869999999981,100.0,3100.0,1600.0,119.0,0.0029472499154508,40376.62343330588,median 5 warm calls on training rows; end-to-end preprocessing,0.1299380420241505,0.1230869999999981,212434944.0,,0.999194847020934,,,,,,,0.5,exp_004_real_f50_v1
,,,29,1,multiclass,wine,linear,complete,,,,0.0623247097205868,0.0259726898506209,0.9855072463768116,,0.0393587943554163,,,,,,,,,,,,4058.0,0.0109212498646229,0.0107280000000002,1.0,,,119.0,0.0024841669946908,47903.38179934122,median 5 warm calls on training rows; end-to-end preprocessing,0.0109212498646229,0.0107280000000002,212402176.0,42.0,1.0,,,,,,,0.5,exp_004_real_f50_v1
100.0,100.0,1.0,29,2,multiclass,wine,direct_auroc,not_applicable,task restriction defined in config,,,,,,,,,,,,,,,,,,,,,,,,,,,,,,,,,,,,,,,,0.5,exp_004_real_f50_v1
100.0,100.0,1.0,29,2,multiclass,wine,coerror_no_cert_affine,not_applicable,task restriction defined in config,,,,,,,,,,,,,,,,,,,,,,,,,,,,,,,,,,,,,,,,0.5,exp_004_real_f50_v1
100.0,100.0,1.0,29,2,multiclass,wine,affine_profiled,not_applicable,task restriction defined in config,,,,,,,,,,,,,,,,,,,,,,,,,,,,,,,,,,,,,,,,0.5,exp_004_real_f50_v1
100.0,100.0,1.0,29,2,multiclass,wine,random_subspace,complete,,,,0.1289027224156243,0.0631948094784103,0.9861111111111112,,0.0960953398958266,0.9344123983177224,0.4037261574844341,0.4037261574844341,0.9678835976416656,3.2173335802716108,0.3441919191919192,13.0,0.0972738742653037,8.0,equal,False,31394.0,0.0640401658602058,0.0534139999999894,8.0,82.0,45.0,119.0,0.0242080830503255,4915.713472752642,median 5 warm calls on training rows; end-to-end preprocessing,,,,,0.9953511443337024,,,,,,,0.5,exp_004_real_f50_v1
100.0,100.0,1.0,29,2,multiclass,wine,certified_random,complete,,,,0.1289027224156243,0.0631948094784103,0.9861111111111112,,0.0960953398958266,0.9344123983177224,0.4037261574844341,0.4037261574844341,0.9678835976416656,3.2173335802716108,0.3441919191919192,13.0,0.0972738742653037,8.0,equal,True,31394.0,3.1943247918970883,2.8659729999999968,8.0,82.0,45.0,119.0,0.023706458043307,5019.72921398086,median 5 warm calls on training rows; end-to-end preprocessing,,,,,0.9953511443337024,,,,,,,0.5,exp_004_real_f50_v1
100.0,100.0,1.0,29,2,multiclass,wine,top_quality,complete,,,,0.1123431261464051,0.0748087989119062,0.9375,,0.1137558134595551,0.9654839222624488,0.6980662335754922,0.6980662335754922,1.0,1.6971620653666302,0.4738636363636365,13.0,0.0872604294429803,8.0,equal,True,30562.0,3.188604458235204,2.8629379999999855,8.0,72.0,40.0,119.0,0.0213663747999817,5569.498855748887,median 5 warm calls on training rows; end-to-end preprocessing,,,,,0.9972245293466224,,,,,,,0.5,exp_004_real_f50_v1
100.0,100.0,1.0,29,2,multiclass,wine,top_no_cert,complete,,,,0.1123431261464051,0.0748087989119062,0.9375,,0.1137558134595551,0.9654839222624488,0.6980662335754922,0.6980662335754922,1.0,1.6971620653666302,0.4738636363636365,13.0,0.0872604294429803,8.0,equal,True,30562.0,3.184328415663913,2.861758999999992,8.0,72.0,40.0,119.0,0.0201654999982565,5901.167836666004,median 5 warm calls on training rows; end-to-end preprocessing,,,,,0.9972245293466224,,,,,,,0.5,exp_004_real_f50_v1
100.0,100.0,1.0,29,2,multiclass,wine,abs_correlation,complete,,,,0.1844001787573308,0.0752157756807612,0.9722222222222222,,0.1143746707874846,0.9313480166398718,0.2664451441533255,0.2664451441533255,0.5020617652004641,4.813039687545966,0.3702020202020202,13.0,0.0816864503062009,8.0,equal,True,31746.0,3.300609833793714,2.962512999999987,8.0,86.0,47.0,119.0,0.0239586671814322,4966.887310502144,median 5 warm calls on training rows; end-to-end preprocessing,,,,,0.9960109819121448,,,,,,,0.5,exp_004_real_f50_v1
100.0,100.0,1.0,29,2,multiclass,wine,signed_correlation,complete,,,,0.1844001787573308,0.0752157756807612,0.9722222222222222,,0.1143746707874846,0.9313480166398718,0.2664451441533255,0.2664451441533255,0.5020617652004641,4.813039687545966,0.3702020202020202,13.0,0.0816864503062009,8.0,equal,True,31746.0,3.287225333042443,2.9557860000000034,8.0,86.0,47.0,119.0,0.0203521659132093,5847.043528805184,median 5 warm calls on training rows; end-to-end preprocessing,,,,,0.9960109819121448,,,,,,,0.5,exp_004_real_f50_v1
100.0,100.0,1.0,29,2,multiclass,wine,minimax,complete,,,,0.1841163106473116,0.0740767758187319,0.9861111111111112,,0.1126426839394129,0.919350672000778,0.2897039117319043,0.2897039117319043,0.473398756731448,4.414911403804604,0.3482323232323233,13.0,0.0968838184452585,8.0,equal,True,31730.0,3.274146083043888,2.928571000000005,8.0,86.0,47.0,119.0,0.0197277078405022,6032.125017366959,median 5 warm calls on training rows; end-to-end preprocessing,,,,,0.9951088962716872,,,,,,,0.5,exp_004_real_f50_v1
100.0,100.0,1.0,29,2,multiclass,wine,quality_diversity,complete,,,,0.1434476321901695,0.0734596085932099,0.9861111111111112,,0.1117042066372643,0.9566543423206028,0.357597945185757,0.357597945185757,1.0,3.2801678834620125,0.4035353535353536,13.0,0.0668464069454211,8.0,equal,True,31010.0,3.303673706948757,2.969071999999997,8.0,78.0,43.0,119.0,0.0221036251168698,5383.732277886738,median 5 warm calls on training rows; end-to-end preprocessing,,,,,0.9955495570321152,,,,,,,0.5,exp_004_real_f50_v1
100.0,100.0,1.0,29,2,multiclass,wine,prediction_correlation,complete,,,,0.2679324727058782,0.1205449885772183,0.9722222222222222,,0.1833032134391319,0.892874648640533,0.3370415647314395,0.3370415647314395,0.5824653132053768,4.10064385410738,0.3993686868686869,13.0,0.1382522389576188,8.0,equal,True,32402.0,3.311263875104487,2.9623579999999805,8.0,92.0,50.0,119.0,0.019049041904509,6247.033346691925,median 5 warm calls on training rows; end-to-end preprocessing,,,,,0.9855897009966778,,,,,,,0.5,exp_004_real_f50_v1
100.0,100.0,1.0,29,2,multiclass,wine,coerror_greedy,complete,,,,0.1401390770058983,0.0697958322444317,0.9513888888888888,,0.1061329922219662,0.9550323296553668,0.3852055577257896,0.3852055577257896,1.0,3.192944654750508,0.3888888888888889,13.0,0.0637922196141985,8.0,equal,True,31090.0,3.1805963749065995,2.8596900000000005,8.0,78.0,43.0,119.0,0.0220595409628003,5394.491218138809,median 5 warm calls on training rows; end-to-end preprocessing,,,,,0.9959463824289406,,,,,,,0.5,exp_004_real_f50_v1
100.0,100.0,1.0,29,2,multiclass,wine,direct_squared,complete,,,,0.1401390770058983,0.0697958322444317,0.9513888888888888,,0.1061329922219661,0.9550323296553668,0.3852055577257897,0.3852055577257897,1.0,3.1929446547505065,0.3888888888888889,13.0,0.0637922196141985,8.0,equal,True,31074.0,3.2009442502167076,2.87888999999997,8.0,78.0,43.0,119.0,0.0194286659825593,6124.970191305138,median 5 warm calls on training rows; end-to-end preprocessing,,,,,0.9959463824289406,,,,,,,0.5,exp_004_real_f50_v1
100.0,100.0,1.0,29,2,multiclass,wine,coerror,complete,,,,0.1401390770058983,0.0697958322444317,0.9513888888888888,,0.1061329922219662,0.9550323296553668,0.3852055577257896,0.3852055577257896,1.0,3.192944654750508,0.3888888888888889,13.0,0.0637922196141985,8.0,equal,True,31090.0,3.1782479570247233,2.8584609999999913,8.0,78.0,43.0,119.0,0.024754999903962,4807.1096934625375,median 5 warm calls on training rows; end-to-end preprocessing,,,,,0.9959463824289406,,,,,,,0.5,exp_004_real_f50_v1
100.0,100.0,1.0,29,2,multiclass,wine,coerror_no_cert,complete,,,,0.1401390770058983,0.0697958322444317,0.9513888888888888,,0.1061329922219662,0.9550323296553668,0.3852055577257896,0.3852055577257896,1.0,3.192944654750508,0.3888888888888889,13.0,0.0637922196141985,8.0,equal,True,31090.0,3.18423783313483,2.8603219999999965,8.0,78.0,43.0,119.0,0.0219592079520225,5419.138989894192,median 5 warm calls on training rows; end-to-end preprocessing,,,,,0.9959463824289406,,,,,,,0.5,exp_004_real_f50_v1
100.0,100.0,1.0,29,2,multiclass,wine,covariance_only,complete,,,,0.1401390770058983,0.0697958322444317,0.9513888888888888,,0.1061329922219662,0.9550323296553668,0.3852055577257896,0.3852055577257896,1.0,3.1929446547505083,0.3888888888888889,13.0,0.0637922196141985,8.0,equal,True,31106.0,3.1920773331075907,2.8649819999999977,8.0,78.0,43.0,119.0,0.0209761669393628,5673.105117059791,median 5 warm calls on training rows; end-to-end preprocessing,,,,,0.9959463824289406,,,,,,,0.5,exp_004_real_f50_v1
100.0,100.0,1.0,29,2,multiclass,wine,shrinkage,complete,,,,0.140235197586277,0.074601074448176,0.9513888888888888,,0.1134399433254162,0.9586571560447932,0.4478205407799359,0.4478205407799359,1.0,2.6192324660252457,0.4170454545454545,13.0,0.0651337982596772,8.0,equal,True,31186.0,3.1859211248811334,2.863501999999997,8.0,78.0,43.0,119.0,0.0229371660389006,5188.086435707893,median 5 warm calls on training rows; end-to-end preprocessing,,,,,0.9965854558877816,,,,,,,0.5,exp_004_real_f50_v1
100.0,100.0,1.0,29,2,multiclass,wine,caruana,complete,,,,0.1411354701194258,0.0704875941679634,0.9513888888888888,,0.1071848997712956,0.9512939982927336,0.2989702245482092,0.2989702245482092,0.9845963547033,3.3610372420336416,0.3731313131313131,13.0,0.0634440803584962,8.0,frequency_weighted,True,23954.0,3.200694457627833,2.871695999999986,6.0,60.0,33.0,119.0,0.017009750008583,6995.987591819571,median 5 warm calls on training rows; end-to-end preprocessing,,,,,0.9964308785529716,,,,,,,0.5,exp_004_real_f50_v1
,,,29,2,multiclass,wine,rf_shallow,complete,,,,0.2708145585070359,0.143102203817035,0.8611111111111112,,0.2176041834628496,,,,,,,,,,,,14499.0,0.018018458969891,0.0172540000000083,8.0,86.0,47.0,119.0,0.0036559998989105,32549.23503566334,median 5 warm calls on training rows; end-to-end preprocessing,0.018018458969891,0.0172540000000083,203210752.0,,0.9885197489848652,,,,,,,0.5,exp_004_real_f50_v1
,,,29,2,multiclass,wine,et_shallow,complete,,,,0.5407246618326033,0.2823037861178518,0.8958333333333334,,0.4292770008293426,,,,,,,,,,,,14499.0,0.0173280409071594,0.0150100000000037,8.0,86.0,47.0,119.0,0.005438582971692,21880.699553430917,median 5 warm calls on training rows; end-to-end preprocessing,0.0173280409071594,0.0150100000000037,203210752.0,,0.9895577121097316,,,,,,,0.5,exp_004_real_f50_v1
,,,29,2,multiclass,wine,random_patches,complete,,,,0.2848959375092841,0.1575008827683615,0.8611111111111112,,0.2394991137474534,,,,,,,,,,,,26866.0,0.0673662500921636,0.0531640000000095,8.0,74.0,41.0,119.0,0.0206057089380919,5775.098559216033,median 5 warm calls on training rows; end-to-end preprocessing,0.0673662500921636,0.0531640000000095,203227136.0,,0.9854741019214704,,,,,,,0.5,exp_004_real_f50_v1
,,,29,2,multiclass,wine,random_forest,complete,,,,0.1554326304286323,0.0629474187301377,0.9861111111111112,,0.0957191523855143,,,,,,,,,,,,497955.0,0.4129917500540614,0.36631899999999,256.0,4430.0,2343.0,119.0,0.0211612090934067,5623.497195964897,median 5 warm calls on training rows; end-to-end preprocessing,0.4129917500540614,0.36631899999999,203227136.0,,0.9987218530823182,,,,,,,0.5,exp_004_real_f50_v1
,,,29,2,multiclass,wine,extra_trees,complete,,,,0.1543011974128969,0.0562107926708156,0.9861111111111112,,0.085475298875001,,,,,,,,,,,,1358243.0,0.3011727079283446,0.2659990000000078,256.0,14206.0,7231.0,119.0,0.0214217919856309,5555.090819657906,median 5 warm calls on training rows; end-to-end preprocessing,0.3011727079283446,0.2659990000000078,203227136.0,,0.999360926541159,,,,,,,0.5,exp_004_real_f50_v1
,,,29,2,multiclass,wine,xgboost,complete,,,,0.1188778728246688,0.0538579334081034,0.9685672514619884,,0.0818974922094928,,,,,,,,,,,,283076.0,0.0650666248984634,0.0575379999999938,300.0,2134.0,1217.0,119.0,0.0039016250520944,30500.111725527997,median 5 warm calls on training rows; end-to-end preprocessing,0.0650666248984634,0.0575379999999938,203227136.0,,0.9996031746031746,,,,,,,0.5,exp_004_real_f50_v1
,,,29,2,multiclass,wine,lightgbm,complete,,,,0.0696833263317954,0.0317790724887093,0.9861111111111112,,0.0483239177011829,,,,,,,,,,,,212279.0,0.0358296248596161,0.029607999999996,300.0,2728.0,1514.0,119.0,0.0052100410684943,22840.510935625025,median 5 warm calls on training rows; end-to-end preprocessing,0.0358296248596161,0.029607999999996,203276288.0,,0.9991186784791436,,,,,,,0.5,exp_004_real_f50_v1
,,,29,2,multiclass,wine,catboost,complete,,,,0.1640444585461097,0.0614753203709711,0.9722222222222222,,0.0934806490439933,,,,,,,,,,,,69502.0,0.128778874874115,0.1153600000000096,100.0,3100.0,1600.0,119.0,0.0022285829763859,53397.15920875423,median 5 warm calls on training rows; end-to-end preprocessing,0.128778874874115,0.1153600000000096,203407360.0,,0.9987218530823182,,,,,,,0.5,exp_004_real_f50_v1
,,,29,2,multiclass,wine,linear,complete,,,,0.09297065574434,0.0494270233675862,0.9652777777777778,,0.0751597583686021,,,,,,,,,,,,4058.0,0.0111434999853372,0.0107050000000015,1.0,,,119.0,0.0039754582103341,29933.656374669,median 5 warm calls on training rows; end-to-end preprocessing,0.0111434999853372,0.0107050000000015,203407360.0,42.0,0.9982373569582872,,,,,,,0.5,exp_004_real_f50_v1
100.0,83.0,0.83,11,0,regression,diabetes,direct_auroc,not_applicable,task restriction defined in config,,,,,,,,,,,,,,,,,,,,,,,,,,,,,,,,,,,,,,,,0.5,exp_004_real_f50_v1
100.0,83.0,0.83,11,0,regression,diabetes,random_subspace,complete,,,,,,,,0.5455861289835349,0.210405486499377,0.7893390594800248,0.7893390594800248,0.9955222518605668,1.493057604699262,0.3392857142857142,10.0,3462.549349040446,8.0,equal,False,41408.0,0.0420832089148461,0.0414519999999782,8.0,120.0,64.0,256.0,0.0193649160210043,13219.783639770369,median 5 warm calls on training rows; end-to-end preprocessing,,,,,,62.54609447078495,3912.013933548356,51.8353027646028,0.449000628591832,,,0.5,exp_004_real_f50_v1
100.0,83.0,0.83,11,0,regression,diabetes,certified_random,complete,,,,,,,,0.522746242874836,0.2486717186003813,0.7952767719331273,0.7952767719331273,0.91745680598037,1.4717733507532142,0.3137755102040816,10.0,3325.707754638647,8.0,equal,True,41392.0,2.873066707747057,2.509625000000014,8.0,120.0,64.0,256.0,0.0219767920207232,11648.651894171013,median 5 warm calls on training rows; end-to-end preprocessing,,,,,,61.22291396142603,3748.245193928174,50.18038423765095,0.472067129406971,,,0.5,exp_004_real_f50_v1
100.0,83.0,0.83,11,0,regression,diabetes,top_quality,complete,,,,,,,,0.5425012948707985,0.3102045880211029,0.9404150784380256,0.9404150784380256,1.0,1.1113025848226532,0.5629251700680272,9.0,3534.6018133416487,8.0,equal,True,41408.0,2.8610561650712043,2.5083720000000227,8.0,120.0,64.0,256.0,0.0199863750021904,12808.725943145912,median 5 warm calls on training rows; end-to-end preprocessing,,,,,,62.36902083920716,3889.8947604414566,49.84941838347349,0.4521160700715906,,,0.5,exp_004_real_f50_v1
100.0,83.0,0.83,11,0,regression,diabetes,top_no_cert,complete,,,,,,,,0.5425012948707985,0.3102045880211029,0.9404150784380256,0.9404150784380256,1.0,1.1113025848226532,0.5629251700680272,9.0,3534.6018133416487,8.0,equal,True,41408.0,2.8666555830277503,2.509188000000023,8.0,120.0,64.0,256.0,0.0196834169328212,13005.871941529153,median 5 warm calls on training rows; end-to-end preprocessing,,,,,,62.36902083920716,3889.8947604414566,49.84941838347349,0.4521160700715906,,,0.5,exp_004_real_f50_v1
100.0,83.0,0.83,11,0,regression,diabetes,abs_correlation,complete,,,,,,,,0.5447997378666937,0.2026548198688794,0.7299880959292625,0.7299880959292625,0.9412538404392256,1.6702856324707027,0.4278628117913832,10.0,3288.7585968360822,8.0,equal,True,41408.0,2.94709041621536,2.567413000000002,8.0,120.0,64.0,256.0,0.0206625000573694,12389.594641946303,median 5 warm calls on training rows; end-to-end preprocessing,,,,,,62.50100220492332,3906.375276619829,51.99474518773239,0.4497948221903162,,,0.5,exp_004_real_f50_v1
100.0,83.0,0.83,11,0,regression,diabetes,signed_correlation,complete,,,,,,,,0.5447997378666937,0.2026548198688794,0.7299880959292625,0.7299880959292625,0.9412538404392256,1.6702856324707027,0.4278628117913832,10.0,3288.7585968360822,8.0,equal,True,41408.0,2.937529666116461,2.5620640000000208,8.0,120.0,64.0,256.0,0.0254581668414175,10055.712243330774,median 5 warm calls on training rows; end-to-end preprocessing,,,,,,62.50100220492332,3906.375276619829,51.99474518773239,0.4497948221903162,,,0.5,exp_004_real_f50_v1
100.0,83.0,0.83,11,0,regression,diabetes,minimax,complete,,,,,,,,0.5350277237571014,0.201186859981779,0.7528358807540577,0.7528358807540577,0.8456832241145127,1.6035101479933584,0.2974773242630385,10.0,3378.6453511544273,8.0,equal,True,41408.0,3.116404333850369,2.5910740000000203,8.0,120.0,64.0,256.0,0.0205678329803049,12446.619935368824,median 5 warm calls on training rows; end-to-end preprocessing,,,,,,61.937928967751226,3836.3070448141966,51.36127983861688,0.4596637930928728,,,0.5,exp_004_real_f50_v1
100.0,83.0,0.83,11,0,regression,diabetes,quality_diversity,complete,,,,,,,,0.5425012948707985,0.3102045880211029,0.9404150784380256,0.9404150784380256,1.0,1.1113025848226532,0.5629251700680272,9.0,3534.6018133416487,8.0,equal,True,41408.0,2.9106675828807056,2.5431130000000053,8.0,120.0,64.0,256.0,0.0250390002038329,10224.050398019142,median 5 warm calls on training rows; end-to-end preprocessing,,,,,,62.36902083920716,3889.8947604414566,49.84941838347349,0.4521160700715906,,,0.5,exp_004_real_f50_v1
100.0,83.0,0.83,11,0,regression,diabetes,prediction_correlation,complete,,,,,,,,0.5597219462390284,0.1839497520612456,0.7351631056300071,0.7351631056300071,0.9268504176935468,1.645756316104496,0.4051870748299319,10.0,3390.490836072996,8.0,equal,True,41264.0,2.966452748980373,2.5901540000000125,8.0,118.0,63.0,256.0,0.0208518749568611,12277.07343006895,median 5 warm calls on training rows; end-to-end preprocessing,,,,,,63.351179347806465,4013.37192475794,52.77775983227149,0.4347245573936349,,,0.5,exp_004_real_f50_v1
100.0,83.0,0.83,11,0,regression,diabetes,coerror_greedy,complete,,,,,,,,0.52598611595751,0.2559765222775089,0.7709330351967539,0.7709330351967539,0.9216401228274717,1.5467359711139268,0.3409863945578231,10.0,3208.1488724671262,8.0,equal,True,41408.0,2.8621797491796315,2.5099110000000024,8.0,120.0,64.0,256.0,0.0187311249319463,13667.091588470785,median 5 warm calls on training rows; end-to-end preprocessing,,,,,,61.41234438051761,3771.476042311293,50.901061453213515,0.4687951106785596,,,0.5,exp_004_real_f50_v1
100.0,83.0,0.83,11,0,regression,diabetes,direct_squared,complete,,,,,,,,0.52598611595751,0.2559765222775089,0.7709330351967537,0.7709330351967537,0.9216401228274717,1.5467359711139268,0.3409863945578231,10.0,3208.1488724671262,8.0,equal,True,41408.0,2.868628584081307,2.514573000000013,8.0,120.0,64.0,256.0,0.0223354999907314,11461.574628113623,median 5 warm calls on training rows; end-to-end preprocessing,,,,,,61.41234438051761,3771.476042311293,50.901061453213515,0.4687951106785596,,,0.5,exp_004_real_f50_v1
100.0,83.0,0.83,11,0,regression,diabetes,coerror,complete,,,,,,,,0.5302191319216546,0.2443381198956759,0.7523132461693949,0.7523132461693949,0.9442111680107188,1.5969571708893695,0.3754251700680271,10.0,3196.2316107065662,8.0,equal,True,41408.0,2.8625129151623696,2.5061810000000264,8.0,120.0,64.0,256.0,0.0193292079493403,13244.20538445998,median 5 warm calls on training rows; end-to-end preprocessing,,,,,,61.65896543840284,3801.8280189341554,51.133943903888685,0.4645200952199557,,,0.5,exp_004_real_f50_v1
100.0,83.0,0.83,11,0,regression,diabetes,coerror_no_cert,complete,,,,,,,,0.5302191319216546,0.2443381198956759,0.7523132461693949,0.7523132461693949,0.9442111680107188,1.5969571708893695,0.3754251700680271,10.0,3196.2316107065662,8.0,equal,True,41408.0,2.8619769571814686,2.508753000000013,8.0,120.0,64.0,256.0,0.0248910840600729,10284.807177628818,median 5 warm calls on training rows; end-to-end preprocessing,,,,,,61.65896543840284,3801.8280189341554,51.133943903888685,0.4645200952199557,,,0.5,exp_004_real_f50_v1
100.0,83.0,0.83,11,0,regression,diabetes,covariance_only,complete,,,,,,,,0.5302191319216546,0.2443381198956759,0.7523132461693949,0.7523132461693949,0.9442111680107188,1.5969571708893695,0.3754251700680271,10.0,3196.2316107065662,8.0,equal,True,41408.0,2.8728217489551753,2.5115960000000115,8.0,120.0,64.0,256.0,0.0194815408904105,13140.644338149435,median 5 warm calls on training rows; end-to-end preprocessing,,,,,,61.65896543840284,3801.8280189341554,51.133943903888685,0.4645200952199557,,,0.5,exp_004_real_f50_v1
100.0,83.0,0.83,11,0,regression,diabetes,shrinkage,complete,,,,,,,,0.5233166864564567,0.2570777010648097,0.770703912081159,0.770703912081159,1.0,1.5500037682345331,0.3894557823129251,10.0,3200.4230879165434,8.0,equal,True,41408.0,2.872158874059096,2.5095330000000047,8.0,120.0,64.0,256.0,0.0186951248906552,13693.409458203783,median 5 warm calls on training rows; end-to-end preprocessing,,,,,,61.25630941503221,3752.335443150164,50.652076473508025,0.4714910259501577,,,0.5,exp_004_real_f50_v1
100.0,83.0,0.83,11,0,regression,diabetes,caruana,complete,,,,,,,,0.5344432705020952,0.2568980353933377,0.7670606644462042,0.7670606644462042,0.9216401228274717,1.5436797199261594,0.3174603174603174,10.0,3207.10873611289,8.0,frequency_weighted,True,36480.0,2.8733822910580784,2.5138370000000094,7.0,105.0,56.0,256.0,0.0240864581428468,10628.37875464171,median 5 warm calls on training rows; end-to-end preprocessing,,,,,,61.90408986561275,3832.116342089859,51.24549397895792,0.4602540452254297,,,0.5,exp_004_real_f50_v1
100.0,83.0,0.83,11,0,regression,diabetes,coerror_no_cert_affine,complete,,,,,,,,0.4813835161122131,0.2443381198956759,0.7523132461693949,0.7523132461693949,0.9442111680107188,1.5969571708893695,0.3754251700680271,10.0,3196.2316107065662,8.0,affine_of_equal,True,41659.0,2.886185791809112,2.5213010000000224,8.0,120.0,64.0,256.0,0.0256983751896768,9961.719295889026,median 5 warm calls on training rows; end-to-end preprocessing,,,,,,58.75084856931929,3451.6622076150866,48.04838703542252,0.5138402523571346,3121.4691249711323,2.0,0.5,exp_004_real_f50_v1
100.0,83.0,0.83,11,0,regression,diabetes,affine_profiled,complete,,,,,,,,0.4665870143622663,0.2179408250815861,0.7347101669255568,0.7347101669255568,1.0,1.6528594840699993,0.4000850340136054,10.0,3243.9015916833964,8.0,affine_of_equal,True,41659.0,2.865713832899928,2.5121260000000234,8.0,120.0,64.0,256.0,0.0241737500764429,10589.999449422168,median 5 warm calls on training rows; end-to-end preprocessing,,,,,,57.84087579856066,3345.5669131445206,46.52323547827051,0.52878356328487,3103.231031033695,2.0,0.5,exp_004_real_f50_v1
,,,11,0,regression,diabetes,rf_shallow,complete,,,,,,,,0.4968899174070843,,,,,,,,,,,,14355.0,0.0171909579075872,0.0162029999999901,8.0,120.0,64.0,256.0,0.0033065420575439,77422.27243592046,median 5 warm calls on training rows; end-to-end preprocessing,0.0171909579075872,0.0162029999999901,203489280.0,,,59.68959450202957,3562.847691816719,48.65295683985838,0.498179998343355,,,0.5,exp_004_real_f50_v1
,,,11,0,regression,diabetes,et_shallow,complete,,,,,,,,0.5188691920992126,,,,,,,,,,,,14211.0,0.0125638330355286,0.0115580000000079,8.0,118.0,63.0,256.0,0.0033090838696807,77362.80193608302,median 5 warm calls on training rows; end-to-end preprocessing,0.0125638330355286,0.0115580000000079,203489280.0,,,60.99545551108177,3720.445593004355,51.26894423554825,0.4759826478316531,,,0.5,exp_004_real_f50_v1
,,,11,0,regression,diabetes,random_patches,complete,,,,,,,,0.5280574295849516,,,,,,,,,,,,31720.0,0.051681957906112,0.0465859999999906,8.0,116.0,62.0,256.0,0.0206865409854799,12375.196035900271,median 5 warm calls on training rows; end-to-end preprocessing,0.051681957906112,0.0465859999999906,203522048.0,,,61.53314532616686,3786.3279737311705,51.23350819639957,0.4667032457170441,,,0.5,exp_004_real_f50_v1
,,,11,0,regression,diabetes,random_forest,complete,,,,,,,,0.5039618462045101,,,,,,,,,,,,6774771.0,0.635462790960446,0.5482099999999974,256.0,92940.0,46598.0,256.0,0.03413529205136,7499.569642316873,median 5 warm calls on training rows; end-to-end preprocessing,0.635462790960446,0.5482099999999974,212123648.0,,,60.11285647203357,3613.555513227308,49.06252639358108,0.4910379026869191,,,0.5,exp_004_real_f50_v1
,,,11,0,regression,diabetes,extra_trees,complete,,,,,,,,0.4947878470952006,,,,,,,,,,,,10795539.0,0.4246704999823123,0.3688439999999957,256.0,148784.0,74520.0,256.0,0.0372462500818073,6873.175136764737,median 5 warm calls on training rows; end-to-end preprocessing,0.4246704999823123,0.3688439999999957,221659136.0,,,59.563203623305206,3547.775225871318,47.87288851351352,0.5003029251535758,,,0.5,exp_004_real_f50_v1
,,,11,0,regression,diabetes,xgboost,complete,,,,,,,,0.5073166568130264,,,,,,,,,,,,166782.0,0.06526416586712,0.0490989999999982,100.0,2584.0,1342.0,256.0,0.002154208952561,118837.12566306794,median 5 warm calls on training rows; end-to-end preprocessing,0.06526416586712,0.0490989999999982,221560832.0,,,60.312606457275194,3637.6104976701536,48.09131709949391,0.4876498060358372,,,0.5,exp_004_real_f50_v1
,,,11,0,regression,diabetes,lightgbm,complete,,,,,,,,0.4723840863534549,,,,,,,,,,,,111713.0,0.0224537078756839,0.0209010000000091,100.0,2134.0,1117.0,256.0,0.007984375115484,32062.62184545192,median 5 warm calls on training rows; end-to-end preprocessing,0.0224537078756839,0.0209010000000091,224280576.0,,,58.199086196791434,3387.133634141559,46.44456655960257,0.5229289734163485,,,0.5,exp_004_real_f50_v1
,,,11,0,regression,diabetes,catboost,complete,,,,,,,,0.480050779904273,,,,,,,,,,,,42354.0,0.0805662500206381,0.0663530000000065,100.0,3084.0,1592.0,256.0,0.0033838748931884,75652.91509899247,median 5 warm calls on training rows; end-to-end preprocessing,0.0805662500206381,0.0663530000000065,226230272.0,,,58.66946475612452,3442.1060947701367,47.85671026651587,0.5151862118194765,,,0.5,exp_004_real_f50_v1
,,,11,0,regression,diabetes,linear,complete,,,,,,,,0.4581058621803068,,,,,,,,,,,,3090.0,0.0073729169089347,0.0070580000000006,1.0,,,256.0,0.0024350830353796,105129.885215634,median 5 warm calls on training rows; end-to-end preprocessing,0.0073729169089347,0.0070580000000006,226361344.0,11.0,,57.31277818433938,3284.7545432072875,46.49437133704612,0.5373488644771547,,,0.5,exp_004_real_f50_v1
100.0,98.0,0.98,11,1,regression,diabetes,direct_auroc,not_applicable,task restriction defined in config,,,,,,,,,,,,,,,,,,,,,,,,,,,,,,,,,,,,,,,,0.5,exp_004_real_f50_v1
100.0,98.0,0.98,11,1,regression,diabetes,random_subspace,complete,,,,,,,,0.6819822552401447,0.2686445282174518,0.7200170255741328,0.7200170255741328,0.9230628608114922,1.702244127424808,0.3293650793650793,10.0,3520.525576512226,8.0,equal,False,41464.0,0.0534511671867221,0.0474579999999775,8.0,120.0,64.0,256.0,0.0253332080319523,10105.313139856238,median 5 warm calls on training rows; end-to-end preprocessing,,,,,,58.90925136309508,3470.29989616032,49.68922263116816,0.3018317843249751,,,0.5,exp_004_real_f50_v1
100.0,98.0,0.98,11,1,regression,diabetes,certified_random,complete,,,,,,,,0.6652202594833707,0.2580840387156953,0.7115559249559801,0.7115559249559801,0.9230628608114922,1.7298717623527944,0.3463718820861677,10.0,3534.9670717725635,8.0,equal,True,41480.0,2.9488319577649236,2.5734859999999884,8.0,120.0,64.0,256.0,0.0222064580302685,11528.177958459595,median 5 warm calls on training rows; end-to-end preprocessing,,,,,,58.18080151551335,3385.005664987561,49.05050719435006,0.3189916042157996,,,0.5,exp_004_real_f50_v1
100.0,98.0,0.98,11,1,regression,diabetes,top_quality,complete,,,,,,,,0.6500426867129481,0.3830231370036643,0.869068095930988,0.869068095930988,1.0,1.2623166846527776,0.5170068027210885,9.0,3485.9091516741887,8.0,equal,True,41480.0,2.9523908339906484,2.5738210000000237,8.0,120.0,64.0,256.0,0.0265315829310566,9648.877741868107,median 5 warm calls on training rows; end-to-end preprocessing,,,,,,57.51324931953293,3307.7738472907554,47.34368865952645,0.3345293969046614,,,0.5,exp_004_real_f50_v1
100.0,98.0,0.98,11,1,regression,diabetes,top_no_cert,complete,,,,,,,,0.6500426867129481,0.3830231370036643,0.869068095930988,0.869068095930988,1.0,1.2623166846527776,0.5170068027210885,9.0,3485.9091516741887,8.0,equal,True,41480.0,2.9615194590296596,2.581255000000013,8.0,120.0,64.0,256.0,0.0337340410333126,7588.773599557718,median 5 warm calls on training rows; end-to-end preprocessing,,,,,,57.51324931953293,3307.7738472907554,47.34368865952645,0.3345293969046614,,,0.5,exp_004_real_f50_v1
100.0,98.0,0.98,11,1,regression,diabetes,abs_correlation,complete,,,,,,,,0.6931488885173672,0.2393401048547204,0.6837495088484714,0.6837495088484714,0.9641322189335808,1.834110622435742,0.3796768707482992,10.0,3507.664763220461,8.0,equal,True,41480.0,3.044404542073607,2.6649530000000112,8.0,120.0,64.0,256.0,0.0251153330318629,10192.976524548629,median 5 warm calls on training rows; end-to-end preprocessing,,,,,,59.38957697309842,3527.121853043582,50.04348800566246,0.2904001255532809,,,0.5,exp_004_real_f50_v1
100.0,98.0,0.98,11,1,regression,diabetes,signed_correlation,complete,,,,,,,,0.6931488885173672,0.2393401048547204,0.6837495088484714,0.6837495088484714,0.9641322189335808,1.834110622435742,0.3796768707482992,10.0,3507.664763220461,8.0,equal,True,41480.0,3.0382854165509343,2.6664520000000067,8.0,120.0,64.0,256.0,0.0204521671403199,12517.010947720784,median 5 warm calls on training rows; end-to-end preprocessing,,,,,,59.38957697309842,3527.121853043582,50.04348800566246,0.2904001255532809,,,0.5,exp_004_real_f50_v1
100.0,98.0,0.98,11,1,regression,diabetes,minimax,complete,,,,,,,,0.6678267273611629,0.2746361924684523,0.710107839351977,0.710107839351977,0.8228814813588208,1.7572703918788333,0.3102324263038549,10.0,3442.6376087887875,8.0,equal,True,41320.0,3.0513817509636283,2.663219000000012,8.0,118.0,63.0,256.0,0.0216970420442521,11798.84333900795,median 5 warm calls on training rows; end-to-end preprocessing,,,,,,58.294672171940206,3398.26880363398,49.32476096462628,0.3163232752182781,,,0.5,exp_004_real_f50_v1
100.0,98.0,0.98,11,1,regression,diabetes,quality_diversity,complete,,,,,,,,0.6538559293721744,0.382875901434244,0.8507293105660094,0.8507293105660094,1.0,1.3101571368799003,0.4709467120181405,10.0,3421.099585168621,8.0,equal,True,41496.0,2.977444418007508,2.6114469999999557,8.0,120.0,64.0,256.0,0.0224362921435385,11410.084980272695,median 5 warm calls on training rows; end-to-end preprocessing,,,,,,57.6816930935909,3327.177718143212,47.543426476146905,0.3306256518982896,,,0.5,exp_004_real_f50_v1
100.0,98.0,0.98,11,1,regression,diabetes,prediction_correlation,complete,,,,,,,,0.6903517529103023,0.186959064625195,0.7180449777822488,0.7180449777822488,0.9898193917276134,1.7032630613049262,0.3988095238095238,10.0,3911.420661476062,8.0,equal,True,41208.0,2.993732166942209,2.6328769999999935,8.0,116.0,62.0,256.0,0.0183146670460701,13977.86808550973,median 5 warm calls on training rows; end-to-end preprocessing,,,,,,59.26962537740084,3512.8884923774376,50.446878870179304,0.2932636475302537,,,0.5,exp_004_real_f50_v1
100.0,98.0,0.98,11,1,regression,diabetes,coerror_greedy,complete,,,,,,,,0.6847356461892234,0.3453584831267464,0.7390220270711045,0.7390220270711045,0.9598566511160156,1.6475270689442978,0.3477891156462584,10.0,3214.2010681528095,8.0,equal,True,41480.0,2.9417045433074236,2.5769120000000356,8.0,120.0,64.0,256.0,0.019513500155881,13119.122553871804,median 5 warm calls on training rows; end-to-end preprocessing,,,,,,59.0280497730135,3484.310660005359,49.1761753908589,0.2990130452284613,,,0.5,exp_004_real_f50_v1
100.0,98.0,0.98,11,1,regression,diabetes,direct_squared,complete,,,,,,,,0.6847356461892234,0.3453584831267465,0.7390220270711048,0.7390220270711048,0.9598566511160156,1.6475270689442982,0.3477891156462585,10.0,3214.2010681528095,8.0,equal,True,41480.0,2.93765787454322,2.577060000000003,8.0,120.0,64.0,256.0,0.0229004169814288,11178.835748170162,median 5 warm calls on training rows; end-to-end preprocessing,,,,,,59.0280497730135,3484.310660005359,49.176175390858894,0.2990130452284613,,,0.5,exp_004_real_f50_v1
100.0,98.0,0.98,11,1,regression,diabetes,coerror,complete,,,,,,,,0.6775718235242015,0.342700577377364,0.7354580441437256,0.7354580441437256,0.985728654541166,1.660168894028527,0.3499149659863945,10.0,3212.4647981196476,8.0,equal,True,41464.0,2.932280084816739,2.5726880000000136,8.0,120.0,64.0,256.0,0.0256181249860674,9992.924936513788,median 5 warm calls on training rows; end-to-end preprocessing,,,,,,58.718457061890355,3447.8571997290614,49.07211186945311,0.3063468918923887,,,0.5,exp_004_real_f50_v1
100.0,98.0,0.98,11,1,regression,diabetes,coerror_no_cert,complete,,,,,,,,0.6775718235242015,0.342700577377364,0.7354580441437256,0.7354580441437256,0.985728654541166,1.660168894028527,0.3499149659863945,10.0,3212.4647981196476,8.0,equal,True,41464.0,2.9333184601273388,2.5734680000000054,8.0,120.0,64.0,256.0,0.0207534579094499,12335.29376728262,median 5 warm calls on training rows; end-to-end preprocessing,,,,,,58.718457061890355,3447.8571997290614,49.07211186945311,0.3063468918923887,,,0.5,exp_004_real_f50_v1
100.0,98.0,0.98,11,1,regression,diabetes,covariance_only,complete,,,,,,,,0.6775718235242015,0.342700577377364,0.7354580441437256,0.7354580441437256,0.985728654541166,1.660168894028527,0.3499149659863945,10.0,3212.4647981196476,8.0,equal,True,41464.0,2.9332550417166203,2.57409299999999,8.0,120.0,64.0,256.0,0.0214777078945189,11919.335212922337,median 5 warm calls on training rows; end-to-end preprocessing,,,,,,58.718457061890355,3447.8571997290614,49.07211186945311,0.3063468918923887,,,0.5,exp_004_real_f50_v1
100.0,98.0,0.98,11,1,regression,diabetes,shrinkage,complete,,,,,,,,0.6847837678868012,0.3480031727515519,0.7426154802165271,0.7426154802165271,0.985728654541166,1.634477687788154,0.352749433106576,10.0,3213.699631719762,8.0,equal,True,41448.0,2.9326307089067996,2.57132399999999,8.0,120.0,64.0,256.0,0.0221895421855151,11536.966281670788,median 5 warm calls on training rows; end-to-end preprocessing,,,,,,59.03012391656861,3484.555529605446,49.409992612137934,0.2989637814250778,,,0.5,exp_004_real_f50_v1
100.0,98.0,0.98,11,1,regression,diabetes,caruana,complete,,,,,,,,0.6851378769378361,0.3423712984177071,0.7320717127912788,0.7320717127912788,0.9598566511160156,1.644940546725587,0.3218065003779289,10.0,3206.6721032953715,8.0,frequency_weighted,True,36568.0,2.937285417923704,2.5762100000000174,7.0,105.0,56.0,256.0,0.0162640840280801,15740.203970787006,median 5 warm calls on training rows; end-to-end preprocessing,,,,,,59.04538449993563,3486.3574307452395,49.316552378901775,0.2986012680570015,,,0.5,exp_004_real_f50_v1
100.0,98.0,0.98,11,1,regression,diabetes,coerror_no_cert_affine,complete,,,,,,,,0.6847254380378104,0.342700577377364,0.7354580441437256,0.7354580441437256,0.985728654541166,1.660168894028527,0.3499149659863945,10.0,3212.4647981196476,8.0,affine_of_equal,True,41715.0,2.9371398768853396,2.5718080000000185,8.0,120.0,64.0,256.0,0.0203491668216884,12580.367650588612,median 5 warm calls on training rows; end-to-end preprocessing,,,,,,59.02760977144584,3484.2587153300883,48.500424320056744,0.2990234956570503,3174.714117777458,2.0,0.5,exp_004_real_f50_v1
100.0,98.0,0.98,11,1,regression,diabetes,affine_profiled,complete,,,,,,,,0.673341488143719,0.3035237717721302,0.6997487026956646,0.6997487026956646,0.909262229335044,1.7948882880735617,0.3329081632653062,10.0,3259.698968892052,8.0,affine_of_equal,True,41715.0,2.9350936678238213,2.573496999999989,8.0,120.0,64.0,256.0,0.0225907920394092,11332.050667077632,median 5 warm calls on training rows; end-to-end preprocessing,,,,,,58.53486937087698,3426.3309322656323,48.19951845259241,0.3106776287724244,3167.984334416002,2.0,0.5,exp_004_real_f50_v1
,,,11,1,regression,diabetes,rf_shallow,complete,,,,,,,,0.625530313739552,,,,,,,,,,,,13923.0,0.0206744999159127,0.016695999999996,8.0,114.0,61.0,256.0,0.0049834169913083,51370.37507527351,median 5 warm calls on training rows; end-to-end preprocessing,0.0206744999159127,0.016695999999996,224739328.0,,,56.418449504215715,3183.041444459738,46.02098959875485,0.3596235391192127,,,0.5,exp_004_real_f50_v1
,,,11,1,regression,diabetes,et_shallow,complete,,,,,,,,0.5940394206025207,,,,,,,,,,,,13923.0,0.0168810000177472,0.0124340000000131,8.0,114.0,61.0,256.0,0.0085684999357908,29876.874822707283,median 5 warm calls on training rows; end-to-end preprocessing,0.0168810000177472,0.0124340000000131,224739328.0,,,54.97998274052965,3022.7985021489385,46.314828501288986,0.3918618275828213,,,0.5,exp_004_real_f50_v1
,,,11,1,regression,diabetes,random_patches,complete,,,,,,,,0.610807770578451,,,,,,,,,,,,31848.0,0.0436245000455528,0.0398330000000157,8.0,118.0,63.0,256.0,0.0182661658618599,14014.982779420206,median 5 warm calls on training rows; end-to-end preprocessing,0.0436245000455528,0.0398330000000157,224772096.0,,,55.75056113686317,3108.1250670751183,46.894936015874514,0.3746955026637261,,,0.5,exp_004_real_f50_v1
,,,11,1,regression,diabetes,random_forest,complete,,,,,,,,0.6562564537427941,,,,,,,,,,,,6762963.0,0.5988819159101695,0.5365489999999795,256.0,92776.0,46516.0,256.0,0.0370717081241309,6905.53559449727,median 5 warm calls on training rows; end-to-end preprocessing,0.5988819159101695,0.5365489999999795,224772096.0,,,57.787480505993926,3339.392903230628,47.586150085034014,0.3281681542088083,,,0.5,exp_004_real_f50_v1
,,,11,1,regression,diabetes,extra_trees,complete,,,,,,,,0.6532328716325626,,,,,,,,,,,,10791795.0,0.4178467909805476,0.3697850000000073,256.0,148732.0,74494.0,256.0,0.0343603331129998,7450.451634391916,median 5 warm calls on training rows; end-to-end preprocessing,0.4178467909805476,0.3697850000000073,224722944.0,,,57.65420417031646,3324.007258512536,47.66419536564626,0.3312634971017166,,,0.5,exp_004_real_f50_v1
,,,11,1,regression,diabetes,xgboost,complete,,,,,,,,0.662612701215033,,,,,,,,,,,,172563.0,0.0685951670166105,0.0496049999999854,100.0,2754.0,1427.0,256.0,0.003609332954511,70927.23315537957,median 5 warm calls on training rows; end-to-end preprocessing,0.0685951670166105,0.0496049999999854,224739328.0,,,58.06665977853199,3371.7369778357847,47.082051491250795,0.321661049482866,,,0.5,exp_004_real_f50_v1
,,,11,1,regression,diabetes,lightgbm,complete,,,,,,,,0.6382583209418543,,,,,,,,,,,,112491.0,0.0241810409352183,0.023633000000018,100.0,2152.0,1126.0,256.0,0.0058795840013772,43540.49537178735,median 5 warm calls on training rows; end-to-end preprocessing,0.0241810409352183,0.023633000000018,225050624.0,,,56.98954753767513,3247.8085285489333,47.093068407278366,0.3465934492462714,,,0.5,exp_004_real_f50_v1
,,,11,1,regression,diabetes,catboost,complete,,,,,,,,0.5783416142183805,,,,,,,,,,,,42458.0,0.0683828750625252,0.0651200000000074,100.0,3100.0,1600.0,256.0,0.0035960841923952,71188.54462344733,median 5 warm calls on training rows; end-to-end preprocessing,0.0683828750625252,0.0651200000000074,226689024.0,,,54.24868155439597,2942.9194503902618,44.889186843212336,0.4079322009525329,,,0.5,exp_004_real_f50_v1
,,,11,1,regression,diabetes,linear,complete,,,,,,,,0.5521847867402178,,,,,,,,,,,,3090.0,0.007775834063068,0.0071489999999982,1.0,,,256.0,0.0026199589483439,97711.45466298658,median 5 warm calls on training rows; end-to-end preprocessing,0.007775834063068,0.0071489999999982,226656256.0,11.0,,53.007727368566286,2809.819160780251,43.23056644693133,0.4347098266573511,,,0.5,exp_004_real_f50_v1
100.0,91.0,0.91,11,2,regression,diabetes,direct_auroc,not_applicable,task restriction defined in config,,,,,,,,,,,,,,,,,,,,,,,,,,,,,,,,,,,,,,,,0.5,exp_004_real_f50_v1
100.0,91.0,0.91,11,2,regression,diabetes,random_subspace,complete,,,,,,,,0.5664190281947822,0.284866591939533,0.800639564588617,0.800639564588617,1.0,1.4736107295889815,0.3399943310657596,10.0,3559.0209295275004,8.0,equal,False,41320.0,0.0474470010958611,0.045014999999978,8.0,118.0,63.0,256.0,0.0286113750189542,8947.490284210626,median 5 warm calls on training rows; end-to-end preprocessing,,,,,,56.47389111629023,3189.300377814605,45.703982144540795,0.4329814937007341,,,0.5,exp_004_real_f50_v1
100.0,91.0,0.91,11,2,regression,diabetes,certified_random,complete,,,,,,,,0.6389607400994733,0.2937478058099629,0.7965509467731452,0.7965509467731452,1.0,1.4732116582881003,0.328656462585034,10.0,3517.503514575675,8.0,equal,True,41464.0,2.876964831724763,2.5428360000000225,8.0,120.0,64.0,256.0,0.0248295001219958,10310.316306900448,median 5 warm calls on training rows; end-to-end preprocessing,,,,,,59.98130109692304,3597.756481279741,48.939314919199234,0.3603630061833182,,,0.5,exp_004_real_f50_v1
100.0,91.0,0.91,11,2,regression,diabetes,top_quality,complete,,,,,,,,0.6237639338587234,0.350562988612652,0.9094055496008288,0.9094055496008288,1.0,1.1727806395153375,0.4736394557823128,9.0,3641.2312149204377,8.0,equal,True,41480.0,2.867894417140633,2.539219000000003,8.0,120.0,64.0,256.0,0.0193592079449445,13223.681502261685,median 5 warm calls on training rows; end-to-end preprocessing,,,,,,59.26372220818988,3512.1887699694985,47.48864315677355,0.3755758961927022,,,0.5,exp_004_real_f50_v1
100.0,91.0,0.91,11,2,regression,diabetes,top_no_cert,complete,,,,,,,,0.6237639338587234,0.350562988612652,0.9094055496008288,0.9094055496008288,1.0,1.1727806395153375,0.4736394557823128,9.0,3641.2312149204377,8.0,equal,True,41480.0,2.8923084158450365,2.5465659999999843,8.0,120.0,64.0,256.0,0.0238478330429643,10734.727953637946,median 5 warm calls on training rows; end-to-end preprocessing,,,,,,59.26372220818988,3512.1887699694985,47.48864315677355,0.3755758961927022,,,0.5,exp_004_real_f50_v1
100.0,91.0,0.91,11,2,regression,diabetes,abs_correlation,complete,,,,,,,,0.5753250694271551,0.2531467698219727,0.7026364528593918,0.7026364528593918,0.8811303188477463,1.7756095928243916,0.3938492063492064,10.0,3359.2430234701037,8.0,equal,True,41480.0,2.969332165783271,2.626839000000018,8.0,120.0,64.0,256.0,0.020458040991798,12513.41710101346,median 5 warm calls on training rows; end-to-end preprocessing,,,,,,56.916140681022114,3239.447070021901,47.72864592163576,0.4240660266255652,,,0.5,exp_004_real_f50_v1
100.0,91.0,0.91,11,2,regression,diabetes,signed_correlation,complete,,,,,,,,0.5753250694271551,0.2531467698219727,0.7026364528593918,0.7026364528593918,0.8811303188477463,1.7756095928243916,0.3938492063492064,10.0,3359.2430234701037,8.0,equal,True,41480.0,2.9739949160721153,2.627300999999989,8.0,120.0,64.0,256.0,0.0195072500500828,13123.325909225909,median 5 warm calls on training rows; end-to-end preprocessing,,,,,,56.916140681022114,3239.447070021901,47.72864592163576,0.4240660266255652,,,0.5,exp_004_real_f50_v1
100.0,91.0,0.91,11,2,regression,diabetes,minimax,complete,,,,,,,,0.5569450627733874,0.2454848812291086,0.7356898709463662,0.7356898709463662,0.8358942904049963,1.659614501334669,0.3339002267573696,10.0,3526.6096499472833,8.0,equal,True,41496.0,2.901432374957949,2.565593000000007,8.0,120.0,64.0,256.0,0.0215910831466317,11856.746521766643,median 5 warm calls on training rows; end-to-end preprocessing,,,,,,55.9996063398135,3135.9559102140806,46.9878879782506,0.4424654860360391,,,0.5,exp_004_real_f50_v1
100.0,91.0,0.91,11,2,regression,diabetes,quality_diversity,complete,,,,,,,,0.6152600205770838,0.3478711551460272,0.8336003856097285,0.8336003856097285,1.0,1.3472302649177907,0.4092970521541949,9.0,3391.005302026382,8.0,equal,True,41480.0,2.9066732078790665,2.5698079999999948,8.0,120.0,64.0,256.0,0.0241273329593241,10610.372909081423,median 5 warm calls on training rows; end-to-end preprocessing,,,,,,58.85835806912069,3464.306314592825,47.80816741556186,0.3840888097189679,,,0.5,exp_004_real_f50_v1
100.0,91.0,0.91,11,2,regression,diabetes,prediction_correlation,complete,,,,,,,,0.6149380420583482,0.1971152195919424,0.7324387491939801,0.7324387491939801,1.0,1.638857559212765,0.4702380952380953,10.0,3748.3800971817286,8.0,equal,True,41480.0,2.9391456660814583,2.596152999999987,8.0,120.0,64.0,256.0,0.0277112089097499,9238.139008433092,median 5 warm calls on training rows; end-to-end preprocessing,,,,,,58.842955144875425,3462.4933701818213,49.26757553221851,0.3844111290085155,,,0.5,exp_004_real_f50_v1
100.0,91.0,0.91,11,2,regression,diabetes,coerror_greedy,complete,,,,,,,,0.560469398494393,0.3269422108165678,0.7449358372945334,0.7449358372945334,0.9956027933743984,1.6083681762736417,0.3846371882086167,10.0,3181.719317792708,8.0,equal,True,41480.0,2.8661136250011623,2.538776000000013,8.0,120.0,64.0,256.0,0.0198716670274734,12882.663525212494,median 5 warm calls on training rows; end-to-end preprocessing,,,,,,56.17650904127021,3155.8001680639136,46.25203228444376,0.4389374202812731,,,0.5,exp_004_real_f50_v1
100.0,91.0,0.91,11,2,regression,diabetes,direct_squared,complete,,,,,,,,0.560469398494393,0.3269422108165678,0.7449358372945335,0.7449358372945335,0.9956027933743984,1.6083681762736424,0.3846371882086167,10.0,3181.719317792708,8.0,equal,True,41496.0,2.8841581237502396,2.5481690000000015,8.0,120.0,64.0,256.0,0.0191588748712092,13361.953753594398,median 5 warm calls on training rows; end-to-end preprocessing,,,,,,56.17650904127021,3155.8001680639136,46.25203228444376,0.4389374202812731,,,0.5,exp_004_real_f50_v1
100.0,91.0,0.91,11,2,regression,diabetes,coerror,complete,,,,,,,,0.5619739301198784,0.3203337611748421,0.7350192034700006,0.7350192034700006,0.9956027933743984,1.6391806380363672,0.3520408163265306,10.0,3176.5956373761346,8.0,equal,True,41480.0,2.87161299912259,2.54061200000001,8.0,120.0,64.0,256.0,0.0204081248957663,12544.023584112165,median 5 warm calls on training rows; end-to-end preprocessing,,,,,,56.25185899746953,3164.271640671194,46.34038723150955,0.4374312963120951,,,0.5,exp_004_real_f50_v1
100.0,91.0,0.91,11,2,regression,diabetes,coerror_no_cert,complete,,,,,,,,0.5619739301198784,0.3203337611748421,0.7350192034700006,0.7350192034700006,0.9956027933743984,1.6391806380363672,0.3520408163265306,10.0,3176.5956373761346,8.0,equal,True,41480.0,2.8927033320069313,2.5459559999999613,8.0,120.0,64.0,256.0,0.0206544159445911,12394.443913919507,median 5 warm calls on training rows; end-to-end preprocessing,,,,,,56.25185899746953,3164.271640671194,46.34038723150955,0.4374312963120951,,,0.5,exp_004_real_f50_v1
100.0,91.0,0.91,11,2,regression,diabetes,covariance_only,complete,,,,,,,,0.5619739301198784,0.3203337611748421,0.7350192034700006,0.7350192034700006,0.9956027933743984,1.6391806380363672,0.3520408163265306,10.0,3176.5956373761346,8.0,equal,True,41480.0,2.876719291089102,2.542872000000017,8.0,120.0,64.0,256.0,0.0209930418059229,12194.5167530592,median 5 warm calls on training rows; end-to-end preprocessing,,,,,,56.25185899746953,3164.271640671194,46.34038723150955,0.4374312963120951,,,0.5,exp_004_real_f50_v1
100.0,91.0,0.91,11,2,regression,diabetes,shrinkage,complete,,,,,,,,0.560469398494393,0.3269422108165678,0.7449358372945335,0.7449358372945335,0.9956027933743984,1.6083681762736424,0.3846371882086167,10.0,3181.719317792708,8.0,equal,True,41480.0,2.871092999121174,2.544547999999992,8.0,120.0,64.0,256.0,0.0209907081443816,12195.87248982454,median 5 warm calls on training rows; end-to-end preprocessing,,,,,,56.17650904127021,3155.8001680639136,46.25203228444376,0.4389374202812731,,,0.5,exp_004_real_f50_v1
100.0,91.0,0.91,11,2,regression,diabetes,caruana,complete,,,,,,,,0.5766458610896239,0.3176015421992665,0.727362963812509,0.727362963812509,0.8646422285255422,1.6402526515176827,0.3373015873015872,10.0,3171.758764626143,8.0,frequency_weighted,True,31624.0,2.8677307090256363,2.54012800000001,6.0,90.0,48.0,256.0,0.0175486248917877,14588.03761426346,median 5 warm calls on training rows; end-to-end preprocessing,,,,,,56.981435305301495,3246.88396945226,47.477205884376595,0.4227438370833591,,,0.5,exp_004_real_f50_v1
100.0,91.0,0.91,11,2,regression,diabetes,coerror_no_cert_affine,complete,,,,,,,,0.5918562708918603,0.3203337611748421,0.7350192034700006,0.7350192034700006,0.9956027933743984,1.6391806380363672,0.3520408163265306,10.0,3176.5956373761346,8.0,affine_of_equal,True,41731.0,2.866802250035107,2.5415299999999945,8.0,120.0,64.0,256.0,0.0230325001757591,11114.72910220272,median 5 warm calls on training rows; end-to-end preprocessing,,,,,,57.728054509828326,3332.5282774897105,46.68316751073456,0.4075173291149547,3043.993759735039,2.0,0.5,exp_004_real_f50_v1
100.0,91.0,0.91,11,2,regression,diabetes,affine_profiled,complete,,,,,,,,0.6333113876195128,0.2983149050204541,0.7185369463949371,0.7185369463949371,0.9956027933743984,1.7075236729103842,0.4151077097505668,10.0,3209.660557940715,8.0,affine_of_equal,True,41699.0,2.8658583739306778,2.5407699999999807,8.0,120.0,64.0,256.0,0.02163862506859,11830.696229013258,median 5 warm calls on training rows; end-to-end preprocessing,,,,,,59.71555093767446,3565.947023789993,48.62357477396674,0.3660183377405125,3022.5490405036935,2.0,0.5,exp_004_real_f50_v1
,,,11,2,regression,diabetes,rf_shallow,complete,,,,,,,,0.5706963856592686,,,,,,,,,,,,14211.0,0.0198270420078188,0.0173980000000142,8.0,118.0,63.0,256.0,0.0035359170287847,72399.88888765973,median 5 warm calls on training rows; end-to-end preprocessing,0.0198270420078188,0.0173980000000142,224690176.0,,,56.68672356328463,3213.3846283402486,45.414923848382706,0.4286996092305903,,,0.5,exp_004_real_f50_v1
,,,11,2,regression,diabetes,et_shallow,complete,,,,,,,,0.5823101529732424,,,,,,,,,,,,14355.0,0.0127702499739825,0.0127040000000135,8.0,120.0,64.0,256.0,0.0029120000544935,87912.08626695008,median 5 warm calls on training rows; end-to-end preprocessing,0.0127702499739825,0.0127040000000135,224690176.0,,,57.26061076615068,3278.7775453126105,47.699615379472974,0.4170735503111643,,,0.5,exp_004_real_f50_v1
,,,11,2,regression,diabetes,random_patches,complete,,,,,,,,0.5939522289057572,,,,,,,,,,,,31144.0,0.0515393340028822,0.0461090000000012,8.0,108.0,58.0,256.0,0.0208855839446187,12257.258436193257,median 5 warm calls on training rows; end-to-end preprocessing,0.0515393340028822,0.0461090000000012,224722944.0,,,57.830181202050085,3344.329857861947,48.162088998283615,0.4054191528123445,,,0.5,exp_004_real_f50_v1
,,,11,2,regression,diabetes,random_forest,complete,,,,,,,,0.573525726400286,,,,,,,,,,,,6784563.0,0.6146927499212325,0.540440000000018,256.0,93076.0,46666.0,256.0,0.0329307080246508,7773.899055203036,median 5 warm calls on training rows; end-to-end preprocessing,0.6146927499212325,0.540440000000018,226852864.0,,,56.82706768082331,3229.315621200873,46.34202274659864,0.4258672740142113,,,0.5,exp_004_real_f50_v1
,,,11,2,regression,diabetes,extra_trees,complete,,,,,,,,0.5198425636856222,,,,,,,,,,,,10814403.0,0.3879536250606179,0.3551719999999818,256.0,149046.0,74651.0,256.0,0.0375263339374214,6821.876083789671,median 5 warm calls on training rows; end-to-end preprocessing,0.3879536250606179,0.3551719999999818,226852864.0,,,54.1021734981707,2927.045177226164,43.685533588435376,0.4796072531121972,,,0.5,exp_004_real_f50_v1
,,,11,2,regression,diabetes,xgboost,complete,,,,,,,,0.6280431408588113,,,,,,,,,,,,170043.0,0.072780542075634,0.0510289999999997,100.0,2680.0,1390.0,256.0,0.0030516250990331,83889.72815864948,median 5 warm calls on training rows; end-to-end preprocessing,0.072780542075634,0.0510289999999997,226852864.0,,,59.46665817548662,3536.28343456017,48.308615444468806,0.3712921602294732,,,0.5,exp_004_real_f50_v1
,,,11,2,regression,diabetes,lightgbm,complete,,,,,,,,0.6236545302923033,,,,,,,,,,,,114188.0,0.0275675000157207,0.0217519999999922,100.0,2196.0,1148.0,256.0,0.0055198338814079,46378.20729755378,median 5 warm calls on training rows; end-to-end preprocessing,0.0275675000157207,0.0217519999999922,226902016.0,,,59.258524771677074,3511.5727581154656,47.59952941211285,0.3756854155480336,,,0.5,exp_004_real_f50_v1
,,,11,2,regression,diabetes,catboost,complete,,,,,,,,0.5132342320821971,,,,,,,,,,,,42362.0,0.0771227090153843,0.0683829999999829,100.0,3100.0,1600.0,256.0,0.0035912909079343,71283.55974572104,median 5 warm calls on training rows; end-to-end preprocessing,0.0771227090153843,0.0683829999999829,226951168.0,,,53.75719538495659,2889.836055656399,43.62227158142653,0.4862225787428463,,,0.5,exp_004_real_f50_v1
,,,11,2,regression,diabetes,linear,complete,,,,,,,,0.5282986364236111,,,,,,,,,,,,3090.0,0.0064513329416513,0.0071020000000032,1.0,,,256.0,0.0021500410512089,119067.494016475,median 5 warm calls on training rows; end-to-end preprocessing,0.0064513329416513,0.0071020000000032,227016704.0,11.0,,54.5404277562111,2974.658259830482,43.87993472643446,0.4711422307623415,,,0.5,exp_004_real_f50_v1
100.0,90.0,0.9,29,0,regression,diabetes,direct_auroc,not_applicable,task restriction defined in config,,,,,,,,,,,,,,,,,,,,,,,,,,,,,,,,,,,,,,,,0.5,exp_004_real_f50_v1
100.0,90.0,0.9,29,0,regression,diabetes,random_subspace,complete,,,,,,,,0.560442984373466,0.2225251771110011,0.7612749520745662,0.7612749520745662,0.9624999821648786,1.5648031783335057,0.3591269841269841,10.0,3426.724143612083,8.0,equal,False,41408.0,0.0486031251493841,0.0465180000000202,8.0,120.0,64.0,256.0,0.0280576669611036,9124.065816124075,median 5 warm calls on training rows; end-to-end preprocessing,,,,,,61.78980230058092,3817.9796683448744,52.1160375136984,0.4200210853505799,,,0.5,exp_004_real_f50_v1
100.0,90.0,0.9,29,0,regression,diabetes,certified_random,complete,,,,,,,,0.5641891582241066,0.2259619801398022,0.7470317709637341,0.7470317709637341,0.9638724911357393,1.625018469972617,0.395266439909297,10.0,3349.0773008803326,8.0,equal,True,41264.0,2.858102833852172,2.540659999999974,8.0,118.0,63.0,256.0,0.0227447499055415,11255.344686715069,median 5 warm calls on training rows; end-to-end preprocessing,,,,,,61.99596940617273,3843.5002226111055,51.2326254239235,0.4161443273135218,,,0.5,exp_004_real_f50_v1
100.0,90.0,0.9,29,0,regression,diabetes,top_quality,complete,,,,,,,,0.582254344601957,0.3135774822253593,0.9264480728137152,0.9264480728137152,1.0,1.1385805441749226,0.5586734693877551,8.0,3580.682829315129,8.0,equal,True,41408.0,2.854965167818591,2.5407129999999825,8.0,120.0,64.0,256.0,0.0204204588662832,12536.446985659448,median 5 warm calls on training rows; end-to-end preprocessing,,,,,,62.98069604793839,3966.5680746828016,50.36819643986303,0.3974494243876192,,,0.5,exp_004_real_f50_v1
100.0,90.0,0.9,29,0,regression,diabetes,top_no_cert,complete,,,,,,,,0.582254344601957,0.3135774822253593,0.9264480728137152,0.9264480728137152,1.0,1.1385805441749226,0.5586734693877551,8.0,3580.682829315129,8.0,equal,True,41408.0,2.862163041951135,2.542332000000016,8.0,120.0,64.0,256.0,0.0200270419009029,12782.716552286103,median 5 warm calls on training rows; end-to-end preprocessing,,,,,,62.98069604793839,3966.5680746828016,50.36819643986303,0.3974494243876192,,,0.5,exp_004_real_f50_v1
100.0,90.0,0.9,29,0,regression,diabetes,abs_correlation,complete,,,,,,,,0.5768371719188223,0.1966596290753943,0.714435524843666,0.714435524843666,0.9187190194653252,1.7356222973693805,0.3324829931972788,10.0,3353.7768688262117,8.0,equal,True,41264.0,2.965608209138736,2.6288550000000157,8.0,118.0,63.0,256.0,0.0222349169198423,11513.422826039276,median 5 warm calls on training rows; end-to-end preprocessing,,,,,,62.68703179011498,3929.6639546548863,52.65423235922412,0.4030554289604934,,,0.5,exp_004_real_f50_v1
100.0,90.0,0.9,29,0,regression,diabetes,signed_correlation,complete,,,,,,,,0.5768371719188223,0.1966596290753943,0.714435524843666,0.714435524843666,0.9187190194653252,1.7356222973693805,0.3324829931972788,10.0,3353.7768688262117,8.0,equal,True,41264.0,2.9731547497212887,2.6319420000000093,8.0,118.0,63.0,256.0,0.0217124999035149,11790.443345427802,median 5 warm calls on training rows; end-to-end preprocessing,,,,,,62.68703179011498,3929.6639546548863,52.65423235922412,0.4030554289604934,,,0.5,exp_004_real_f50_v1
100.0,90.0,0.9,29,0,regression,diabetes,minimax,complete,,,,,,,,0.5970065474874103,0.2015516678058463,0.7496486048714309,0.7496486048714309,0.8155356059876543,1.6140699413390842,0.3449546485260771,10.0,3473.1073729482077,8.0,equal,True,41264.0,2.954068833962083,2.6201839999999947,8.0,118.0,63.0,256.0,0.0200375420972704,12776.018074336189,median 5 warm calls on training rows; end-to-end preprocessing,,,,,,63.77355605818307,4067.0664523062183,53.729898521115246,0.3821829889842779,,,0.5,exp_004_real_f50_v1
100.0,90.0,0.9,29,0,regression,diabetes,quality_diversity,complete,,,,,,,,0.5782126242596451,0.3115372621343695,0.8844127850621443,0.8844127850621443,1.0,1.2321580206220513,0.4630102040816327,9.0,3450.0494782962105,8.0,equal,True,41408.0,2.909446416888386,2.5775459999999555,8.0,120.0,64.0,256.0,0.0229162501636892,11171.112122245524,median 5 warm calls on training rows; end-to-end preprocessing,,,,,,62.761725040560734,3939.034130066948,50.65027751965579,0.401632031080557,,,0.5,exp_004_real_f50_v1
100.0,90.0,0.9,29,0,regression,diabetes,prediction_correlation,complete,,,,,,,,0.6267875906853582,0.1861932692191893,0.7295310609160719,0.7295310609160719,0.9716941987239448,1.6622484627166432,0.4023526077097505,10.0,3462.084311981834,8.0,equal,True,41264.0,2.961866458877921,2.6293890000000033,8.0,118.0,63.0,256.0,0.02539245900698,10081.733318133109,median 5 warm calls on training rows; end-to-end preprocessing,,,,,,65.3448374486269,4269.947781187473,54.94263444784996,0.3513638377188153,,,0.5,exp_004_real_f50_v1
100.0,90.0,0.9,29,0,regression,diabetes,coerror_greedy,complete,,,,,,,,0.5471907571332787,0.2741173859880628,0.7524707174145873,0.7524707174145873,0.9421858673419872,1.604350594216602,0.3541666666666666,10.0,3154.501562030092,8.0,equal,True,41408.0,2.8723953750450164,2.5470590000000186,8.0,120.0,64.0,256.0,0.0251323329284787,10186.0818384239,median 5 warm calls on training rows; end-to-end preprocessing,,,,,,61.05489147206613,3727.699772665773,50.32593580623829,0.4337352589342562,,,0.5,exp_004_real_f50_v1
100.0,90.0,0.9,29,0,regression,diabetes,direct_squared,complete,,,,,,,,0.5471907571332787,0.2741173859880628,0.7524707174145872,0.7524707174145872,0.9421858673419872,1.604350594216602,0.3541666666666667,10.0,3154.501562030092,8.0,equal,True,41408.0,2.86960562504828,2.550030000000021,8.0,120.0,64.0,256.0,0.0201935418881475,12677.320373909084,median 5 warm calls on training rows; end-to-end preprocessing,,,,,,61.05489147206613,3727.699772665773,50.32593580623829,0.4337352589342562,,,0.5,exp_004_real_f50_v1
100.0,90.0,0.9,29,0,regression,diabetes,coerror,complete,,,,,,,,0.5687109249777225,0.2606370530380362,0.7337326442132508,0.7337326442132508,0.9999999999999998,1.663645286007703,0.3476473922902494,10.0,3150.2426472497555,8.0,equal,True,41408.0,2.8548964590299875,2.5401480000000163,8.0,120.0,64.0,256.0,0.0260032089427113,9844.93877521052,median 5 warm calls on training rows; end-to-end preprocessing,,,,,,62.243910952925965,3874.304450715777,51.80035478038367,0.411464940744,,,0.5,exp_004_real_f50_v1
100.0,90.0,0.9,29,0,regression,diabetes,coerror_no_cert,complete,,,,,,,,0.5687109249777225,0.2606370530380362,0.7337326442132508,0.7337326442132508,0.9999999999999998,1.663645286007703,0.3476473922902494,10.0,3150.2426472497555,8.0,equal,True,41408.0,2.86781229195185,2.5462160000000154,8.0,120.0,64.0,256.0,0.019883916946128,12874.726880703996,median 5 warm calls on training rows; end-to-end preprocessing,,,,,,62.243910952925965,3874.304450715777,51.80035478038367,0.411464940744,,,0.5,exp_004_real_f50_v1
100.0,90.0,0.9,29,0,regression,diabetes,covariance_only,complete,,,,,,,,0.5687109249777225,0.2606370530380362,0.7337326442132508,0.7337326442132508,0.9999999999999998,1.663645286007703,0.3476473922902494,10.0,3150.2426472497555,8.0,equal,True,41408.0,2.8657785828690976,2.544776999999982,8.0,120.0,64.0,256.0,0.0195225831121206,13113.018832075655,median 5 warm calls on training rows; end-to-end preprocessing,,,,,,62.243910952925965,3874.304450715777,51.80035478038367,0.411464940744,,,0.5,exp_004_real_f50_v1
100.0,90.0,0.9,29,0,regression,diabetes,shrinkage,complete,,,,,,,,0.5416646314913623,0.2763591503711695,0.7552048856567357,0.7552048856567357,0.9999999999999998,1.5884645062384606,0.3462301587301587,10.0,3156.1953071631733,8.0,equal,True,41408.0,2.8646940826438367,2.5433859999999697,8.0,120.0,64.0,256.0,0.0183754158206284,13931.65751996818,median 5 warm calls on training rows; end-to-end preprocessing,,,,,,60.7458098803957,3690.0534180251793,50.051712561930735,0.4394540143498459,,,0.5,exp_004_real_f50_v1
100.0,90.0,0.9,29,0,regression,diabetes,caruana,complete,,,,,,,,0.5440410971527602,0.2688530063798139,0.7395381486470145,0.7395381486470145,0.9421858673419872,1.6229521682662549,0.3435374149659863,10.0,3153.667465103173,8.0,frequency_weighted,True,36480.0,2.864057957660407,2.5438409999999863,7.0,105.0,56.0,256.0,0.0176507500000298,14503.632990075082,median 5 warm calls on training rows; end-to-end preprocessing,,,,,,60.87892023123312,3706.2429285208455,50.789450872381465,0.4369947098114191,,,0.5,exp_004_real_f50_v1
100.0,90.0,0.9,29,0,regression,diabetes,coerror_no_cert_affine,complete,,,,,,,,0.533361757465198,0.2606370530380362,0.7337326442132508,0.7337326442132508,0.9999999999999998,1.663645286007703,0.3476473922902494,10.0,3150.2426472497555,8.0,affine_of_equal,True,41659.0,2.855289458995685,2.5405939999999987,8.0,120.0,64.0,256.0,0.0236953750718384,10803.79606669536,median 5 warm calls on training rows; end-to-end preprocessing,,,,,,60.27844269800175,3633.49065409628,49.5621520961686,0.4480463100880983,3058.74367287101,2.0,0.5,exp_004_real_f50_v1
100.0,90.0,0.9,29,0,regression,diabetes,affine_profiled,complete,,,,,,,,0.5386402765370668,0.2364016499859342,0.7182715196162954,0.7182715196162954,0.9624999821648786,1.7259482458586386,0.3435374149659864,10.0,3193.307821439062,8.0,affine_of_equal,True,41659.0,2.89218645892106,2.550978000000015,8.0,120.0,64.0,256.0,0.0189731668215245,13492.739636357148,median 5 warm calls on training rows; end-to-end preprocessing,,,,,,60.57598703974125,3669.4502058389,50.3355304076096,0.4425837923162303,3048.5537588632988,2.0,0.5,exp_004_real_f50_v1
,,,29,0,regression,diabetes,rf_shallow,complete,,,,,,,,0.4855823703043881,,,,,,,,,,,,14355.0,0.0182942911051213,0.0161379999999837,8.0,120.0,64.0,256.0,0.0033999171573668,75295.9522691029,median 5 warm calls on training rows; end-to-end preprocessing,0.0182942911051213,0.0161379999999837,226770944.0,,,57.515187842376754,3307.996832543882,47.35304419096328,0.497491191870533,,,0.5,exp_004_real_f50_v1
,,,29,0,regression,diabetes,et_shallow,complete,,,,,,,,0.5735796395880568,,,,,,,,,,,,13923.0,0.0142103750258684,0.0117319999999949,8.0,114.0,61.0,256.0,0.0036248748656362,70623.12755314037,median 5 warm calls on training rows; end-to-end preprocessing,0.0142103750258684,0.0117319999999949,226770944.0,,,62.509777135015774,3907.4722374693406,52.227540705102925,0.4064265124039679,,,0.5,exp_004_real_f50_v1
,,,29,0,regression,diabetes,random_patches,complete,,,,,,,,0.6166892721416798,,,,,,,,,,,,31896.0,0.0665205831173807,0.051398000000006,8.0,118.0,63.0,256.0,0.0191277090925723,13383.725084955931,median 5 warm calls on training rows; end-to-end preprocessing,0.0665205831173807,0.051398000000006,226803712.0,,,64.81630715909131,4201.153673741672,53.51298381916698,0.3618141636075301,,,0.5,exp_004_real_f50_v1
,,,29,0,regression,diabetes,random_forest,complete,,,,,,,,0.5335949082354634,,,,,,,,,,,,6755763.0,0.60001299995929,0.5382950000000051,256.0,92676.0,46466.0,256.0,0.0311255000997334,8224.76744726078,median 5 warm calls on training rows; end-to-end preprocessing,0.60001299995929,0.5382950000000051,226803712.0,,,60.29161614886923,3635.0789778425888,49.18929476351352,0.4478050321446526,,,0.5,exp_004_real_f50_v1
,,,29,0,regression,diabetes,extra_trees,complete,,,,,,,,0.520055780990842,,,,,,,,,,,,10803315.0,0.4057206250727176,0.3532380000000046,256.0,148892.0,74574.0,256.0,0.0345733340363949,7404.550562885018,median 5 warm calls on training rows; end-to-end preprocessing,0.4057206250727176,0.3532380000000046,226803712.0,,,59.52179932948427,3542.844595419394,48.333667652027025,0.461816106497585,,,0.5,exp_004_real_f50_v1
,,,29,0,regression,diabetes,xgboost,complete,,,,,,,,0.5642038219242193,,,,,,,,,,,,174392.0,0.0591338328085839,0.0517759999999896,100.0,2808.0,1454.0,256.0,0.0041503328830003,61681.799319897334,median 5 warm calls on training rows; end-to-end preprocessing,0.0591338328085839,0.0517759999999896,226820096.0,,,61.99677506184991,3843.6001180696153,50.20217240823282,0.4161291524659224,,,0.5,exp_004_real_f50_v1
,,,29,0,regression,diabetes,lightgbm,complete,,,,,,,,0.5865100825962271,,,,,,,,,,,,113079.0,0.0306417499668896,0.0234970000000203,100.0,2174.0,1137.0,256.0,0.0062392498366534,41030.57365904585,median 5 warm calls on training rows; end-to-end preprocessing,0.0306417499668896,0.0234970000000203,226836480.0,,,63.21044217516076,3995.5599999793417,50.41065375006176,0.3930453398120788,,,0.5,exp_004_real_f50_v1
,,,29,0,regression,diabetes,catboost,complete,,,,,,,,0.5428608786515717,,,,,,,,,,,,42410.0,0.0694726661313325,0.0632499999999822,100.0,3100.0,1600.0,256.0,0.0022714999504387,112700.86092256082,median 5 warm calls on training rows; end-to-end preprocessing,0.0694726661313325,0.0632499999999822,227065856.0,,,60.81285037183405,3698.2027703470767,49.56179739767162,0.438216068387499,,,0.5,exp_004_real_f50_v1
,,,29,0,regression,diabetes,linear,complete,,,,,,,,0.4653010239648599,,,,,,,,,,,,3090.0,0.0066815419122576,0.0075559999999939,1.0,,,256.0,0.0025083750952035,102058.10147354746,median 5 warm calls on training rows; end-to-end preprocessing,0.0066815419122576,0.0075559999999939,227033088.0,11.0,,56.30125701651817,3169.8315416400364,46.356556741810536,0.5184795056965656,,,0.5,exp_004_real_f50_v1
100.0,91.0,0.91,29,1,regression,diabetes,direct_auroc,not_applicable,task restriction defined in config,,,,,,,,,,,,,,,,,,,,,,,,,,,,,,,,,,,,,,,,0.5,exp_004_real_f50_v1
100.0,91.0,0.91,29,1,regression,diabetes,random_subspace,complete,,,,,,,,0.4883772141719484,0.2436837614616722,0.7815293680047077,0.7815293680047077,0.958501999206594,1.5178853384766564,0.3392857142857142,10.0,3702.613681973234,8.0,equal,False,41464.0,0.0531852080021053,0.0478080000000034,8.0,120.0,64.0,256.0,0.0235663750208914,10862.934998405895,median 5 warm calls on training rows; end-to-end preprocessing,,,,,,53.01154292561254,2810.2236833540605,43.97861741421925,0.4814363136791222,,,0.5,exp_004_real_f50_v1
100.0,91.0,0.91,29,1,regression,diabetes,certified_random,complete,,,,,,,,0.5286181308439849,0.2389081209947077,0.7748505192376705,0.7748505192376705,0.9475935779345708,1.532177063758167,0.318735827664399,10.0,3704.3420920807425,8.0,equal,True,41464.0,2.8435776671394706,2.5265420000000063,8.0,120.0,64.0,256.0,0.0230682920664548,11097.483908323944,median 5 warm calls on training rows; end-to-end preprocessing,,,,,,55.152318681138695,3041.77825590588,46.07201889402562,0.4387081161202668,,,0.5,exp_004_real_f50_v1
100.0,91.0,0.91,29,1,regression,diabetes,top_quality,complete,,,,,,,,0.521716804984251,0.3107347317869431,0.946246666358502,0.946246666358502,0.999974138387346,1.1008473597893764,0.4838435374149659,9.0,3992.281278354135,8.0,equal,True,41464.0,2.855018583126366,2.531996000000021,8.0,120.0,64.0,256.0,0.0208030419889837,12305.892577420398,median 5 warm calls on training rows; end-to-end preprocessing,,,,,,54.79111786536747,3002.0665969365905,45.06092948720027,0.4460360111867741,,,0.5,exp_004_real_f50_v1
100.0,91.0,0.91,29,1,regression,diabetes,top_no_cert,complete,,,,,,,,0.521716804984251,0.3107347317869431,0.946246666358502,0.946246666358502,0.999974138387346,1.1008473597893764,0.4838435374149659,9.0,3992.281278354135,8.0,equal,True,41464.0,2.84765245905146,2.529470000000032,8.0,120.0,64.0,256.0,0.0198354581370949,12906.180347871348,median 5 warm calls on training rows; end-to-end preprocessing,,,,,,54.79111786536747,3002.0665969365905,45.06092948720027,0.4460360111867741,,,0.5,exp_004_real_f50_v1
100.0,91.0,0.91,29,1,regression,diabetes,abs_correlation,complete,,,,,,,,0.4974626750835548,0.2194177047499987,0.7217144544007026,0.7217144544007026,0.9373831059580492,1.6964983002823677,0.3385770975056689,10.0,3587.022109250306,8.0,equal,True,41336.0,2.968825708841905,2.6229250000000377,8.0,118.0,63.0,256.0,0.0213959999382495,11964.85327812837,median 5 warm calls on training rows; end-to-end preprocessing,,,,,,53.50236731183207,2862.5033079701966,45.27300943907748,0.4717892827253233,,,0.5,exp_004_real_f50_v1
100.0,91.0,0.91,29,1,regression,diabetes,signed_correlation,complete,,,,,,,,0.4974626750835548,0.2194177047499987,0.7217144544007026,0.7217144544007026,0.9373831059580492,1.6964983002823677,0.3385770975056689,10.0,3587.022109250306,8.0,equal,True,41336.0,2.9595083340536803,2.620634000000024,8.0,118.0,63.0,256.0,0.0253395831678062,10102.77076401343,median 5 warm calls on training rows; end-to-end preprocessing,,,,,,53.50236731183207,2862.5033079701966,45.27300943907748,0.4717892827253233,,,0.5,exp_004_real_f50_v1
100.0,91.0,0.91,29,1,regression,diabetes,minimax,complete,,,,,,,,0.515294664132285,0.2192507592019296,0.7478434841860208,0.7478434841860208,0.8493847995929368,1.6212230358055837,0.3321995464852607,10.0,3692.986437847851,8.0,equal,True,41496.0,2.943802832858637,2.613433000000043,8.0,120.0,64.0,256.0,0.023973167175427,10678.605714742796,median 5 warm calls on training rows; end-to-end preprocessing,,,,,,54.45284444168512,2965.1122677903577,45.52825870654375,0.4528551029413187,,,0.5,exp_004_real_f50_v1
100.0,91.0,0.91,29,1,regression,diabetes,quality_diversity,complete,,,,,,,,0.503434191398227,0.306116114885784,0.8685786511056841,0.8685786511056841,0.9977723943915242,1.2667623894497877,0.4143990929705215,10.0,3729.082191131461,8.0,equal,True,41480.0,2.901442167116329,2.5676650000000336,8.0,120.0,64.0,256.0,0.0207932498306036,12311.687787409644,median 5 warm calls on training rows; end-to-end preprocessing,,,,,,53.82252920625603,2896.864650158283,44.67185313951333,0.4654486684968073,,,0.5,exp_004_real_f50_v1
100.0,91.0,0.91,29,1,regression,diabetes,prediction_correlation,complete,,,,,,,,0.5446312108762341,0.1932323046092389,0.7352278906667948,0.7352278906667948,0.906369806179202,1.6485475471503728,0.3428287981859411,10.0,3769.6997786202382,8.0,equal,True,41336.0,2.9150585420429707,2.5873720000000446,8.0,118.0,63.0,256.0,0.0227118339389562,11271.656911901702,median 5 warm calls on training rows; end-to-end preprocessing,,,,,,55.98143296096132,3133.9208363626067,47.21224986502097,0.4217052716592416,,,0.5,exp_004_real_f50_v1
100.0,91.0,0.91,29,1,regression,diabetes,coerror_greedy,complete,,,,,,,,0.4852139178591872,0.2764115098918818,0.7575859056527613,0.7575859056527613,0.9999999999999998,1.567719496905167,0.3299319727891156,10.0,3463.2364277224556,8.0,equal,True,41496.0,2.8613213328644633,2.5310540000000117,8.0,120.0,64.0,256.0,0.0222329159732908,11514.45902586696,median 5 warm calls on training rows; end-to-end preprocessing,,,,,,52.83958195261712,2792.0214209273404,44.339287140469736,0.4847951325373115,,,0.5,exp_004_real_f50_v1
100.0,91.0,0.91,29,1,regression,diabetes,direct_squared,complete,,,,,,,,0.4852139178591872,0.2764115098918818,0.7575859056527614,0.7575859056527614,0.9999999999999998,1.567719496905167,0.3299319727891157,10.0,3463.236427722456,8.0,equal,True,41496.0,2.860789499944076,2.537463000000031,8.0,120.0,64.0,256.0,0.0224507909733802,11402.71629198,median 5 warm calls on training rows; end-to-end preprocessing,,,,,,52.83958195261712,2792.021420927341,44.33928714046974,0.4847951325373114,,,0.5,exp_004_real_f50_v1
100.0,91.0,0.91,29,1,regression,diabetes,coerror,complete,,,,,,,,0.4903207779436876,0.2709389713189684,0.7474104636603454,0.7474104636603454,0.9999999999999998,1.592322307197796,0.3185941043083899,10.0,3452.137889480304,8.0,equal,True,41480.0,2.849172124871984,2.528979000000021,8.0,120.0,64.0,256.0,0.0251726252026855,10169.777603199213,median 5 warm calls on training rows; end-to-end preprocessing,,,,,,53.11692152231749,2821.407352008035,44.59697363848336,0.4793726187219739,,,0.5,exp_004_real_f50_v1
100.0,91.0,0.91,29,1,regression,diabetes,coerror_no_cert,complete,,,,,,,,0.4903207779436876,0.2709389713189684,0.7474104636603454,0.7474104636603454,0.9999999999999998,1.592322307197796,0.3185941043083899,10.0,3452.137889480304,8.0,equal,True,41480.0,2.8543924591504037,2.531470000000013,8.0,120.0,64.0,256.0,0.0260791250038892,9816.280261006552,median 5 warm calls on training rows; end-to-end preprocessing,,,,,,53.11692152231749,2821.407352008035,44.59697363848336,0.4793726187219739,,,0.5,exp_004_real_f50_v1
100.0,91.0,0.91,29,1,regression,diabetes,covariance_only,complete,,,,,,,,0.4903207779436876,0.2709389713189684,0.7474104636603454,0.7474104636603454,0.9999999999999998,1.592322307197796,0.3185941043083899,10.0,3452.137889480304,8.0,equal,True,41480.0,2.8578598748426884,2.5320640000000196,8.0,120.0,64.0,256.0,0.0225512080360203,11351.941749244588,median 5 warm calls on training rows; end-to-end preprocessing,,,,,,53.11692152231749,2821.407352008035,44.59697363848336,0.4793726187219739,,,0.5,exp_004_real_f50_v1
100.0,91.0,0.91,29,1,regression,diabetes,shrinkage,complete,,,,,,,,0.4890548623389232,0.2709389713189684,0.7474104636603455,0.7474104636603455,0.9999999999999998,1.5923223071977957,0.3221371882086168,10.0,3452.137889480304,8.0,equal,True,41480.0,2.853044166928157,2.5316130000000214,8.0,120.0,64.0,256.0,0.020592916989699,12431.458842283317,median 5 warm calls on training rows; end-to-end preprocessing,,,,,,53.048308279503765,2814.123011317268,44.453546602766075,0.4807167802502524,,,0.5,exp_004_real_f50_v1
100.0,91.0,0.91,29,1,regression,diabetes,caruana,complete,,,,,,,,0.4852139178591872,0.2773210144691543,0.7628307356718164,0.7628307356718164,0.951871784519381,1.536926026780839,0.3255857898715041,10.0,3463.236427722456,8.0,frequency_weighted,True,36552.0,2.863253249321133,2.5353970000000174,7.0,105.0,56.0,256.0,0.0179055829066783,14297.21675827256,median 5 warm calls on training rows; end-to-end preprocessing,,,,,,52.83958195261712,2792.0214209273404,44.339287140469736,0.4847951325373115,,,0.5,exp_004_real_f50_v1
100.0,91.0,0.91,29,1,regression,diabetes,coerror_no_cert_affine,complete,,,,,,,,0.4757687446847767,0.2709389713189684,0.7474104636603454,0.7474104636603454,0.9999999999999998,1.592322307197796,0.3185941043083899,10.0,3452.137889480304,8.0,affine_of_equal,True,41731.0,2.8508472917601466,2.5309400000000437,8.0,120.0,64.0,256.0,0.0210769588593393,12145.964781184004,median 5 warm calls on training rows; end-to-end preprocessing,,,,,,52.3227669128624,2737.6719374177283,43.29538746169226,0.4948241094779451,3407.6891659609273,2.0,0.5,exp_004_real_f50_v1
100.0,91.0,0.91,29,1,regression,diabetes,affine_profiled,complete,,,,,,,,0.488313101261194,0.2605638984680372,0.7405834529846385,0.7405834529846385,0.950843189739108,1.6345942832279166,0.3612528344671202,10.0,3469.9119013849067,8.0,affine_of_equal,True,41731.0,2.8563005418982357,2.532970000000006,8.0,120.0,64.0,256.0,0.0205621249042451,12450.075135335244,median 5 warm calls on training rows; end-to-end preprocessing,,,,,,53.008063201566046,2809.8547643812203,43.512296035654664,0.4815043893926829,3404.4415856608393,2.0,0.5,exp_004_real_f50_v1
,,,29,1,regression,diabetes,rf_shallow,complete,,,,,,,,0.481810483219598,,,,,,,,,,,,14355.0,0.0231283749453723,0.0173739999999895,8.0,120.0,64.0,256.0,0.0035624580923467,71860.49445745444,median 5 warm calls on training rows; end-to-end preprocessing,0.0231283749453723,0.0173739999999895,229294080.0,,,52.65393957540857,2772.4373528107767,42.98147060428152,0.4884089326116044,,,0.5,exp_004_real_f50_v1
,,,29,1,regression,diabetes,et_shallow,complete,,,,,,,,0.5243837526337746,,,,,,,,,,,,13491.0,0.0136843340005725,0.0114959999999939,8.0,108.0,58.0,256.0,0.0033517910633236,76377.07576741131,median 5 warm calls on training rows; end-to-end preprocessing,0.0136843340005725,0.0114959999999939,229326848.0,,,54.9309818436766,3017.412766310328,46.55649609302406,0.4432042201772229,,,0.5,exp_004_real_f50_v1
,,,29,1,regression,diabetes,random_patches,complete,,,,,,,,0.5466144372745622,,,,,,,,,,,,31720.0,0.0703283341135829,0.0517080000000191,8.0,116.0,62.0,256.0,0.020439582876861,12524.717433926122,median 5 warm calls on training rows; end-to-end preprocessing,0.0703283341135829,0.0517080000000191,229326848.0,,,56.08326606028015,3145.332731988172,46.802699575743105,0.4195994625385815,,,0.5,exp_004_real_f50_v1
,,,29,1,regression,diabetes,random_forest,complete,,,,,,,,0.4904784916526619,,,,,,,,,,,,6814803.0,0.5720887498464435,0.5270869999999945,256.0,93496.0,46876.0,256.0,0.034319250145927,7459.370438208175,median 5 warm calls on training rows; end-to-end preprocessing,0.5720887498464435,0.5270869999999945,229326848.0,,,53.12546347438446,2822.314869368158,43.697916666666664,0.479205156768517,,,0.5,exp_004_real_f50_v1
,,,29,1,regression,diabetes,extra_trees,complete,,,,,,,,0.4962026463507064,,,,,,,,,,,,10855299.0,0.3991068329196423,0.3656110000000012,256.0,149614.0,74935.0,256.0,0.0351636249106377,7280.250561498699,median 5 warm calls on training rows; end-to-end preprocessing,0.3991068329196423,0.3656110000000012,229670912.0,,,53.43456598083499,2855.2528415602083,43.69358524659864,0.4731271935156209,,,0.5,exp_004_real_f50_v1
,,,29,1,regression,diabetes,xgboost,complete,,,,,,,,0.5480647863079081,,,,,,,,,,,,166036.0,0.0517646248918026,0.0497279999999875,100.0,2562.0,1331.0,256.0,0.0033039168920367,77483.78920093882,median 5 warm calls on training rows; end-to-end preprocessing,0.0517646248918026,0.0497279999999875,229900288.0,,,56.15762050552067,3153.678340842076,44.5858979776603,0.4180594677981245,,,0.5,exp_004_real_f50_v1
,,,29,1,regression,diabetes,lightgbm,complete,,,,,,,,0.4885864619726086,,,,,,,,,,,,115833.0,0.0225623750593513,0.0216550000000097,100.0,2244.0,1172.0,256.0,0.0063132909126579,40549.37488889146,median 5 warm calls on training rows; end-to-end preprocessing,0.0225623750593513,0.0216550000000097,229900288.0,,,53.022898247415135,2811.427738555739,42.33131242056909,0.4812141323247999,,,0.5,exp_004_real_f50_v1
,,,29,1,regression,diabetes,catboost,complete,,,,,,,,0.4371785215712727,,,,,,,,,,,,42314.0,0.0659028340596705,0.0636010000000055,100.0,3084.0,1592.0,256.0,0.0031425841152668,81461.62222240662,median 5 warm calls on training rows; end-to-end preprocessing,0.0659028340596705,0.0636010000000055,231243776.0,,,50.15591488179269,2515.6157976296336,41.04213828038904,0.5357995845267014,,,0.5,exp_004_real_f50_v1
,,,29,1,regression,diabetes,linear,complete,,,,,,,,0.4411616477313895,,,,,,,,,,,,3090.0,0.0107916668057441,0.0071049999999956,1.0,,,256.0,0.002830124925822,90455.37094997456,median 5 warm calls on training rows; end-to-end preprocessing,0.0107916668057441,0.0071049999999956,231243776.0,11.0,,50.38388165741976,2538.53553086888,39.79971499193272,0.53157026234554,,,0.5,exp_004_real_f50_v1
100.0,90.0,0.9,29,2,regression,diabetes,direct_auroc,not_applicable,task restriction defined in config,,,,,,,,,,,,,,,,,,,,,,,,,,,,,,,,,,,,,,,,0.5,exp_004_real_f50_v1
100.0,90.0,0.9,29,2,regression,diabetes,random_subspace,complete,,,,,,,,0.6809916831106564,0.2809324834020669,0.7866434398287999,0.7866434398287999,0.9715851145524212,1.4851962059882802,0.3431122448979592,10.0,3615.844965722888,8.0,equal,False,41480.0,0.0910062089096754,0.0504760000000032,8.0,120.0,64.0,256.0,0.0246022080536931,10405.570078965751,median 5 warm calls on training rows; end-to-end preprocessing,,,,,,61.40516328431776,3770.5940779737257,48.72558582227211,0.3178224900135904,,,0.5,exp_004_real_f50_v1
100.0,90.0,0.9,29,2,regression,diabetes,certified_random,complete,,,,,,,,0.6611330559541889,0.2909294992365728,0.7546740649394154,0.7546740649394154,0.942978540058708,1.5742203443691896,0.3211451247165532,10.0,3444.7854475118697,8.0,equal,True,41496.0,3.1306587487924844,2.5661460000000034,8.0,120.0,64.0,256.0,0.0249389170203357,10265.080869039,median 5 warm calls on training rows; end-to-end preprocessing,,,,,,60.50321080616011,3660.6385178546498,48.11989650982367,0.3377156974657967,,,0.5,exp_004_real_f50_v1
100.0,90.0,0.9,29,2,regression,diabetes,top_quality,complete,,,,,,,,0.7159834747068378,0.3382967449764836,0.8096174936652727,0.8096174936652727,0.9999999999999998,1.4090095645293776,0.4085884353741497,9.0,3412.042679575378,8.0,equal,True,41496.0,3.135505415732041,2.566948999999994,8.0,120.0,64.0,256.0,0.025370042072609,10090.641523862198,median 5 warm calls on training rows; end-to-end preprocessing,,,,,,62.9630106156389,3964.340705785057,51.066333059819215,0.2827697663855875,,,0.5,exp_004_real_f50_v1
100.0,90.0,0.9,29,2,regression,diabetes,top_no_cert,complete,,,,,,,,0.7159834747068378,0.3382967449764836,0.8096174936652727,0.8096174936652727,0.9999999999999998,1.4090095645293776,0.4085884353741497,9.0,3412.042679575378,8.0,equal,True,41496.0,3.132558791898191,2.5670110000000363,8.0,120.0,64.0,256.0,0.0195077080279588,13123.017815988183,median 5 warm calls on training rows; end-to-end preprocessing,,,,,,62.9630106156389,3964.340705785057,51.066333059819215,0.2827697663855875,,,0.5,exp_004_real_f50_v1
100.0,90.0,0.9,29,2,regression,diabetes,abs_correlation,complete,,,,,,,,0.6887754702462374,0.2695550749545695,0.6850243346986673,0.6850243346986673,0.9752562089005108,1.8089659474184263,0.3704648526077098,10.0,3264.4491101242816,8.0,equal,True,41480.0,3.2644870828371495,2.661203999999998,8.0,120.0,64.0,256.0,0.021011667093262,12183.70721674402,median 5 warm calls on training rows; end-to-end preprocessing,,,,,,61.75509903885559,3813.6922572988624,50.61695738331858,0.3100251487859267,,,0.5,exp_004_real_f50_v1
100.0,90.0,0.9,29,2,regression,diabetes,signed_correlation,complete,,,,,,,,0.6887754702462374,0.2695550749545695,0.6850243346986673,0.6850243346986673,0.9752562089005108,1.8089659474184263,0.3704648526077098,10.0,3264.4491101242816,8.0,equal,True,41480.0,3.2302064169198275,2.655959000000024,8.0,120.0,64.0,256.0,0.0197627921588718,12953.635191931966,median 5 warm calls on training rows; end-to-end preprocessing,,,,,,61.75509903885559,3813.6922572988624,50.61695738331858,0.3100251487859267,,,0.5,exp_004_real_f50_v1
100.0,90.0,0.9,29,2,regression,diabetes,minimax,complete,,,,,,,,0.6605788756206438,0.2401546968100686,0.718032239692641,0.718032239692641,0.8630193750437681,1.7174763161611135,0.3133503401360544,10.0,3532.829175979072,8.0,equal,True,41480.0,3.218693374888971,2.6266440000000273,8.0,120.0,64.0,256.0,0.0212174169719219,12065.559174275442,median 5 warm calls on training rows; end-to-end preprocessing,,,,,,60.477847743027944,3657.57006762887,49.16687676470505,0.3382708428066244,,,0.5,exp_004_real_f50_v1
100.0,90.0,0.9,29,2,regression,diabetes,quality_diversity,complete,,,,,,,,0.7023397679488301,0.3362910640689628,0.7709659317620376,0.7709659317620376,0.9999999999999998,1.5143519250222095,0.3944160997732426,9.0,3282.1254843080355,8.0,equal,True,41496.0,3.17033554171212,2.599593999999996,8.0,120.0,64.0,256.0,0.0212852919939905,12027.08424541586,median 5 warm calls on training rows; end-to-end preprocessing,,,,,,62.360216812386675,3888.7966408878738,50.45565407292068,0.2964372312518948,,,0.5,exp_004_real_f50_v1
100.0,90.0,0.9,29,2,regression,diabetes,prediction_correlation,complete,,,,,,,,0.6715244533935576,0.2286051144399871,0.7033093075643106,0.7033093075643106,1.0,1.7441655716081876,0.39937641723356,10.0,3528.858688149715,8.0,equal,True,41480.0,3.2098931667860597,2.6266709999999875,8.0,120.0,64.0,256.0,0.0236836669500917,10809.136969349613,median 5 warm calls on training rows; end-to-end preprocessing,,,,,,60.97683837051123,3718.174817663451,50.37314978606298,0.3273062052410351,,,0.5,exp_004_real_f50_v1
100.0,90.0,0.9,29,2,regression,diabetes,coerror_greedy,complete,,,,,,,,0.7041309878078608,0.312624666156768,0.7060880436679945,0.7060880436679945,0.9752562089005108,1.7290900778775102,0.419359410430839,10.0,3150.1487643968353,8.0,equal,True,41480.0,3.1334692088421434,2.568542000000008,8.0,120.0,64.0,256.0,0.0187997501343488,13617.202259101545,median 5 warm calls on training rows; end-to-end preprocessing,,,,,,62.439686703713015,3898.714475657835,51.05587314167448,0.2946428922994862,,,0.5,exp_004_real_f50_v1
100.0,90.0,0.9,29,2,regression,diabetes,direct_squared,complete,,,,,,,,0.7041309878078608,0.312624666156768,0.7060880436679945,0.7060880436679945,0.9752562089005108,1.729090077877511,0.4193594104308391,10.0,3150.1487643968353,8.0,equal,True,41480.0,3.1327122908551246,2.570961000000011,8.0,120.0,64.0,256.0,0.0187112500425428,13681.608626785805,median 5 warm calls on training rows; end-to-end preprocessing,,,,,,62.439686703713015,3898.714475657835,51.05587314167448,0.2946428922994862,,,0.5,exp_004_real_f50_v1
100.0,90.0,0.9,29,2,regression,diabetes,coerror,complete,,,,,,,,0.7041309878078608,0.312624666156768,0.7060880436679945,0.7060880436679945,0.9752562089005108,1.7290900778775102,0.419359410430839,10.0,3150.1487643968353,8.0,equal,True,41480.0,3.1331914158072323,2.569958000000014,8.0,120.0,64.0,256.0,0.0245696250349283,10419.369430183364,median 5 warm calls on training rows; end-to-end preprocessing,,,,,,62.439686703713015,3898.714475657835,51.05587314167448,0.2946428922994862,,,0.5,exp_004_real_f50_v1
100.0,90.0,0.9,29,2,regression,diabetes,coerror_no_cert,complete,,,,,,,,0.7041309878078608,0.312624666156768,0.7060880436679945,0.7060880436679945,0.9752562089005108,1.7290900778775102,0.419359410430839,10.0,3150.1487643968353,8.0,equal,True,41480.0,3.1421819168608636,2.5718350000000214,8.0,120.0,64.0,256.0,0.0243855840526521,10498.005684311587,median 5 warm calls on training rows; end-to-end preprocessing,,,,,,62.439686703713015,3898.714475657835,51.05587314167448,0.2946428922994862,,,0.5,exp_004_real_f50_v1
100.0,90.0,0.9,29,2,regression,diabetes,covariance_only,complete,,,,,,,,0.7041309878078608,0.312624666156768,0.7060880436679945,0.7060880436679945,0.9752562089005108,1.7290900778775102,0.419359410430839,10.0,3150.1487643968353,8.0,equal,True,41480.0,3.128376416862011,2.5661309999999844,8.0,120.0,64.0,256.0,0.0217510419897735,11769.551091867745,median 5 warm calls on training rows; end-to-end preprocessing,,,,,,62.439686703713015,3898.714475657835,51.05587314167448,0.2946428922994862,,,0.5,exp_004_real_f50_v1
100.0,90.0,0.9,29,2,regression,diabetes,shrinkage,complete,,,,,,,,0.7041309878078608,0.312624666156768,0.7060880436679945,0.7060880436679945,0.9752562089005108,1.7290900778775118,0.419359410430839,10.0,3150.1487643968353,8.0,equal,True,41480.0,3.13717233389616,2.568848000000031,8.0,120.0,64.0,256.0,0.0208955409470945,12251.41768993522,median 5 warm calls on training rows; end-to-end preprocessing,,,,,,62.439686703713015,3898.714475657835,51.05587314167448,0.2946428922994862,,,0.5,exp_004_real_f50_v1
100.0,90.0,0.9,29,2,regression,diabetes,caruana,complete,,,,,,,,0.7078329560833597,0.3086799442259044,0.6821831635119643,0.6821831635119643,0.9656972187393856,1.709858426624009,0.3730158730158729,10.0,3128.1434596075787,8.0,frequency_weighted,True,26664.0,3.128777208039537,2.5603309999999624,5.0,75.0,40.0,256.0,0.0150651670992374,16992.84171982122,median 5 warm calls on training rows; end-to-end preprocessing,,,,,,62.60360983871574,3919.2119648381463,51.0228433600438,0.2909344776993359,,,0.5,exp_004_real_f50_v1
100.0,90.0,0.9,29,2,regression,diabetes,coerror_no_cert_affine,complete,,,,,,,,0.7217219562047498,0.312624666156768,0.7060880436679945,0.7060880436679945,0.9752562089005108,1.7290900778775102,0.419359410430839,10.0,3150.1487643968353,8.0,affine_of_equal,True,41731.0,3.135252208681777,2.5689999999999884,8.0,120.0,64.0,256.0,0.023973457980901,10678.476179946514,median 5 warm calls on training rows; end-to-end preprocessing,,,,,,63.21482578164148,3996.114198603284,50.317958673728725,0.2770212923345283,3060.3878296515677,2.0,0.5,exp_004_real_f50_v1
100.0,90.0,0.9,29,2,regression,diabetes,affine_profiled,complete,,,,,,,,0.7377881013179888,0.2967534608262451,0.6946699342183226,0.6946699342183226,0.9752562089005108,1.7650727753514288,0.3803854875283446,10.0,3183.1180324260217,8.0,affine_of_equal,True,41731.0,3.1423980416730046,2.571142000000009,8.0,120.0,64.0,256.0,0.0220740421209484,11597.332223854644,median 5 warm calls on training rows; end-to-end preprocessing,,,,,,63.9145609573372,4085.071102369173,50.874601789583814,0.26092717086396,3044.5433126618286,2.0,0.5,exp_004_real_f50_v1
,,,29,2,regression,diabetes,rf_shallow,complete,,,,,,,,0.6420226637119248,,,,,,,,,,,,14355.0,0.0161896671634167,0.015560999999991,8.0,120.0,64.0,256.0,0.0034945830702781,73256.23539394715,median 5 warm calls on training rows; end-to-end preprocessing,0.0161896671634167,0.015560999999991,228261888.0,,,59.622360503157275,3554.8258719684486,47.17195179905548,0.3568593670847001,,,0.5,exp_004_real_f50_v1
,,,29,2,regression,diabetes,et_shallow,complete,,,,,,,,0.636094460666005,,,,,,,,,,,,13923.0,0.0115936668589711,0.0110990000000015,8.0,114.0,61.0,256.0,0.0045476658269762,56292.614659906096,median 5 warm calls on training rows; end-to-end preprocessing,0.0115936668589711,0.0110990000000015,228261888.0,,,59.346456564676615,3522.001906783048,49.47088373800097,0.3627978930503724,,,0.5,exp_004_real_f50_v1
,,,29,2,regression,diabetes,random_patches,complete,,,,,,,,0.6276567594455051,,,,,,,,,,,,31832.0,0.0715283749159425,0.0526679999999828,8.0,118.0,63.0,256.0,0.0191574168857187,13362.970672253865,median 5 warm calls on training rows; end-to-end preprocessing,0.0715283749159425,0.0526679999999828,228294656.0,,,58.95153144558506,3475.2830597798043,48.6141039138436,0.3712502870389705,,,0.5,exp_004_real_f50_v1
,,,29,2,regression,diabetes,random_forest,complete,,,,,,,,0.6606798443759236,,,,,,,,,,,,6757635.0,0.580213624984026,0.5364370000000065,256.0,92702.0,46479.0,256.0,0.0317534999921917,8062.103392159937,median 5 warm calls on training rows; end-to-end preprocessing,0.580213624984026,0.5364370000000065,228294656.0,,,60.48246955271162,3658.129123194688,49.01695365646258,0.3381696982320701,,,0.5,exp_004_real_f50_v1
,,,29,2,regression,diabetes,extra_trees,complete,,,,,,,,0.6418049964101161,,,,,,,,,,,,10793379.0,0.5058073329273611,0.3661170000000027,256.0,148754.0,74505.0,256.0,0.0365310830529779,7007.730913117057,median 5 warm calls on training rows; end-to-end preprocessing,0.5058073329273611,0.3661170000000027,228294656.0,,,59.61225265242293,3553.6206662963036,47.95982142857143,0.3570774134157141,,,0.5,exp_004_real_f50_v1
,,,29,2,regression,diabetes,xgboost,complete,,,,,,,,0.6711610347148562,,,,,,,,,,,,175149.0,0.0665443330071866,0.0510539999999934,100.0,2830.0,1465.0,256.0,0.0030661670025438,83491.86452910517,median 5 warm calls on training rows; end-to-end preprocessing,0.0665443330071866,0.0510539999999934,228229120.0,,,60.96033627523337,3716.1625987895327,49.30047659322518,0.3276702567492514,,,0.5,exp_004_real_f50_v1
,,,29,2,regression,diabetes,lightgbm,complete,,,,,,,,0.6688580131041685,,,,,,,,,,,,116352.0,0.0271802921779453,0.0224749999999858,100.0,2252.0,1176.0,256.0,0.0061091668903827,41904.24072437813,median 5 warm calls on training rows; end-to-end preprocessing,0.0271802921779453,0.0224749999999858,228671488.0,,,60.8556567663398,3703.4109604625583,49.24601060057972,0.3299772886657754,,,0.5,exp_004_real_f50_v1
,,,29,2,regression,diabetes,catboost,complete,,,,,,,,0.6026737501575602,,,,,,,,,,,,42306.0,0.0773715830873698,0.0657520000000033,100.0,3084.0,1592.0,256.0,0.0037427919451147,68398.13800875127,median 5 warm calls on training rows; end-to-end preprocessing,0.0773715830873698,0.0657520000000033,229015552.0,,,57.76637623868571,3336.9542237493933,46.13792874055244,0.3962767998300941,,,0.5,exp_004_real_f50_v1
,,,29,2,regression,diabetes,linear,complete,,,,,,,,0.6138008871114587,,,,,,,,,,,,3090.0,0.0112461249809712,0.0078049999999905,1.0,,,256.0,0.0022454999852925,114005.7901031993,median 5 warm calls on training rows; end-to-end preprocessing,0.0112461249809712,0.0078049999999905,228982784.0,11.0,,58.297206209273874,3398.5642518066006,46.998962196549215,0.3851302869302371,,,0.5,exp_004_real_f50_v1
