B,certified_count,certification_rate,seed,fold,task,dataset,method,status,rmse,mse,mae,r2,normalized_squared_loss,mean_selected_quality,mean_residual_correlation,mean_abs_residual_correlation,max_abs_residual_correlation,residual_effective_rank,mean_feature_jaccard,feature_coverage,oof_squared_loss,requested_K,aggregation,search_charged,model_bytes,train_wall_seconds,train_cpu_seconds,retained_count,nodes,leaves,inference_batch_rows,inference_batch_seconds,inference_rows_per_second,inference_timing_scope,generated_B,wall_seconds,cpu_seconds,observed_peak_rss_bytes,coefficient_count
1000.0,1000.0,1.0,11,0,regression,superconductivity,random_b1000_k16,complete,16.771867965614668,281.2955550560115,11.926657256817206,0.7620672839303363,0.2378969199964343,0.6932528665214159,0.7643259026617054,0.7643259026617054,0.9152078097860415,1.6105809959913475,0.1390762016922339,81.0,278.6245535666334,16.0,equal,True,1800592,257.72934350115247,949.060742,16,908.0,462.0,256,0.0192092498764395,13326.912901163714,median 5 warm calls on training rows; end-to-end preprocessing,6000.0,,,,
1000.0,1000.0,1.0,11,0,regression,superconductivity,top_quality_b1000_k16,complete,14.431291839574405,208.26218415896676,9.62043106594141,0.8238422675336032,0.1761312302047681,0.7877890426076105,0.7930437883790896,0.7930437883790896,0.8972354575143022,1.5306042415457115,0.2799709751634536,81.0,200.5499930768638,16.0,equal,True,1880124,258.2552563752979,951.043667,16,1854.0,935.0,256,0.0230795838870108,11092.0543998229,median 5 warm calls on training rows; end-to-end preprocessing,6000.0,,,,
1000.0,1000.0,1.0,11,0,regression,superconductivity,coerror_b1000_k16,complete,13.952207754862744,194.66410123485204,9.470234502529092,0.8353441513896454,0.1646310767634567,0.7817998701875737,0.7270213883575096,0.7270213883575096,0.8083243397771223,1.7926112678581516,0.1976791856676857,81.0,190.2192597147871,16.0,equal,True,1875244,258.09258345887065,950.392205,16,1880.0,948.0,256,0.0227544158697128,11250.563471539066,median 5 warm calls on training rows; end-to-end preprocessing,6000.0,,,,
1000.0,1000.0,1.0,11,0,regression,superconductivity,random_b1000_k64,complete,16.496439712722633,272.1325231954924,11.76285056961582,0.769817797647384,0.2301475723147312,0.6802594524330079,0.7292155060982947,0.7292155060982947,0.9327767734707604,1.841710983580057,0.1044557825698563,81.0,271.2762362319461,64.0,equal,True,7264504,259.26560129225254,955.079429,64,4542.0,2303.0,256,0.0854789169970899,2994.890541356709,median 5 warm calls on training rows; end-to-end preprocessing,6000.0,,,,
1000.0,1000.0,1.0,11,0,regression,superconductivity,top_quality_b1000_k64,complete,14.350655888596783,205.94132443291755,9.682493402765392,0.8258053574165046,0.1741684356612818,0.7812311815329875,0.764789616259153,0.764789616259153,0.9178189594055614,1.6883675787823065,0.2506213053524737,81.0,197.07493665882808,64.0,equal,True,7525372,261.55109358392656,963.961529,64,7392.0,3728.0,256,0.0901532920543104,2839.6078963570144,median 5 warm calls on training rows; end-to-end preprocessing,6000.0,,,,
1000.0,1000.0,1.0,11,0,regression,superconductivity,coerror_b1000_k64,complete,14.141045577630264,199.96917002861645,9.622393165389914,0.8308568802460062,0.1691176728141993,0.7764916225157517,0.7360553385180226,0.7360553385180226,0.9178189594055614,1.8232469964371247,0.2187928706856243,81.0,193.750012170119,64.0,equal,True,7513964,261.22900570812635,961.924987,64,7398.0,3731.0,256,0.0908177918754518,2818.8309219308076,median 5 warm calls on training rows; end-to-end preprocessing,6000.0,,,,
1000.0,1000.0,1.0,11,0,regression,superconductivity,random_b1000_k128,complete,16.302715997053724,265.7785488805914,11.55373315166332,0.7751922813155679,0.2247738972171975,0.7009670755214634,0.7491651507471313,0.7491651507471313,0.985891215717458,1.7467274532867962,0.1224484720229115,81.0,261.25697016569995,128.0,equal,True,14557436,261.80976921040565,964.474805,128,8922.0,4525.0,256,0.1320422498974949,1938.773386539037,median 5 warm calls on training rows; end-to-end preprocessing,6000.0,,,,
1000.0,1000.0,1.0,11,0,regression,superconductivity,top_quality_b1000_k128,complete,14.317408958333669,204.9881992801732,9.675803239277377,0.8266115545009258,0.1733623598661493,0.7755698813739906,0.763713866662648,0.763713866662648,0.9247494216490016,1.7019765023084137,0.24332335526598,81.0,201.41387808938975,128.0,equal,True,15069320,265.71805112506263,979.6759529999998,128,14716.0,7422.0,256,0.136986750178039,1868.793877271208,median 5 warm calls on training rows; end-to-end preprocessing,6000.0,,,,
1000.0,1000.0,1.0,11,0,regression,superconductivity,coerror_b1000_k128,complete,14.30183708220949,204.54254392606245,9.74425769748081,0.826988510293254,0.172985460785388,0.7719028575029014,0.7390518818370935,0.7390518818370935,0.9178189594055614,1.8222420887683712,0.2042439560151184,81.0,197.870999594804,128.0,equal,True,15039684,265.1918257083744,976.981303,128,14696.0,7412.0,256,0.1405304169747978,1821.6696819871388,median 5 warm calls on training rows; end-to-end preprocessing,6000.0,,,,
3000.0,3000.0,1.0,11,0,regression,superconductivity,random_b3000_k16,complete,15.254068391070156,232.68660247944567,10.59485264564297,0.8031829713415393,0.1967874182842044,0.7322644309615489,0.7218532595935554,0.7218532595935554,0.8693391988554077,1.8292651486002605,0.2240750356678575,81.0,227.8232254799679,16.0,equal,True,1845752,258.2915616251994,950.4391819999996,16,1416.0,716.0,256,0.0172435839194804,14846.10166862072,median 5 warm calls on training rows; end-to-end preprocessing,6000.0,,,,
3000.0,3000.0,1.0,11,0,regression,superconductivity,top_quality_b3000_k16,complete,14.262435227280356,203.41705861236767,9.52648600352666,0.8279404975279282,0.1720336167735766,0.7919172460879939,0.7877423583378086,0.7877423583378086,0.9277037941847188,1.547263694435412,0.2887645288635678,81.0,195.4727203736479,16.0,equal,True,1883484,258.34939546021633,951.247111,16,1880.0,948.0,256,0.0209770421497523,12203.817781956544,median 5 warm calls on training rows; end-to-end preprocessing,6000.0,,,,
3000.0,3000.0,1.0,11,0,regression,superconductivity,coerror_b3000_k16,complete,14.000829425822916,196.0232246109888,9.540957814379183,0.8341945423377226,0.1657805128610648,0.7846746802253303,0.7154785105177294,0.7154785105177294,0.8929651266007023,1.843179712532787,0.1846316433503451,81.0,184.98253465216,16.0,equal,True,1874556,258.21485770936124,950.205207,16,1890.0,953.0,256,0.018701208056882,13688.955238685356,median 5 warm calls on training rows; end-to-end preprocessing,6000.0,,,,
3000.0,3000.0,1.0,11,0,regression,superconductivity,random_b3000_k64,complete,16.45357652663366,270.72018051779025,11.710871828923477,0.7710124220319032,0.2289531276569123,0.6863793684712529,0.7329751979161767,0.7329751979161767,0.9928321318520892,1.8266800208449423,0.1339358573185064,81.0,266.7221493880401,64.0,equal,True,7241940,259.75499650021084,956.7144190000002,64,4028.0,2046.0,256,0.0866019169334322,2956.0546586604773,median 5 warm calls on training rows; end-to-end preprocessing,6000.0,,,,
3000.0,3000.0,1.0,11,0,regression,superconductivity,top_quality_b3000_k64,complete,14.311275302632962,204.8126007877522,9.55437312294665,0.826760083780854,0.1732138529318871,0.787991072505777,0.7951605876960746,0.7951605876960746,0.9417571204597296,1.562888706102734,0.2890376988910057,81.0,198.47170180635567,64.0,equal,True,7536524,262.23637008387595,965.8530310000002,64,7374.0,3719.0,256,0.0898680409882217,2848.621124761713,median 5 warm calls on training rows; end-to-end preprocessing,6000.0,,,,
3000.0,3000.0,1.0,11,0,regression,superconductivity,coerror_b3000_k64,complete,13.97073867229487,195.1815390495554,9.50725674611221,0.8349064786911734,0.1650686836157338,0.7804583667655841,0.725904621572653,0.725904621572653,0.9059031392481286,1.8727956310883016,0.2016992125945619,81.0,187.73486576797353,64.0,equal,True,7512476,261.8387869170401,962.897447,64,7470.0,3767.0,256,0.0891167919617146,2872.634824085453,median 5 warm calls on training rows; end-to-end preprocessing,6000.0,,,,
3000.0,3000.0,1.0,11,0,regression,superconductivity,random_b3000_k128,complete,16.20337897223025,262.54949011771345,11.529653061141804,0.7779235677080854,0.2220430217363418,0.6988228002762549,0.7446831204645541,0.7446831204645541,0.9793729702746266,1.7680812278436877,0.1224278730916604,81.0,261.5464742287756,128.0,equal,True,14512552,262.209116875194,965.3902270000002,128,8336.0,4232.0,256,0.138388458173722,1849.865251613958,median 5 warm calls on training rows; end-to-end preprocessing,6000.0,,,,
3000.0,3000.0,1.0,11,0,regression,superconductivity,top_quality_b3000_k128,complete,14.255778288802093,203.2272146194811,9.555880464239426,0.8281010763072411,0.1718730621527311,0.7848125076181574,0.7823766183974431,0.7823766183974431,0.9417571204597296,1.6218329105253309,0.2841049206221302,81.0,197.79581421871512,128.0,equal,True,15100148,267.3772439174354,985.708505,128,14786.0,7457.0,256,0.1863125839736312,1374.0349392407738,median 5 warm calls on training rows; end-to-end preprocessing,6000.0,,,,
3000.0,3000.0,1.0,11,0,regression,superconductivity,coerror_b3000_k128,complete,14.076542117677237,198.14903799074116,9.57354970785703,0.832396431623883,0.1675783530559786,0.778784888263305,0.7330866030122106,0.7330866030122106,0.9337565992464844,1.8500473210753747,0.2141599507526947,81.0,190.4504721257323,128.0,equal,True,15056964,267.1963446252048,982.3188,128,14862.0,7495.0,256,0.1748917500954121,1463.7625837716146,median 5 warm calls on training rows; end-to-end preprocessing,6000.0,,,,
6000.0,6000.0,1.0,11,0,regression,superconductivity,random_b6000_k16,complete,17.174705964377033,294.97052496280804,12.333310263489418,0.750500365528632,0.2494620981992077,0.6820903116675114,0.7775395896245195,0.7775395896245195,0.9331136714526266,1.5700838740232148,0.1460542358142289,81.0,294.0509899677253,16.0,equal,True,1787404,258.3964748342987,949.657713,16,714.0,365.0,256,0.018876208923757,13562.04527265035,median 5 warm calls on training rows; end-to-end preprocessing,6000.0,,,,
6000.0,6000.0,1.0,11,0,regression,superconductivity,top_quality_b6000_k16,complete,14.176902026435268,200.98455106714437,9.5289636089227,0.8299980242705022,0.1699763995780846,0.7926695056886629,0.7833013936733304,0.7833013936733304,0.8770222423651642,1.5644660501529546,0.2717646019252512,81.0,193.73838499347505,16.0,equal,True,1881820,258.6627384996973,951.382578,16,1878.0,947.0,256,0.0235699580516666,10861.283649246818,median 5 warm calls on training rows; end-to-end preprocessing,6000.0,,,,
6000.0,6000.0,1.0,11,0,regression,superconductivity,coerror_b6000_k16,complete,14.067750398990514,197.90160128829777,9.555674156556142,0.8326057249653862,0.1673690912018635,0.7844100695740057,0.7117665274351459,0.7117665274351459,0.843972006038065,1.8609245983648592,0.1794043518912191,81.0,184.30180816052496,16.0,equal,True,1873020,258.7150587919168,950.877765,16,1870.0,943.0,256,0.0221924160141497,11535.472290929278,median 5 warm calls on training rows; end-to-end preprocessing,6000.0,,,,
6000.0,6000.0,1.0,11,0,regression,superconductivity,random_b6000_k64,complete,16.349275664990962,267.29881476986566,11.622679144950034,0.773906370515765,0.2260596145566058,0.6896745668825817,0.7376922429902377,0.7376922429902377,0.9611093747066836,1.8054750755640776,0.1159924338856673,81.0,266.61184084637495,64.0,equal,True,7268796,260.1017449591309,956.691907,64,4548.0,2306.0,256,0.0984411661047488,2600.5380688765576,median 5 warm calls on training rows; end-to-end preprocessing,6000.0,,,,
6000.0,6000.0,1.0,11,0,regression,superconductivity,top_quality_b6000_k64,complete,14.315565039956075,204.93540241321264,9.537249388564916,0.8266562125189075,0.1733177085667967,0.7898112422592642,0.8113196459813303,0.8113196459813303,0.9372089823614836,1.5023321022486158,0.3073593137031709,81.0,200.69981297050813,64.0,equal,True,7542060,263.0832016260829,968.458089,64,7376.0,3720.0,256,0.094638500129804,2705.0301901327284,median 5 warm calls on training rows; end-to-end preprocessing,6000.0,,,,
6000.0,6000.0,1.0,11,0,regression,superconductivity,coerror_b6000_k64,complete,13.980794211859672,195.46260679436892,9.536295778079491,0.8346687386674828,0.1653063878723409,0.7813770944204957,0.7218207640714127,0.7218207640714127,0.930842023599894,1.894149352015852,0.1908692951824911,81.0,185.88758393491452,64.0,equal,True,7505452,262.7622442932334,964.182824,64,7436.0,3750.0,256,0.090577415889129,2826.3115864704714,median 5 warm calls on training rows; end-to-end preprocessing,6000.0,,,,
6000.0,6000.0,1.0,11,0,regression,superconductivity,random_b6000_k128,complete,16.966033033869714,287.8462769063584,12.084872400834344,0.7565263821490779,0.2434369881700695,0.6783104375861249,0.752698440964112,0.752698440964112,0.9933745779549,1.7286652649647138,0.1157756320519017,81.0,282.3905399062035,128.0,equal,True,14441148,262.86827791808173,966.603985,128,7358.0,3743.0,256,0.1687647078651935,1516.9048270713606,median 5 warm calls on training rows; end-to-end preprocessing,6000.0,,,,
6000.0,6000.0,1.0,11,0,regression,superconductivity,top_quality_b6000_k128,complete,14.357745128191487,206.14484516610636,9.579073108844533,0.8256332102213082,0.1743405569575867,0.7877959421136491,0.8031945263571432,0.8031945263571432,0.9421147539669612,1.5393435367947983,0.300398749668166,81.0,200.22823392126173,128.0,equal,True,15101700,268.9368313353043,990.933182,128,14680.0,7404.0,256,0.1746345411520451,1465.918473580288,median 5 warm calls on training rows; end-to-end preprocessing,6000.0,,,,
6000.0,6000.0,1.0,11,0,regression,superconductivity,coerror_b6000_k128,complete,14.03341561336537,196.93675377744697,9.560180281180076,0.8334218373593558,0.1665531015889031,0.7798137379893493,0.7269282857343281,0.7269282857343281,0.9337565992464844,1.8806218315918315,0.2129054302684665,81.0,188.00864206849073,128.0,equal,True,15049516,268.56258587539196,983.134908,128,14788.0,7458.0,256,0.1609580831136554,1590.476197577687,median 5 warm calls on training rows; end-to-end preprocessing,6000.0,,,,
300.0,300.0,1.0,11,0,regression,superconductivity,top_quality_b300_k64,complete,14.33086291707296,205.3736319479369,9.762569663453151,0.8262855378260987,0.1736883274930062,0.770617239909849,0.7595744018447561,0.7595744018447561,0.8993506484735772,1.7111101517726774,0.2126347577837145,81.0,205.23272652439692,64.0,equal,True,7505108,261.31834975024685,963.185687,64,7300.0,3682.0,256,0.0914247499313205,2800.117038245229,median 5 warm calls on training rows; end-to-end preprocessing,6000.0,,,,
300.0,300.0,1.0,11,0,regression,superconductivity,coerror_b300_k64,complete,14.311828182435905,204.82842592356656,9.798782291730369,0.8267466981532505,0.1732272365456737,0.767243756243241,0.7440521679637963,0.7440521679637963,0.8952332438772549,1.7885789159113443,0.1919464501525545,81.0,203.7043100633896,64.0,equal,True,7500404,261.19971954240464,962.6797710000002,64,7342.0,3703.0,256,0.090469499817118,2829.682937536937,median 5 warm calls on training rows; end-to-end preprocessing,6000.0,,,,
6000.0,6000.0,1.0,11,0,regression,superconductivity,random_cert_b6000_k64,complete,16.349275664990962,267.29881476986566,11.622679144950034,0.773906370515765,0.2260596145566058,0.6896745668825817,0.7376922429902377,0.7376922429902377,0.9611093747066836,1.8054750755640776,0.1159924338856673,81.0,266.61184084637495,64.0,equal,True,7268796,260.36681504221633,956.8075469999998,64,4548.0,2306.0,256,0.0849888329394161,3012.1604350360735,median 5 warm calls on training rows; end-to-end preprocessing,6000.0,,,,
6000.0,6000.0,1.0,11,0,regression,superconductivity,top_quality_cert_b6000_k64,complete,14.315565039956075,204.93540241321264,9.537249388564916,0.8266562125189075,0.1733177085667967,0.7898112422592642,0.8113196459813303,0.8113196459813303,0.9372089823614836,1.5023321022486158,0.3073593137031709,81.0,200.69981297050813,64.0,equal,True,7542060,262.9110217089765,967.922689,64,7376.0,3720.0,256,0.0942603340372443,2715.8825885217934,median 5 warm calls on training rows; end-to-end preprocessing,6000.0,,,,
6000.0,6000.0,1.0,11,0,regression,superconductivity,coerror_cert_b6000_k64,complete,13.980794211859672,195.46260679436892,9.536295778079491,0.8346687386674828,0.1653063878723409,0.7813770944204957,0.7218207640714127,0.7218207640714127,0.930842023599894,1.894149352015852,0.1908692951824911,81.0,185.88758393491452,64.0,equal,True,7505452,262.91669237520546,964.4402790000004,64,7436.0,3750.0,256,0.0908773750998079,2816.982771771771,median 5 warm calls on training rows; end-to-end preprocessing,6000.0,,,,
6000.0,6000.0,1.0,11,0,regression,superconductivity,abs_correlation_b6000_k64,complete,16.519463000576174,272.8926578274052,12.230099303634525,0.7691748408203072,0.2307904324113959,0.6252683241512138,0.6157978532804667,0.6157978532804667,0.9490901739495416,2.492183343978082,0.0726516889353045,81.0,264.48169369967246,64.0,equal,True,7328776,261.22805870929733,955.723416,64,5788.0,2926.0,256,0.0819160828832537,3125.1494332907696,median 5 warm calls on training rows; end-to-end preprocessing,6000.0,,,,
6000.0,6000.0,1.0,11,0,regression,superconductivity,signed_correlation_b6000_k64,complete,16.519463000576174,272.8926578274052,12.230099303634525,0.7691748408203072,0.2307904324113959,0.6252683241512138,0.6157978532804667,0.6157978532804667,0.9490901739495416,2.492183343978082,0.0726516889353045,81.0,264.48169369967246,64.0,equal,True,7328776,260.6902168758679,955.696097,64,5788.0,2926.0,256,0.0818863329477608,3126.2848241514803,median 5 warm calls on training rows; end-to-end preprocessing,6000.0,,,,
6000.0,6000.0,1.0,11,0,regression,superconductivity,quality_diversity_l002_b6000_k64,complete,14.254899227456464,203.2021519849389,9.528230908046302,0.8281222754360623,0.1718518662132382,0.789699743714428,0.7940022938748911,0.7940022938748911,0.9372089823614836,1.56699682445129,0.2758151224731762,81.0,196.57012323759457,64.0,equal,True,7535308,264.0899999171961,967.94814,64,7418.0,3741.0,256,0.0935318749397993,2737.0348361429874,median 5 warm calls on training rows; end-to-end preprocessing,6000.0,,,,
6000.0,6000.0,1.0,11,0,regression,superconductivity,quality_diversity_l01_b6000_k64,complete,14.045221582992554,197.26824931535987,9.49135881354297,0.8331414431892991,0.1668334535747222,0.7874538590455818,0.754859545526963,0.754859545526963,0.9372089823614836,1.7327748194667076,0.2353504617119538,81.0,188.9508947041889,64.0,equal,True,7523988,263.8187543749809,967.935427,64,7448.0,3756.0,256,0.0924100000411272,2770.2629573213594,median 5 warm calls on training rows; end-to-end preprocessing,6000.0,,,,
6000.0,6000.0,1.0,11,0,regression,superconductivity,quality_diversity_l05_b6000_k64,complete,14.067484911204522,197.89413172696692,9.636651057853973,0.8326120430638536,0.16736277405393,0.7743167661621501,0.7042713785392268,0.7042713785392268,0.930842023599894,1.9900655007874413,0.1715714888058331,81.0,187.1396188732755,64.0,equal,True,7494104,262.6859144582413,963.3432399999998,64,7394.0,3729.0,256,0.0887518341187387,2884.4474318976245,median 5 warm calls on training rows; end-to-end preprocessing,6000.0,,,,
6000.0,6000.0,1.0,11,0,regression,superconductivity,caruana_b6000_k64,complete,14.00889959065409,196.24926774102835,9.53723374089198,0.8340033446635593,0.1659716817702644,0.7833041140606423,0.7189539853290059,0.7189539853290059,0.8929651266007023,1.8793931586201131,0.2098456698443794,81.0,183.33980582581395,64.0,frequency_weighted,True,3752780,260.2386218341999,955.8516950000002,32,3764.0,1898.0,256,0.0452252500690519,5660.554659380047,median 5 warm calls on training rows; end-to-end preprocessing,6000.0,,,,
6000.0,6000.0,1.0,11,0,regression,superconductivity,coerror_swap_b6000_k64,complete,13.99538548185962,195.87081478584707,9.544318025905218,0.8343234575765164,0.1656516170170789,0.7814293015105062,0.7219986454318484,0.7219986454318484,0.930842023599894,1.893343523062168,0.1908689491101815,81.0,185.88478565665443,64.0,equal,True,7505356,262.8197569171898,964.268277,64,7434.0,3749.0,256,0.0881960839033126,2902.623208085371,median 5 warm calls on training rows; end-to-end preprocessing,6000.0,,,,
6000.0,6000.0,1.0,11,0,regression,superconductivity,coerror_b6000_k256,complete,14.077997375706024,198.1900101103857,9.578528545503367,0.8323617755209516,0.1676130039450309,0.7781475555682893,0.7332274373616011,0.7332274373616011,0.9395594170100025,1.8560900124633968,0.2230021875683837,81.0,190.73766036065945,256.0,equal,True,30111468,281.0990572513547,1023.345704,256,29546.0,14901.0,256,0.26371816592291,970.7332792342938,median 5 warm calls on training rows; end-to-end preprocessing,6000.0,,,,
1000.0,1000.0,1.0,11,0,regression,superconductivity,top_quality_f05_d3_b1000_k64,complete,17.976565137793976,323.1568941533498,12.932497643834193,0.7266590382943197,0.2732998385964105,0.6683922871243682,0.8220536953533785,0.8220536953533785,0.9828210207416224,1.4648557794872683,0.0612343316956412,75.0,320.6769116193266,64.0,equal,True,6949464,257.46481991629116,948.4810280000004,64,960.0,512.0,256,0.0617953750770539,4142.704849364348,median 5 warm calls on training rows; end-to-end preprocessing,6000.0,,,,
1000.0,1000.0,1.0,11,0,regression,superconductivity,coerror_f05_d3_b1000_k64,complete,17.718041642807876,313.92899965627396,12.951999335727288,0.7344644158121278,0.2654956353679973,0.6557184585040974,0.7607921693100853,0.7607921693100853,0.9847566237306424,1.7087018649961665,0.0474477985638699,77.0,308.01652531561473,64.0,equal,True,6949256,257.6103687090799,948.653507,64,960.0,512.0,256,0.0656497918535023,3899.479233251255,median 5 warm calls on training rows; end-to-end preprocessing,6000.0,,,,
1000.0,1000.0,1.0,11,0,regression,superconductivity,top_quality_f05_d6_b1000_k64,complete,15.067274519559524,227.02276144776775,10.265518368783113,0.8079737085424367,0.1919974018315189,0.7571053006718657,0.7608782247509949,0.7608782247509949,0.8977713365209367,1.704320239152719,0.0775462962962963,75.0,217.72588703349072,64.0,equal,True,7410888,257.73097195941955,949.573874,64,7372.0,3718.0,256,0.0763436250854283,3353.2596823053204,median 5 warm calls on training rows; end-to-end preprocessing,6000.0,,,,
1000.0,1000.0,1.0,11,0,regression,superconductivity,coerror_f05_d6_b1000_k64,complete,14.729401981660226,216.95528273733615,10.201862939054088,0.8164892449968593,0.1834831465072055,0.7502924863785456,0.7155738471859532,0.7155738471859532,0.8576538289109719,1.9287664586498472,0.0572522990677752,79.0,210.34740143699625,64.0,equal,True,7412056,257.91866133292206,949.8326219999998,64,7382.0,3723.0,256,0.0766314580105245,3340.6646127604818,median 5 warm calls on training rows; end-to-end preprocessing,6000.0,,,,
1000.0,1000.0,1.0,11,0,regression,superconductivity,top_quality_f20_d3_b1000_k64,complete,17.88172086369906,319.75594104725025,12.75943840731639,0.729535720827034,0.2704235888496547,0.688140461585494,0.8604340803571233,0.8604340803571233,0.9947978644552186,1.3393605737340866,0.133825976377461,81.0,315.4374865145346,64.0,equal,True,6996740,258.7047289169859,953.0978759999996,64,960.0,512.0,256,0.0832644591573625,3074.541077798659,median 5 warm calls on training rows; end-to-end preprocessing,6000.0,,,,
1000.0,1000.0,1.0,11,0,regression,superconductivity,coerror_f20_d3_b1000_k64,complete,17.410721328488496,303.1332171782842,12.591693646770146,0.743595985084788,0.2563654399052435,0.6759806975031133,0.778684754039495,0.778684754039495,0.9899321835962932,1.6292772367745172,0.1218818961544785,81.0,296.91278859248047,64.0,equal,True,6996772,258.8004617500119,953.100163,64,960.0,512.0,256,0.0846965839155018,3022.554017708675,median 5 warm calls on training rows; end-to-end preprocessing,6000.0,,,,
1000.0,1000.0,1.0,11,0,regression,superconductivity,top_quality_f20_d6_b1000_k64,complete,14.293799221993432,204.31269619866,9.728744732800122,0.8271829260708243,0.1727910742569328,0.7816612599863337,0.7569893790875877,0.7569893790875877,0.914862690896602,1.7231438698536805,0.1370215204158976,81.0,194.7348713163265,64.0,equal,True,7461412,259.67379604210146,956.82708,64,7404.0,3734.0,256,0.0839636670425534,3048.937820572525,median 5 warm calls on training rows; end-to-end preprocessing,6000.0,,,,
1000.0,1000.0,1.0,11,0,regression,superconductivity,coerror_f20_d6_b1000_k64,complete,13.99743551811167,195.92820108369412,9.569733952809882,0.8342749176068421,0.1657001496840992,0.7770587423430907,0.7208675401290948,0.7208675401290948,0.8662568283527943,1.8987142291188488,0.1273182655485205,81.0,189.3646026236933,64.0,equal,True,7461284,259.68040766729973,956.399801,64,7406.0,3735.0,256,0.0846857910510152,3022.9392300980453,median 5 warm calls on training rows; end-to-end preprocessing,6000.0,,,,
1000.0,1000.0,1.0,11,0,regression,superconductivity,top_quality_f50_d3_b1000_k64,complete,18.84385257034456,355.0907796928813,12.953786397833348,0.6996478893994658,0.3003069237665282,0.6940464145149191,0.939300469846746,0.939300469846746,1.0,1.1279087041471667,0.3543800992461352,81.0,337.30960679995013,64.0,equal,True,7092652,261.0740155831445,962.2085010000002,64,960.0,512.0,256,0.0928174171131104,2758.1030367180956,median 5 warm calls on training rows; end-to-end preprocessing,6000.0,,,,
1000.0,1000.0,1.0,11,0,regression,superconductivity,coerror_f50_d3_b1000_k64,complete,17.719600005328118,313.9842243488242,12.69604920278221,0.7344177042276167,0.265542339924928,0.6839310687897011,0.8158683850831581,0.8158683850831581,0.9984697589181472,1.4854490001698035,0.3452335798050917,81.0,303.2731483132491,64.0,equal,True,7091020,261.16528066713363,962.05744,64,960.0,512.0,256,0.0941126670222729,2720.1439306720995,median 5 warm calls on training rows; end-to-end preprocessing,6000.0,,,,
1000.0,1000.0,1.0,11,0,regression,superconductivity,top_quality_f50_d6_b1000_k64,complete,14.417705570028684,207.87023390403616,9.586126024043134,0.8241737970833726,0.17579975053236,0.7893017313484934,0.820582533035342,0.820582533035342,0.9372089823614836,1.4703496569415104,0.3507808328671895,81.0,203.4309451057444,64.0,equal,True,7552908,263.5311221263837,971.208125,64,7342.0,3703.0,256,0.0993075829464942,2577.849469339414,median 5 warm calls on training rows; end-to-end preprocessing,6000.0,,,,
1000.0,1000.0,1.0,11,0,regression,superconductivity,coerror_f50_d6_b1000_k64,complete,14.161228908938604,200.5404042113585,9.624265712651482,0.8303737041055778,0.169600776262613,0.7822215010370579,0.7407014881389836,0.7407014881389836,0.930842023599894,1.7991470961397884,0.3444041738984551,81.0,190.02579051905917,64.0,equal,True,7554668,263.990054334281,971.194647,64,7376.0,3720.0,256,0.094570874935016,2706.964487490565,median 5 warm calls on training rows; end-to-end preprocessing,6000.0,,,,
,,,11,0,regression,superconductivity,random_forest,complete,10.000599209814384,100.01198455534008,5.745140036727755,0.9154052643312084,0.0845820087121845,,,,,,,,,,,,230803699,110.39182120887564,110.41120099999988,256,3204394.0,1602325.0,256,0.0180860420223325,14154.561826401408,median 5 warm calls on training rows; end-to-end preprocessing,,110.39182120887564,110.41120099999988,1326432256.0,
,,,11,0,regression,superconductivity,extra_trees,complete,9.53327526796364,90.8833373347672,5.3016723505367835,0.9231266939385842,0.0768617407645596,,,,,,,,,,,,344765875,32.771768166916445,32.78646099999992,256,4787202.0,2393729.0,256,0.020165666937828,12694.84420174463,median 5 warm calls on training rows; end-to-end preprocessing,,32.771768166916445,32.78646099999992,1754152960.0,
,,,11,0,regression,superconductivity,xgboost,complete,10.313966988562512,106.37791504115724,6.287570806308274,0.9100206675838494,0.089965795367419,,,,,,,,,,,,1272020,3.655923666898161,3.627823000000035,300,31080.0,15690.0,256,0.0020433329045772,125285.5075286735,median 5 warm calls on training rows; end-to-end preprocessing,,3.655923666898161,3.627823000000035,1680932864.0,
,,,11,0,regression,superconductivity,lightgbm,complete,10.50373884121852,110.3285296445226,6.435295766907289,0.9066790560801196,0.0933069041383926,,,,,,,,,,,,851406,2.0418881659861654,2.0319859999999608,300,18300.0,9300.0,256,0.0069764170330017,36695.05403547378,median 5 warm calls on training rows; end-to-end preprocessing,,2.0418881659861654,2.0319859999999608,1677475840.0,
,,,11,0,regression,superconductivity,catboost,complete,11.791328838674245,139.03543578175086,7.676154550743195,0.8823974347589879,0.1175848723818421,,,,,,,,,,,,354041,5.321737583959475,5.205655999999863,300,38100.0,19200.0,256,0.0016547089908272,154709.98309619594,median 5 warm calls on training rows; end-to-end preprocessing,,5.321737583959475,5.205655999999863,1747238912.0,
,,,11,0,regression,superconductivity,linear,complete,17.90732019722622,320.6721166459861,13.533691974781954,0.7287607773745484,0.2711984157148419,,,,,,,,,,,,9562,0.0864242499228566,0.0840249999998832,1,,,256,0.001098790904507,232983.3628490502,median 5 warm calls on training rows; end-to-end preprocessing,,0.0864242499228566,0.0840249999998832,1748647936.0,82.0
,,,11,0,regression,superconductivity,rf_leaf5,complete,10.490652582210563,110.0537916006412,6.069063723534407,0.9069114421516854,0.0930745530284285,,,,,,,,,,,,47212339,87.60300929192454,87.64403300000004,256,654514.0,327385.0,256,0.0151085411198437,16944.05819657643,median 5 warm calls on training rows; end-to-end preprocessing,,87.60300929192454,87.64403300000004,1750974464.0,
,,,11,0,regression,superconductivity,rf_shallow64,complete,14.715076404282634,216.53347358387555,9.8390398868435,0.8168460305760908,0.1831264146050089,,,,,,,,,,,,551875,12.169353500008585,12.1752749999996,64,7284.0,3674.0,256,0.0031476670410484,81330.07610447035,median 5 warm calls on training rows; end-to-end preprocessing,,12.169353500008585,12.1752749999996,1074954240.0,
,,,11,0,regression,superconductivity,random_patches64,complete,14.877570054138452,221.3420907157972,10.235632551123194,0.812778681077769,0.1871931521860505,,,,,,,,,,,,4047180,2.708357708994299,2.710317000000032,64,6848.0,3456.0,256,0.0523992499802261,4885.566112045619,median 5 warm calls on training rows; end-to-end preprocessing,,2.708357708994299,2.710317000000032,1069678592.0,
1000.0,1000.0,1.0,11,1,regression,superconductivity,random_b1000_k16,complete,16.333135395093592,266.7713118344591,11.559596637687656,0.7671365661463698,0.2326970701325627,0.6983529185867752,0.7582484652877883,0.7582484652877883,0.910736229608616,1.6226241051674657,0.1156138063701082,81.0,276.0521074887369,16.0,equal,True,1837716,277.6808822082821,1028.4883699999991,16,926.0,471.0,256,0.0190657919738441,13427.189405569896,median 5 warm calls on training rows; end-to-end preprocessing,6000.0,,,,
1000.0,1000.0,1.0,11,1,regression,superconductivity,top_quality_b1000_k16,complete,13.94074701680678,194.34442738660712,9.363506056861544,0.8303576557750498,0.1695211473020635,0.7930193889458312,0.8018869687121785,0.8018869687121785,0.9119241441932352,1.499193895967028,0.323307373648632,81.0,200.72327123955804,16.0,equal,True,1919687,278.25610579317436,1031.1894389999998,16,1822.0,919.0,256,0.0243314579129219,10521.35884812903,median 5 warm calls on training rows; end-to-end preprocessing,6000.0,,,,
1000.0,1000.0,1.0,11,1,regression,superconductivity,coerror_b1000_k16,complete,13.876935501800064,192.569338921119,9.415783325850224,0.8319071222173937,0.1679727878390283,0.7856905566635517,0.7280026433323712,0.7280026433323712,0.8512080418819585,1.7914060735647426,0.2056419141248775,81.0,189.84982903931487,16.0,equal,True,1909612,278.13985141715966,1030.2881359999997,16,1824.0,920.0,256,0.0232089580968022,11030.22371500908,median 5 warm calls on training rows; end-to-end preprocessing,6000.0,,,,
1000.0,1000.0,1.0,11,1,regression,superconductivity,random_b1000_k64,complete,16.169370624013137,261.448546376699,11.468467485923115,0.7717827832885663,0.2280541723692823,0.6932259338107708,0.741608802561095,0.741608802561095,0.9841779302966706,1.776042163403463,0.1300904924260635,81.0,269.22764917851435,64.0,equal,True,7409588,279.6667335841339,1036.374186,64,4338.0,2201.0,256,0.0844915830530226,3029.88760240588,median 5 warm calls on training rows; end-to-end preprocessing,6000.0,,,,
1000.0,1000.0,1.0,11,1,regression,superconductivity,top_quality_b1000_k64,complete,13.788876696140733,190.13312054137293,9.35224503367615,0.8340336858783207,0.1658477434507405,0.7858275795918348,0.7645946510677222,0.7645946510677222,0.9298608362236532,1.6893275633375446,0.3040085034185678,81.0,195.94208806195297,64.0,equal,True,7686636,282.55240766727366,1047.1279999999992,64,7322.0,3693.0,256,0.0917991669848561,2788.696329262243,median 5 warm calls on training rows; end-to-end preprocessing,6000.0,,,,
1000.0,1000.0,1.0,11,1,regression,superconductivity,coerror_b1000_k64,complete,13.868576086364644,192.33740266328525,9.418767466382285,0.8321095782950841,0.1677704764012493,0.7819960031614235,0.7397138255522208,0.7397138255522208,0.9119241441932352,1.8062766584547163,0.2454454714251742,81.0,192.86588416064023,64.0,equal,True,7665588,281.5729567091912,1043.304787,64,7292.0,3678.0,256,0.0902502499520778,2836.5572409598185,median 5 warm calls on training rows; end-to-end preprocessing,6000.0,,,,
1000.0,1000.0,1.0,11,1,regression,superconductivity,random_b1000_k128,complete,16.47078266126662,271.28668147468113,11.72248879982316,0.7631951210475317,0.2366356993600457,0.6861026308615702,0.748330106353317,0.748330106353317,0.990623594300536,1.75010954387195,0.1165301437280071,81.0,278.28768658032055,128.0,equal,True,14769180,281.62842504214495,1043.675369,128,7830.0,3979.0,256,0.1310366669204086,1953.6516458823992,median 5 warm calls on training rows; end-to-end preprocessing,6000.0,,,,
1000.0,1000.0,1.0,11,1,regression,superconductivity,top_quality_b1000_k128,complete,13.895942440017524,193.09721629628015,9.452463308209854,0.8314463405186856,0.1684332403432522,0.7807042241050888,0.7591920845072737,0.7591920845072737,0.9298608362236532,1.7226327495338554,0.297860753068996,81.0,198.74572790170456,128.0,equal,True,15392908,287.3325536241755,1065.6128719999997,128,14582.0,7355.0,256,0.1436847089789807,1781.6788008907022,median 5 warm calls on training rows; end-to-end preprocessing,6000.0,,,,
1000.0,1000.0,1.0,11,1,regression,superconductivity,coerror_b1000_k128,complete,13.889970733441428,192.93128697585936,9.480622846064424,0.8315911794485709,0.1682885048900826,0.7775716963598174,0.7408175666329755,0.7408175666329755,0.9298608362236532,1.8131150033497472,0.2451569620432625,81.0,196.5058291187128,128.0,equal,True,15360860,286.70488595822826,1062.3241010000002,128,14630.0,7379.0,256,0.1430400831159204,1789.708132317962,median 5 warm calls on training rows; end-to-end preprocessing,6000.0,,,,
3000.0,3000.0,1.0,11,1,regression,superconductivity,random_b3000_k16,complete,15.5114244556881,240.60428864451885,11.00725438478728,0.7899776386433938,0.2098723158944895,0.7096503428458061,0.7083600370272652,0.7083600370272652,0.8581173800460338,1.8566919857512527,0.148441944467386,81.0,247.9781259127491,16.0,equal,True,1864712,278.10061337426305,1029.2940939999994,16,1272.0,644.0,256,0.0162991660181432,15706.3250791504,median 5 warm calls on training rows; end-to-end preprocessing,6000.0,,,,
3000.0,3000.0,1.0,11,1,regression,superconductivity,top_quality_b3000_k16,complete,13.901620019447416,193.2550391651012,9.267650386278415,0.8313085776725926,0.1685709047679688,0.7958157139366194,0.8134214377777418,0.8134214377777418,0.9082639121780834,1.4620484423150095,0.3322670655931945,81.0,200.65623566031633,16.0,equal,True,1916524,278.3878909582272,1031.268639,16,1782.0,899.0,256,0.0245468330103904,10429.043937832552,median 5 warm calls on training rows; end-to-end preprocessing,6000.0,,,,
3000.0,3000.0,1.0,11,1,regression,superconductivity,coerror_b3000_k16,complete,13.743537452326136,188.8848217034912,9.381460930500184,0.8351233201117236,0.1647588876805023,0.786510862216522,0.7202109237294502,0.7202109237294502,0.8440855726805955,1.8275709461532812,0.2089330052595252,81.0,187.1873189690181,16.0,equal,True,1910396,278.22868800116703,1030.3482209999995,16,1838.0,927.0,256,0.0224802498705685,11387.773778046796,median 5 warm calls on training rows; end-to-end preprocessing,6000.0,,,,
3000.0,3000.0,1.0,11,1,regression,superconductivity,random_b3000_k64,complete,16.086082485836748,258.76204974114376,11.40041817274981,0.7741278136716676,0.2257108173371542,0.6979283830269742,0.7377714823780417,0.7377714823780417,0.9945650105721436,1.799991404214118,0.1180125253595399,81.0,264.5082230859936,64.0,equal,True,7444044,279.54915141593665,1035.4147889999997,64,4912.0,2488.0,256,0.0861233328469097,2972.481342019797,median 5 warm calls on training rows; end-to-end preprocessing,6000.0,,,,
3000.0,3000.0,1.0,11,1,regression,superconductivity,top_quality_b3000_k64,complete,13.792968082335657,190.24596852033017,9.29086489734282,0.8339351814038226,0.1659461775510684,0.7912235405061869,0.7881501820408877,0.7881501820408877,0.9367745067579126,1.5909220701944806,0.3295285552568518,81.0,196.7855406176577,64.0,equal,True,7692204,282.72942891623825,1047.962003,64,7310.0,3687.0,256,0.098758292151615,2592.187394320119,median 5 warm calls on training rows; end-to-end preprocessing,6000.0,,,,
3000.0,3000.0,1.0,11,1,regression,superconductivity,coerror_b3000_k64,complete,13.74795068591431,189.00614806233176,9.378336517202332,0.8350174148989694,0.1648647172318056,0.7837430529888629,0.7302856059746945,0.7302856059746945,0.9119241441932352,1.8530844749451456,0.2342959484769052,81.0,188.87376169209304,64.0,equal,True,7659692,282.7997980841901,1045.3846629999994,64,7290.0,3677.0,256,0.0923825840000063,2771.085078113668,median 5 warm calls on training rows; end-to-end preprocessing,6000.0,,,,
3000.0,3000.0,1.0,11,1,regression,superconductivity,random_b3000_k128,complete,16.33986226195617,266.99109873969945,11.672524587649267,0.7669447151818924,0.2328887840336986,0.6821695279291604,0.7328899125229892,0.7328899125229892,0.9878325389229904,1.8406417884514168,0.116267081796562,81.0,273.9901354681167,128.0,equal,True,14820876,283.04050079220906,1047.731097,128,8478.0,4303.0,256,0.1638729579281062,1562.1857519183336,median 5 warm calls on training rows; end-to-end preprocessing,6000.0,,,,
3000.0,3000.0,1.0,11,1,regression,superconductivity,top_quality_b3000_k128,complete,13.750580590339249,189.0784665714144,9.302691998297494,0.8349542884096915,0.1649277986218703,0.7876147919798809,0.7760027839410505,0.7760027839410505,0.9367745067579126,1.6488600432494476,0.319265118688312,81.0,196.71449707140656,128.0,equal,True,15411244,288.77750758454204,1070.5044339999995,128,14688.0,7408.0,256,0.1522252499125898,1681.7183755454455,median 5 warm calls on training rows; end-to-end preprocessing,6000.0,,,,
3000.0,3000.0,1.0,11,1,regression,superconductivity,coerror_b3000_k128,complete,13.782718508878997,189.96332949499563,9.403868952646276,0.8341818956907819,0.1656996395232415,0.782042077106295,0.7351274964624467,0.7351274964624467,0.9367745067579126,1.8408822403590883,0.2423320384579718,81.0,191.08618817426483,128.0,equal,True,15355660,288.4843020844273,1066.6062419999998,128,14604.0,7366.0,256,0.1594018749892711,1606.0036936029176,median 5 warm calls on training rows; end-to-end preprocessing,6000.0,,,,
6000.0,6000.0,1.0,11,1,regression,superconductivity,random_b6000_k16,complete,16.52178398045999,272.96934589698435,11.932840429686625,0.7617263311214095,0.2381034399442703,0.6827567361634201,0.7457199529642937,0.7457199529642937,0.9775717775350732,1.7142006156739769,0.1558068286715553,81.0,283.0120029438132,16.0,equal,True,1833058,278.6172372070141,1029.5287809999995,16,828.0,422.0,256,0.0167234169784933,15307.876394472578,median 5 warm calls on training rows; end-to-end preprocessing,6000.0,,,,
6000.0,6000.0,1.0,11,1,regression,superconductivity,top_quality_b6000_k16,complete,13.92875167763994,194.0101232973574,9.277296741106053,0.83064946825533,0.1692295433002433,0.7969662170016357,0.8167293222358369,0.8167293222358369,0.9278204494265816,1.4503772183388353,0.3382867398086007,80.0,200.28248716057587,16.0,equal,True,1915964,278.7003215823788,1031.4818719999994,16,1776.0,896.0,256,0.0241706250235438,10591.36864481736,median 5 warm calls on training rows; end-to-end preprocessing,6000.0,,,,
6000.0,6000.0,1.0,11,1,regression,superconductivity,coerror_b6000_k16,complete,13.753113883202486,189.14814148433695,9.358211491615958,0.8348934695031718,0.1649885740777742,0.7871924877458389,0.7181738831398344,0.7181738831398344,0.9082639121780864,1.835642767056162,0.2294353934656966,81.0,186.11512416642032,16.0,equal,True,1911756,278.73068841709755,1030.8752839999995,16,1848.0,932.0,256,0.0225563328713178,11349.362569725328,median 5 warm calls on training rows; end-to-end preprocessing,6000.0,,,,
6000.0,6000.0,1.0,11,1,regression,superconductivity,random_b6000_k64,complete,16.130415411744874,260.19030135545654,11.49106230115049,0.7728810994990348,0.2269566408246097,0.6888106462394957,0.7228447134831625,0.7228447134831625,0.9907385539993028,1.8639757788790523,0.112352443909343,81.0,265.85483345439195,64.0,equal,True,7424408,279.74764512619004,1035.7343059999998,64,4646.0,2355.0,256,0.0847707081120461,3019.911071895621,median 5 warm calls on training rows; end-to-end preprocessing,6000.0,,,,
6000.0,6000.0,1.0,11,1,regression,superconductivity,top_quality_b6000_k64,complete,13.844056993590664,191.65791404178657,9.274983605436798,0.832702700743591,0.1671777776949159,0.7934575422696186,0.7986122331822088,0.7986122331822088,0.9336250952844762,1.5489767018863212,0.3310164051205436,81.0,197.23237243569085,64.0,equal,True,7686684,282.9491536261048,1048.1657149999996,64,7248.0,3656.0,256,0.0965385418385267,2651.790622943045,median 5 warm calls on training rows; end-to-end preprocessing,6000.0,,,,
6000.0,6000.0,1.0,11,1,regression,superconductivity,coerror_b6000_k64,complete,13.665256249248698,186.7392283576306,9.334241353509444,0.8369961985360748,0.1628873472894294,0.7851772169383853,0.7263016151484339,0.7263016151484339,0.930178942039394,1.87280606331227,0.2364663475313166,81.0,186.62105129189183,64.0,equal,True,7663556,283.55486287525855,1046.5035169999996,64,7354.0,3709.0,256,0.0907992920838296,2819.405241217633,median 5 warm calls on training rows; end-to-end preprocessing,6000.0,,,,
6000.0,6000.0,1.0,11,1,regression,superconductivity,random_b6000_k128,complete,16.204753134990472,262.5940241659835,11.559665631376571,0.7707829010689168,0.2290533402469506,0.6890881731335085,0.7394802012297803,0.7394802012297803,0.9929333221699764,1.8073779139836832,0.1153584788704858,81.0,270.7992635799839,128.0,equal,True,14829848,283.06464979145676,1047.087043,128,8648.0,4388.0,256,0.1758618331514299,1455.6882264474366,median 5 warm calls on training rows; end-to-end preprocessing,6000.0,,,,
6000.0,6000.0,1.0,11,1,regression,superconductivity,top_quality_b6000_k128,complete,13.773738202744989,189.7158640777567,9.309705422977268,0.8343979070992877,0.1654837824389296,0.7908779296976607,0.7825151082000854,0.7825151082000854,0.9448441092181248,1.6209891373839111,0.3206476748083181,81.0,195.3083277650899,128.0,equal,True,15405684,289.2126713329926,1071.9039200000002,128,14620.0,7374.0,256,0.1716887918300926,1491.0699601948606,median 5 warm calls on training rows; end-to-end preprocessing,6000.0,,,,
6000.0,6000.0,1.0,11,1,regression,superconductivity,coerror_b6000_k128,complete,13.683992817267283,187.2516594230226,9.337760511120104,0.8365488998491212,0.1633343264145147,0.7837874183361454,0.7298507389905516,0.7298507389905516,0.9311344366653644,1.8675228000715247,0.2476704575725164,81.0,188.19136312409177,128.0,equal,True,15361628,289.93050158419646,1067.6423840000002,128,14666.0,7397.0,256,0.1841252078302204,1390.358240551475,median 5 warm calls on training rows; end-to-end preprocessing,6000.0,,,,
300.0,300.0,1.0,11,1,regression,superconductivity,top_quality_b300_k64,complete,13.955067193229372,194.74390036754667,9.519655553614012,0.8300089576731675,0.1698695962849115,0.7759285600583836,0.7534738830443009,0.7534738830443009,0.9119241441932456,1.7388922454752198,0.2589832943927833,81.0,202.00778859846807,64.0,equal,True,7668212,282.52333220723085,1047.0150840000006,64,7272.0,3668.0,256,0.0928880420979112,2756.0059854653414,median 5 warm calls on training rows; end-to-end preprocessing,6000.0,,,,
300.0,300.0,1.0,11,1,regression,superconductivity,coerror_b300_k64,complete,13.932531257261315,194.11542723456355,9.521546905821944,0.8305575489396904,0.1693213969463224,0.7732669503514453,0.7375607790757334,0.7375607790757334,0.9119241441932456,1.8186740811519304,0.2293105998666785,81.0,199.87673724412315,64.0,equal,True,7659480,281.6967138752807,1043.942143000001,64,7280.0,3672.0,256,0.0949311251752078,2696.6919387873936,median 5 warm calls on training rows; end-to-end preprocessing,6000.0,,,,
6000.0,6000.0,1.0,11,1,regression,superconductivity,random_cert_b6000_k64,complete,16.130415411744874,260.19030135545654,11.49106230115049,0.7728810994990348,0.2269566408246097,0.6888106462394957,0.7228447134831625,0.7228447134831625,0.9907385539993028,1.8639757788790523,0.112352443909343,81.0,265.85483345439195,64.0,equal,True,7424408,280.32984716817737,1036.0890549999997,64,4646.0,2355.0,256,0.0867523339111357,2950.929254102051,median 5 warm calls on training rows; end-to-end preprocessing,6000.0,,,,
6000.0,6000.0,1.0,11,1,regression,superconductivity,top_quality_cert_b6000_k64,complete,13.844056993590664,191.65791404178657,9.274983605436798,0.832702700743591,0.1671777776949159,0.7934575422696186,0.7986122331822088,0.7986122331822088,0.9336250952844762,1.5489767018863212,0.3310164051205436,81.0,197.23237243569085,64.0,equal,True,7686684,283.4804312090855,1049.3765449999996,64,7248.0,3656.0,256,0.0946050828788429,2705.9856850170436,median 5 warm calls on training rows; end-to-end preprocessing,6000.0,,,,
6000.0,6000.0,1.0,11,1,regression,superconductivity,coerror_cert_b6000_k64,complete,13.665256249248698,186.7392283576306,9.334241353509444,0.8369961985360748,0.1628873472894294,0.7851772169383853,0.7263016151484339,0.7263016151484339,0.930178942039394,1.87280606331227,0.2364663475313166,81.0,186.62105129189183,64.0,equal,True,7663556,284.1008690840099,1047.433564999999,64,7354.0,3709.0,256,0.0927255828864872,2760.834626549503,median 5 warm calls on training rows; end-to-end preprocessing,6000.0,,,,
6000.0,6000.0,1.0,11,1,regression,superconductivity,abs_correlation_b6000_k64,complete,16.142121903132296,260.5680995355834,11.929078160123195,0.7725513212296886,0.2272861834917444,0.6326373132907153,0.6191994268213528,0.6191994268213528,0.8917036193997621,2.4905677109456263,0.0673605845077929,81.0,265.54283829929255,64.0,equal,True,7469388,281.00096250046045,1034.5095309999997,64,5748.0,2906.0,256,0.0813185421284288,3148.1134966203836,median 5 warm calls on training rows; end-to-end preprocessing,6000.0,,,,
6000.0,6000.0,1.0,11,1,regression,superconductivity,signed_correlation_b6000_k64,complete,16.142121903132296,260.5680995355834,11.929078160123195,0.7725513212296886,0.2272861834917444,0.6326373132907153,0.6191994268213528,0.6191994268213528,0.8917036193997621,2.4905677109456263,0.0673605845077929,81.0,265.54283829929255,64.0,equal,True,7469388,280.6438990831375,1034.591742999999,64,5748.0,2906.0,256,0.0810457079205662,3158.7113811246913,median 5 warm calls on training rows; end-to-end preprocessing,6000.0,,,,
6000.0,6000.0,1.0,11,1,regression,superconductivity,quality_diversity_l002_b6000_k64,complete,13.808677240741048,190.6795671389598,9.288079042312145,0.8335566951919658,0.1663243933624869,0.7933474098325966,0.787005604982174,0.787005604982174,0.9336250952844762,1.5943565232130763,0.3236745086139742,81.0,194.50234265394937,64.0,equal,True,7684444,284.94466466619633,1049.7880699999996,64,7240.0,3652.0,256,0.0959319160319864,2668.5592302215896,median 5 warm calls on training rows; end-to-end preprocessing,6000.0,,,,
6000.0,6000.0,1.0,11,1,regression,superconductivity,quality_diversity_l01_b6000_k64,complete,13.747186068694884,188.98512480731873,9.329276395830876,0.8350357660002158,0.1648463792410654,0.7919464479611125,0.7632457316775683,0.7632457316775683,0.930178942039394,1.6948570724975112,0.3057948713052185,81.0,189.965467206377,64.0,equal,True,7681388,285.01163020939566,1049.5900299999994,64,7264.0,3664.0,256,0.096724874805659,2646.6821540411265,median 5 warm calls on training rows; end-to-end preprocessing,6000.0,,,,
6000.0,6000.0,1.0,11,1,regression,superconductivity,quality_diversity_l05_b6000_k64,complete,13.724727696835489,188.36815035228312,9.404541010189735,0.835574320124389,0.164308209874029,0.7782040901334923,0.708420253221546,0.708420253221546,0.9082639121780864,1.9665402834623325,0.2050631843962534,81.0,187.98007514289608,64.0,equal,True,7654828,283.1688841250725,1044.0595639999992,64,7396.0,3730.0,256,0.0916590839624404,2792.9583073828467,median 5 warm calls on training rows; end-to-end preprocessing,6000.0,,,,
6000.0,6000.0,1.0,11,1,regression,superconductivity,caruana_b6000_k64,complete,13.726156342821884,188.40736794758945,9.355962934255134,0.8355400872683608,0.1643424182732105,0.7860436323837343,0.7232488232424182,0.7232488232424182,0.9082639121780864,1.8649635100992,0.2293593851022113,81.0,185.0599803520817,64.0,frequency_weighted,True,3941404,280.3928013748955,1036.2958029999995,33,3781.0,1907.0,256,0.0477582500316202,5360.330410567911,median 5 warm calls on training rows; end-to-end preprocessing,6000.0,,,,
6000.0,6000.0,1.0,11,1,regression,superconductivity,coerror_swap_b6000_k64,complete,13.665256249248698,186.7392283576306,9.334241353509444,0.8369961985360748,0.1628873472894294,0.7851772169383853,0.7263016151484339,0.7263016151484339,0.930178942039394,1.87280606331227,0.2364663475313166,81.0,186.62105129189183,64.0,equal,True,7663556,283.3576351250522,1046.0071189999994,64,7354.0,3709.0,256,0.0945556659717112,2707.3998936942485,median 5 warm calls on training rows; end-to-end preprocessing,6000.0,,,,
6000.0,6000.0,1.0,11,1,regression,superconductivity,coerror_b6000_k256,complete,13.74765005482347,188.9978820298878,9.381176636174796,0.8350246302801362,0.1648575070054957,0.7821337073106938,0.7339276557694607,0.7339276557694607,0.9367745067579126,1.8526457250449424,0.248634842038928,81.0,190.44067651925147,256.0,equal,True,30723292,303.16878300043754,1099.7467109999998,256,29296.0,14776.0,256,0.308616500115022,829.5084673197584,median 5 warm calls on training rows; end-to-end preprocessing,6000.0,,,,
1000.0,1000.0,1.0,11,1,regression,superconductivity,top_quality_f05_d3_b1000_k64,complete,18.077772768453563,326.8058682678413,12.92889326596792,0.7147326818425287,0.2850635157323235,0.6684509755217968,0.8326755740975482,0.8326755740975482,0.9897016857186856,1.4290938410911211,0.0710447373393802,75.0,329.8163077515317,64.0,equal,True,7098136,277.4756632503122,1028.204621,64,960.0,512.0,256,0.0778052089735865,3290.268137277381,median 5 warm calls on training rows; end-to-end preprocessing,6000.0,,,,
1000.0,1000.0,1.0,11,1,regression,superconductivity,coerror_f05_d3_b1000_k64,complete,17.69080692091692,312.964649513162,12.868395529536738,0.7268146171367329,0.2729902120883531,0.6513075154033405,0.7585592088282282,0.7585592088282282,0.94580675367972,1.7222555356572866,0.0500736174099269,75.0,315.62793725031725,64.0,equal,True,7097784,277.72505204123445,1028.5326419999988,64,960.0,512.0,256,0.0790767921134829,3237.359447163902,median 5 warm calls on training rows; end-to-end preprocessing,6000.0,,,,
1000.0,1000.0,1.0,11,1,regression,superconductivity,top_quality_f05_d6_b1000_k64,complete,14.579486420490229,212.5614242852589,10.065665212874894,0.8144561241480159,0.1854113184594506,0.7532494141266936,0.746810839660406,0.746810839660406,0.8850722738453779,1.7665506447732064,0.0679051713277903,77.0,220.6044238601835,64.0,equal,True,7568913,277.7727687493898,1029.25744,64,7502.0,3783.0,256,0.079863625112921,3205.4643104171114,median 5 warm calls on training rows; end-to-end preprocessing,6000.0,,,,
1000.0,1000.0,1.0,11,1,regression,superconductivity,coerror_f05_d6_b1000_k64,complete,14.471559140183532,209.42602394782952,10.16220837040172,0.8171930004787539,0.1826763974246686,0.74641872106108,0.7027373494563179,0.7027373494563179,0.8743741674342109,1.9978379454581257,0.0535891439909297,76.0,213.1421014842431,64.0,equal,True,7566328,278.00390745839104,1029.7322670000003,64,7464.0,3764.0,256,0.0930796670727431,2750.3321407448966,median 5 warm calls on training rows; end-to-end preprocessing,6000.0,,,,
1000.0,1000.0,1.0,11,1,regression,superconductivity,top_quality_f20_d3_b1000_k64,complete,17.848237944913564,318.5595977382523,12.582170643157673,0.72193081292642,0.277870527181341,0.6931046357438332,0.8698286450483682,0.8698286450483682,0.9937468625960704,1.3104817392364678,0.1399597595053883,81.0,318.708740240036,64.0,equal,True,7146452,278.7839732505381,1032.8944159999992,64,960.0,512.0,256,0.0841276671271771,3042.9941628239944,median 5 warm calls on training rows; end-to-end preprocessing,6000.0,,,,
1000.0,1000.0,1.0,11,1,regression,superconductivity,coerror_f20_d3_b1000_k64,complete,17.310611793480522,299.6572806645869,12.533922653014,0.7384305573378251,0.2613825706184251,0.677144406709387,0.7793077654752517,0.7793077654752517,0.990688238189014,1.6302046498130562,0.1245355577869865,81.0,300.43952194363226,64.0,equal,True,7144756,278.88243795814924,1032.8350759999994,64,960.0,512.0,256,0.1109616251196712,2307.103917448091,median 5 warm calls on training rows; end-to-end preprocessing,6000.0,,,,
1000.0,1000.0,1.0,11,1,regression,superconductivity,top_quality_f20_d6_b1000_k64,complete,13.93021199688654,194.05080627820172,9.50335681973062,0.8306139562711004,0.1692650299137837,0.7815674640761493,0.748073787369887,0.748073787369887,0.9223190927905356,1.7632863769723572,0.1372855303631107,81.0,195.6165894222827,64.0,equal,True,7601764,279.82345920824446,1035.9442279999998,64,7296.0,3680.0,256,0.1062482499983161,2409.45144982677,median 5 warm calls on training rows; end-to-end preprocessing,6000.0,,,,
1000.0,1000.0,1.0,11,1,regression,superconductivity,coerror_f20_d6_b1000_k64,complete,13.809824392795472,190.71124975984884,9.497709558065653,0.8335290395799626,0.1663520292165984,0.7772043935921018,0.7176722211673348,0.7176722211673348,0.8579110848860886,1.9150085935935484,0.1292876540989854,81.0,191.41173816764135,64.0,equal,True,7608596,280.08848021016456,1036.146127,64,7402.0,3733.0,256,0.0917084170505404,2791.4558797685777,median 5 warm calls on training rows; end-to-end preprocessing,6000.0,,,,
1000.0,1000.0,1.0,11,1,regression,superconductivity,top_quality_f50_d3_b1000_k64,complete,18.104524085427133,327.7737923598112,12.648467836936351,0.7138877854171378,0.2859078085416339,0.6999663764433001,0.9322867972460346,0.9322867972460346,1.0,1.144029579041017,0.3525208931588606,81.0,333.56055348733,64.0,equal,True,7240908,281.2904684992973,1041.0656419999991,64,960.0,512.0,256,0.0972795409616082,2631.5913651466685,median 5 warm calls on training rows; end-to-end preprocessing,6000.0,,,,
1000.0,1000.0,1.0,11,1,regression,superconductivity,coerror_f50_d3_b1000_k64,complete,17.623076378477183,310.57282104164045,12.547473511922178,0.7289024330538094,0.2709038877615151,0.683477020490904,0.8130757478533353,0.8130757478533353,1.0,1.4981322306345732,0.3462803958408968,81.0,307.2092446132672,64.0,equal,True,7239660,281.5610687502194,1041.6244700000002,64,960.0,512.0,256,0.1183082091156393,2163.839702363976,median 5 warm calls on training rows; end-to-end preprocessing,6000.0,,,,
1000.0,1000.0,1.0,11,1,regression,superconductivity,top_quality_f50_d6_b1000_k64,complete,13.901678184877536,193.2566563559,9.292863204604208,0.831307166034287,0.168572315397763,0.7932504550853099,0.8070448914948961,0.8070448914948961,0.9367745067579126,1.517775072982752,0.3551461091053997,81.0,199.47943673047143,64.0,equal,True,7693084,283.3620492925402,1048.446199,64,7234.0,3649.0,256,0.0969139591325074,2641.5183353512484,median 5 warm calls on training rows; end-to-end preprocessing,6000.0,,,,
1000.0,1000.0,1.0,11,1,regression,superconductivity,coerror_f50_d6_b1000_k64,complete,13.7588231921076,189.305215631678,9.34469028637141,0.8347563602125665,0.16512558541392,0.7872038217468624,0.7418250728558955,0.7418250728558955,0.930178942039394,1.7940727723972314,0.3478646172271813,81.0,188.86965739489432,64.0,equal,True,7692252,283.97023333306424,1048.775658,64,7246.0,3655.0,256,0.1112922499887645,2300.25001764134,median 5 warm calls on training rows; end-to-end preprocessing,6000.0,,,,
,,,11,1,regression,superconductivity,random_forest,complete,9.906635560272589,98.14142812405738,5.7057211911062105,0.914332805131428,0.0856059919863682,,,,,,,,,,,,230767123,98.2825712908525,98.33066299999972,256,3203886.0,1602071.0,256,0.0155136249959468,16501.623577138354,median 5 warm calls on training rows; end-to-end preprocessing,,98.2825712908525,98.33066299999972,1390346240.0,
,,,11,1,regression,superconductivity,extra_trees,complete,9.694943957035134,93.99193833005206,5.358099427093691,0.9179548754190016,0.0819865094004401,,,,,,,,,,,,343941475,28.945162332849577,28.964302000000316,256,4775752.0,2388004.0,256,0.0177988752257078,14382.931323112216,median 5 warm calls on training rows; end-to-end preprocessing,,28.945162332849577,28.964302000000316,1879490560.0,
,,,11,1,regression,superconductivity,xgboost,complete,10.014951299201195,100.29924952537168,6.216063364559328,0.912449252894504,0.0874881985643632,,,,,,,,,,,,1277263,3.093021917156875,3.093547000000399,300,31234.0,15767.0,256,0.0017289579845964,148066.0619174884,median 5 warm calls on training rows; end-to-end preprocessing,,3.093021917156875,3.093547000000399,1729888256.0,
,,,11,1,regression,superconductivity,lightgbm,complete,10.073191333906315,101.46918364948532,6.273804041750657,0.9114280228542488,0.0885086990111964,,,,,,,,,,,,851304,1.8093749159015715,1.8112889999993056,300,18300.0,9300.0,256,0.0055482499301433,46140.67556855454,median 5 warm calls on training rows; end-to-end preprocessing,,1.8093749159015715,1.8112889999993056,1750302720.0,
,,,11,1,regression,superconductivity,catboost,complete,11.623212239701225,135.09906276914032,7.737185447747032,0.8820726582236439,0.1178430914023543,,,,,,,,,,,,353961,4.572686541825533,4.579893000000084,300,38100.0,19200.0,256,0.0012968750670552,197397.58015495772,median 5 warm calls on training rows; end-to-end preprocessing,,4.572686541825533,4.579893000000084,1795309568.0,
,,,11,1,regression,superconductivity,linear,complete,17.60470524672524,309.9256468240751,13.30445760440365,0.7294673484098404,0.2703393759957738,,,,,,,,,,,,9562,0.0769285841379314,0.0770089999996344,1,,,256,0.0009787909220904,261547.1743988582,median 5 warm calls on training rows; end-to-end preprocessing,,0.0769285841379314,0.0770089999996344,1796096000.0,82.0
,,,11,1,regression,superconductivity,rf_leaf5,complete,10.103581552717902,102.0823601924215,5.957021701584469,0.9108927839098332,0.0890435555669261,,,,,,,,,,,,47675155,76.80641274992377,76.85280799999964,256,660942.0,330599.0,256,0.013357917079702,19164.664556048487,median 5 warm calls on training rows; end-to-end preprocessing,,76.80641274992377,76.85280799999964,1804337152.0,
,,,11,1,regression,superconductivity,rf_shallow64,complete,14.098511548701024,198.76802788885612,9.499989193150618,0.8264963155287285,0.1733797289060293,,,,,,,,,,,,546835,10.797003499930725,10.80331599999954,64,7214.0,3639.0,256,0.0028888750821352,88615.80813345085,median 5 warm calls on training rows; end-to-end preprocessing,,10.797003499930725,10.80331599999954,1286258688.0,
,,,11,1,regression,superconductivity,random_patches64,complete,14.611928917610324,213.50846669329684,10.020531731873202,0.8136294552471351,0.1862373967664706,,,,,,,,,,,,4117572,2.39117604191415,2.3931290000000445,64,6802.0,3433.0,256,0.0460930839180946,5553.978563354551,median 5 warm calls on training rows; end-to-end preprocessing,,2.39117604191415,2.3931290000000445,1292402688.0,
1000.0,1000.0,1.0,11,2,regression,superconductivity,random_b1000_k16,complete,17.003787330573434,289.1287835833696,12.149252369269549,0.7584726153050543,0.2414828320986837,0.6901820854222129,0.7841163489393804,0.7841163489393804,0.956365284535862,1.5276002091831344,0.1230706222407138,81.0,287.7006843938225,16.0,equal,True,1816628,227.6986967928242,882.323922999999,16,842.0,429.0,256,0.0184009170625358,13912.350081790972,median 5 warm calls on training rows; end-to-end preprocessing,6000.0,,,,
1000.0,1000.0,1.0,11,2,regression,superconductivity,top_quality_b1000_k16,complete,14.25811508516984,203.2938457819477,9.705136078079107,0.8301759157709967,0.1697927581585879,0.7840724762418031,0.7689043096668434,0.7689043096668434,0.9091271324092632,1.6173955470966923,0.3211027588022436,81.0,196.9419367716732,16.0,equal,True,1908436,228.3626247497741,885.2329259999997,16,1870.0,943.0,256,0.0241249999962747,10611.398965369142,median 5 warm calls on training rows; end-to-end preprocessing,6000.0,,,,
1000.0,1000.0,1.0,11,2,regression,superconductivity,coerror_b1000_k16,complete,14.013126535652372,196.36771530420464,9.68032932776772,0.8359617464296134,0.1640079947651911,0.7807797314227551,0.7277570663202204,0.7277570663202204,0.8134221152235721,1.7880248428595735,0.283948548485298,81.0,190.05865687787565,16.0,equal,True,1902772,228.46404329268265,885.3759909999999,16,1832.0,924.0,256,0.0237062501255422,10798.83991117486,median 5 warm calls on training rows; end-to-end preprocessing,6000.0,,,,
1000.0,1000.0,1.0,11,2,regression,superconductivity,random_b1000_k64,complete,16.34562846438775,267.17956989580307,11.70112013940257,0.7768081684532584,0.2231506611611457,0.6902129035017752,0.7398879237483964,0.7398879237483964,0.9524472061429649,1.79510324594995,0.1188442519643688,81.0,264.6775174438631,64.0,equal,True,7351404,229.48194445786064,889.7934839999998,64,4380.0,2222.0,256,0.0819108749274164,3125.3481326728456,median 5 warm calls on training rows; end-to-end preprocessing,6000.0,,,,
1000.0,1000.0,1.0,11,2,regression,superconductivity,top_quality_b1000_k64,complete,14.152931476904644,200.3054693899583,9.699373688996715,0.8326722937707789,0.167296840645393,0.7796103008641133,0.772760673598477,0.772760673598477,0.9157972514737804,1.652509294515086,0.3098640662189409,81.0,199.2222929457729,64.0,equal,True,7638676,231.7655192501843,898.6021760000003,64,7424.0,3744.0,256,0.0914414171129465,2799.606656180691,median 5 warm calls on training rows; end-to-end preprocessing,6000.0,,,,
1000.0,1000.0,1.0,11,2,regression,superconductivity,coerror_b1000_k64,complete,13.96568088513065,195.0402425853036,9.635955934293252,0.8370706675480035,0.162899278200479,0.7752403865656347,0.7341345412572773,0.7341345412572773,0.8913502647270349,1.8312949429266172,0.2516884113843023,81.0,193.0683136405237,64.0,equal,True,7616532,231.5138988336548,897.2243649999991,64,7370.0,3717.0,256,0.0934138749726116,2740.492245665406,median 5 warm calls on training rows; end-to-end preprocessing,6000.0,,,,
1000.0,1000.0,1.0,11,2,regression,superconductivity,random_b1000_k128,complete,16.524744239842345,273.06717219220275,11.83825429318385,0.7718898854405837,0.2280680369380729,0.6897767136359078,0.7492181333353498,0.7492181333353498,0.9900426677744928,1.7609357607830516,0.1196448431234845,81.0,268.1448796054777,128.0,equal,True,14676044,231.17483762465417,896.465768,128,8052.0,4090.0,256,0.1258225841447711,2034.610890724094,median 5 warm calls on training rows; end-to-end preprocessing,6000.0,,,,
1000.0,1000.0,1.0,11,2,regression,superconductivity,top_quality_b1000_k128,complete,14.09057187983953,198.5442159009245,9.71272605250818,0.8341435791395997,0.1658258266726423,0.7755863099399957,0.7625933136573159,0.7625933136573159,0.9157972514737804,1.7068210785204003,0.2794902724118379,81.0,199.73072339220815,128.0,equal,True,15283748,235.97218516794965,915.5845759999992,128,14802.0,7465.0,256,0.1342817079275846,1906.4398565592828,median 5 warm calls on training rows; end-to-end preprocessing,6000.0,,,,
1000.0,1000.0,1.0,11,2,regression,superconductivity,coerror_b1000_k128,complete,14.068755901273464,197.92989260961693,9.72813695447841,0.8346567618676138,0.1653127386072807,0.77171350001048,0.7393210760554604,0.7393210760554604,0.9103999889599724,1.8188576713657785,0.2179725856736766,81.0,196.8603673527641,128.0,equal,True,15235932,234.9728076257743,910.6458890000004,128,14736.0,7432.0,256,0.1320292081218212,1938.964897553523,median 5 warm calls on training rows; end-to-end preprocessing,6000.0,,,,
3000.0,3000.0,1.0,11,2,regression,superconductivity,random_b3000_k16,complete,16.044152272992157,257.4148221589594,11.423123486695363,0.7849652739266595,0.2149950603627828,0.7097181092517565,0.7384316707299206,0.7384316707299206,0.8661557868494644,1.71715495941179,0.145569776529732,81.0,252.49271522380545,16.0,equal,True,1838908,227.9303308757953,882.8617490000006,16,1124.0,570.0,256,0.0165589160751551,15459.949119743427,median 5 warm calls on training rows; end-to-end preprocessing,6000.0,,,,
3000.0,3000.0,1.0,11,2,regression,superconductivity,top_quality_b3000_k16,complete,14.051576709257608,197.44680801615087,9.519536151096776,0.8350603126901925,0.1649092622244466,0.7905746108207805,0.7754588153837116,0.7754588153837116,0.8804518099985986,1.5931643092246517,0.3268838140497142,81.0,192.53952920469527,16.0,equal,True,1908228,228.36815704102628,885.0860320000002,16,1866.0,941.0,256,0.0205032499507069,12485.82544793944,median 5 warm calls on training rows; end-to-end preprocessing,6000.0,,,,
3000.0,3000.0,1.0,11,2,regression,superconductivity,coerror_b3000_k16,complete,13.772365359713838,189.67804760144568,9.468513157827775,0.841550044919652,0.1584207271032168,0.7848157069838448,0.7254741065308716,0.7254741065308716,0.8189540514009591,1.799531543645152,0.2738395246944663,81.0,185.94075580901307,16.0,equal,True,1900444,228.5418346256483,884.880243999999,16,1822.0,919.0,256,0.0199450419750064,12835.27005462304,median 5 warm calls on training rows; end-to-end preprocessing,6000.0,,,,
3000.0,3000.0,1.0,11,2,regression,superconductivity,random_b3000_k64,complete,16.051515110088978,257.6511373294148,11.476915924447464,0.7847678650613905,0.2151924328136408,0.6953775514204875,0.7282014954075383,0.7282014954075383,0.9623745514013402,1.8421113091396129,0.1229343643494839,81.0,256.2771409601016,64.0,equal,True,7375636,229.64821479073728,889.623482,64,4712.0,2388.0,256,0.0654597501270473,3910.800140592401,median 5 warm calls on training rows; end-to-end preprocessing,6000.0,,,,
3000.0,3000.0,1.0,11,2,regression,superconductivity,top_quality_b3000_k64,complete,14.102198768884014,198.8720101171138,9.614041120188718,0.8338697520969472,0.1660996032046427,0.7848404133862201,0.7700059262505753,0.7700059262505753,0.9162746137764708,1.6642127513904454,0.3217264554896663,81.0,193.8189506621087,64.0,equal,True,7642276,231.9767652088776,898.9670810000007,64,7428.0,3746.0,256,0.0814864579588174,3141.626307151307,median 5 warm calls on training rows; end-to-end preprocessing,6000.0,,,,
3000.0,3000.0,1.0,11,2,regression,superconductivity,coerror_b3000_k64,complete,13.865879441611384,192.26261268930125,9.542821161433933,0.8393909957979874,0.1605793779626141,0.7808347743649015,0.7306303686714065,0.7306303686714065,0.9122165630417632,1.8476980398102556,0.2574567537891103,81.0,187.41543585146127,64.0,equal,True,7615940,232.0473350007087,897.6615260000008,64,7354.0,3709.0,256,0.090960499830544,2814.40845726352,median 5 warm calls on training rows; end-to-end preprocessing,6000.0,,,,
3000.0,3000.0,1.0,11,2,regression,superconductivity,random_b3000_k128,complete,16.47567267464014,271.44779008188385,11.825549606322769,0.7732426567595774,0.2267155151538245,0.6809441565680561,0.738130118935879,0.738130118935879,0.9969523633233346,1.8233646709153073,0.1239475715661448,81.0,270.3375169036505,128.0,equal,True,14723520,232.03184099984355,898.7957240000005,128,8598.0,4363.0,256,0.1265750830061733,2022.514968348978,median 5 warm calls on training rows; end-to-end preprocessing,6000.0,,,,
3000.0,3000.0,1.0,11,2,regression,superconductivity,top_quality_b3000_k128,complete,14.065344496757426,197.8339158124644,9.620878320768163,0.8347369372985078,0.1652325779656977,0.7819053313755704,0.7684993742536561,0.7684993742536561,0.9162746137764708,1.6799130130622666,0.3096339716898236,81.0,195.6225976828688,128.0,equal,True,15304028,237.07883358281103,919.2852400000002,128,14832.0,7480.0,256,0.1328485000412911,1927.0070788938656,median 5 warm calls on training rows; end-to-end preprocessing,6000.0,,,,
3000.0,3000.0,1.0,11,2,regression,superconductivity,coerror_b3000_k128,complete,13.911386300309516,193.52666879643928,9.583509494662188,0.8383350505479819,0.1616351284309701,0.7778606254113423,0.7332140044227927,0.7332140044227927,0.9122165630417632,1.84776998228373,0.2335804314201066,81.0,190.0610982771132,128.0,equal,True,15247028,236.71996124880388,915.3585860000004,128,14748.0,7438.0,256,0.1344514999072998,1904.032310361015,median 5 warm calls on training rows; end-to-end preprocessing,6000.0,,,,
6000.0,6000.0,1.0,11,2,regression,superconductivity,random_b6000_k16,complete,16.278838920862984,265.0005966114035,11.76493310920339,0.7786284013341864,0.221330764043803,0.6809333314299724,0.7245151281014305,0.7245151281014305,0.9181790055241432,1.7851665575895452,0.1223102603378744,81.0,271.61713640736315,16.0,equal,True,1837888,228.39114270964637,882.9802950000003,16,1114.0,565.0,256,0.0185565829742699,13795.643322639846,median 5 warm calls on training rows; end-to-end preprocessing,6000.0,,,,
6000.0,6000.0,1.0,11,2,regression,superconductivity,top_quality_b6000_k16,complete,13.944148534940943,194.4392783644957,9.437318998275538,0.8375726906075829,0.1623973477450186,0.7928040735919063,0.7789849902334856,0.7789849902334856,0.9046531569834952,1.5798285703721524,0.3158414220361993,81.0,191.28448753737953,16.0,equal,True,1905076,228.64654804160816,885.0665089999993,16,1846.0,931.0,256,0.0237951669842004,10758.487224316556,median 5 warm calls on training rows; end-to-end preprocessing,6000.0,,,,
6000.0,6000.0,1.0,11,2,regression,superconductivity,coerror_b6000_k16,complete,13.800725061333557,190.4600122185201,9.46441831063321,0.8408968208907427,0.1590738306371914,0.7863307255072632,0.7246962625685373,0.7246962625685373,0.8294637858031327,1.803030778841988,0.254143848359382,81.0,184.44432848226785,16.0,equal,True,1899796,228.82301041670144,884.9128610000007,16,1836.0,926.0,256,0.0224341249559074,11411.187220502166,median 5 warm calls on training rows; end-to-end preprocessing,6000.0,,,,
6000.0,6000.0,1.0,11,2,regression,superconductivity,random_b6000_k64,complete,17.064856622651792,291.2093315516628,12.30738295625862,0.7567346032562838,0.2432205235504783,0.6731577821481907,0.7492678585754021,0.7492678585754021,0.9597337397662068,1.741283368527625,0.1115273241011562,81.0,283.55431053690194,64.0,equal,True,7283012,229.6972409170121,889.3233900000005,64,3494.0,1779.0,256,0.0839846660383045,3048.1754834059943,median 5 warm calls on training rows; end-to-end preprocessing,6000.0,,,,
6000.0,6000.0,1.0,11,2,regression,superconductivity,top_quality_b6000_k64,complete,13.954031007997775,194.71498137216344,9.50859914692558,0.8373423786145353,0.1626276172542823,0.7881027006411707,0.7707490088463177,0.7707490088463177,0.9370944799831288,1.6615972968374768,0.3190865009992445,81.0,191.05552481084217,64.0,equal,True,7640468,232.9573100830894,902.2883190000013,64,7428.0,3746.0,256,0.0936855829786509,2732.5442385125284,median 5 warm calls on training rows; end-to-end preprocessing,6000.0,,,,
6000.0,6000.0,1.0,11,2,regression,superconductivity,coerror_b6000_k64,complete,13.773642969403692,189.71324064860377,9.47245754593752,0.8415206459627782,0.1584501206371036,0.7835464766933955,0.7311284439721695,0.7311284439721695,0.904653156983496,1.8450314108389272,0.2577582889656192,81.0,185.21203613346825,64.0,equal,True,7615332,233.40111558372155,899.5448029999989,64,7348.0,3706.0,256,0.0912555828690528,2805.3078173567415,median 5 warm calls on training rows; end-to-end preprocessing,6000.0,,,,
6000.0,6000.0,1.0,11,2,regression,superconductivity,random_b6000_k128,complete,16.47185514234079,271.32201183025876,11.826934965821714,0.7733477272122317,0.2266104640826637,0.68781033265566,0.7491781718339117,0.7491781718339117,0.9968997062716204,1.7508223211092009,0.1294473904517324,81.0,270.18189762187995,128.0,equal,True,14657268,233.09210933372376,901.8943430000008,128,7614.0,3871.0,256,0.1427055830135941,1793.9031858032731,median 5 warm calls on training rows; end-to-end preprocessing,6000.0,,,,
6000.0,6000.0,1.0,11,2,regression,superconductivity,top_quality_b6000_k128,complete,14.03583748566823,197.00473392408944,9.578958155692314,0.8354296048719453,0.1645400381630254,0.7853694575989772,0.769529736385368,0.769529736385368,0.9439104763966204,1.6753418538462637,0.3095880303686678,81.0,192.77340781330875,128.0,equal,True,15301340,238.0089760008268,921.324966,128,14822.0,7475.0,256,0.1513496250845492,1691.447863560874,median 5 warm calls on training rows; end-to-end preprocessing,6000.0,,,,
6000.0,6000.0,1.0,11,2,regression,superconductivity,coerror_b6000_k128,complete,13.836646753525764,191.45279338185503,9.521107390066184,0.8400674885946534,0.1599030099530835,0.7811768373204042,0.7328590973617217,0.7328590973617217,0.9122165630417632,1.8499800549196872,0.2533558269896648,81.0,187.0960387624366,128.0,equal,True,15258148,238.80961870844476,918.3648860000004,128,14722.0,7425.0,256,0.1510669169947505,1694.6132554548385,median 5 warm calls on training rows; end-to-end preprocessing,6000.0,,,,
300.0,300.0,1.0,11,2,regression,superconductivity,top_quality_b300_k64,complete,14.214007601530229,202.03801209635907,9.783816569576675,0.8312249923172084,0.1687438751270116,0.7713103521821524,0.7593729384103142,0.7593729384103142,0.8991097341188456,1.7125961093621629,0.248062239356292,81.0,203.1440851526749,64.0,equal,True,7621276,231.5991191668436,898.4806500000013,64,7438.0,3751.0,256,0.0901524159125983,2839.6354929432923,median 5 warm calls on training rows; end-to-end preprocessing,6000.0,,,,
300.0,300.0,1.0,11,2,regression,superconductivity,coerror_b300_k64,complete,14.174184216473316,200.90749820252125,9.794080402241056,0.8321693813910178,0.1677996602569894,0.7683819833259345,0.7443482836718254,0.7443482836718254,0.8946398694636274,1.7841103358586812,0.2122007400160467,81.0,201.58058789407264,64.0,equal,True,7602284,231.3436612507794,897.2009300000009,64,7354.0,3709.0,256,0.0888880828861147,2880.026114726679,median 5 warm calls on training rows; end-to-end preprocessing,6000.0,,,,
6000.0,6000.0,1.0,11,2,regression,superconductivity,random_cert_b6000_k64,complete,17.064856622651792,291.2093315516628,12.30738295625862,0.7567346032562838,0.2432205235504783,0.6731577821481907,0.7492678585754021,0.7492678585754021,0.9597337397662068,1.741283368527625,0.1115273241011562,81.0,283.55431053690194,64.0,equal,True,7283012,229.92742099962197,889.0066349999997,64,3494.0,1779.0,256,0.0858512909617275,2981.9004132870264,median 5 warm calls on training rows; end-to-end preprocessing,6000.0,,,,
6000.0,6000.0,1.0,11,2,regression,superconductivity,top_quality_cert_b6000_k64,complete,13.954031007997775,194.71498137216344,9.50859914692558,0.8373423786145353,0.1626276172542823,0.7881027006411707,0.7707490088463177,0.7707490088463177,0.9370944799831288,1.6615972968374768,0.3190865009992445,81.0,191.05552481084217,64.0,equal,True,7640468,232.7543724169955,901.6992709999986,64,7428.0,3746.0,256,0.0932997500058263,2743.8444367108527,median 5 warm calls on training rows; end-to-end preprocessing,6000.0,,,,
6000.0,6000.0,1.0,11,2,regression,superconductivity,coerror_cert_b6000_k64,complete,13.773642969403692,189.71324064860377,9.47245754593752,0.8415206459627782,0.1584501206371036,0.7835464766933955,0.7311284439721695,0.7311284439721695,0.904653156983496,1.8450314108389272,0.2577582889656192,81.0,185.21203613346825,64.0,equal,True,7615332,233.47284183488227,900.7176419999987,64,7348.0,3706.0,256,0.0932378328870982,2745.6665612336865,median 5 warm calls on training rows; end-to-end preprocessing,6000.0,,,,
6000.0,6000.0,1.0,11,2,regression,superconductivity,abs_correlation_b6000_k64,complete,16.602721142366974,275.65034933119927,12.435003870336123,0.7697319957595458,0.2302255285707162,0.6223932132451122,0.6239552644676615,0.6239552644676615,0.8788003711355511,2.4429363147935454,0.0709409576311105,81.0,268.43914732082044,64.0,equal,True,7392816,230.81842995877375,888.6732519999996,64,5426.0,2745.0,256,0.0813995411153882,3144.9808744880525,median 5 warm calls on training rows; end-to-end preprocessing,6000.0,,,,
6000.0,6000.0,1.0,11,2,regression,superconductivity,signed_correlation_b6000_k64,complete,16.602721142366974,275.65034933119927,12.435003870336123,0.7697319957595458,0.2302255285707162,0.6223932132451122,0.6239552644676615,0.6239552644676615,0.8788003711355511,2.4429363147935454,0.0709409576311105,81.0,268.43914732082044,64.0,equal,True,7392816,230.4513769997284,888.7556190000005,64,5426.0,2745.0,256,0.0801756661385297,3192.988749949093,median 5 warm calls on training rows; end-to-end preprocessing,6000.0,,,,
6000.0,6000.0,1.0,11,2,regression,superconductivity,quality_diversity_l002_b6000_k64,complete,13.945573942538466,194.47903258680785,9.509521156821751,0.8375394814153793,0.1624305508113922,0.7880798713365366,0.7686031203893796,0.7686031203893796,0.9370944799831288,1.67088050186651,0.3185236681335513,81.0,190.54944352892016,64.0,equal,True,7640596,233.95601604157127,902.1630179999992,64,7430.0,3747.0,256,0.0940735419280827,2721.2752358756384,median 5 warm calls on training rows; end-to-end preprocessing,6000.0,,,,
6000.0,6000.0,1.0,11,2,regression,superconductivity,quality_diversity_l01_b6000_k64,complete,13.89367438526152,193.03418792367208,9.5040052909761,0.838746450671268,0.1612238041953256,0.7871087608463831,0.7512842300426777,0.7512842300426777,0.9370944799831288,1.7482219562687904,0.2869863731403284,81.0,187.1482461346843,64.0,equal,True,7627348,234.42646841704843,901.710357,64,7370.0,3717.0,256,0.0944797920528799,2709.574126250383,median 5 warm calls on training rows; end-to-end preprocessing,6000.0,,,,
6000.0,6000.0,1.0,11,2,regression,superconductivity,quality_diversity_l05_b6000_k64,complete,13.818298350709556,190.94536930922249,9.547911035536671,0.8404913717088673,0.1594792050291471,0.7766558176489037,0.7140414315540078,0.7140414315540078,0.8880329618803777,1.9375773955393376,0.211840732641233,81.0,186.4380198555828,64.0,equal,True,7601892,233.47591062495485,897.8233300000002,64,7378.0,3721.0,256,0.0945762500632554,2706.810640396289,median 5 warm calls on training rows; end-to-end preprocessing,6000.0,,,,
6000.0,6000.0,1.0,11,2,regression,superconductivity,caruana_b6000_k64,complete,13.784391898300044,190.00946000591992,9.451188192556344,0.8412731953776725,0.1586975255770083,0.7852002105720343,0.729444216869562,0.729444216869562,0.8785348450159428,1.8315589808975117,0.2576866290919707,81.0,183.6553315192518,64.0,frequency_weighted,True,4038372,230.58054337464273,891.1635530000003,34,3914.0,1974.0,256,0.048941042041406,5230.783598424692,median 5 warm calls on training rows; end-to-end preprocessing,6000.0,,,,
6000.0,6000.0,1.0,11,2,regression,superconductivity,coerror_swap_b6000_k64,complete,13.772090036524355,189.67046397413344,9.468097247354946,0.8415563799986037,0.1584143931928456,0.7834367341690232,0.7307566087202036,0.7307566087202036,0.904653156983496,1.8469217512005685,0.2583768186335045,81.0,185.20936144846416,64.0,equal,True,7615508,233.19808449968696,899.5130689999996,64,7352.0,3708.0,256,0.0898385001346468,2849.5578133686104,median 5 warm calls on training rows; end-to-end preprocessing,6000.0,,,,
6000.0,6000.0,1.0,11,2,regression,superconductivity,coerror_b6000_k256,complete,13.891828340855527,192.98289465179684,9.567640751877407,0.8387892991544073,0.1611809636160981,0.7781870149653065,0.7348570571126052,0.7348570571126052,0.9370944799831288,1.8465695675604148,0.2415374526639556,81.0,189.88754731537213,256.0,equal,True,30496676,249.5426534167491,956.0864989999992,256,29442.0,14849.0,256,0.238185791997239,1074.7912285337636,median 5 warm calls on training rows; end-to-end preprocessing,6000.0,,,,
1000.0,1000.0,1.0,11,2,regression,superconductivity,top_quality_f05_d3_b1000_k64,complete,18.20890288921607,331.56414442890133,13.160247270051002,0.7230237001310581,0.2769252082990241,0.6672903562122818,0.8344531221706754,0.8344531221706754,0.9809376572128858,1.4227069794442022,0.0622933201058201,75.0,324.26902103559934,64.0,equal,True,7041392,227.46235416689888,881.9238609999993,64,960.0,512.0,256,0.0586486251559108,4364.978706993599,median 5 warm calls on training rows; end-to-end preprocessing,6000.0,,,,
1000.0,1000.0,1.0,11,2,regression,superconductivity,coerror_f05_d3_b1000_k64,complete,17.739423073799298,314.68713099124295,13.0962706545737,0.7371221266748951,0.2628293823774997,0.6489005728961899,0.7552686484472821,0.7552686484472821,0.980937657212898,1.7376833051761569,0.047644636558327,79.0,309.21601363817354,64.0,equal,True,7041156,227.61538404179737,882.1245720000006,64,960.0,512.0,256,0.0593065000139176,4316.558892194338,median 5 warm calls on training rows; end-to-end preprocessing,6000.0,,,,
1000.0,1000.0,1.0,11,2,regression,superconductivity,top_quality_f05_d6_b1000_k64,complete,14.778221419178202,218.3958283142574,10.307526867728711,0.817560283734881,0.1824060630914585,0.7504413375869524,0.7459447870402305,0.7459447870402305,0.8688676021732034,1.77238929137775,0.0659466332829428,77.0,217.8264709269932,64.0,equal,True,7510713,227.72596608358435,882.9303570000011,64,7486.0,3775.0,256,0.0683082500472664,3747.717147238563,median 5 warm calls on training rows; end-to-end preprocessing,6000.0,,,,
1000.0,1000.0,1.0,11,2,regression,superconductivity,coerror_f05_d6_b1000_k64,complete,14.643605864564009,214.43519271669345,10.320060837672315,0.8208688507538873,0.1790981063769557,0.7447094039301192,0.7110083403015274,0.7110083403015274,0.8688676021732034,1.95247994868501,0.0518254755605946,79.0,212.28094907866685,64.0,equal,True,7504624,227.87257720786147,883.1289580000002,64,7398.0,3731.0,256,0.0677612081635743,3777.9727802671496,median 5 warm calls on training rows; end-to-end preprocessing,6000.0,,,,
1000.0,1000.0,1.0,11,2,regression,superconductivity,top_quality_f20_d3_b1000_k64,complete,17.914616224113647,320.9334744572759,12.754422304069688,0.7319041646907598,0.2680463818465401,0.6893159626421317,0.8672310758793494,0.8672310758793494,1.0,1.3190974106313305,0.1313308388115658,81.0,314.4791648102132,64.0,equal,True,7089452,228.417885791976,885.789393,64,960.0,512.0,256,0.0848136250860989,3018.3829513255746,median 5 warm calls on training rows; end-to-end preprocessing,6000.0,,,,
1000.0,1000.0,1.0,11,2,regression,superconductivity,coerror_f20_d3_b1000_k64,complete,17.585098910103383,309.23570367811925,12.780921438316811,0.7416760454009209,0.2582763036758987,0.6756005915596179,0.7885795642143003,0.7885795642143003,0.9899278308497677,1.5935126522754492,0.1228377348158503,81.0,298.56924203554945,64.0,equal,True,7088732,228.60652874968943,886.0274330000002,64,960.0,512.0,256,0.0809422088786959,3162.7503566606933,median 5 warm calls on training rows; end-to-end preprocessing,6000.0,,,,
1000.0,1000.0,1.0,11,2,regression,superconductivity,top_quality_f20_d6_b1000_k64,complete,14.06531652672482,197.83312899695835,9.70066796148174,0.8347375945747881,0.1652319208106598,0.7787979228535007,0.7509262063495553,0.7509262063495553,0.8804269806193419,1.7498544600762382,0.132418806295253,81.0,194.416086324364,64.0,equal,True,7548428,229.39516395889223,889.5134599999992,64,7342.0,3703.0,256,0.0824569170363247,3104.651607180806,median 5 warm calls on training rows; end-to-end preprocessing,6000.0,,,,
1000.0,1000.0,1.0,11,2,regression,superconductivity,coerror_f20_d6_b1000_k64,complete,13.990364088333648,195.73028732413576,9.672659183411469,0.8364942299514867,0.1634756094662311,0.7756499979992298,0.7269308479334361,0.7269308479334361,0.855295520408606,1.8661403781193395,0.1275125253851382,81.0,190.91128724520613,64.0,equal,True,7550604,229.48215558379889,889.2539560000005,64,7370.0,3717.0,256,0.0829914170317351,3084.656331414463,median 5 warm calls on training rows; end-to-end preprocessing,6000.0,,,,
1000.0,1000.0,1.0,11,2,regression,superconductivity,top_quality_f50_d3_b1000_k64,complete,18.275731601992504,334.00236558806745,12.861690758901558,0.7209869012603864,0.27896163145794,0.6976460764685943,0.9246980011132364,0.9246980011132364,1.0,1.161953663167382,0.3529897818634298,81.0,325.9978922057889,64.0,equal,True,7184276,230.5101610829588,893.8403950000002,64,960.0,512.0,256,0.0919951249379664,2782.7561533573025,median 5 warm calls on training rows; end-to-end preprocessing,6000.0,,,,
1000.0,1000.0,1.0,11,2,regression,superconductivity,coerror_f50_d3_b1000_k64,complete,17.78299626499237,316.23495616073257,12.80153511104124,0.7358291313510863,0.2641221391929559,0.6845382081478245,0.8184743667013537,0.8184743667013537,1.0,1.47956894556498,0.3433825433735131,81.0,301.33977885541634,64.0,equal,True,7183540,230.6642305420246,894.1286879999998,64,960.0,512.0,256,0.0945392919238656,2707.868810844932,median 5 warm calls on training rows; end-to-end preprocessing,6000.0,,,,
1000.0,1000.0,1.0,11,2,regression,superconductivity,top_quality_f50_d6_b1000_k64,complete,13.955827328384132,194.7651164196734,9.499315179957836,0.8373004976687624,0.1626694904746171,0.7876612515112204,0.772654674227597,0.772654674227597,0.9370944799831288,1.6535657601795333,0.3481349729806751,81.0,191.9164991010945,64.0,equal,True,7649588,232.69156079157256,902.4345569999996,64,7432.0,3748.0,256,0.0958763340022414,2670.1062641174303,median 5 warm calls on training rows; end-to-end preprocessing,6000.0,,,,
1000.0,1000.0,1.0,11,2,regression,superconductivity,coerror_f50_d6_b1000_k64,complete,13.855672113073126,191.9796497049923,9.49634140292564,0.8396273725043069,0.160343044858787,0.7841618157157617,0.7392661366599611,0.7392661366599611,0.904653156983496,1.804578415038744,0.3471085688560579,81.0,186.72659390415168,64.0,equal,True,7646580,232.56335208495148,901.3925299999992,64,7392.0,3728.0,256,0.092924625147134,2754.9209867100058,median 5 warm calls on training rows; end-to-end preprocessing,6000.0,,,,
,,,11,2,regression,superconductivity,random_forest,complete,10.710972887064168,114.72494018742373,5.969826702843125,0.904163070797264,0.0958192509422804,,,,,,,,,,,,230857123,87.87165516684763,87.92568099999971,256,3205136.0,1602696.0,256,0.0176265828777104,14523.518357249068,median 5 warm calls on training rows; end-to-end preprocessing,,87.87165516684763,87.92568099999971,1381007360.0,
,,,11,2,regression,superconductivity,extra_trees,complete,10.47024221099278,109.625971956855,5.629777054512144,0.9084225583726918,0.091560549079953,,,,,,,,,,,,344464051,29.98744387505576,30.005468000000292,256,4783010.0,2391633.0,256,0.0179592501372098,14254.492701206487,median 5 warm calls on training rows; end-to-end preprocessing,,29.98744387505576,30.005468000000292,1798242304.0,
,,,11,2,regression,superconductivity,xgboost,complete,10.410353030544297,108.3754502205628,6.343915157858212,0.909467197514902,0.0905161026338463,,,,,,,,,,,,1269697,3.2963425000198185,3.300046999999722,300,31012.0,15656.0,256,0.0018305419944226,139849.2909640888,median 5 warm calls on training rows; end-to-end preprocessing,,3.2963425000198185,3.300046999999722,1867350016.0,
,,,11,2,regression,superconductivity,lightgbm,complete,10.394144377662908,108.03823734370144,6.424127488710291,0.9097488925548228,0.090234459555923,,,,,,,,,,,,850191,1.88727549999021,1.8882540000004155,300,18300.0,9300.0,256,0.0061320418026298,41747.92153083662,median 5 warm calls on training rows; end-to-end preprocessing,,1.88727549999021,1.8882540000004155,1893810176.0,
,,,11,2,regression,superconductivity,catboost,complete,11.507758498153352,132.4285056518207,7.672329696119793,0.8893741735681558,0.1106054201835531,,,,,,,,,,,,354041,5.035261082928628,5.0427539999991495,300,38100.0,19200.0,256,0.0015164581127464,168814.422138146,median 5 warm calls on training rows; end-to-end preprocessing,,5.035261082928628,5.0427539999991495,1942913024.0,
,,,11,2,regression,superconductivity,linear,complete,17.806516888246406,317.0720436914045,13.6522430070289,0.7351298596994085,0.2648212818556679,,,,,,,,,,,,9562,0.0848463750444352,0.0849630000002434,1,,,256,0.0010740419384092,238351.9589366949,median 5 warm calls on training rows; end-to-end preprocessing,,0.0848463750444352,0.0849630000002434,1943339008.0,82.0
,,,11,2,regression,superconductivity,rf_leaf5,complete,10.431898658765578,108.82450962675506,6.098682644364776,0.909092070062678,0.090891160889354,,,,,,,,,,,,47500627,77.81972295814194,77.8599549999999,256,658518.0,329387.0,256,0.0135176670737564,18938.179095785315,median 5 warm calls on training rows; end-to-end preprocessing,,77.81972295814194,77.8599549999999,1949106176.0,
,,,11,2,regression,superconductivity,rf_shallow64,complete,14.308591595266758,204.73579344013856,9.718633282994446,0.8289713665648142,0.1709970851713551,,,,,,,,,,,,556339,10.63983374997042,10.646703999999772,64,7346.0,3705.0,256,0.0027627500239759,92661.29681598253,median 5 warm calls on training rows; end-to-end preprocessing,,10.63983374997042,10.646703999999772,1949630464.0,
,,,11,2,regression,superconductivity,random_patches64,complete,14.715960584739667,216.55949593161145,10.214553318962782,0.8190942872066703,0.1808723425848386,,,,,,,,,,,,4095532,2.3557183330412954,2.3574280000002545,64,6886.0,3475.0,256,0.0476885829120874,5368.161190109775,median 5 warm calls on training rows; end-to-end preprocessing,,2.3557183330412954,2.3574280000002545,1954594816.0,
1000.0,896.0,0.896,11,0,regression,california_housing,random_b1000_k16,complete,0.8893649578592975,0.79097002826807,0.6878809328438155,0.4179025925378695,0.5817834872750528,0.2424838706012754,0.7543345411068934,0.7543345411068934,1.0,1.499069795053579,0.1886111111111111,8.0,0.772156761691794,16.0,equal,True,1797347,51.967556623974815,139.06525200000004,16,904.0,460.0,256,0.0129183330573141,19816.798255952755,median 5 warm calls on training rows; end-to-end preprocessing,6000.0,,,,
1000.0,896.0,0.896,11,0,regression,california_housing,top_quality_b1000_k16,complete,0.6381605613058352,0.4072489020061787,0.4579343896052754,0.7002939156004864,0.2995444554541225,0.6297361862180315,0.8249514233647804,0.8249514233647804,1.0,1.411448757239677,0.6044444444444442,7.0,0.4071523877555746,16.0,equal,True,1876227,52.01836233190261,139.32556700000004,16,1986.0,1001.0,256,0.0171178330201655,14955.1639917518,median 5 warm calls on training rows; end-to-end preprocessing,6000.0,,,,
1000.0,896.0,0.896,11,0,regression,california_housing,coerror_b1000_k16,complete,0.5980206467995175,0.3576286939985132,0.4366075875487639,0.7368108421675252,0.2630472221553794,0.5831759272295136,0.634851065485164,0.634851065485164,1.0,2.1387438259280436,0.4344047619047619,8.0,0.3560168274300083,16.0,equal,True,1873699,52.09495208202861,139.407281,16,1954.0,985.0,256,0.0161097079981118,15891.039119393396,median 5 warm calls on training rows; end-to-end preprocessing,6000.0,,,,
1000.0,896.0,0.896,11,0,regression,california_housing,random_b1000_k64,complete,0.8745092445062969,0.7647664187269742,0.6763488162788955,0.4371865762981901,0.5625099032033617,0.2573480729088571,0.7605120361338233,0.7605120361338233,1.0,1.5438557154205736,0.1657478269085412,8.0,0.7475646045732826,64.0,equal,True,7240163,52.20087070809677,140.01588100000004,64,4100.0,2082.0,256,0.0622402501758188,4113.094007123055,median 5 warm calls on training rows; end-to-end preprocessing,6000.0,,,,
1000.0,896.0,0.896,11,0,regression,california_housing,top_quality_b1000_k64,complete,0.6506288526257379,0.4233179038690842,0.472093766046778,0.6884682787361128,0.3113637148529907,0.6035647964254931,0.8146364710347318,0.8146364710347318,1.0,1.4786843775066705,0.455187074829932,8.0,0.4264581804427369,64.0,equal,True,7515507,52.49676316487603,141.05714800000004,64,7870.0,3967.0,256,0.0638878748286515,4007.0201221530174,median 5 warm calls on training rows; end-to-end preprocessing,6000.0,,,,
1000.0,896.0,0.896,11,0,regression,california_housing,coerror_b1000_k64,complete,0.5994441713491333,0.359333314564449,0.4382156167481384,0.7355563632660799,0.2643010245270096,0.5758329589868577,0.6438453377285509,0.6438453377285509,1.0,2.1869084652706676,0.4082813681027966,8.0,0.3585308747278429,64.0,equal,True,7510355,52.618307708064094,141.227742,64,7788.0,3926.0,256,0.0610531670972704,4193.066669123624,median 5 warm calls on training rows; end-to-end preprocessing,6000.0,,,,
1000.0,896.0,0.896,11,0,regression,california_housing,random_b1000_k128,complete,0.8561350768852245,0.7329672698732693,0.6592642894479371,0.4605884770601879,0.5391206228876517,0.2763777017078496,0.7433283233104809,0.7433283233104809,1.0,1.625046539635106,0.1778244516310461,8.0,0.7112624616009116,128.0,equal,True,14533763,52.60232779127546,141.37904100000003,128,8568.0,4348.0,256,0.1032817920204252,2478.655675817214,median 5 warm calls on training rows; end-to-end preprocessing,6000.0,,,,
1000.0,896.0,0.896,11,0,regression,california_housing,top_quality_b1000_k128,complete,0.6646222858129861,0.4417227827992786,0.4853814597983399,0.6749236033033673,0.3249010857573339,0.5712446135826645,0.7858034550222335,0.7858034550222335,1.0,1.5871080028215023,0.3787987439070116,8.0,0.4432279777804074,128.0,equal,True,14967427,52.9973940406926,143.07072399999996,128,14510.0,7319.0,256,0.1131106249522417,2263.271024345324,median 5 warm calls on training rows; end-to-end preprocessing,6000.0,,,,
1000.0,896.0,0.896,11,0,regression,california_housing,coerror_b1000_k128,complete,0.6177882507729149,0.3816623227930579,0.4538618053419159,0.7191238091406931,0.280724716715547,0.5583026680980995,0.660257948422279,0.660257948422279,1.0,2.1943970820307452,0.3632211989126359,8.0,0.3800806789053407,128.0,equal,True,15041480,53.33793837414123,143.5320150000001,128,15522.0,7825.0,256,0.1439649590756744,1778.2104870771711,median 5 warm calls on training rows; end-to-end preprocessing,6000.0,,,,
3000.0,2670.0,0.89,11,0,regression,california_housing,random_b3000_k16,complete,0.7269277426695344,0.5284239430626249,0.557015147111257,0.611117746179097,0.3886725329248713,0.4129064832012733,0.6709609438850502,0.6709609438850502,0.9533716363549972,1.8920274383007945,0.2543849206349206,8.0,0.523899650637554,16.0,equal,True,1840291,52.26284754090011,139.47240500000004,16,1494.0,755.0,256,0.0143177499994635,17879.904315244472,median 5 warm calls on training rows; end-to-end preprocessing,6000.0,,,,
3000.0,2670.0,0.89,11,0,regression,california_housing,top_quality_b3000_k16,complete,0.6566669649211547,0.431211502818761,0.4740562578213034,0.6826591540917648,0.317169706685765,0.6366048985364259,0.9094210706056696,0.9094210706056696,1.0,1.1838528452381345,0.7866666666666666,5.0,0.437803220752862,16.0,equal,True,1876051,52.10144745721482,139.37816600000002,16,1984.0,1000.0,256,0.0142408329993486,17976.476517329367,median 5 warm calls on training rows; end-to-end preprocessing,6000.0,,,,
3000.0,2670.0,0.89,11,0,regression,california_housing,coerror_b3000_k16,complete,0.5980206467995176,0.3576286939985133,0.436607587548764,0.7368108421675251,0.2630472221553795,0.5832015196257642,0.6348462543395502,0.6348462543395502,0.9999999999999998,2.1388064406372225,0.4344047619047619,8.0,0.3559947618688877,16.0,equal,True,1873699,52.20827249996364,139.42555399999998,16,1954.0,985.0,256,0.0130807089153677,19570.804736679165,median 5 warm calls on training rows; end-to-end preprocessing,6000.0,,,,
3000.0,2670.0,0.89,11,0,regression,california_housing,random_b3000_k64,complete,0.8417598608448829,0.7085596633295965,0.6519099896626147,0.4785507309809047,0.5211680558578896,0.2898241622695651,0.7389806587497656,0.7389806587497656,1.0,1.6308755045360954,0.1900333049886621,8.0,0.6938945974460601,64.0,equal,True,7224408,52.39111066609621,140.28843600000002,64,3868.0,1966.0,256,0.0643517908174544,3978.133269456176,median 5 warm calls on training rows; end-to-end preprocessing,6000.0,,,,
3000.0,2670.0,0.89,11,0,regression,california_housing,top_quality_b3000_k64,complete,0.6357118686602934,0.4041295799555621,0.4576193018936429,0.7025895136810851,0.297250095370068,0.6218368751648345,0.8136286923009298,0.8136286923009298,1.0,1.4750216009304131,0.5248015873015872,8.0,0.4064443667234546,64.0,equal,True,7523187,52.587028625188395,141.249798,64,7960.0,4012.0,256,0.0724076658952981,3535.5372505747855,median 5 warm calls on training rows; end-to-end preprocessing,6000.0,,,,
3000.0,2670.0,0.89,11,0,regression,california_housing,coerror_b3000_k64,complete,0.5978348232479683,0.3574064758879295,0.4362925877141809,0.7369743788142236,0.2628837737026054,0.5831394171710782,0.6510169039874395,0.6510169039874395,1.0,2.153866207587678,0.461340230536659,8.0,0.3554051273653549,64.0,equal,True,7512152,52.974364790832624,141.33667100000005,64,7820.0,3942.0,256,0.0708515830338001,3613.186735402565,median 5 warm calls on training rows; end-to-end preprocessing,6000.0,,,,
3000.0,2670.0,0.89,11,0,regression,california_housing,random_b3000_k128,complete,0.8458703727724208,0.7154966875341542,0.6514954044762825,0.4734455769792837,0.5262704566933246,0.2875611717894285,0.7447991140230014,0.7447991140230014,1.0,1.6235406295654544,0.1777561984439445,8.0,0.6988123781925036,128.0,equal,True,14492675,52.69692049897276,141.50650900000002,128,8000.0,4064.0,256,0.1114085409790277,2297.8489597865846,median 5 warm calls on training rows; end-to-end preprocessing,6000.0,,,,
3000.0,2670.0,0.89,11,0,regression,california_housing,top_quality_b3000_k128,complete,0.6432096804625309,0.4137186930407111,0.4663317467927066,0.6955326118172452,0.3043031915066793,0.6129284487988604,0.8209586697145976,0.8209586697145976,1.0,1.457136987597644,0.475630389951256,8.0,0.4191252008526476,128.0,equal,True,15058835,53.26763499993831,143.86353400000004,128,15748.0,7938.0,256,0.1476220830809325,1734.1578892342975,median 5 warm calls on training rows; end-to-end preprocessing,6000.0,,,,
3000.0,2670.0,0.89,11,0,regression,california_housing,coerror_b3000_k128,complete,0.5980774331231686,0.3576966160111983,0.4373471042043896,0.7367608564208084,0.2630971809452077,0.5776200320084106,0.6461871740914266,0.6461871740914266,1.0,2.1967923978056336,0.4192022872140982,8.0,0.3565460582569935,128.0,equal,True,15048835,54.04628120805137,144.01283500000002,128,15624.0,7876.0,256,0.1251797080039978,2045.059890951529,median 5 warm calls on training rows; end-to-end preprocessing,6000.0,,,,
6000.0,5363.0,0.8938333333333334,11,0,regression,california_housing,random_b6000_k16,complete,0.8637174680358781,0.7460078645903081,0.6711892160255092,0.4509915314045176,0.5487123929920534,0.2811386099633837,0.7644599701079774,0.7644599701079774,0.986104031007629,1.49460912246849,0.1919444444444444,8.0,0.7330585440311098,16.0,equal,True,1781123,52.53152125002816,139.64275400000002,16,678.0,347.0,256,0.0131070001516491,19531.547801789733,median 5 warm calls on training rows; end-to-end preprocessing,6000.0,,,,
6000.0,5363.0,0.8938333333333334,11,0,regression,california_housing,top_quality_b6000_k16,complete,0.657880931717124,0.4328073203169912,0.4724700480112774,0.6814847464716222,0.3183434809578545,0.6415371288633454,0.9320658029542508,0.9320658029542508,1.0,1.1359797596861962,0.8399999999999999,5.0,0.441485487970356,16.0,equal,True,1875475,52.22849053982645,139.54265300000003,16,1976.0,996.0,256,0.0161544999573379,15846.97766418423,median 5 warm calls on training rows; end-to-end preprocessing,6000.0,,,,
6000.0,5363.0,0.8938333333333334,11,0,regression,california_housing,coerror_b6000_k16,complete,0.5980206467995174,0.3576286939985131,0.4366075875487639,0.7368108421675252,0.2630472221553794,0.5832143158238894,0.6348518277629853,0.6348518277629853,1.0,2.138742421311494,0.4344047619047619,8.0,0.3559885751960892,16.0,equal,True,1873699,52.5528693748638,139.79396700000004,16,1954.0,985.0,256,0.0157412500120699,16263.003243307014,median 5 warm calls on training rows; end-to-end preprocessing,6000.0,,,,
6000.0,5363.0,0.8938333333333334,11,0,regression,california_housing,random_b6000_k64,complete,0.8490793692374128,0.7209357752646027,0.6565289793240745,0.4694427971599449,0.5302710778475093,0.2798664586681266,0.7353115219946628,0.7353115219946628,1.0,1.5900869530416355,0.1688952664399093,8.0,0.7031932400849701,64.0,equal,True,7249299,52.52358716633171,140.34450300000006,64,4222.0,2143.0,256,0.0638879588805139,4007.014850463177,median 5 warm calls on training rows; end-to-end preprocessing,6000.0,,,,
6000.0,5363.0,0.8938333333333334,11,0,regression,california_housing,top_quality_b6000_k64,complete,0.6392934689788249,0.4086961394789797,0.4606368862654499,0.6992288522595351,0.3006089444154614,0.6279676180436449,0.8364374693714983,0.8364374693714983,1.0,1.3963887530700354,0.6083994708994709,7.0,0.4107878780741288,64.0,equal,True,7522467,52.73416053992696,141.33338000000003,64,7950.0,4007.0,256,0.0653361659497022,3918.197468107885,median 5 warm calls on training rows; end-to-end preprocessing,6000.0,,,,
6000.0,5363.0,0.8938333333333334,11,0,regression,california_housing,coerror_b6000_k64,complete,0.5982794819304813,0.3579383384990051,0.4364134408758439,0.7365829659465185,0.2632749754846759,0.5838582804771089,0.6522179821881924,0.6522179821881924,1.0,2.1471886004461056,0.4718891723356008,8.0,0.3553454775207592,64.0,equal,True,7512008,53.67905412521213,142.05919800000004,64,7818.0,3941.0,256,0.074314790777862,3444.805499960593,median 5 warm calls on training rows; end-to-end preprocessing,6000.0,,,,
6000.0,5363.0,0.8938333333333334,11,0,regression,california_housing,random_b6000_k128,complete,0.8608553172705792,0.7410718772730295,0.6655488575359961,0.4546240652780768,0.5450818181131548,0.2761271856684452,0.7566207682450427,0.7566207682450427,1.0,1.5827005376012884,0.1764482564679415,8.0,0.7214105419376478,128.0,equal,True,14419443,53.18823312385939,142.08928500000002,128,6982.0,3555.0,256,0.1504094591364264,1702.0206140612431,median 5 warm calls on training rows; end-to-end preprocessing,6000.0,,,,
6000.0,5363.0,0.8938333333333334,11,0,regression,california_housing,top_quality_b6000_k128,complete,0.6362571307231165,0.404823136396013,0.4580140043884742,0.702079105711773,0.2977602280806982,0.6214820373404573,0.8146990254900051,0.8146990254900051,1.0,1.4748930768148962,0.525665541807274,8.0,0.406661806721298,128.0,equal,True,15071603,53.71925454190932,144.52107200000003,128,15926.0,8027.0,256,0.1499210421461612,1707.565504716944,median 5 warm calls on training rows; end-to-end preprocessing,6000.0,,,,
6000.0,5363.0,0.8938333333333334,11,0,regression,california_housing,coerror_b6000_k128,complete,0.5982332867056281,0.3578830653226183,0.4365474762983437,0.7366236430537756,0.2632343203142372,0.5821801411692935,0.6521565293424738,0.6521565293424738,1.0,2.166670942241635,0.4602977362204724,8.0,0.3554346349877329,128.0,equal,True,15050115,55.573040791088715,145.83368900000002,128,15648.0,7888.0,256,0.1488480828702449,1719.874351510206,median 5 warm calls on training rows; end-to-end preprocessing,6000.0,,,,
300.0,272.0,0.9066666666666666,11,0,regression,california_housing,top_quality_b300_k64,complete,0.6842204515468869,0.4681576263150258,0.507931477271183,0.6554694478647892,0.3443447497351419,0.5358026805208683,0.7651632173771746,0.7651632173771746,1.0,1.5985108334398408,0.3638156651549509,8.0,0.4690985696926595,64.0,equal,True,7296035,52.389910539845005,140.81567700000002,64,4822.0,2443.0,256,0.0752980418037623,3399.8228090336447,median 5 warm calls on training rows; end-to-end preprocessing,6000.0,,,,
300.0,272.0,0.9066666666666666,11,0,regression,california_housing,coerror_b300_k64,complete,0.6512961263378356,0.4241866441826699,0.485098097245011,0.6878289479571662,0.3120027008462792,0.5103766263447078,0.6576650317501455,0.6576650317501455,1.0,2.185958296178839,0.327832105064248,8.0,0.4216748382515515,64.0,equal,True,7422392,52.48997083120048,141.132258,64,6576.0,3320.0,256,0.0743407499976456,3443.602600298054,median 5 warm calls on training rows; end-to-end preprocessing,6000.0,,,,
6000.0,5363.0,0.8938333333333334,11,0,regression,california_housing,random_cert_b6000_k64,complete,0.8246107025480197,0.6799828107567386,0.6352133812708859,0.4995812519887759,0.5001488764313492,0.3112659632486411,0.7349457925864766,0.7349457925864766,1.0,1.660049453070624,0.2019498771730914,8.0,0.6658417127975754,64.0,equal,True,7241272,52.8681186249014,140.81757000000002,64,4100.0,2082.0,256,0.0642709170933812,3983.139055384091,median 5 warm calls on training rows; end-to-end preprocessing,6000.0,,,,
6000.0,5363.0,0.8938333333333334,11,0,regression,california_housing,top_quality_cert_b6000_k64,complete,0.6392934689788249,0.4086961394789797,0.4606368862654499,0.6992288522595351,0.3006089444154614,0.6279676180436449,0.8364374693714983,0.8364374693714983,1.0,1.3963887530700354,0.6083994708994709,7.0,0.4107878780741288,64.0,equal,True,7522467,52.73215858312324,141.380894,64,7950.0,4007.0,256,0.0631871670484542,4051.455571725341,median 5 warm calls on training rows; end-to-end preprocessing,6000.0,,,,
6000.0,5363.0,0.8938333333333334,11,0,regression,california_housing,coerror_cert_b6000_k64,complete,0.5982794819304813,0.3579383384990051,0.4364134408758439,0.7365829659465185,0.2632749754846759,0.5838582804771089,0.6522179821881924,0.6522179821881924,1.0,2.147188600446106,0.4718891723356008,8.0,0.3553454775207592,64.0,equal,True,7512008,53.48677795799449,141.79125900000005,64,7818.0,3941.0,256,0.067315915832296,3802.9639325976377,median 5 warm calls on training rows; end-to-end preprocessing,6000.0,,,,
6000.0,5363.0,0.8938333333333334,11,0,regression,california_housing,abs_correlation_b6000_k64,complete,0.6314285098995588,0.3987019631139772,0.4692969049638668,0.7065838517460841,0.2932579114176568,0.5088187443037403,0.6099893086629973,0.6099893086629973,1.0,2.380403944123904,0.3520856953892667,8.0,0.3957784652872567,64.0,equal,True,7503763,54.29030845803209,142.70519300000004,64,7700.0,3882.0,256,0.0742982081137597,3445.5743482808134,median 5 warm calls on training rows; end-to-end preprocessing,6000.0,,,,
6000.0,5363.0,0.8938333333333334,11,0,regression,california_housing,signed_correlation_b6000_k64,complete,0.6314285098995588,0.3987019631139772,0.4692969049638668,0.7065838517460841,0.2932579114176568,0.5088187443037403,0.6099893086629973,0.6099893086629973,1.0,2.380403944123904,0.3520856953892667,8.0,0.3957784652872567,64.0,equal,True,7503763,53.96020804229192,142.48835600000007,64,7700.0,3882.0,256,0.0749785839579999,3414.308279593559,median 5 warm calls on training rows; end-to-end preprocessing,6000.0,,,,
6000.0,5363.0,0.8938333333333334,11,0,regression,california_housing,quality_diversity_l002_b6000_k64,complete,0.6392934689788249,0.4086961394789797,0.4606368862654499,0.6992288522595351,0.3006089444154614,0.627967618043645,0.8364374693714988,0.8364374693714988,1.0,1.396388753070038,0.6083994708994709,7.0,0.4107878780741288,64.0,equal,True,7522467,54.16273745778017,142.902551,64,7950.0,4007.0,256,0.0752284999471157,3402.9656337686274,median 5 warm calls on training rows; end-to-end preprocessing,6000.0,,,,
6000.0,5363.0,0.8938333333333334,11,0,regression,california_housing,quality_diversity_l01_b6000_k64,complete,0.6381547171707107,0.4072414430472297,0.4591072991251299,0.7002994048611554,0.2995389691537651,0.627340450935548,0.8252314944114132,0.8252314944114132,1.0,1.4346980937424871,0.6120370370370368,7.0,0.4060658008727711,64.0,equal,True,7522451,54.1570353328716,142.903899,64,7950.0,4007.0,256,0.0867009998764842,2952.676443924545,median 5 warm calls on training rows; end-to-end preprocessing,6000.0,,,,
6000.0,5363.0,0.8938333333333334,11,0,regression,california_housing,quality_diversity_l05_b6000_k64,complete,0.5985346301815485,0.358243703526563,0.4366232240426908,0.7363582391117227,0.2634995811261986,0.5862309547365034,0.6562152451288175,0.6562152451288175,1.0,2.1148238928378404,0.4719009826152682,8.0,0.3555175317550455,64.0,equal,True,7512232,54.06414295802824,142.76663099999993,64,7822.0,3943.0,256,0.1151074171066284,2224.0095941242203,median 5 warm calls on training rows; end-to-end preprocessing,6000.0,,,,
6000.0,5363.0,0.8938333333333334,11,0,regression,california_housing,caruana_b6000_k64,complete,0.5982794819304813,0.3579383384990051,0.4364134408758438,0.7365829659465185,0.2632749754846759,0.568041043136899,0.6161313929404416,0.6161313929404416,1.0,2.2309223427389027,0.428781512605042,8.0,0.3553315814464257,64.0,frequency_weighted,True,1990408,52.7472470398061,140.11638100000008,17,2071.0,1044.0,256,0.0196444171015173,13031.69234684122,median 5 warm calls on training rows; end-to-end preprocessing,6000.0,,,,
6000.0,5363.0,0.8938333333333334,11,0,regression,california_housing,coerror_swap_b6000_k64,complete,0.598113637976123,0.3577399239330327,0.4364257979898301,0.736728984885704,0.2631290352922638,0.5833037582964694,0.6512065901474778,0.6512065901474778,1.0,2.1503594443285534,0.4652872260015117,8.0,0.3553371988571354,64.0,equal,True,7512168,53.92745887488127,142.66202199999995,64,7820.0,3942.0,256,0.0874814998824149,2926.333000052503,median 5 warm calls on training rows; end-to-end preprocessing,6000.0,,,,
6000.0,5363.0,0.8938333333333334,11,0,regression,california_housing,coerror_b6000_k256,complete,0.5984745197866279,0.3581717508338348,0.4375391526959112,0.7364111911508646,0.2634466576436416,0.577443502966892,0.6473800554734255,0.6473800554734255,1.0,2.2005878114159025,0.4236715102707749,8.0,0.3565967517988166,256.0,equal,True,30096483,59.25957258208655,152.29576699999998,256,31258.0,15757.0,256,0.2988287501502782,856.6779463865507,median 5 warm calls on training rows; end-to-end preprocessing,6000.0,,,,
1000.0,748.0,0.748,11,0,regression,california_housing,top_quality_f05_d3_b1000_k64,complete,0.8342606648506335,0.6959908569170211,0.6270919404620701,0.4878004741648196,0.5119233009818996,0.4736033627295515,1.0,1.0,1.0,1.000000000000009,1.0,1.0,0.6931478547167471,64.0,equal,True,7010499,52.101612041238695,139.49624100000003,64,960.0,512.0,256,0.054556458024308,4692.386736065913,median 5 warm calls on training rows; end-to-end preprocessing,6000.0,,,,
1000.0,748.0,0.748,11,0,regression,california_housing,coerror_f05_d3_b1000_k64,complete,0.803304227057301,0.6452976812081278,0.6109001005286183,0.5251070282712773,0.4746368659831621,0.4049708562912965,0.8296378293990095,0.8296378293990095,1.0,1.437813053964892,0.5892857142857143,2.0,0.6367279454367373,64.0,equal,True,7010499,52.20668891607784,139.52061400000005,64,960.0,512.0,256,0.0559496660716831,4575.54116001355,median 5 warm calls on training rows; end-to-end preprocessing,6000.0,,,,
1000.0,748.0,0.748,11,0,regression,california_housing,top_quality_f05_d6_b1000_k64,complete,0.8308678250173204,0.6903413426490126,0.6217061184004724,0.4919581128758955,0.5077679044500626,0.4713407101131524,1.0,1.0,1.0,1.0000000000000058,1.0,1.0,0.6961272673800876,64.0,equal,True,7489731,52.09877699916251,139.64911700000007,64,7616.0,3840.0,256,0.057956124888733,4417.134521872903,median 5 warm calls on training rows; end-to-end preprocessing,6000.0,,,,
1000.0,748.0,0.748,11,0,regression,california_housing,coerror_f05_d6_b1000_k64,complete,0.787137911926968,0.6195860923927472,0.5956051382978406,0.5440289199438818,0.4557251787260001,0.4040148711036617,0.7920369195178892,0.7920369195178892,1.0,1.533320687112658,0.5218253968253969,3.0,0.612695365224874,64.0,equal,True,7489731,52.25383016606793,139.73538600000003,64,7616.0,3840.0,256,0.0551153749693185,4644.801929452707,median 5 warm calls on training rows; end-to-end preprocessing,6000.0,,,,
1000.0,965.0,0.965,11,0,regression,california_housing,top_quality_f20_d3_b1000_k64,complete,0.7883957753440027,0.6215678985802712,0.6005660590531396,0.5425704522363555,0.457182859894281,0.4997069317414182,0.948252555204869,0.948252555204869,1.0,1.1070516920854032,0.6511243386243385,4.0,0.625081820065207,64.0,equal,True,7013710,52.13741395738907,139.66381499999997,64,960.0,512.0,256,0.0565310828387737,4528.482157861902,median 5 warm calls on training rows; end-to-end preprocessing,6000.0,,,,
1000.0,965.0,0.965,11,0,regression,california_housing,coerror_f20_d3_b1000_k64,complete,0.7613888380477281,0.5797129627036695,0.5830305705506477,0.5733726935255874,0.4263972299921194,0.437548994426375,0.8016827730852808,0.8016827730852808,1.0,1.562112121720031,0.408234126984127,7.0,0.5792026750766542,64.0,equal,True,7013704,52.29021599935368,139.82745500000007,64,960.0,512.0,256,0.0551253329031169,4643.962884540241,median 5 warm calls on training rows; end-to-end preprocessing,6000.0,,,,
1000.0,902.0,0.902,11,0,regression,california_housing,top_quality_f20_d6_b1000_k64,complete,0.7000943204512113,0.4901320575280434,0.514977251444196,0.6392978370800411,0.3605076393075676,0.5726287993196782,0.873263272111855,0.873263272111855,1.0,1.2789711815619005,0.6643518518518519,3.0,0.4925442998264825,64.0,equal,True,7507192,52.26012262515724,140.22893900000005,64,7814.0,3939.0,256,0.0619347090832889,4133.385040296788,median 5 warm calls on training rows; end-to-end preprocessing,6000.0,,,,
1000.0,902.0,0.902,11,0,regression,california_housing,coerror_f20_d6_b1000_k64,complete,0.6326091652340847,0.4001943559381655,0.4679647307236435,0.7054855572939197,0.2943556135689528,0.5461609818569586,0.661489440482129,0.661489440482129,1.0,1.9318102854753805,0.4462632275132275,5.0,0.3969928087085295,64.0,equal,True,7497128,52.3466661660932,140.17742200000006,64,7674.0,3869.0,256,0.0600047919433563,4266.325933463116,median 5 warm calls on training rows; end-to-end preprocessing,6000.0,,,,
1000.0,1000.0,1.0,11,0,regression,california_housing,top_quality_f50_d3_b1000_k64,complete,0.7904047763034552,0.6247397104033151,0.5973759094566657,0.5402362254348744,0.4595158278670767,0.5165485785515121,0.9967500491608674,0.9967500491608674,1.0,1.0063964247469783,0.6562830687830687,7.0,0.6345602003800849,64.0,equal,True,7019171,52.31841024919413,140.3872440000001,64,960.0,512.0,256,0.0648488749284297,3947.6398053556622,median 5 warm calls on training rows; end-to-end preprocessing,6000.0,,,,
1000.0,1000.0,1.0,11,0,regression,california_housing,coerror_f50_d3_b1000_k64,complete,0.7591042342021903,0.5762392383836937,0.5797993308732349,0.5759291063460876,0.4238421958233371,0.4372087268434376,0.7978852113498303,0.7978852113498303,1.0,1.591996477255993,0.3966978458049886,8.0,0.5755587827964052,64.0,equal,True,7019171,52.50725179188885,140.54782500000002,64,960.0,512.0,256,0.0645152500364929,3968.0540624921086,median 5 warm calls on training rows; end-to-end preprocessing,6000.0,,,,
1000.0,1000.0,1.0,11,0,regression,california_housing,top_quality_f50_d6_b1000_k64,complete,0.6392934689788249,0.4086961394789797,0.4606368862654499,0.6992288522595351,0.3006089444154614,0.6279676180436449,0.8364374693714983,0.8364374693714983,1.0,1.3963887530700354,0.6083994708994709,7.0,0.4107878780741288,64.0,equal,True,7522467,52.5429827910848,141.25588600000006,64,7950.0,4007.0,256,0.074827958131209,3421.1811519847993,median 5 warm calls on training rows; end-to-end preprocessing,6000.0,,,,
1000.0,1000.0,1.0,11,0,regression,california_housing,coerror_f50_d6_b1000_k64,complete,0.5983165817457321,0.3579827319918973,0.4362634243934646,0.7365502955087051,0.2633076283035996,0.5831035363668806,0.6520465886992989,0.6520465886992989,1.0,2.158959185618745,0.4656934996220709,8.0,0.355667196952593,64.0,equal,True,7513827,52.64725983282551,141.3048080000001,64,7830.0,3947.0,256,0.0735041250009089,3482.797734097702,median 5 warm calls on training rows; end-to-end preprocessing,6000.0,,,,
,,,11,0,regression,california_housing,random_forest,complete,0.5095056946404203,0.2595960528710171,0.3355557615752028,0.8089558593079735,0.1909411122098216,,,,,,,,,,,,299696627,13.438349541975183,13.445808,256,4161298.0,2080777.0,256,0.0167222919408231,15308.906273490027,median 5 warm calls on training rows; end-to-end preprocessing,,13.438349541975183,13.445808,1632157696.0,
,,,11,0,regression,california_housing,extra_trees,complete,0.5046768325105493,0.2546987052728809,0.3336488496395496,0.8125599571099573,0.1873389580671666,,,,,,,,,,,,478524467,5.375151709187776,5.379091000000017,256,6645018.0,3322637.0,256,0.0181995830498635,14066.25631469722,median 5 warm calls on training rows; end-to-end preprocessing,,5.375151709187776,5.379091000000017,2075672576.0,
,,,11,0,regression,california_housing,xgboost,complete,0.4654680871373817,0.2166605401433331,0.3094771755542242,0.8405533279270649,0.1593606838371442,,,,,,,,,,,,1376884,0.4296316669788211,0.4127579999999966,300,34294.0,17297.0,256,0.0014384158421307,177973.5682143054,median 5 warm calls on training rows; end-to-end preprocessing,,0.4296316669788211,0.4127579999999966,2096529408.0,
,,,11,0,regression,california_housing,lightgbm,complete,0.4606409333193071,0.2121900694492823,0.3072418037542896,0.8438432748379996,0.1560725111666314,,,,,,,,,,,,862275,0.2814417078625411,0.2704340000000229,300,18300.0,9300.0,256,0.0048192080575972,53120.76111684507,median 5 warm calls on training rows; end-to-end preprocessing,,0.2814417078625411,0.2704340000000229,2127904768.0,
,,,11,0,regression,california_housing,catboost,complete,0.4836994217754203,0.2339651306258759,0.329751204094899,0.8278183861503986,0.1720887577678904,,,,,,,,,,,,344640,0.8056111671030521,0.7035589999999843,300,38100.0,19200.0,256,0.000984749989584,259964.46073395977,median 5 warm calls on training rows; end-to-end preprocessing,,0.8056111671030521,0.7035589999999843,2162671616.0,
,,,11,0,regression,california_housing,linear,complete,0.7204281361019682,0.519016699287356,0.5292430585222426,0.618040805229689,0.3817532074212157,,,,,,,,,,,,3106,0.012156750075519,0.0110689999999635,1,,,256,0.0007419160101562,345052.5349170957,median 5 warm calls on training rows; end-to-end preprocessing,,0.012156750075519,0.0110689999999635,2163261440.0,9.0
,,,11,0,regression,california_housing,rf_leaf5,complete,0.5169613747935767,0.2672490630284649,0.3397692894016103,0.8033237908189993,0.1965701433721028,,,,,,,,,,,,49701107,11.0177993751131,10.96280900000005,256,689138.0,344697.0,256,0.0135636660270392,18873.953361109136,median 5 warm calls on training rows; end-to-end preprocessing,,11.0177993751131,10.96280900000005,2203140096.0,
,,,11,0,regression,california_housing,rf_shallow64,complete,0.6261317148365662,0.392040924324179,0.4499655431597128,0.7114859002080671,0.2883585065887675,,,,,,,,,,,,580259,1.4922863750252873,1.4935219999999845,64,7736.0,3900.0,256,0.002845250070095,89974.51671847136,median 5 warm calls on training rows; end-to-end preprocessing,,1.4922863750252873,1.4935219999999845,2207629312.0,
,,,11,0,regression,california_housing,random_patches64,complete,0.8404597165338907,0.7063725351162279,0.6484865426008479,0.4801603010243827,0.5195593538418632,,,,,,,,,,,,4023296,0.4979106248356402,0.4984079999999835,64,6834.0,3449.0,256,0.0439176668878644,5829.089251340423,median 5 warm calls on training rows; end-to-end preprocessing,,0.4979106248356402,0.4984079999999835,2208448512.0,
1000.0,904.0,0.904,11,1,regression,california_housing,random_b1000_k16,complete,0.8646835389237898,0.7476776224857692,0.6710440899727107,0.43762017272325,0.5623785503984208,0.2731017178704341,0.7317468608716536,0.7317468608716536,1.0,1.5218913597269872,0.1513690476190476,8.0,0.7274377002408816,16.0,equal,True,1794792,57.71443770872429,150.817706,16,870.0,443.0,256,0.0121890839654952,21002.39859899915,median 5 warm calls on training rows; end-to-end preprocessing,6000.0,,,,
1000.0,904.0,0.904,11,1,regression,california_housing,top_quality_b1000_k16,complete,0.6633779249200988,0.4400702712712962,0.4708210405320165,0.6689928443700419,0.3310064040811945,0.6278748577844655,0.8337914466410723,0.8337914466410723,1.0,1.3810685935166576,0.5685714285714283,7.0,0.418514058667861,16.0,equal,True,1868163,57.69864608254284,151.000974,16,1874.0,945.0,256,0.0143296248279511,17865.087402752477,median 5 warm calls on training rows; end-to-end preprocessing,6000.0,,,,
1000.0,904.0,0.904,11,1,regression,california_housing,coerror_b1000_k16,complete,0.6091730378944569,0.3710917900975613,0.4440706575792879,0.7208763101334377,0.2791230561187401,0.5823871498823189,0.6077149110490279,0.6077149110490279,1.0,2.264423162387143,0.3749206349206349,8.0,0.3482049228194429,16.0,equal,True,1870035,57.752800457179546,151.05494200000004,16,1902.0,959.0,256,0.0163327921181917,15673.98875510472,median 5 warm calls on training rows; end-to-end preprocessing,6000.0,,,,
1000.0,904.0,0.904,11,1,regression,california_housing,random_b1000_k64,complete,0.8169095276890996,0.6673411764292279,0.6280734145198986,0.498046746019772,0.5019521142998887,0.3264745209683868,0.7201078740923188,0.7201078740923188,1.0,1.7251860393954808,0.1903202947845805,8.0,0.6461866159300362,64.0,equal,True,7244632,58.01252024900168,152.0099350000001,64,4152.0,2108.0,256,0.0725337080657482,3529.393530631974,median 5 warm calls on training rows; end-to-end preprocessing,6000.0,,,,
1000.0,904.0,0.904,11,1,regression,california_housing,top_quality_b1000_k64,complete,0.6774387280483815,0.4589232302598089,0.4846763312922458,0.6548122356414221,0.34518698061287,0.6092103925931434,0.8352782688922098,0.8352782688922098,1.0,1.410609237346675,0.447392290249433,8.0,0.4359043475285663,64.0,equal,True,7492563,58.255756539525464,153.06654799999995,64,7548.0,3806.0,256,0.0745054590515792,3435.989835627672,median 5 warm calls on training rows; end-to-end preprocessing,6000.0,,,,
1000.0,904.0,0.904,11,1,regression,california_housing,coerror_b1000_k64,complete,0.6147747193109069,0.3779479555038043,0.4475874409497943,0.7157193159945404,0.2842800385487287,0.5751247374219901,0.628894392959791,0.628894392959791,1.0,2.290565574010024,0.3951932161753589,8.0,0.3552289733581785,64.0,equal,True,7495347,58.43880387325771,153.32403200000005,64,7584.0,3824.0,256,0.0739034581929445,3463.978631847569,median 5 warm calls on training rows; end-to-end preprocessing,6000.0,,,,
1000.0,904.0,0.904,11,1,regression,california_housing,random_b1000_k128,complete,0.8511279696088913,0.7244188206505537,0.6580953918073644,0.4551147192569087,0.5448840435859722,0.2844865402956738,0.7381093913061487,0.7381093913061487,1.0,1.6209756830029045,0.1732277605924259,8.0,0.7064852372203552,128.0,equal,True,14448195,58.60439066472463,154.02866799999998,128,7384.0,3756.0,256,0.1441899170167744,1775.4362114669786,median 5 warm calls on training rows; end-to-end preprocessing,6000.0,,,,
1000.0,904.0,0.904,11,1,regression,california_housing,top_quality_b1000_k128,complete,0.6836088791470687,0.4673210996487116,0.4938357444198084,0.6484956197706379,0.3515035821418348,0.5813955441893374,0.7922125540412869,0.7922125540412869,1.0,1.5505838044680926,0.3766076115485564,8.0,0.4422309521856248,128.0,equal,True,14986435,59.00049754069187,155.85696899999988,128,14774.0,7451.0,256,0.1462534160818904,1750.3864652068028,median 5 warm calls on training rows; end-to-end preprocessing,6000.0,,,,
1000.0,904.0,0.904,11,1,regression,california_housing,coerror_b1000_k128,complete,0.632080350516277,0.3995255695087796,0.4618081674445114,0.6994893065998252,0.3005100110933539,0.5628557825014535,0.6538137313964394,0.6538137313964394,1.0,2.2333479231018347,0.3527184101987251,8.0,0.3759952844052423,128.0,equal,True,15013779,59.03704829188064,155.34832999999986,128,15140.0,7634.0,256,0.1449351250194013,1766.307511486476,median 5 warm calls on training rows; end-to-end preprocessing,6000.0,,,,
3000.0,2695.0,0.8983333333333333,11,1,regression,california_housing,random_b3000_k16,complete,0.8331160529702657,0.6940823577167546,0.6405369569312381,0.477932862092556,0.5220659525587126,0.3091765696209106,0.7076136055961072,0.7076136055961072,0.9772446081376088,1.6452171824185389,0.2048809523809524,8.0,0.6722561083823339,16.0,equal,True,1822467,58.02755412342958,151.1619520000002,16,1252.0,634.0,256,0.0144758750684559,17684.595838896403,median 5 warm calls on training rows; end-to-end preprocessing,6000.0,,,,
3000.0,2695.0,0.8983333333333333,11,1,regression,california_housing,top_quality_b3000_k16,complete,0.6810593416966627,0.4638418269122916,0.4858651921150436,0.6511126203892351,0.3488865874651139,0.6396194857388218,0.9163929682334157,0.9163929682334157,1.0,1.1705825899555862,0.7633333333333333,5.0,0.4425160956755415,16.0,equal,True,1866691,57.81332087377086,151.127947,16,1854.0,935.0,256,0.0161947919987142,15807.550971962171,median 5 warm calls on training rows; end-to-end preprocessing,6000.0,,,,
3000.0,2695.0,0.8983333333333333,11,1,regression,california_housing,coerror_b3000_k16,complete,0.6096622666087054,0.3716880793264642,0.4434847859081274,0.7204277999420501,0.2795715652917895,0.5943816213477637,0.6274502714098793,0.6274502714098793,1.0,2.1874064542954597,0.3762698412698412,8.0,0.3468859727818839,16.0,equal,True,1869027,57.94123870762997,151.24274499999996,16,1888.0,952.0,256,0.0163255420047789,15680.949516105562,median 5 warm calls on training rows; end-to-end preprocessing,6000.0,,,,
3000.0,2695.0,0.8983333333333333,11,1,regression,california_housing,random_b3000_k64,complete,0.8389036529614508,0.7037593389520662,0.648297219918477,0.47065413811847,0.5293446600065215,0.3036999330595909,0.7363156433130762,0.7363156433130762,1.0,1.6351605526738138,0.1750307067271352,8.0,0.6830128122104314,64.0,equal,True,7278931,58.09550966601819,152.0028650000001,64,4634.0,2349.0,256,0.0631879169959575,4051.407486915225,median 5 warm calls on training rows; end-to-end preprocessing,6000.0,,,,
3000.0,2695.0,0.8983333333333333,11,1,regression,california_housing,top_quality_b3000_k64,complete,0.6626255847775022,0.4390726656017268,0.4718229564574441,0.6697432122923525,0.3302560378625875,0.6282475594605823,0.8377020256185614,0.8377020256185614,1.0,1.3951516631007796,0.5477040816326529,8.0,0.4161456638234345,64.0,equal,True,7490355,58.32963658077642,153.06157200000013,64,7504.0,3784.0,256,0.066950166132301,3823.73957809328,median 5 warm calls on training rows; end-to-end preprocessing,6000.0,,,,
3000.0,2695.0,0.8983333333333333,11,1,regression,california_housing,coerror_b3000_k64,complete,0.6096241398572311,0.3716415918966688,0.4444010905187405,0.720462766339268,0.2795365989739624,0.5889081087522688,0.6355562314011324,0.6355562314011324,1.0,2.2395534711432328,0.4166288737717309,8.0,0.3464702032392086,64.0,equal,True,7493571,58.757002332480624,153.304597,64,7558.0,3811.0,256,0.07804562500678,3280.132614451619,median 5 warm calls on training rows; end-to-end preprocessing,6000.0,,,,
3000.0,2695.0,0.8983333333333333,11,1,regression,california_housing,random_b3000_k128,complete,0.8510714859102594,0.7243226741294968,0.6581070144148067,0.455187037676344,0.5448117253307353,0.2880263271626442,0.7416487721590458,0.7416487721590458,1.0,1.6107418601642056,0.1787096925384327,8.0,0.7040097296966333,128.0,equal,True,14510787,58.702905498910695,153.96762600000005,128,8250.0,4189.0,256,0.1634791248943656,1565.9491703629928,median 5 warm calls on training rows; end-to-end preprocessing,6000.0,,,,
3000.0,2695.0,0.8983333333333333,11,1,regression,california_housing,top_quality_b3000_k128,complete,0.6700004592319978,0.448900615371088,0.4783856839264622,0.662350934487645,0.3376482988831948,0.620957742063787,0.8447189360056008,0.8447189360056008,1.0,1.3820579100643882,0.4831974128233969,8.0,0.4271380089380043,128.0,equal,True,15004707,59.48520387499593,156.3472309999999,128,14996.0,7562.0,256,0.179580750176683,1425.5425470053488,median 5 warm calls on training rows; end-to-end preprocessing,6000.0,,,,
3000.0,2695.0,0.8983333333333333,11,1,regression,california_housing,coerror_b3000_k128,complete,0.6106232590070566,0.3728607644403989,0.4450162165670441,0.7195457427131176,0.280453620518019,0.5819652196174787,0.6323875050431599,0.6323875050431599,1.0,2.2968761492143717,0.4027934008248968,8.0,0.3493907239036289,128.0,equal,True,15016403,60.15143170650117,156.4652089999999,128,15174.0,7651.0,256,0.1475777919404208,1734.678345799825,median 5 warm calls on training rows; end-to-end preprocessing,6000.0,,,,
6000.0,5373.0,0.8955,11,1,regression,california_housing,random_b6000_k16,complete,0.8209138430641982,0.6738995377344311,0.631628943139105,0.4931137508529828,0.5068850982663569,0.3348192481404292,0.725731132238466,0.725731132238466,1.0,1.6596978660915755,0.1961309523809523,8.0,0.6508497126727019,16.0,equal,True,1791832,58.55522399954498,151.63084399999997,16,826.0,421.0,256,0.014153917087242,18086.865877627057,median 5 warm calls on training rows; end-to-end preprocessing,6000.0,,,,
6000.0,5373.0,0.8955,11,1,regression,california_housing,top_quality_b6000_k16,complete,0.7005521435432076,0.4907733058229829,0.4968560819874816,0.6308556005151512,0.3691435613458168,0.64146658733309,1.0,1.0,1.0,1.0,1.0,4.0,0.4777138456542583,16.0,equal,True,1863379,58.04377116449177,151.33563700000008,16,1808.0,912.0,256,0.0146109999623149,17521.045832611133,median 5 warm calls on training rows; end-to-end preprocessing,6000.0,,,,
6000.0,5373.0,0.8955,11,1,regression,california_housing,coerror_b6000_k16,complete,0.6096622666087054,0.3716880793264642,0.4434847859081274,0.7204277999420501,0.2795715652917895,0.5943816213477637,0.6274502714098793,0.6274502714098793,1.0,2.187406454295461,0.3762698412698412,8.0,0.3468859727818839,16.0,equal,True,1869027,58.25043499865569,151.53046,16,1888.0,952.0,256,0.0161249998491257,15875.969140792253,median 5 warm calls on training rows; end-to-end preprocessing,6000.0,,,,
6000.0,5373.0,0.8955,11,1,regression,california_housing,random_b6000_k64,complete,0.8680276763222697,0.753472046861439,0.6724587905800253,0.4332617871282346,0.5667369260977609,0.2616793086016875,0.741656551072795,0.741656551072795,1.0,1.5623077773294969,0.1705888605442176,8.0,0.7381678785346898,64.0,equal,True,7258643,58.26200074912049,152.16096799999983,64,4352.0,2208.0,256,0.0639509169850498,4003.070042918173,median 5 warm calls on training rows; end-to-end preprocessing,6000.0,,,,
6000.0,5373.0,0.8955,11,1,regression,california_housing,top_quality_b6000_k64,complete,0.6603337068461419,0.4360406043971665,0.4700732502065267,0.6720238343214617,0.32797542101161,0.6356022045978127,0.8427381555358044,0.8427381555358044,1.0,1.380065427366611,0.5761243386243386,7.0,0.4101313760284803,64.0,equal,True,7486899,58.446894123684615,153.155592,64,7456.0,3760.0,256,0.0731534580700099,3499.4928025822196,median 5 warm calls on training rows; end-to-end preprocessing,6000.0,,,,
6000.0,5373.0,0.8955,11,1,regression,california_housing,coerror_b6000_k64,complete,0.6084247675580771,0.3701806977781001,0.4431483100134828,0.7215616054075537,0.2784377624005809,0.5899254603129656,0.6368122232883401,0.6368122232883401,1.0,2.23298577165387,0.4167422524565381,8.0,0.3462061731533438,64.0,equal,True,7493859,59.42632224806584,153.90449899999993,64,7562.0,3813.0,256,0.0750782079994678,3409.777708090935,median 5 warm calls on training rows; end-to-end preprocessing,6000.0,,,,
6000.0,5373.0,0.8955,11,1,regression,california_housing,random_b6000_k128,complete,0.8470445786192788,0.7174845181683116,0.6542826732765333,0.460330485671427,0.5396682890138047,0.2902228304534449,0.7360763163607361,0.7360763163607361,1.0,1.643632263481024,0.1760056360142482,8.0,0.6983383891144006,128.0,equal,True,14516627,58.78297733142972,153.6305099999999,128,8336.0,4232.0,256,0.1484265411272645,1724.758914785324,median 5 warm calls on training rows; end-to-end preprocessing,6000.0,,,,
6000.0,5373.0,0.8955,11,1,regression,california_housing,top_quality_b6000_k128,complete,0.6640706120451582,0.4409897777820309,0.4729430266109879,0.6683012202032418,0.3316980266776682,0.6283711239275259,0.8430785327891032,0.8430785327891032,1.0,1.382307111026917,0.5457349081364827,8.0,0.4180297054703186,128.0,equal,True,15004307,59.442657040664926,156.55890899999991,128,14992.0,7560.0,256,0.1510220831260085,1695.1163346515418,median 5 warm calls on training rows; end-to-end preprocessing,6000.0,,,,
6000.0,5373.0,0.8955,11,1,regression,california_housing,coerror_b6000_k128,complete,0.6094630545012824,0.371445214802033,0.4440318345605916,0.7206104750752808,0.2793888905733209,0.588760611634362,0.6379746688731367,0.6379746688731367,1.0,2.2449037124378237,0.4161370453693288,8.0,0.3464338360923428,128.0,equal,True,15013107,61.80094728968106,158.4817809999999,128,15126.0,7627.0,256,0.1563045000657439,1637.8287246517068,median 5 warm calls on training rows; end-to-end preprocessing,6000.0,,,,
300.0,276.0,0.92,11,1,regression,california_housing,top_quality_b300_k64,complete,0.720975636898263,0.519805869000856,0.5286551892378498,0.6090182104765263,0.3909809018028445,0.5512948290232802,0.8187534604034628,0.8187534604034628,1.0,1.4345822439157958,0.3836474867724867,8.0,0.4915525248952728,64.0,equal,True,7285283,58.30471949907951,153.11027999999993,64,4672.0,2368.0,256,0.1097856250125914,2331.8171205987937,median 5 warm calls on training rows; end-to-end preprocessing,6000.0,,,,
300.0,276.0,0.92,11,1,regression,california_housing,coerror_b300_k64,complete,0.6845383856671522,0.4685928014517908,0.5091171809136334,0.6475390852712029,0.3524601144694669,0.5063048790339562,0.6868468211865265,0.6868468211865265,1.0,2.0779487583496725,0.3142526455026455,8.0,0.4438952028837223,64.0,equal,True,7414915,58.34962774883024,153.09725599999996,64,6476.0,3270.0,256,0.1325904580298811,1930.7573395840204,median 5 warm calls on training rows; end-to-end preprocessing,6000.0,,,,
6000.0,5373.0,0.8955,11,1,regression,california_housing,random_cert_b6000_k64,complete,0.8225063549979507,0.6765167040120149,0.6346279167129966,0.4911451998694068,0.5088536447803556,0.314947296369343,0.711398860959946,0.711398860959946,1.0,1.695351488234164,0.2102879346182917,8.0,0.6543975182390159,64.0,equal,True,7233779,59.09520841483027,153.0104639999998,64,3996.0,2030.0,256,0.1886470830067992,1357.031319645548,median 5 warm calls on training rows; end-to-end preprocessing,6000.0,,,,
6000.0,5373.0,0.8955,11,1,regression,california_housing,top_quality_cert_b6000_k64,complete,0.6603337068461419,0.4360406043971665,0.4700732502065267,0.6720238343214617,0.32797542101161,0.6356022045978127,0.8427381555358044,0.8427381555358044,1.0,1.380065427366611,0.5761243386243386,7.0,0.4101313760284803,64.0,equal,True,7486899,59.2261938736774,154.02083199999998,64,7456.0,3760.0,256,0.1429817080497741,1790.4388155083614,median 5 warm calls on training rows; end-to-end preprocessing,6000.0,,,,
6000.0,5373.0,0.8955,11,1,regression,california_housing,coerror_cert_b6000_k64,complete,0.6084247675580771,0.3701806977781001,0.4431483100134828,0.7215616054075537,0.2784377624005809,0.5899254603129656,0.6368122232883402,0.6368122232883402,1.0,2.2329857716538704,0.4167422524565381,8.0,0.3462061731533438,64.0,equal,True,7493859,60.4031317057088,154.7002589999999,64,7562.0,3813.0,256,0.109593957895413,2335.895198203392,median 5 warm calls on training rows; end-to-end preprocessing,6000.0,,,,
6000.0,5373.0,0.8955,11,1,regression,california_housing,abs_correlation_b6000_k64,complete,0.6411551651503522,0.4110799457989754,0.4759138132470215,0.6907984645217013,0.309200833438999,0.5148078724874685,0.5998767224636505,0.5998767224636505,1.0,2.4332836542837373,0.3497460789871504,8.0,0.3891422568066727,64.0,equal,True,7489288,62.66489995666779,155.8235130000001,64,7498.0,3781.0,256,0.1946937078610062,1314.8858420363586,median 5 warm calls on training rows; end-to-end preprocessing,6000.0,,,,
6000.0,5373.0,0.8955,11,1,regression,california_housing,signed_correlation_b6000_k64,complete,0.6411551651503522,0.4110799457989754,0.4759138132470215,0.6907984645217013,0.309200833438999,0.5148078724874685,0.5998767224636505,0.5998767224636505,1.0,2.4332836542837373,0.3497460789871504,8.0,0.3891422568066727,64.0,equal,True,7489288,68.16897495673038,156.25778899999997,64,7498.0,3781.0,256,0.2072438339237123,1235.2599117339,median 5 warm calls on training rows; end-to-end preprocessing,6000.0,,,,
6000.0,5373.0,0.8955,11,1,regression,california_housing,quality_diversity_l002_b6000_k64,complete,0.6603337068461419,0.4360406043971665,0.4700732502065268,0.6720238343214617,0.32797542101161,0.6356022045978127,0.8427381555358046,0.8427381555358046,1.0,1.3800654273666133,0.5761243386243385,7.0,0.4101313760284803,64.0,equal,True,7486883,62.21030133171007,156.23796799999997,64,7456.0,3760.0,256,0.1133639169856906,2258.214137328315,median 5 warm calls on training rows; end-to-end preprocessing,6000.0,,,,
6000.0,5373.0,0.8955,11,1,regression,california_housing,quality_diversity_l01_b6000_k64,complete,0.6537735447961852,0.4274198478753696,0.4648942866838259,0.6785080989535965,0.3214911711019397,0.634045114829692,0.8230405600525706,0.8230405600525706,1.0,1.441301726437893,0.5535714285714285,8.0,0.4020300704176539,64.0,equal,True,7486163,60.709157331613824,155.30783100000002,64,7446.0,3755.0,256,0.1097054581623524,2333.5210871745976,median 5 warm calls on training rows; end-to-end preprocessing,6000.0,,,,
6000.0,5373.0,0.8955,11,1,regression,california_housing,quality_diversity_l05_b6000_k64,complete,0.6086096917286833,0.3704057568660829,0.4425468025036769,0.7213923229692134,0.2786070444545669,0.5951235734959477,0.6457645687280033,0.6457645687280033,1.0,2.177633081525254,0.4217592592592593,8.0,0.3467721537167359,64.0,equal,True,7493139,59.99844103981741,154.66994899999992,64,7552.0,3808.0,256,0.0743467081338167,3443.3266304033978,median 5 warm calls on training rows; end-to-end preprocessing,6000.0,,,,
6000.0,5373.0,0.8955,11,1,regression,california_housing,caruana_b6000_k64,complete,0.6084247675580772,0.3701806977781002,0.4431483100134829,0.7215616054075535,0.278437762400581,0.5840836056191374,0.616622186580007,0.616622186580007,1.0,2.2621956747161556,0.3937621832358674,8.0,0.3462061731533438,64.0,frequency_weighted,True,2218963,58.467106331605464,151.92526199999992,19,2241.0,1130.0,256,0.0222862088121473,11486.92458900699,median 5 warm calls on training rows; end-to-end preprocessing,6000.0,,,,
6000.0,5373.0,0.8955,11,1,regression,california_housing,coerror_swap_b6000_k64,complete,0.6084247675580771,0.3701806977781001,0.4431483100134828,0.7215616054075537,0.2784377624005809,0.5899254603129656,0.6368122232883401,0.6368122232883401,1.0,2.23298577165387,0.4167422524565381,8.0,0.3462061731533438,64.0,equal,True,7493859,59.78001603949815,154.540324,64,7562.0,3813.0,256,0.1096834999043494,2333.9882500398626,median 5 warm calls on training rows; end-to-end preprocessing,6000.0,,,,
6000.0,5373.0,0.8955,11,1,regression,california_housing,coerror_b6000_k256,complete,0.6103435431994219,0.3725192407252245,0.445199387789686,0.7198026262176849,0.2801967375967034,0.5814902443557404,0.6323614987717572,0.6323614987717572,1.0,2.2993446962207154,0.4011687383286647,8.0,0.3489720306907812,256.0,equal,True,30029283,65.50824045785703,164.468499,256,30322.0,15289.0,256,0.2948209578171372,868.3236154425089,median 5 warm calls on training rows; end-to-end preprocessing,6000.0,,,,
1000.0,762.0,0.762,11,1,regression,california_housing,top_quality_f05_d3_b1000_k64,complete,0.8458896801639657,0.7155293510078963,0.627904347442304,0.4618011015316635,0.5381976764925882,0.4843708281547521,1.0,1.0,1.0,1.0000000000000042,1.0,1.0,0.68702995567824,64.0,equal,True,7010499,57.78547924780287,151.16475199999996,64,960.0,512.0,256,0.0553968749009072,4621.1993087683595,median 5 warm calls on training rows; end-to-end preprocessing,6000.0,,,,
1000.0,762.0,0.762,11,1,regression,california_housing,coerror_f05_d3_b1000_k64,complete,0.8099971960631213,0.6560954576301186,0.6126714825253456,0.5065054255437353,0.493493453981281,0.417621432339857,0.833138757994502,0.833138757994502,1.0,1.4334814901146378,0.6036706349206349,2.0,0.631877926065969,64.0,equal,True,7010499,57.9370826643426,151.27293000000003,64,960.0,512.0,256,0.0546344590838998,4685.687463417026,median 5 warm calls on training rows; end-to-end preprocessing,6000.0,,,,
1000.0,741.0,0.741,11,1,regression,california_housing,top_quality_f05_d6_b1000_k64,complete,0.8431884147917877,0.7109667028390879,0.6234432266419782,0.4652329834175599,0.5347658023987486,0.4835026069333578,0.9999999999999986,0.9999999999999986,1.0,1.0000000000000058,1.0,1.0,0.6881867831422854,64.0,equal,True,7462083,57.82349558151327,151.41208100000011,64,7232.0,3648.0,256,0.0648607090115547,3946.9195434541807,median 5 warm calls on training rows; end-to-end preprocessing,6000.0,,,,
1000.0,741.0,0.741,11,1,regression,california_housing,coerror_f05_d6_b1000_k64,complete,0.7930841405036335,0.6289824539183871,0.6002331291002951,0.5268989827210436,0.4730999431073606,0.4136521222960267,0.7888263889560067,0.7888263889560067,1.0,1.544706620661364,0.5218253968253969,3.0,0.606633220508331,64.0,equal,True,7469283,57.98080829181709,151.52044700000005,64,7332.0,3698.0,256,0.0572800000663846,4469.273737837094,median 5 warm calls on training rows; end-to-end preprocessing,6000.0,,,,
1000.0,966.0,0.966,11,1,regression,california_housing,top_quality_f20_d3_b1000_k64,complete,0.804972832015638,0.6479812602832765,0.6024768511130162,0.5126086721371472,0.4873902212452356,0.5143598192295118,0.943584120539677,0.943584120539677,1.0,1.118856326285306,0.6775793650793651,3.0,0.6106240585884978,64.0,equal,True,7013704,57.879257248481736,151.50341399999996,64,960.0,512.0,256,0.0621302498038858,4120.37615828142,median 5 warm calls on training rows; end-to-end preprocessing,6000.0,,,,
1000.0,966.0,0.966,11,1,regression,california_housing,coerror_f20_d3_b1000_k64,complete,0.778433880092514,0.6059593056758865,0.5888715469470529,0.5442162779597827,0.4557826871873843,0.4530993732500326,0.806265758551989,0.806265758551989,1.0,1.5559680659394752,0.4403108465608465,8.0,0.5713991590490176,64.0,equal,True,7013720,58.00377670768648,151.56755500000003,64,960.0,512.0,256,0.0589458749163895,4342.967177315076,median 5 warm calls on training rows; end-to-end preprocessing,6000.0,,,,
1000.0,904.0,0.904,11,1,regression,california_housing,top_quality_f20_d6_b1000_k64,complete,0.7168565106445391,0.5138832568534643,0.5185028998706612,0.6134730149220622,0.3865261074719019,0.5876758298805596,0.8668791452435706,0.8668791452435706,1.0,1.2966081230271902,0.6531084656084656,4.0,0.477328346299619,64.0,equal,True,7501150,58.046592582482845,152.07636800000006,64,7730.0,3897.0,256,0.064613333903253,3962.030505705127,median 5 warm calls on training rows; end-to-end preprocessing,6000.0,,,,
1000.0,904.0,0.904,11,1,regression,california_housing,coerror_f20_d6_b1000_k64,complete,0.6464275623168174,0.4178685933228628,0.4741138187689833,0.6856922552316149,0.3143070311354833,0.5543891003292336,0.6585143133169861,0.6585143133169861,1.0,1.952212362020313,0.435515873015873,5.0,0.3917019455620846,64.0,equal,True,7501448,58.13622054061853,152.08653099999998,64,7734.0,3899.0,256,0.0753102090675383,3399.273527051539,median 5 warm calls on training rows; end-to-end preprocessing,6000.0,,,,
1000.0,1000.0,1.0,11,1,regression,california_housing,top_quality_f50_d3_b1000_k64,complete,0.8154725309135059,0.6649954486744789,0.6127077694070077,0.4998111293982235,0.5001877349274538,0.52946863193773,0.996454831607718,0.996454831607718,1.0,1.006981992033558,0.6404761904761904,7.0,0.6247525758913911,64.0,equal,True,7019155,58.10257683158852,152.42379799999998,64,960.0,512.0,256,0.0750960840377956,3408.966037046031,median 5 warm calls on training rows; end-to-end preprocessing,6000.0,,,,
1000.0,1000.0,1.0,11,1,regression,california_housing,coerror_f50_d3_b1000_k64,complete,0.7771090202927617,0.603898429420376,0.5879872081823481,0.5457664049098973,0.454232563756819,0.4491940662045831,0.7981282387742333,0.7981282387742333,1.0,1.5966138995088908,0.396036470143613,8.0,0.5685198893015961,64.0,equal,True,7019187,58.22682758164592,152.403214,64,960.0,512.0,256,0.0653286669403314,3918.647233898405,median 5 warm calls on training rows; end-to-end preprocessing,6000.0,,,,
1000.0,1000.0,1.0,11,1,regression,california_housing,top_quality_f50_d6_b1000_k64,complete,0.6603337068461419,0.4360406043971665,0.4700732502065267,0.6720238343214617,0.32797542101161,0.6356022045978127,0.8427381555358044,0.8427381555358044,1.0,1.380065427366611,0.5761243386243386,7.0,0.4101313760284803,64.0,equal,True,7486899,58.24384270678274,152.98768,64,7456.0,3760.0,256,0.0744723749812692,3437.5162610885886,median 5 warm calls on training rows; end-to-end preprocessing,6000.0,,,,
1000.0,1000.0,1.0,11,1,regression,california_housing,coerror_f50_d6_b1000_k64,complete,0.6086559654311756,0.3704620842549564,0.4434661027287524,0.7213499552611626,0.2786494120664222,0.5897579358998206,0.6375915965308813,0.6375915965308813,1.0,2.2302263817613013,0.4242441421012849,8.0,0.3466031447111927,64.0,equal,True,7493827,58.38472620770335,153.07334899999995,64,7552.0,3808.0,256,0.0650512080173939,3935.361199311603,median 5 warm calls on training rows; end-to-end preprocessing,6000.0,,,,
,,,11,1,regression,california_housing,random_forest,complete,0.5261823925657422,0.2768679102462087,0.3437370545984423,0.7917485787188967,0.2082509484481281,,,,,,,,,,,,299487683,13.412288875086231,13.423362999999997,256,4158396.0,2079326.0,256,0.0172964159864932,14800.754109979223,median 5 warm calls on training rows; end-to-end preprocessing,,13.412288875086231,13.423362999999997,1427800064.0,
,,,11,1,regression,california_housing,extra_trees,complete,0.5231468827418477,0.2736826609225125,0.3430509582294326,0.7941444240814183,0.2058551085253519,,,,,,,,,,,,478251155,5.57867949991487,5.551977999999963,256,6641222.0,3320739.0,256,0.0204799580387771,12500.025611150428,median 5 warm calls on training rows; end-to-end preprocessing,,5.57867949991487,5.551977999999963,1861861376.0,
,,,11,1,regression,california_housing,xgboost,complete,0.4799820617317032,0.2303827795842165,0.3161379685544073,0.8267132466003752,0.173286359953613,,,,,,,,,,,,1376672,0.3968103749211877,0.3974470000000565,300,34288.0,17294.0,256,0.0014814999885857,172797.8413583291,median 5 warm calls on training rows; end-to-end preprocessing,,0.3968103749211877,0.3974470000000565,1875673088.0,
,,,11,1,regression,california_housing,lightgbm,complete,0.4747672922091743,0.2254039817516315,0.3136611591045997,0.8304581433057575,0.1695414717509849,,,,,,,,,,,,863446,0.2492279999423772,0.2493620000000191,300,18300.0,9300.0,256,0.0049590000417083,51623.310717256885,median 5 warm calls on training rows; end-to-end preprocessing,,0.2492279999423772,0.2493620000000191,1901920256.0,
,,,11,1,regression,california_housing,catboost,complete,0.5102544445756259,0.2603595982091805,0.3457172674022308,0.8041656170156278,0.1958339383441706,,,,,,,,,,,,344792,0.7729865831788629,0.7735519999999951,300,38100.0,19200.0,256,0.0012169168330729,210367.7038911204,median 5 warm calls on training rows; end-to-end preprocessing,,0.7729865831788629,0.7735519999999951,1919926272.0,
,,,11,1,regression,california_housing,linear,complete,0.7442267464050821,0.5538734500646944,0.5395375242190853,0.5833936367588839,0.4166054173401231,,,,,,,,,,,,3106,0.0126236251089721,0.0125510000000303,1,,,256,0.0009183341171592,278765.6422826849,median 5 warm calls on training rows; end-to-end preprocessing,,0.0126236251089721,0.0125510000000303,1920286720.0,9.0
,,,11,1,regression,california_housing,rf_leaf5,complete,0.5344819096259577,0.2856709117174104,0.3484886654122505,0.7851272351103611,0.2148722770229629,,,,,,,,,,,,49664963,11.431590541033074,11.43857700000001,256,688636.0,344446.0,256,0.0143417080398648,17850.035664399955,median 5 warm calls on training rows; end-to-end preprocessing,,11.431590541033074,11.43857700000001,1923710976.0,
,,,11,1,regression,california_housing,rf_shallow64,complete,0.6521483682300246,0.4252974941850838,0.4646058915224809,0.6801044673159329,0.3198948063641433,,,,,,,,,,,,570323,1.561568709090352,1.5632999999999129,64,7598.0,3831.0,256,0.003001166973263,85300.15233429796,median 5 warm calls on training rows; end-to-end preprocessing,,1.561568709090352,1.5632999999999129,1927774208.0,
,,,11,1,regression,california_housing,random_patches64,complete,0.8339312515327859,0.6954413322830386,0.6411989347883056,0.476910683738041,0.523088128592381,,,,,,,,,,,,4026848,0.5255754999816418,0.5263899999999921,64,6882.0,3473.0,256,0.0479569169692695,5338.124637245617,median 5 warm calls on training rows; end-to-end preprocessing,,0.5255754999816418,0.5263899999999921,1928708096.0,
1000.0,921.0,0.921,11,2,regression,california_housing,random_b1000_k16,complete,0.8351876830834297,0.6975384659742674,0.6474773181873613,0.4650341577218758,0.5347024779658678,0.2805810792350937,0.7379820635855658,0.7379820635855658,1.0,1.568576789905134,0.166765873015873,8.0,0.7331321272958384,16.0,equal,True,1787483,62.39268341567367,165.017071,16,766.0,391.0,256,0.012784874998033,20023.660774108903,median 5 warm calls on training rows; end-to-end preprocessing,6000.0,,,,
1000.0,921.0,0.921,11,2,regression,california_housing,top_quality_b1000_k16,complete,0.5976884044993664,0.3572314288729982,0.4274378617938723,0.7260271346206859,0.2738379882160167,0.6284246238291039,0.8138876455477605,0.8138876455477605,1.0,1.4332388438040076,0.5133333333333333,8.0,0.4122547058502731,16.0,equal,True,1874107,62.430740248877555,165.2428910000001,16,1954.0,985.0,256,0.0141857089474797,18046.331060914777,median 5 warm calls on training rows; end-to-end preprocessing,6000.0,,,,
1000.0,921.0,0.921,11,2,regression,california_housing,coerror_b1000_k16,complete,0.5744452441235012,0.3299873384961089,0.4187736948462742,0.7469215490028622,0.2529538601785728,0.580573634660019,0.6341270618677989,0.6341270618677989,1.0,2.189946023222948,0.4165873015873015,8.0,0.364956956763416,16.0,equal,True,1874235,62.47499429201707,165.2759830000001,16,1958.0,987.0,256,0.0168029589112848,15235.411890942098,median 5 warm calls on training rows; end-to-end preprocessing,6000.0,,,,
1000.0,921.0,0.921,11,2,regression,california_housing,random_b1000_k64,complete,0.7978786347956061,0.6366103158633002,0.6176190279861933,0.5117620168042221,0.4879976230634109,0.3163408024988149,0.73011928869462,0.73011928869462,1.0,1.677389026651274,0.1766498960695389,8.0,0.669674897547312,64.0,equal,True,7255456,62.711725999834016,166.17611999999997,64,4300.0,2182.0,256,0.0616553330328315,4152.114462891306,median 5 warm calls on training rows; end-to-end preprocessing,6000.0,,,,
1000.0,921.0,0.921,11,2,regression,california_housing,top_quality_b1000_k64,complete,0.6318221319340698,0.3991992064017131,0.4567013747602766,0.6938406265650596,0.306008650815937,0.5967934344934274,0.810889468251922,0.810889468251922,1.0,1.4905899578472503,0.4306027966742252,8.0,0.4408468551958634,64.0,equal,True,7507739,62.94887354178354,167.19980900000007,64,7748.0,3906.0,256,0.0796013339422643,3216.0265076170645,median 5 warm calls on training rows; end-to-end preprocessing,6000.0,,,,
1000.0,921.0,0.921,11,2,regression,california_housing,coerror_b1000_k64,complete,0.5800197038432178,0.3364228568463741,0.4242008219573551,0.7419859323126237,0.2578870470589198,0.572512074121673,0.6404506136719698,0.6404506136719698,1.0,2.2261127549986544,0.3972198601662887,8.0,0.3672080436453479,64.0,equal,True,7508603,63.13501224992797,167.3464540000001,64,7760.0,3912.0,256,0.0730627500452101,3503.8374526224525,median 5 warm calls on training rows; end-to-end preprocessing,6000.0,,,,
1000.0,921.0,0.921,11,2,regression,california_housing,random_b1000_k128,complete,0.8288580608989897,0.6870056851172334,0.6422240614139936,0.473112103609554,0.5266285088604346,0.2807615990589324,0.743201185791242,0.743201185791242,1.0,1.6234970722896958,0.1772508905136858,8.0,0.7211068680800766,128.0,equal,True,14489648,63.09859187481925,167.51277900000002,128,7940.0,4034.0,256,0.113286041887477,2259.766479036098,median 5 warm calls on training rows; end-to-end preprocessing,6000.0,,,,
1000.0,921.0,0.921,11,2,regression,california_housing,top_quality_b1000_k128,complete,0.658187174202301,0.4332103562844102,0.4832238612838053,0.6677563253668003,0.3320801106820908,0.562720610651245,0.7950195403829968,0.7950195403829968,1.0,1.5323421663262766,0.3959669103862016,8.0,0.4675898726252329,128.0,equal,True,14782347,63.44420766690746,169.05990600000007,128,11904.0,6016.0,256,0.1245851661078631,2054.819269401308,median 5 warm calls on training rows; end-to-end preprocessing,6000.0,,,,
1000.0,921.0,0.921,11,2,regression,california_housing,coerror_b1000_k128,complete,0.6003768788885185,0.3604523967039189,0.4425166609319448,0.723556865448917,0.276307041271372,0.545909102671918,0.6508147474403859,0.6508147474403859,1.0,2.2570486564940055,0.3503995594300713,8.0,0.3938606817966157,128.0,equal,True,15037691,63.80951458285563,169.659896,128,15446.0,7787.0,256,0.1708843340165913,1498.0893448965587,median 5 warm calls on training rows; end-to-end preprocessing,6000.0,,,,
3000.0,2728.0,0.9093333333333332,11,2,regression,california_housing,random_b3000_k16,complete,0.7530967676501963,0.5671547414451737,0.5810433193450688,0.565029846009321,0.4347560176731714,0.3829278635145374,0.7165457681247467,0.7165457681247467,1.0,1.7475805745819115,0.2088690476190476,8.0,0.598244450802028,16.0,equal,True,1817792,63.086498791817576,165.65561999999989,16,1186.0,601.0,256,0.0386129999533295,6629.891495336284,median 5 warm calls on training rows; end-to-end preprocessing,6000.0,,,,
3000.0,2728.0,0.9093333333333332,11,2,regression,california_housing,top_quality_b3000_k16,complete,0.6121864546517529,0.3747722552590827,0.4370289787384604,0.7125744815848714,0.2872840184949468,0.6349041969331027,0.8789888930877635,0.8789888930877635,1.0,1.2518078319822945,0.7899999999999998,5.0,0.4350634091686309,16.0,equal,True,1872843,62.735494416207075,165.63607100000002,16,1936.0,976.0,256,0.021238749846816,12053.440143435626,median 5 warm calls on training rows; end-to-end preprocessing,6000.0,,,,
3000.0,2728.0,0.9093333333333332,11,2,regression,california_housing,coerror_b3000_k16,complete,0.5744452441235012,0.3299873384961089,0.4187736948462742,0.7469215490028622,0.2529538601785728,0.5805767072808128,0.6341148274598366,0.6341148274598366,1.0,2.189994265102749,0.4165873015873015,8.0,0.3649470057643248,16.0,equal,True,1874251,62.76464437507093,165.6500550000001,16,1958.0,987.0,256,0.0192365411203354,13308.005758341638,median 5 warm calls on training rows; end-to-end preprocessing,6000.0,,,,
3000.0,2728.0,0.9093333333333332,11,2,regression,california_housing,random_b3000_k64,complete,0.8154502749364,0.6649591508938504,0.6296251471604069,0.4900203363815666,0.5097286000312675,0.2906092977302541,0.7276072189937363,0.7276072189937363,1.0,1.660348446266203,0.1828644652305366,8.0,0.6998735349152365,64.0,equal,True,7279227,62.8974312490318,166.44644400000004,64,4628.0,2346.0,256,0.0734471250325441,3485.5006222036245,median 5 warm calls on training rows; end-to-end preprocessing,6000.0,,,,
3000.0,2728.0,0.9093333333333332,11,2,regression,california_housing,top_quality_b3000_k64,complete,0.6044952361300789,0.3654144905039599,0.434518859591678,0.7197512678816281,0.2801107653385102,0.6224607187530307,0.8161264825084297,0.8161264825084297,1.0,1.4639073678204555,0.5320483749055176,8.0,0.4156355574991419,64.0,equal,True,7512795,63.14056087494828,167.46197000000006,64,7814.0,3939.0,256,0.0745339170098304,3434.6779328159487,median 5 warm calls on training rows; end-to-end preprocessing,6000.0,,,,
3000.0,2728.0,0.9093333333333332,11,2,regression,california_housing,coerror_b3000_k64,complete,0.5754775717116316,0.3311744355431161,0.4202468178266907,0.7460111241265349,0.2538638368516645,0.5824506264464381,0.6522645332760191,0.6522645332760191,1.0,2.160076512931638,0.4293792517006802,8.0,0.3642303464718733,64.0,equal,True,7512011,63.43507833289914,167.36830900000007,64,7812.0,3938.0,256,0.06421879096888,3986.372152724826,median 5 warm calls on training rows; end-to-end preprocessing,6000.0,,,,
3000.0,2728.0,0.9093333333333332,11,2,regression,california_housing,random_b3000_k128,complete,0.8148292742802108,0.6639467462240151,0.63108721033376,0.4907967837652507,0.508952534893542,0.2958841011991447,0.736647705862212,0.736647705862212,1.0,1.648101014622549,0.1794209317585301,8.0,0.6977533555030186,128.0,equal,True,14503803,63.19198637502268,167.623421,128,8130.0,4129.0,256,0.1195444168988615,2141.4634546804837,median 5 warm calls on training rows; end-to-end preprocessing,6000.0,,,,
3000.0,2728.0,0.9093333333333332,11,2,regression,california_housing,top_quality_b3000_k128,complete,0.6239218863526644,0.3892785202698671,0.4499460442782685,0.7014491363052173,0.2984038867540575,0.6123646359758033,0.8298043759728029,0.8298043759728029,1.0,1.4229710876503037,0.4770294338207723,8.0,0.4333224374172576,128.0,equal,True,15039579,63.8282055829186,170.23490900000013,128,15458.0,7793.0,256,0.1487456250470131,1721.0590222004014,median 5 warm calls on training rows; end-to-end preprocessing,6000.0,,,,
3000.0,2728.0,0.9093333333333332,11,2,regression,california_housing,coerror_b3000_k128,complete,0.5773280628865447,0.33330769219633,0.4222019158588662,0.7443750574464156,0.2554990980942362,0.5774647541749945,0.6479979340800206,0.6479979340800206,1.0,2.1934502522773,0.4171318428946381,8.0,0.3651736215161849,128.0,equal,True,15047131,64.37951475055888,169.91285700000003,128,15582.0,7855.0,256,0.1506349160335958,1699.4731815225684,median 5 warm calls on training rows; end-to-end preprocessing,6000.0,,,,
6000.0,5433.0,0.9055,11,2,regression,california_housing,random_b6000_k16,complete,0.8074318310726586,0.6519461618293463,0.6262112056788179,0.5000004378312053,0.4997534117972901,0.3075947534508541,0.7272534426120323,0.7272534426120323,1.0,1.6161794145707873,0.1570238095238095,8.0,0.6876522501571752,16.0,equal,True,1815339,63.54159070807509,165.9245000000002,16,1152.0,584.0,256,0.0149308328982442,17145.728020980223,median 5 warm calls on training rows; end-to-end preprocessing,6000.0,,,,
6000.0,5433.0,0.9055,11,2,regression,california_housing,top_quality_b6000_k16,complete,0.6519497964569324,0.4250385371002356,0.46886118939136,0.6740235698931656,0.3258159515275642,0.6372457303835473,0.9711878316875622,0.9711878316875622,1.0,1.0509880832701284,0.95,5.0,0.474388568504807,16.0,equal,True,1872850,62.86116362619214,165.6951180000001,16,1936.0,976.0,256,0.014570333994925,17569.947270197586,median 5 warm calls on training rows; end-to-end preprocessing,6000.0,,,,
6000.0,5433.0,0.9055,11,2,regression,california_housing,coerror_b6000_k16,complete,0.5744452441235012,0.3299873384961089,0.4187736948462742,0.7469215490028622,0.2529538601785728,0.580588634569865,0.6340995670888229,0.6340995670888229,1.0,2.190059455722816,0.4165873015873015,8.0,0.3649271979451632,16.0,equal,True,1874251,63.00720899971202,165.81865000000005,16,1958.0,987.0,256,0.0152415828779339,16796.155756934164,median 5 warm calls on training rows; end-to-end preprocessing,6000.0,,,,
6000.0,5433.0,0.9055,11,2,regression,california_housing,random_b6000_k64,complete,0.8662475561190945,0.7503848284823039,0.6736249541835148,0.4245044949011165,0.5752121879860348,0.2432413468542212,0.7683750797821931,0.7683750797821931,1.0,1.5052485004303355,0.1708498677248677,8.0,0.7877304848922914,64.0,equal,True,7175515,62.96607754100114,166.30448400000012,64,3192.0,1628.0,256,0.0638928341213613,4006.709101583134,median 5 warm calls on training rows; end-to-end preprocessing,6000.0,,,,
6000.0,5433.0,0.9055,11,2,regression,california_housing,top_quality_b6000_k64,complete,0.5985085629806469,0.3582124999611589,0.4279537652840522,0.7252747180205783,0.2745900344005487,0.629175660177631,0.8267186483727694,0.8267186483727694,1.0,1.4221034577638816,0.5697751322751322,8.0,0.4133272415784974,64.0,equal,True,7512171,63.23841145890765,167.496352,64,7804.0,3934.0,256,0.0739501670468598,3461.7906926130536,median 5 warm calls on training rows; end-to-end preprocessing,6000.0,,,,
6000.0,5433.0,0.9055,11,2,regression,california_housing,coerror_b6000_k64,complete,0.5750961407330821,0.330735571086085,0.4198276514924778,0.7463477041222684,0.2535274225546581,0.5831843346647464,0.653186884886126,0.653186884886126,1.0,2.156474801039633,0.4282927059712773,8.0,0.3640238852234978,64.0,equal,True,7512411,64.12381033296697,168.1149610000001,64,7818.0,3941.0,256,0.0786014168988913,3256.9387436018455,median 5 warm calls on training rows; end-to-end preprocessing,6000.0,,,,
6000.0,5433.0,0.9055,11,2,regression,california_housing,random_b6000_k128,complete,0.816218091472169,0.66621197284647,0.6315217020865493,0.4890595048521231,0.5106889585422208,0.2943375589047702,0.7360910984572028,0.7360910984572028,1.0,1.6547743125757115,0.184778074615673,8.0,0.7002356282370263,128.0,equal,True,14473819,63.75594720803201,168.44932299999994,128,7710.0,3919.0,256,0.1570401249919086,1630.1566240678308,median 5 warm calls on training rows; end-to-end preprocessing,6000.0,,,,
6000.0,5433.0,0.9055,11,2,regression,california_housing,top_quality_b6000_k128,complete,0.6048639640123709,0.3658604149607586,0.4344280903521957,0.7194092733332837,0.280452591522537,0.6201829662905946,0.8150496265758339,0.8150496265758339,1.0,1.4733151544998109,0.5285761154855643,8.0,0.416836533820975,128.0,equal,True,15049035,64.30855395784602,170.77261600000008,128,15590.0,7859.0,256,0.1480644999537617,1728.9762237399575,median 5 warm calls on training rows; end-to-end preprocessing,6000.0,,,,
6000.0,5433.0,0.9055,11,2,regression,california_housing,coerror_b6000_k128,complete,0.575517435118826,0.3312203181257521,0.4202624479056422,0.7459759352220328,0.2538990084326277,0.5822250708804425,0.6545957378570356,0.6545957378570356,1.0,2.1588697525697356,0.4337785901762279,8.0,0.3642658606311493,128.0,equal,True,15048523,66.04902924993075,171.80079000000012,128,15606.0,7867.0,256,0.1632236668374389,1568.4000057109413,median 5 warm calls on training rows; end-to-end preprocessing,6000.0,,,,
300.0,275.0,0.9166666666666666,11,2,regression,california_housing,top_quality_b300_k64,complete,0.6958486991539674,0.4842054121142686,0.5157853571603505,0.6286464922539601,0.3711706899781708,0.5317093192451199,0.8175399100051575,0.8175399100051575,1.0,1.4219526896198775,0.3721395502645502,8.0,0.516561490997376,64.0,equal,True,7231232,62.9579403756652,167.12568499999998,64,3916.0,1990.0,256,0.0944726248271763,2709.7796898129386,median 5 warm calls on training rows; end-to-end preprocessing,6000.0,,,,
300.0,275.0,0.9166666666666666,11,2,regression,california_housing,coerror_b300_k64,complete,0.645379271303536,0.4165144038282832,0.4837107535005117,0.680561016009706,0.3192817238034227,0.5010697265624261,0.6750090028294105,0.6750090028294105,1.0,2.1073669141890266,0.3318523242630385,8.0,0.447885694591064,64.0,equal,True,7396075,63.13729162467643,167.563356,64,6204.0,3134.0,256,0.0885979169979691,2889.4584508783437,median 5 warm calls on training rows; end-to-end preprocessing,6000.0,,,,
6000.0,5433.0,0.9055,11,2,regression,california_housing,random_cert_b6000_k64,complete,0.8235659395305065,0.6782608567547659,0.6379713279927435,0.4798188082555421,0.519925105933018,0.2934741390227259,0.7491026045708626,0.7491026045708626,1.0,1.6523406574584003,0.1827121126228268,8.0,0.712022166102514,64.0,equal,True,7262192,63.43321516690776,166.86719900000014,64,4398.0,2231.0,256,0.0880447910167276,2907.610967596736,median 5 warm calls on training rows; end-to-end preprocessing,6000.0,,,,
6000.0,5433.0,0.9055,11,2,regression,california_housing,top_quality_cert_b6000_k64,complete,0.5985085629806469,0.3582124999611589,0.4279537652840522,0.7252747180205783,0.2745900344005487,0.629175660177631,0.8267186483727694,0.8267186483727694,1.0,1.4221034577638816,0.5697751322751322,8.0,0.4133272415784974,64.0,equal,True,7512171,63.54970266693272,168.01933199999996,64,7804.0,3934.0,256,0.2069756661076098,1236.8603750109523,median 5 warm calls on training rows; end-to-end preprocessing,6000.0,,,,
6000.0,5433.0,0.9055,11,2,regression,california_housing,coerror_cert_b6000_k64,complete,0.5750961407330821,0.330735571086085,0.4198276514924777,0.7463477041222684,0.2535274225546581,0.5831843346647464,0.6531868848861261,0.6531868848861261,1.0,2.156474801039634,0.4282927059712773,8.0,0.3640238852234978,64.0,equal,True,7512411,65.00185016565956,169.13056699999993,64,7818.0,3941.0,256,0.1156641249544918,2213.3051203277023,median 5 warm calls on training rows; end-to-end preprocessing,6000.0,,,,
6000.0,5433.0,0.9055,11,2,regression,california_housing,abs_correlation_b6000_k64,complete,0.6167463334053047,0.3803760397688873,0.4581904133108692,0.7082767497084714,0.2915796345928981,0.5052315705357157,0.6083839895951633,0.6083839895951633,1.0,2.3993846338299414,0.3631991685563113,8.0,0.4062599959091401,64.0,equal,True,7505675,66.65251750079915,170.4600949999999,64,7710.0,3887.0,256,0.1121305420529097,2283.0532637504266,median 5 warm calls on training rows; end-to-end preprocessing,6000.0,,,,
6000.0,5433.0,0.9055,11,2,regression,california_housing,signed_correlation_b6000_k64,complete,0.6167463334053047,0.3803760397688873,0.4581904133108692,0.7082767497084714,0.2915796345928981,0.5052315705357157,0.6083839895951633,0.6083839895951633,1.0,2.3993846338299414,0.3631991685563113,8.0,0.4062599959091401,64.0,equal,True,7505675,65.42830091598444,169.50697200000013,64,7710.0,3887.0,256,0.1823267079889774,1404.0729568565264,median 5 warm calls on training rows; end-to-end preprocessing,6000.0,,,,
6000.0,5433.0,0.9055,11,2,regression,california_housing,quality_diversity_l002_b6000_k64,complete,0.5981898695935178,0.3578311200843099,0.4277095610161208,0.7255672111474791,0.2742976852683575,0.6291651126767687,0.8261100542385946,0.8261100542385946,1.0,1.424519497071429,0.5671957671957671,8.0,0.4130323903690444,64.0,equal,True,7512331,65.19764033262618,169.72811100000013,64,7806.0,3935.0,256,0.1107844170182943,2310.794305644318,median 5 warm calls on training rows; end-to-end preprocessing,6000.0,,,,
6000.0,5433.0,0.9055,11,2,regression,california_housing,quality_diversity_l01_b6000_k64,complete,0.5971106128580282,0.3565410839876901,0.4270023130950452,0.726556583462644,0.2733088000223452,0.6291123027139713,0.8244698228791718,0.8244698228791718,1.0,1.4310453671183527,0.5602513227513226,8.0,0.4122632810081644,64.0,equal,True,7513067,66.01080045779236,169.7247510000002,64,7816.0,3940.0,256,0.4652921250090003,550.1919895915885,median 5 warm calls on training rows; end-to-end preprocessing,6000.0,,,,
6000.0,5433.0,0.9055,11,2,regression,california_housing,quality_diversity_l05_b6000_k64,complete,0.5752154529945157,0.3308728173636859,0.4196368417888425,0.7462424453099192,0.2536326295479703,0.5897298350989479,0.6647893321930937,0.6647893321930937,1.0,2.071470929656411,0.4419005102040816,8.0,0.3650116083978916,64.0,equal,True,7512523,67.43382695806213,170.51087699999994,64,7826.0,3945.0,256,0.1118357919622212,2289.0703906892186,median 5 warm calls on training rows; end-to-end preprocessing,6000.0,,,,
6000.0,5433.0,0.9055,11,2,regression,california_housing,caruana_b6000_k64,complete,0.5750920561813482,0.3307308730828909,0.4198508928182329,0.7463513071798178,0.2535238212708982,0.5767280549234525,0.6326596367179115,0.6326596367179115,1.0,2.1978345422387036,0.3867167919799499,8.0,0.3639913142464042,64.0,frequency_weighted,True,2341483,63.76808141707443,166.85199400000033,20,2436.0,1228.0,256,0.0606509591452777,4220.873067922984,median 5 warm calls on training rows; end-to-end preprocessing,6000.0,,,,
6000.0,5433.0,0.9055,11,2,regression,california_housing,coerror_swap_b6000_k64,complete,0.5750848066539184,0.3307225348441747,0.419866709472548,0.746357702057112,0.2535174295418095,0.5832462730719168,0.6532530520829238,0.6532530520829238,1.0,2.155415720243147,0.429494992441421,8.0,0.3640228304601366,64.0,equal,True,7512315,64.8955318746157,168.7526969999999,64,7818.0,3941.0,256,0.3160364171490073,810.0332306934714,median 5 warm calls on training rows; end-to-end preprocessing,6000.0,,,,
6000.0,5433.0,0.9055,11,2,regression,california_housing,coerror_b6000_k256,complete,0.5779785807932389,0.3340592398557667,0.4228697635343701,0.7437986701269277,0.2560752016575701,0.5762818483126432,0.6479522322125586,0.6479522322125586,1.0,2.1993438729183667,0.4116406979458449,8.0,0.3656327828548515,256.0,equal,True,30088523,82.6832100409083,182.40886599999976,256,31110.0,15683.0,256,0.3008675421588123,850.8727733245182,median 5 warm calls on training rows; end-to-end preprocessing,6000.0,,,,
1000.0,745.0,0.745,11,2,regression,california_housing,top_quality_f05_d3_b1000_k64,complete,0.8214531811713313,0.6747853288564999,0.6161051289375542,0.4824843081528991,0.51726091826439,0.4724273773106047,0.9999999999999988,0.9999999999999988,1.0,1.0000000000000118,1.0,1.0,0.7092315858830508,64.0,equal,True,7010507,62.59351091668941,165.59015999999997,64,960.0,512.0,256,0.0625638749916106,4091.8181623872833,median 5 warm calls on training rows; end-to-end preprocessing,6000.0,,,,
1000.0,745.0,0.745,11,2,regression,california_housing,coerror_f05_d3_b1000_k64,complete,0.7880661383101665,0.6210482383510985,0.6006919534199611,0.5236971004017761,0.476068415121525,0.4041788719913254,0.8287158855463111,0.8287158855463111,1.0,1.4398999286946792,0.5892857142857143,2.0,0.6502704555167707,64.0,equal,True,7010507,62.67504175007343,165.558352,64,960.0,512.0,256,0.0557891251519322,4588.707912210979,median 5 warm calls on training rows; end-to-end preprocessing,6000.0,,,,
1000.0,791.0,0.791,11,2,regression,california_housing,top_quality_f05_d6_b1000_k64,complete,0.8197917472599999,0.6720585088756036,0.6118822727714494,0.4845755986250074,0.5151706573370365,0.4693865162985037,1.0,1.0,1.0,1.000000000000006,1.0,1.0,0.7133195058874393,64.0,equal,True,7508171,62.58627800014801,165.699652,64,7872.0,3968.0,256,0.0619883751496672,4129.806586830243,median 5 warm calls on training rows; end-to-end preprocessing,6000.0,,,,
1000.0,791.0,0.791,11,2,regression,california_housing,coerror_f05_d6_b1000_k64,complete,0.7705777299115674,0.5937900378356645,0.5871602367190608,0.5446023363264471,0.4551734708690446,0.4012947546835036,0.7947368305793295,0.7947368305793295,1.0,1.525854466667164,0.5218253968253969,3.0,0.6305095957885236,64.0,equal,True,7496651,62.75480466801673,165.87519599999996,64,7712.0,3888.0,256,0.0620071671437472,4128.555000852268,median 5 warm calls on training rows; end-to-end preprocessing,6000.0,,,,
1000.0,963.0,0.963,11,2,regression,california_housing,top_quality_f20_d3_b1000_k64,complete,0.7843107029925535,0.6151432788286734,0.5906436642982513,0.528225813581945,0.471541931432172,0.4980338910488257,0.944595382228925,0.944595382228925,1.0,1.1129039885784286,0.6696428571428571,3.0,0.6379858447048732,64.0,equal,True,7013744,62.61183700012043,165.71900299999993,64,960.0,512.0,256,0.0644410839304328,3972.6209490263095,median 5 warm calls on training rows; end-to-end preprocessing,6000.0,,,,
1000.0,963.0,0.963,11,2,regression,california_housing,coerror_f20_d3_b1000_k64,complete,0.7528478530090008,0.5667798897802622,0.5742882300932562,0.5653173324296845,0.4344686727827102,0.4354817793167099,0.7993913615347407,0.7993913615347407,1.0,1.5734416811614915,0.374834656084656,8.0,0.5921194542513616,64.0,equal,True,7014032,62.73534866608679,165.81007000000022,64,960.0,512.0,256,0.0622110830154269,4115.022397801973,median 5 warm calls on training rows; end-to-end preprocessing,6000.0,,,,
1000.0,934.0,0.934,11,2,regression,california_housing,top_quality_f20_d6_b1000_k64,complete,0.6831247990724177,0.4666594911077311,0.500031354228515,0.6421030525265143,0.3577207543860381,0.5748806591215219,0.8756688153573854,0.8756688153573854,1.0,1.2732419201267202,0.6666666666666666,3.0,0.501508536042923,64.0,equal,True,7511408,62.72375470818952,166.25566500000014,64,7872.0,3968.0,256,0.0733980839140713,3487.829468405532,median 5 warm calls on training rows; end-to-end preprocessing,6000.0,,,,
1000.0,934.0,0.934,11,2,regression,california_housing,coerror_f20_d6_b1000_k64,complete,0.6130208789616972,0.3757945980429719,0.4521385871536563,0.7117904123253843,0.2880677017562169,0.5498829959670697,0.6662977765458501,0.6662977765458501,1.0,1.9124773033451716,0.4422949735449735,5.0,0.4048391271054443,64.0,equal,True,7508768,62.847688999958336,166.26710999999978,64,7830.0,3947.0,256,0.0753785839769989,3396.1900913144777,median 5 warm calls on training rows; end-to-end preprocessing,6000.0,,,,
1000.0,1000.0,1.0,11,2,regression,california_housing,top_quality_f50_d3_b1000_k64,complete,0.7897662335210062,0.6237307036099565,0.5976314254309643,0.521639827066201,0.4781246756590215,0.5224409490329274,1.0,1.0,1.0,1.0000000000000049,0.6211640211640211,6.0,0.6419968521937245,64.0,equal,True,7019563,62.80420887493528,166.55376300000012,64,960.0,512.0,256,0.0799835000652819,3200.6601335407245,median 5 warm calls on training rows; end-to-end preprocessing,6000.0,,,,
1000.0,1000.0,1.0,11,2,regression,california_housing,coerror_f50_d3_b1000_k64,complete,0.7495731980425784,0.5618599792237785,0.5709267821817253,0.5690905782407326,0.430697284545005,0.4414930192440697,0.804843521360448,0.804843521360448,1.0,1.5698755463937253,0.3942365835222977,8.0,0.5872009884227719,64.0,equal,True,7019627,63.09275749907829,167.075294,64,960.0,512.0,256,0.078577458159998,3257.9318037844546,median 5 warm calls on training rows; end-to-end preprocessing,6000.0,,,,
1000.0,1000.0,1.0,11,2,regression,california_housing,top_quality_f50_d6_b1000_k64,complete,0.5985085629806469,0.3582124999611589,0.4279537652840522,0.7252747180205783,0.2745900344005487,0.629175660177631,0.8267186483727694,0.8267186483727694,1.0,1.4221034577638816,0.5697751322751322,8.0,0.4133272415784974,64.0,equal,True,7512171,63.18987112492323,167.99164799999994,64,7804.0,3934.0,256,0.0757711671758443,3378.593857553936,median 5 warm calls on training rows; end-to-end preprocessing,6000.0,,,,
1000.0,1000.0,1.0,11,2,regression,california_housing,coerror_f50_d6_b1000_k64,complete,0.5752948229774183,0.3309641333446191,0.4199217217433544,0.746172411995577,0.2537026283848297,0.5826643965192251,0.6531233970429225,0.6531233970429225,1.0,2.1578853009134673,0.4272156084656084,8.0,0.364368754168146,64.0,equal,True,7510619,63.22142987488769,167.67011000000002,64,7780.0,3922.0,256,0.0754247920121997,3394.1094588446817,median 5 warm calls on training rows; end-to-end preprocessing,6000.0,,,,
,,,11,2,regression,california_housing,random_forest,complete,0.4894146027357601,0.2395266533710019,0.3216839519576961,0.8162989080613579,0.1836106556753975,,,,,,,,,,,,299822339,16.533263749908656,16.219689000000017,256,4163044.0,2081650.0,256,0.0244904579594731,10453.050752404442,median 5 warm calls on training rows; end-to-end preprocessing,,16.533263749908656,16.219689000000017,1428750336.0,
,,,11,2,regression,california_housing,extra_trees,complete,0.4862789356376936,0.2364672032449281,0.3191206320846931,0.8186453038422944,0.1812654150278589,,,,,,,,,,,,478730531,6.968939250102267,6.9121090000001,256,6647880.0,3324068.0,256,0.0259772920981049,9854.760805444968,median 5 warm calls on training rows; end-to-end preprocessing,,6.968939250102267,6.9121090000001,1856847872.0,
,,,11,2,regression,california_housing,xgboost,complete,0.453010382096644,0.2052184062873474,0.2992528983828458,0.8426110631516985,0.1573114540899009,,,,,,,,,,,,1376257,0.5517142079770565,0.5517040000001998,300,34276.0,17288.0,256,0.0021645410452038,118269.87553192645,median 5 warm calls on training rows; end-to-end preprocessing,,0.5517142079770565,0.5517040000001998,1872363520.0,
,,,11,2,regression,california_housing,lightgbm,complete,0.4440421674153802,0.1971734464429485,0.2943009836730576,0.8487810149596484,0.1511445397564702,,,,,,,,,,,,862872,0.3636839580722153,0.3638730000000123,300,18300.0,9300.0,256,0.0066867081914097,38284.90681392057,median 5 warm calls on training rows; end-to-end preprocessing,,0.3636839580722153,0.3638730000000123,1901903872.0,
,,,11,2,regression,california_housing,catboost,complete,0.4717905741747718,0.2225863458801608,0.3213924443351885,0.8292910028451637,0.1706249569151078,,,,,,,,,,,,344656,0.9011266669258476,0.9055250000001251,300,38100.0,19200.0,256,0.0012009579222649,213163.17187632984,median 5 warm calls on training rows; end-to-end preprocessing,,0.9011266669258476,0.9055250000001251,1925431296.0,
,,,11,2,regression,california_housing,linear,complete,0.714716581831286,0.5108197923445973,0.5266784193361629,0.6082350238817582,0.3915721097605281,,,,,,,,,,,,3106,0.0137600828893482,0.0137889999998606,1,,,256,0.0009052921086549,282781.654178283,median 5 warm calls on training rows; end-to-end preprocessing,,0.0137600828893482,0.0137889999998606,1925873664.0,9.0
,,,11,2,regression,california_housing,rf_leaf5,complete,0.4961158418811134,0.2461309285654059,0.3260396946946619,0.8112338660395157,0.1886732041711053,,,,,,,,,,,,49744883,15.561847958015278,14.865864999999983,256,689746.0,345001.0,256,0.024312499910593,10529.563020726637,median 5 warm calls on training rows; end-to-end preprocessing,,15.561847958015278,14.865864999999983,1951514624.0,
,,,11,2,regression,california_housing,rf_shallow64,complete,0.6200083313640024,0.3844103309607745,0.445588384363432,0.7051827153422825,0.2946721457623359,,,,,,,,,,,,578531,2.338511874899268,2.3163570000001528,64,7712.0,3888.0,256,0.0043689159210771,58595.77172565147,median 5 warm calls on training rows; end-to-end preprocessing,,2.338511874899268,2.3163570000001528,1183711232.0,
,,,11,2,regression,california_housing,random_patches64,complete,0.792405076636988,0.6279058054800708,0.611177245345733,0.5184378002282646,0.4813251261353862,,,,,,,,,,,,4025944,0.6543969169724733,0.6507459999997991,64,6866.0,3465.0,256,0.0711807499174028,3596.4779845261364,median 5 warm calls on training rows; end-to-end preprocessing,,0.6543969169724733,0.6507459999997991,1188741120.0,
