dataset,task,method,B,auprc,auroc,balanced_accuracy,brier,certification_rate,certified_count,cpu_seconds,ece_10,feature_coverage,inference_batch_rows,inference_batch_seconds,inference_rows_per_second,leaves,log_loss,mae,max_abs_residual_correlation,mean_abs_residual_correlation,mean_feature_jaccard,mean_residual_correlation,mean_selected_quality,model_bytes,mse,nodes,normalized_squared_loss,observed_peak_rss_bytes,oof_squared_loss,r2,requested_K,residual_effective_rank,retained_count,rmse,train_cpu_seconds,train_wall_seconds,wall_seconds,completed_splits,expected_splits
additive_binary,binary,abs_correlation,100.0,0.7087855991610205,0.7009478432969066,0.6347842994227374,0.22663012392965767,0.42333333333333334,42.333333333333336,,0.0690800718641106,21.833333333333332,256.0,0.021880478869813133,11837.927478692984,62.5,0.6451993219521351,,0.8751829597402371,0.8156776978109007,0.06320861678004529,0.8156776978109007,0.5938791620486085,49417.666666666664,,117.0,0.9068775063057575,,0.22094453877918116,,8.0,1.4139804187984344,8.0,,3.0268759999999992,3.4796833330765367,,6,6
additive_binary,binary,caruana,100.0,0.6747467454294606,0.6808910801255587,0.6236662176251806,0.22983418647059495,0.42333333333333334,42.333333333333336,,0.06631293586912727,19.333333333333332,256.0,0.019920166465453717,13437.73537040688,51.833333333333336,0.6518294554210725,,0.8825442348998068,0.827484856655495,0.059637188208616736,0.827484856655495,0.6086635543582691,41482.333333333336,,97.0,0.9196997343374949,,0.21536607048325782,,8.0,1.364771000895253,6.666666666666667,,2.994677666666668,3.436089749680832,,6,6
additive_binary,binary,catboost,,0.7894456409238888,0.7936347972706992,0.7120780563943393,0.19184820388024015,,,0.495317,0.09736703505160314,,256.0,0.003781111367667667,68698.08077746945,1600.0,0.5675992638357475,,,,,,,45503.333333333336,,3100.0,0.7676880080954144,217634133.33333334,,,,,100.0,,0.495317,0.5729983613515893,0.5729983613515893,6,6
additive_binary,binary,certified_random,100.0,0.6736119156471373,0.6676220565256127,0.6187208163419528,0.2323279554576395,0.42333333333333334,42.333333333333336,,0.06622628600874479,23.166666666666668,256.0,0.02149443048983808,11995.609115390844,61.166666666666664,0.6569272487954841,,0.924546761535697,0.8484889767847036,0.05924036281179135,0.8484889767847036,0.5804487378778208,49201.666666666664,,114.33333333333333,0.9296739306018523,,0.22815806847413522,,8.0,1.3248325384842692,8.0,,2.9947841666666686,3.438532485277392,,6,6
additive_binary,binary,coerror,100.0,0.6912023527200838,0.6933998033269665,0.6544128637590183,0.2286655476169599,0.42333333333333334,42.333333333333336,,0.08941276187347828,21.833333333333332,256.0,0.022884256827334516,11416.06376560854,62.5,0.6494826255635008,,0.8877789848894452,0.8292044250140503,0.06292517006802718,0.8292044250140503,0.6063777696999455,49417.666666666664,,117.0,0.9150238663058375,,0.21633011472011565,,8.0,1.3766757315823195,8.0,,2.9962200000000005,3.4426924378300705,,6,6
additive_binary,binary,coerror_greedy,100.0,0.6930472192816861,0.6963426471311549,0.6477435293585915,0.22822137675694007,0.42333333333333334,42.333333333333336,,0.08169496988938277,21.5,256.0,0.022656965573939133,11348.240055512246,62.5,0.6485451708392819,,0.8900558622853083,0.8294373766081353,0.06649659863945574,0.8294373766081353,0.6063623912760306,49417.666666666664,,117.0,0.9132466497007766,,0.21635453250333847,,8.0,1.3760681281118876,8.0,,2.9962431666666696,3.443321582667219,,6,6
additive_binary,binary,coerror_no_cert,100.0,0.6912023527200838,0.6933998033269665,0.6544128637590183,0.2286655476169599,0.42333333333333334,42.333333333333336,,0.08941276187347828,21.833333333333332,256.0,0.024006187527750883,10767.032738091139,62.5,0.6494826255635008,,0.8877789848894452,0.8292044250140503,0.06292517006802718,0.8292044250140503,0.6063777696999455,49418.0,,117.0,0.9150238663058375,,0.21633011472011565,,8.0,1.3766757315823195,8.0,,2.9947099999999995,3.4380366038919115,,6,6
additive_binary,binary,covariance_only,100.0,0.6912023527200838,0.6933998033269665,0.6544128637590183,0.2286655476169599,0.42333333333333334,42.333333333333336,,0.08941276187347828,21.833333333333332,256.0,0.02233999315649265,11505.52889592717,62.5,0.6494826255635008,,0.8877789848894452,0.8292044250140503,0.06292517006802718,0.8292044250140503,0.6063777696999455,49417.666666666664,,117.0,0.9150238663058375,,0.21633011472011565,,8.0,1.3766757315823195,8.0,,2.9967086666666636,3.443187548274485,,6,6
additive_binary,binary,direct_auroc,100.0,0.6793553896100987,0.6760892857594024,0.6213004538785745,0.2323426760274613,0.42333333333333334,42.333333333333336,,0.06403314558794782,24.666666666666668,256.0,0.023326632101088717,10983.168345903532,61.166666666666664,0.6571410542993008,,0.8962601716238083,0.836289586181314,0.041950113378684734,0.836289586181314,0.595635425099605,49205.0,,114.33333333333333,0.9297354039808976,,0.21897924514238273,,8.0,1.3564769644070145,8.0,,3.1368430000000003,3.603667784559851,,6,6
additive_binary,binary,direct_squared,100.0,0.6930472192816861,0.6963426471311549,0.6477435293585915,0.22822137675694007,0.42333333333333334,42.333333333333336,,0.08169496988938277,21.5,256.0,0.025210736203007348,10274.43450159971,62.5,0.6485451708392819,,0.8900558622853083,0.8294373766081353,0.06649659863945574,0.8294373766081353,0.6063623912760306,49415.5,,117.0,0.9132466497007766,,0.21635453250333847,,8.0,1.376068128111888,8.0,,2.998230500000002,3.442131749393108,,6,6
additive_binary,binary,et_shallow,,0.6413592618676036,0.6394938335893184,0.6004482197581499,0.24039114639584827,,,0.016545499999999085,0.0675036676554831,,256.0,0.004109430204456,63796.904266113976,56.166666666666664,0.6737546106184288,,,,,,,15605.666666666666,,104.33333333333333,0.9619371726855537,198126250.66666666,,,,,8.0,,0.016545499999999085,0.018428069500563,0.018428069500563,6,6
additive_binary,binary,extra_trees,,0.8064545932446198,0.8083753035864737,0.7375703013685208,0.20670800526936847,,,0.3928731666666681,0.15639648437499998,,256.0,0.03483941646603243,7415.743455282672,41040.666666666664,0.6039621255653916,,,,,,,6648405.666666667,,81825.33333333333,0.8271517389833011,201299285.33333334,,,,,256.0,,0.3928731666666681,0.4402982778459166,0.4402982778459166,6,6
additive_binary,binary,lightgbm,,0.7938863205364118,0.7913946096641613,0.7120779302973652,0.18782458932339244,,,0.10512949999999939,0.07221363875154806,,256.0,0.0068489861829827,37546.021928377864,1485.3333333333333,0.5542279535281971,,,,,,,180879.0,,2870.6666666666665,0.7515949559436059,212910080.0,,,,,100.0,,0.10512949999999939,0.12667211812610424,0.12667211812610424,6,6
additive_binary,binary,minimax,100.0,0.7184981781749976,0.7092691748709573,0.6471296415799842,0.2270994715990773,0.42333333333333334,42.333333333333336,,0.08834543523513015,23.5,256.0,0.021753583530274484,11847.979107547615,62.166666666666664,0.6463149290835414,,0.8556836933736088,0.823129511061254,0.0527210884353741,0.823129511061254,0.5880070197787827,49367.0,,116.33333333333333,0.9087548448718686,,0.22274494863565905,,8.0,1.3934509555147905,8.0,,3.0152958333333335,3.4587683957846216,,6,6
additive_binary,binary,prediction_correlation,100.0,0.6635497613791561,0.667783016466415,0.6186322812902593,0.2346468428599383,0.42333333333333334,42.333333333333336,,0.06541231363492717,26.333333333333332,256.0,0.020837749975422967,12369.087555353317,60.833333333333336,0.6620145673168062,,0.8781151769167671,0.8443119051903772,0.03231292517006799,0.8443119051903772,0.5741908779584365,49153.833333333336,,113.66666666666667,0.9389562725224542,,0.22877334649261774,,8.0,1.3364516216679403,8.0,,3.0260363333333333,3.4776699929498136,,6,6
additive_binary,binary,quality_diversity,100.0,0.6915935992600609,0.6883519100233775,0.6412338698492772,0.2284662326095639,0.42333333333333334,42.333333333333336,,0.08715132604834036,21.0,256.0,0.022018638905137732,11689.140908806403,62.166666666666664,0.6489982204762236,,0.9103384736838595,0.8324536777826191,0.0775510204081632,0.8324536777826191,0.6115636828246643,49363.833333333336,,116.33333333333333,0.9142244189082094,,0.21797673612250004,,8.0,1.3674449941201765,8.0,,3.009071166666667,3.4565202288407213,,6,6
additive_binary,binary,random_forest,,0.8014862079113262,0.8093518473297431,0.730293516316811,0.2023161188761393,,,0.6268733333333344,0.13680664062499998,,256.0,0.026977770690185282,9494.980596953814,14572.666666666666,0.5940825158252988,,,,,,,2413525.6666666665,,28889.333333333332,0.8095771134876908,198740650.66666666,,,,,256.0,,0.6268733333333344,0.7173886805539951,0.7173886805539951,6,6
additive_binary,binary,random_patches,,0.6293715006096364,0.6408061966308157,0.5989167682143447,0.23702809353799362,,,0.049574999999999016,0.058580976793556616,,256.0,0.02238179851944243,11548.320059883365,56.833333333333336,0.6668865057283885,,,,,,,35713.333333333336,,105.66666666666667,0.9484755223956508,198178133.33333334,,,,,8.0,,0.049574999999999016,0.057578353832165356,0.057578353832165356,6,6
additive_binary,binary,random_subspace,100.0,0.6455955221760888,0.6545125126739247,0.6033420536151753,0.23622869607716881,0.42333333333333334,42.333333333333336,,0.05573681250370625,23.166666666666668,256.0,0.0236434236867353,10920.538969906289,59.333333333333336,0.6652400439437726,,0.9109135653649867,0.8588714507326016,0.05357142857142851,0.8588714507326016,0.5481604611402423,48910.833333333336,,110.66666666666667,0.9452851533693352,,0.2384538575747507,,8.0,1.2970976771085885,8.0,,0.05138833333333059,0.05826896487269543,,6,6
additive_binary,binary,rf_shallow,,0.6932331743103579,0.6969862008770811,0.647432010888366,0.2248464989290795,,,0.02353483333333267,0.0711413875237467,,256.0,0.00385221528510245,67828.31940673666,59.833333333333336,0.6412963470756335,,,,,,,16192.333333333334,,111.66666666666667,0.8997353074881936,198298282.66666666,,,,,8.0,,0.02353483333333267,0.029975326266139718,0.029975326266139718,6,6
additive_binary,binary,shrinkage,100.0,0.6902613888347543,0.6861698974050694,0.6469557664995642,0.229655568099837,0.42333333333333334,42.333333333333336,,0.09480444408984966,21.666666666666668,256.0,0.023302520974539165,11237.059729418694,62.166666666666664,0.6514839427767445,,0.8923400348831798,0.8315178933347522,0.06320861678004534,0.8315178933347522,0.6075502604637185,49364.166666666664,,116.33333333333333,0.9189827162303157,,0.21635697460161207,,8.0,1.3703344354682638,8.0,,2.995188333333335,3.439594006553913,,6,6
additive_binary,binary,signed_correlation,100.0,0.7087855991610205,0.7009478432969066,0.6347842994227374,0.22663012392965767,0.42333333333333334,42.333333333333336,,0.0690800718641106,21.833333333333332,256.0,0.022859604097902733,11258.175817041267,62.5,0.6451993219521351,,0.8751829597402371,0.8156776978109007,0.06320861678004529,0.8156776978109007,0.5938791620486085,49417.666666666664,,117.0,0.9068775063057575,,0.22094453877918116,,8.0,1.4139804187984344,8.0,,3.024533999999999,3.4713584024769566,,6,6
additive_binary,binary,top_no_cert,100.0,0.695150143279045,0.6887770580508087,0.6403106491866944,0.2284999241659881,0.42333333333333334,42.333333333333336,,0.08074813008405173,20.833333333333332,256.0,0.0218501179479062,11759.544067110188,62.333333333333336,0.6492046309420237,,0.9256425634829033,0.8388409415774087,0.08435374149659859,0.8388409415774087,0.6119175068489681,49391.166666666664,,116.66666666666667,0.9143593911838487,,0.21912762062617283,,8.0,1.3494550904381055,8.0,,2.9952375000000004,3.441192680542978,,6,6
additive_binary,binary,top_quality,100.0,0.695150143279045,0.6887770580508087,0.6403106491866944,0.2284999241659881,0.42333333333333334,42.333333333333336,,0.08074813008405173,20.833333333333332,256.0,0.021868381959696565,11734.233654241618,62.333333333333336,0.6492046309420237,,0.9256425634829033,0.8388409415774087,0.08435374149659859,0.8388409415774087,0.6119175068489681,49391.166666666664,,116.66666666666667,0.9143593911838487,,0.21912762062617283,,8.0,1.3494550904381055,8.0,,2.9926866666666676,3.4367423474711054,,6,6
additive_binary,binary,xgboost,,0.7828733822255146,0.7837099255691468,0.6994123049986475,0.19027813810679547,,,0.34493133333333237,0.07032114848494525,,256.0,0.0035839583336685333,71917.45331641521,1284.5,0.5612785319487253,,,,,,,163599.5,,2469.0,0.7614106374706561,212508672.0,,,,,100.0,,0.34493133333333237,0.3972235554053138,0.3972235554053138,6,6
additive_regression,regression,caruana,100.0,,,,,0.0,0.0,,,20.833333333333332,256.0,0.020451632056695684,12781.438497804049,55.5,,1.0523680525720935,0.8857530420131102,0.8138419398488139,0.06061980347694625,0.8138419398488139,-0.010760814662912082,42970.333333333336,1.7771752545710553,103.83333333333333,0.9086257590026438,,1.6509992968271556,0.08103492742519101,8.0,1.408929765473686,7.166666666666667,1.3320130648873922,2.581559000000002,2.9810637642319002,,6,6
additive_regression,regression,catboost,,,,,,,,0.4494734999999963,,,256.0,0.004010388821673833,64215.41599115646,1600.0,,0.9685756457300418,,,,,,44929.333333333336,1.4946630100688758,3100.0,0.7636693811742182,206146218.66666666,,0.22781010821941172,,,100.0,1.2211532951072102,0.4494734999999963,0.504659625235945,0.504659625235945,6,6
additive_regression,regression,coerror_no_cert,100.0,,,,,0.0,0.0,,,21.666666666666668,256.0,0.021301562548614983,12220.55685152718,62.833333333333336,,1.0458737407978955,0.8855965289320203,0.8139554740509993,0.06887755102040811,0.8139554740509993,-0.014174237715694015,47859.666666666664,1.7587758113515715,117.66666666666667,0.899300642871219,,1.653804344305925,0.09042241402152627,8.0,1.4195027686788169,8.0,1.3251418460031839,2.5817571666666637,2.990720479322287,,6,6
additive_regression,regression,et_shallow,,,,,,,,0.017044666666665816,,,256.0,0.0043974029831587835,59019.56935779399,62.0,,1.0419297650823656,,,,,,14787.0,1.7380757068538248,116.0,0.889511974611176,210444288.0,,0.1003732230761743,,,8.0,1.3175478329711952,0.017044666666665816,0.01837386788489913,0.01837386788489913,6,6
additive_regression,regression,extra_trees,,,,,,,,1.074863666666668,,,256.0,0.041318999603390645,6242.484642147744,102400.0,,0.9770520451988379,,,,,,14810979.0,1.5217826985152483,204544.0,0.7781223755341135,201408512.0,,0.21309520246747649,,,256.0,1.2325251458178164,1.074863666666668,1.2260594374577825,1.2260594374577825,6,6
additive_regression,regression,lightgbm,,,,,,,,0.09878516666667275,,,256.0,0.006777263634527666,38058.82053710299,1484.6666666666667,,0.9574518449471853,,,,,,151701.0,1.4447578282697473,2869.3333333333335,0.7383988525980216,204458666.66666666,,0.253542952814509,,,100.0,1.2000661240802097,0.09878516666667275,0.11984902088685578,0.11984902088685578,6,6
additive_regression,regression,random_forest,,,,,,,,1.8513446666666695,,,256.0,0.03668950680488093,7020.513650847911,64791.833333333336,,0.9852420992795713,,,,,,9395403.0,1.5339796422238237,129327.66666666667,0.783833805872086,210741930.66666666,,0.2074158657772115,,,256.0,1.2371138283571883,1.8513446666666695,2.103647236013785,2.103647236013785,6,6
additive_regression,regression,random_patches,,,,,,,,0.048269833333331236,,,256.0,0.02163361816201355,11867.132913788075,55.333333333333336,,1.075596408905266,,,,,,33980.0,1.8476355856969204,102.66666666666667,0.943706411437032,210463402.66666666,,0.045526127883702645,,,8.0,1.357713369819481,0.048269833333331236,0.05874422204215075,0.05874422204215075,6,6
additive_regression,regression,random_subspace,100.0,,,,,0.0,0.0,,,23.166666666666668,256.0,0.024858256995988332,10406.076289334707,58.5,,1.0652865804765133,0.9034967583870789,0.8536542134680863,0.05357142857142851,0.8536542134680863,-0.08589697042138687,47236.166666666664,1.8245290627603856,109.0,0.9329642498580822,,1.8439466452752413,0.05640049031789731,8.0,1.3114026758877675,8.0,1.3496206758631502,0.04762116666666567,0.05219885419743752,,6,6
additive_regression,regression,rf_shallow,,,,,,,,0.0345221666666641,,,256.0,0.003942194006716166,65212.28903904546,61.666666666666664,,1.04984643927146,,,,,,14739.0,1.7554433716426525,115.33333333333333,0.897057981500302,210479786.66666666,,0.09269220508068736,,,8.0,1.3236015234675789,0.0345221666666641,0.037384326259295116,0.037384326259295116,6,6
additive_regression,regression,top_no_cert,100.0,,,,,0.0,0.0,,,20.5,256.0,0.0218903542651484,11799.260737625387,60.333333333333336,,1.0572546961927662,0.9267683507197709,0.8506638907725891,0.09257369614512467,0.8506638907725891,0.0020033638974193335,47500.5,1.799357683142123,112.66666666666667,0.9198135527220052,,1.6902028641559481,0.06969558717104583,8.0,1.319036190480871,8.0,1.3401791440045396,2.578326833333334,2.980356680888993,,6,6
additive_regression,regression,xgboost,,,,,,,,0.4046181666666679,,,256.0,0.003609625040553467,71818.15541403915,1487.1666666666667,,0.9623985305184409,,,,,,177375.16666666666,1.4621859362388305,2874.3333333333335,0.7477671724580786,203235328.0,,0.24394060469696952,,,100.0,1.2079621612201414,0.4046181666666679,0.4774138887490456,0.4774138887490456,6,6
correlated_blocks_binary,binary,abs_correlation,100.0,0.8214370530034998,0.8224086825759923,0.7377503572460862,0.1847756871822843,0.9983333333333334,99.83333333333333,,0.12216803619982407,23.666666666666668,256.0,0.022567263881986283,11474.820131805003,63.333333333333336,0.5524371654565896,,0.8173763510369917,0.7331188654761484,0.05045351473922897,0.7331188654761484,0.7056368109622281,49553.333333333336,,118.66666666666667,0.7397602255249934,,0.17498254292932566,,8.0,1.6787544291479177,8.0,,3.03920850000001,3.4735963682566457,,6,6
correlated_blocks_binary,binary,caruana,100.0,0.8090122561541727,0.8016291594520002,0.7140059278756428,0.1873745010253837,0.9983333333333334,99.83333333333333,,0.08857741576322825,20.5,256.0,0.019265062369716618,13598.143304012803,55.833333333333336,0.5558987091403791,,0.818707187276034,0.7499808062037697,0.05619803476946328,0.7499808062037697,0.7350051197086304,43682.0,,104.66666666666667,0.7501652820700065,,0.16653341530781382,,8.0,1.6001435787246443,7.0,,2.96654266666665,3.389018291646304,,6,6
correlated_blocks_binary,binary,catboost,,0.8468540960647438,0.8492212081149368,0.7568462032486285,0.15852056562579397,,,0.4784571666666579,0.08030900677842588,,256.0,0.004248826182447317,61451.11913735842,1600.0,0.479197846668884,,,,,,,45528.666666666664,,3100.0,0.6346548608495882,231863637.33333334,,,,,100.0,,0.4784571666666579,0.5301514999785771,0.5301514999785771,6,6
correlated_blocks_binary,binary,certified_random,100.0,0.8063399312514137,0.8089525238970999,0.7316055060475078,0.18904671980753426,0.9983333333333334,99.83333333333333,,0.1033726000262873,23.5,256.0,0.021981069507698167,11700.32010983065,63.5,0.5621466619395498,,0.862775953752848,0.7749097126771772,0.052437641723355966,0.7749097126771772,0.690173032338251,49577.666666666664,,119.0,0.7568597098420419,,0.18658277867255216,,8.0,1.534892982957003,8.0,,2.965105000000032,3.389326534854869,,6,6
correlated_blocks_binary,binary,coerror,100.0,0.8041531610627928,0.8040135850125006,0.7218118980510805,0.18680291624864834,0.9983333333333334,99.83333333333333,,0.08847197733428624,22.666666666666668,256.0,0.021773312357254267,11895.591278250567,63.666666666666664,0.5551236778161067,,0.8362445836449165,0.7537077412300222,0.05753968253968248,0.7537077412300222,0.7341981943751805,49607.166666666664,,119.33333333333333,0.7478785135949803,,0.16695638107696156,,8.0,1.6095260112977667,8.0,,2.9668791666667005,3.3944372430754206,,6,6
correlated_blocks_binary,binary,coerror_greedy,100.0,0.8103266798543342,0.805241942039395,0.7258112107498876,0.186415773067122,0.9983333333333334,99.83333333333333,,0.09933229174077719,22.5,256.0,0.023175090318545668,11077.415530641461,63.666666666666664,0.5542677723771928,,0.8371429151016098,0.7520937660150548,0.05725623582766435,0.7520937660150548,0.732884551851522,49607.166666666664,,119.33333333333333,0.7463265197033659,,0.16706357454235707,,8.0,1.6150150721489933,8.0,,2.9667611666666858,3.3919177706120536,,6,6
correlated_blocks_binary,binary,coerror_no_cert,100.0,0.8041531610627928,0.8040135850125006,0.7218118980510805,0.18680291624864834,0.9983333333333334,99.83333333333333,,0.08847197733428624,22.666666666666668,256.0,0.02319913186753785,11092.034060268192,63.666666666666664,0.5551236778161067,,0.8362445836449165,0.7537077412300222,0.05753968253968248,0.7537077412300222,0.7341981943751805,49607.166666666664,,119.33333333333333,0.7478785135949803,,0.16695638107696156,,8.0,1.6095260112977667,8.0,,2.9668431666666777,3.391678652726114,,6,6
correlated_blocks_binary,binary,covariance_only,100.0,0.8041531610627928,0.8040135850125006,0.7218118980510805,0.18680291624864834,0.9983333333333334,99.83333333333333,,0.08847197733428624,22.666666666666668,256.0,0.022994340164586864,11284.054921069843,63.666666666666664,0.5551236778161067,,0.8362445836449165,0.7537077412300222,0.05753968253968248,0.7537077412300222,0.7341981943751805,49607.166666666664,,119.33333333333333,0.7478785135949803,,0.16695638107696156,,8.0,1.6095260112977667,8.0,,2.965715166666674,3.3887036179658026,,6,6
correlated_blocks_binary,binary,direct_auroc,100.0,0.8232417304876166,0.82068699909381,0.7377562050544652,0.18428892028246666,0.9983333333333334,99.83333333333333,,0.10547491139320597,24.833333333333332,256.0,0.02190388894329462,11846.030952122921,63.166666666666664,0.5505987083284593,,0.8318933701667253,0.7485694640673156,0.03968253968253963,0.7485694640673156,0.7189843546084983,49527.166666666664,,118.33333333333333,0.737818593816503,,0.17046177597092602,,8.0,1.6240237744140618,8.0,,3.1027446666666663,3.542844930818925,,6,6
correlated_blocks_binary,binary,direct_squared,100.0,0.8103266798543342,0.805241942039395,0.7258112107498876,0.18641577306712198,0.9983333333333334,99.83333333333333,,0.09933229174077719,22.5,256.0,0.02235045811782277,11545.49514740188,63.666666666666664,0.5542677723771928,,0.8371429151016098,0.7520937660150547,0.05725623582766435,0.7520937660150547,0.732884551851522,49606.833333333336,,119.33333333333333,0.7463265197033659,,0.16706357454235707,,8.0,1.6150150721489938,8.0,,2.972886833333329,3.397873006295413,,6,6
correlated_blocks_binary,binary,et_shallow,,0.7933649869872569,0.7958587011906365,0.7116579894859298,0.19962047193166335,,,0.016274833333331584,0.1150008032347246,,256.0,0.004113555653020683,62850.97889507356,61.166666666666664,0.5868339564970412,,,,,,,16405.666666666668,,114.33333333333333,0.7991968223520615,227718485.33333334,,,,,8.0,,0.016274833333331584,0.019142548476035335,0.019142548476035335,6,6
correlated_blocks_binary,binary,extra_trees,,0.8465889159113539,0.8496404985904888,0.7644569503533932,0.1612379709879557,,,0.37045083333333645,0.09171874999999995,,256.0,0.030791749789689918,8340.434954044451,35666.0,0.48937278701342996,,,,,,,5788459.0,,71076.0,0.6455313788506242,229023744.0,,,,,256.0,,0.37045083333333645,0.41478144431797165,0.41478144431797165,6,6
correlated_blocks_binary,binary,lightgbm,,0.8388792695449531,0.8407117715269555,0.7530581499427095,0.1712103094994125,,,0.09690049999998483,0.09493739465491578,,256.0,0.00672289577778425,38553.06550603822,1490.6666666666667,0.527011630748588,,,,,,,181620.33333333334,,2881.3333333333335,0.6854613177317423,231295658.66666666,,,,,100.0,,0.09690049999998483,0.11124279152136295,0.11124279152136295,6,6
correlated_blocks_binary,binary,minimax,100.0,0.8237106951073933,0.8244111705040665,0.7357955161355519,0.1839023693601065,0.9983333333333334,99.83333333333333,,0.10821535435011796,25.333333333333332,256.0,0.021149236010387484,12237.538909646393,64.0,0.5506428931743719,,0.7831169540828306,0.7498047397375264,0.039399092970521486,0.7498047397375264,0.7021311986878688,49660.5,,120.0,0.7362653142644486,,0.1792934611363488,,8.0,1.6227315152106563,8.0,,3.016699666666682,3.4518642640517405,,6,6
correlated_blocks_binary,binary,prediction_correlation,100.0,0.832844136619669,0.8308707669811555,0.751859081272603,0.19225785187369057,0.9983333333333334,99.83333333333333,,0.1455387967715702,25.833333333333332,256.0,0.022069528000429234,11847.162852180309,63.0,0.5714056649670806,,0.8766955975703316,0.7749853587136267,0.0345804988662131,0.7749853587136267,0.6495127365511411,49500.166666666664,,118.0,0.7697189642744693,,0.1987785662874083,,8.0,1.530619893993989,8.0,,3.0635233333333454,3.504334812518209,,6,6
correlated_blocks_binary,binary,quality_diversity,100.0,0.7937064248360844,0.7878206104167037,0.703602984693604,0.19016759108016115,0.9983333333333334,99.83333333333333,,0.06917447290909891,21.333333333333332,256.0,0.02263252068466193,11370.765890071045,63.666666666666664,0.5609983092899318,,0.8691961533539662,0.7652864685665742,0.07397959183673464,0.7652864685665742,0.738490674927056,49607.5,,119.33333333333333,0.7613522073446823,,0.1685989964907941,,8.0,1.5691577079469752,8.0,,3.0177656666666812,3.4502097501729927,,6,6
correlated_blocks_binary,binary,random_forest,,0.8358678273361524,0.8421487454439261,0.7595711662419692,0.16309279123942053,,,0.5993996666666703,0.08091471354166664,,256.0,0.028140222498526133,9114.116777960868,12689.833333333334,0.49258691744215066,,,,,,,2112272.3333333335,,25123.666666666668,0.6529588035838052,227991552.0,,,,,256.0,,0.5993996666666703,0.664112257072702,0.664112257072702,6,6
correlated_blocks_binary,binary,random_patches,,0.7904536959151262,0.7937785521367458,0.7202749193060628,0.19084950656577415,,,0.0491979999999898,0.10285863532446664,,256.0,0.021619625428381018,11923.394167111343,59.666666666666664,0.5644057842010124,,,,,,,36166.666666666664,,111.33333333333333,0.7640813159961654,227753984.0,,,,,8.0,,0.0491979999999898,0.055921965201074834,0.055921965201074834,6,6
correlated_blocks_binary,binary,random_subspace,100.0,0.8032528845143693,0.8045788593671853,0.7239265530560548,0.1899219479143561,0.9983333333333334,99.83333333333333,,0.09391230875142781,23.166666666666668,256.0,0.021676646041062914,11926.419880324322,63.833333333333336,0.5638640990980862,,0.8686047173277016,0.7741279882257146,0.05357142857142851,0.7741279882257146,0.6919728292387948,49630.833333333336,,119.66666666666667,0.7603658815268565,,0.18565405765756868,,8.0,1.5374264616150832,8.0,,0.0509366666666816,0.0558118749565134,,6,6
correlated_blocks_binary,binary,rf_shallow,,0.8032695025325118,0.8130673758709555,0.735640307296539,0.1809961117288933,,,0.02287183333334035,0.08341359216574185,,256.0,0.003668937366455733,70187.30771782143,61.833333333333336,0.5413857387372191,,,,,,,16512.333333333332,,115.66666666666667,0.7246370992814694,227726677.33333334,,,,,8.0,,0.02287183333334035,0.025238458144788884,0.025238458144788884,6,6
correlated_blocks_binary,binary,shrinkage,100.0,0.804019322168958,0.8039969033323219,0.7225208694586808,0.18647955319299325,0.9983333333333334,99.83333333333333,,0.09446310934601243,22.5,256.0,0.021887902519665617,11815.626967190861,63.666666666666664,0.5539758286973916,,0.8445219859162979,0.7563323578069299,0.06009070294784577,0.7563323578069299,0.7354320384443905,49607.666666666664,,119.33333333333333,0.7465839286104985,,0.16699125614579094,,8.0,1.5991151040929854,8.0,,2.9657178333333434,3.390856597184514,,6,6
correlated_blocks_binary,binary,signed_correlation,100.0,0.8214370530034998,0.8224086825759923,0.7377503572460862,0.1847756871822843,0.9983333333333334,99.83333333333333,,0.12216803619982407,23.666666666666668,256.0,0.022868472151458197,11406.568958544625,63.333333333333336,0.5524371654565896,,0.8173763510369917,0.7331188654761484,0.05045351473922897,0.7331188654761484,0.7056368109622281,49553.333333333336,,118.66666666666667,0.7397602255249934,,0.17498254292932566,,8.0,1.6787544291479177,8.0,,3.0426065000000335,3.4861683611137173,,6,6
correlated_blocks_binary,binary,top_no_cert,100.0,0.7845853443131404,0.775427289057327,0.6867361776103568,0.1944164071544896,0.9983333333333334,99.83333333333333,,0.07723923207159275,21.0,256.0,0.022675910033285566,11522.512169714793,63.833333333333336,0.5708758082146818,,0.8878046537406371,0.7779216544710668,0.08531746031746025,0.7779216544710668,0.7390761006070701,49633.5,,119.66666666666667,0.778361493927572,,0.17078939073030555,,8.0,1.5280520827865696,8.0,,2.9651606666666623,3.3905091527849436,,6,6
correlated_blocks_binary,binary,top_quality,100.0,0.7845853443131404,0.775427289057327,0.6867361776103568,0.1944164071544896,0.9983333333333334,99.83333333333333,,0.07723923207159275,21.0,256.0,0.020546173638043248,12502.964997231915,63.833333333333336,0.5708758082146818,,0.8878046537406371,0.7779216544710668,0.08531746031746025,0.7779216544710668,0.7390761006070701,49633.5,,119.66666666666667,0.778361493927572,,0.17078939073030555,,8.0,1.5280520827865696,8.0,,2.9651975000000355,3.3860983123304322,,6,6
correlated_blocks_binary,binary,xgboost,,0.8444599838150256,0.8447347158478192,0.762912180633554,0.16400646036518943,,,0.29268316666666766,0.08444800554153815,,256.0,0.0034338056575506496,74673.50109004864,1204.3333333333333,0.4993057499329249,,,,,,,158148.83333333334,,2308.6666666666665,0.656614655037748,230987093.33333334,,,,,100.0,,0.29268316666666766,0.3283020556749155,0.3283020556749155,6,6
correlated_blocks_regression,regression,abs_correlation,100.0,,,,,0.47,47.0,,,22.75,256.0,0.0211341874673962,12221.358910322251,63.25,,0.9243025307074347,0.8362834369901164,0.7271298414899781,0.05357142857142855,0.7271298414899781,0.14656896194730037,47920.25,1.3617971393296544,118.5,0.7131696137810715,,1.2348459136130536,0.2856973701215152,8.0,1.6982297394820856,8.0,1.1662397843347054,2.6161832500000486,3.0408354579703882,,4,6
correlated_blocks_regression,regression,caruana,100.0,,,,,0.33499999999999996,33.5,,,22.166666666666668,256.0,0.021733694321786318,12004.964367509443,59.5,,0.9147579611839408,0.8152261606529146,0.7420797235392512,0.053665910808767876,0.7420797235392512,0.14472116471465318,45079.666666666664,1.326870634767489,111.5,0.7134952307995744,,1.2339697029992314,0.2853523214400786,8.0,1.6371541322263867,7.5,1.1514568718682794,2.579783333333315,3.0139433327519023,,6,6
correlated_blocks_regression,regression,catboost,,,,,,,,0.4495538333333305,,,256.0,0.0042363056757797335,63431.06236927456,1600.0,,0.8414576406371035,,,,,,44949.333333333336,1.1255473877992623,3100.0,0.6057618417544276,245926570.66666666,,0.39328027374726043,,,100.0,1.0599404400691146,0.4495538333333305,0.513801381806843,0.513801381806843,6,6
correlated_blocks_regression,regression,certified_random,100.0,,,,,0.47,47.0,,,21.5,256.0,0.0205636144964955,12555.974165546846,64.0,,0.9425911491408209,0.8530717645286922,0.7674470323199931,0.07355442176870745,0.7674470323199931,0.13706401650083966,48028.0,1.4212835779645154,120.0,0.7445800826891912,,1.3060484007669388,0.25423291076842625,8.0,1.5614615229056448,8.0,1.1904020689620936,2.5709452500000225,2.978086123825051,,4,6
correlated_blocks_regression,regression,coerror,100.0,,,,,0.47,47.0,,,21.75,256.0,0.022305593825876675,11688.910122899897,63.75,,0.933723842878232,0.8160091193843866,0.7383121737591017,0.0607993197278911,0.7383121737591017,0.1743116552541972,47992.0,1.380988627897072,119.5,0.7230682497453035,,1.2096831164024884,0.2757734279184918,8.0,1.6602434808124373,8.0,1.1745306268718463,2.5707539999999938,2.9754680413752794,,4,6
correlated_blocks_regression,regression,coerror_greedy,100.0,,,,,0.47,47.0,,,21.25,256.0,0.020517322816885925,12530.933128981735,63.5,,0.930764965656888,0.827602068715878,0.7403225455289536,0.06462585034013602,0.7403225455289536,0.17553837547701362,47956.25,1.3712198209918522,119.0,0.7179465593403453,,1.210648119745658,0.2809025754316368,8.0,1.653006379555712,8.0,1.170487689821936,2.5699052500000192,2.9765381343313493,,4,6
correlated_blocks_regression,regression,coerror_no_cert,100.0,,,,,0.33499999999999996,33.5,,,23.5,256.0,0.023214215024684817,11315.985697746002,63.5,,0.9185303034793484,0.8132586320370332,0.7413997929507047,0.05073696145124712,0.7413997929507047,0.14292718779292238,47956.666666666664,1.3366048706624987,119.0,0.7183033933407211,,1.234204662839716,0.2805367894376562,8.0,1.6502383705766956,8.0,1.155547288527327,2.5783884999999978,3.0257745624985546,,6,6
correlated_blocks_regression,regression,covariance_only,100.0,,,,,0.47,47.0,,,21.75,256.0,0.021150020998902574,12193.466310908763,63.75,,0.933723842878232,0.8160091193843866,0.7383121737591017,0.0607993197278911,0.7383121737591017,0.1743116552541972,47992.0,1.380988627897072,119.5,0.7230682497453035,,1.2096831164024884,0.2757734279184918,8.0,1.6602434808124373,8.0,1.1745306268718463,2.57062150000003,2.973685915232636,,4,6
correlated_blocks_regression,regression,direct_squared,100.0,,,,,0.47,47.0,,,21.25,256.0,0.023075989505741724,11183.672832130447,63.5,,0.930764965656888,0.827602068715878,0.7403225455289535,0.06462585034013602,0.7403225455289535,0.17553837547701362,47956.0,1.3712198209918522,119.0,0.7179465593403453,,1.2106481197456578,0.2809025754316368,8.0,1.653006379555712,8.0,1.170487689821936,2.5737040000000064,2.9803676977171563,,4,6
correlated_blocks_regression,regression,et_shallow,,,,,,,,0.01638500000000435,,,256.0,0.004093708276438184,63685.75128664126,63.666666666666664,,0.9347080230897676,,,,,,15027.0,1.3806485346628072,119.33333333333333,0.7430062501539462,241420970.66666666,,0.25581056849471623,,,8.0,1.1740531255294389,0.01638500000000435,0.018991166648144483,0.018991166648144483,6,6
correlated_blocks_regression,regression,extra_trees,,,,,,,,1.0506973333333178,,,256.0,0.03922061796765773,6546.718964130868,102400.0,,0.8440319756792763,,,,,,14810979.0,1.1312611922728637,204544.0,0.6081379858234354,242444970.66666666,,0.3908961365153342,,,256.0,1.0623748155161952,1.0506973333333178,1.1734926109978308,1.1734926109978308,6,6
correlated_blocks_regression,regression,lightgbm,,,,,,,,0.10040333333334193,,,256.0,0.006750110847254534,37961.95382756444,1489.0,,0.8638730413970377,,,,,,152451.33333333334,1.1742899688659338,2878.0,0.6327502008050316,244877994.66666666,,0.36626546632341467,,,100.0,1.0827949763239513,0.10040333333334193,0.12332811800297346,0.12332811800297346,6,6
correlated_blocks_regression,regression,minimax,100.0,,,,,0.47,47.0,,,23.5,256.0,0.0220534168183803,11865.190801928242,63.0,,0.927639225531786,0.7802043289065496,0.7415354072868183,0.045493197278911525,0.7415354072868183,0.13611197719178678,47884.5,1.3641505292476757,118.0,0.7141081401432132,,1.271763526052082,0.28475625097432905,8.0,1.6487650114347912,8.0,1.1673487312757795,2.60436150000001,3.0210819364292547,,4,6
correlated_blocks_regression,regression,prediction_correlation,100.0,,,,,0.47,47.0,,,24.5,256.0,0.020516239688731702,12548.89951858445,63.75,,0.9324240062763796,0.8289748692186931,0.74820694402268,0.04336734693877545,0.74820694402268,0.11799689386125183,47992.25,1.3835613707726389,119.5,0.7247613954019199,,1.3078055579803853,0.27408599594213073,8.0,1.623951558351537,8.0,1.1754532432616358,2.605139749999992,3.0183926136232913,,4,6
correlated_blocks_regression,regression,quality_diversity,100.0,,,,,0.47,47.0,,,21.0,256.0,0.02133136446354905,12208.52806979313,64.0,,0.9562525461118492,0.8721166475682628,0.7707282934637794,0.07993197278911557,0.7707282934637794,0.1876217593249785,48028.0,1.4327319020008427,120.0,0.7516782079474615,,1.2339977072278054,0.24714004884738067,8.0,1.5499395538569847,8.0,1.1961763689353202,2.585529500000021,2.9936978116747923,,4,6
correlated_blocks_regression,regression,random_forest,,,,,,,,1.7666101666666616,,,256.0,0.03619681946778045,7105.792128690868,64791.833333333336,,0.8499685123951551,,,,,,9395403.0,1.143660907421039,129327.66666666667,0.6151319169537272,241759573.33333334,,0.3838933556330654,,,256.0,1.068107214775206,1.7666101666666616,1.979894555833501,1.979894555833501,6,6
correlated_blocks_regression,regression,random_patches,,,,,,,,0.046468833333326104,,,256.0,0.023880659641387535,11047.589911186698,60.833333333333336,,0.9327264936802084,,,,,,34772.0,1.3897869459044214,113.66666666666667,0.7466562632941844,241453738.66666666,,0.25211302607956715,,,8.0,1.1781888181843312,0.046468833333326104,0.05403683334588998,0.05403683334588998,6,6
correlated_blocks_regression,regression,random_subspace,100.0,,,,,0.33499999999999996,33.5,,,23.166666666666668,256.0,0.023366514205311686,11356.774326525192,63.333333333333336,,0.9351816400362566,0.8606283140297758,0.7691005395951326,0.05357142857142851,0.7691005395951326,0.06856142140606754,47932.166666666664,1.369624459126516,118.66666666666667,0.7350613116773612,,1.385024323991627,0.2637354957443341,8.0,1.5525067900738616,8.0,1.1692382074211036,0.04817499999998625,0.05590584070887412,,6,6
correlated_blocks_regression,regression,rf_shallow,,,,,,,,0.034470333333331334,,,256.0,0.0042765000447009495,61478.126448176794,63.5,,0.9027037447768337,,,,,,15003.0,1.290576815752459,119.0,0.6958224439003379,241453738.66666666,,0.3030733986385448,,,8.0,1.134413728620224,0.034470333333331334,0.040301513819334354,0.040301513819334354,6,6
correlated_blocks_regression,regression,shrinkage,100.0,,,,,0.47,47.0,,,21.25,256.0,0.0221635209745727,11964.451458125095,64.0,,0.9346630038425038,0.8190127340090053,0.7415909249490147,0.06632653061224485,0.7415909249490147,0.17715318587311088,48028.0,1.3830500083720925,120.0,0.7244463863122903,,1.2100714013493126,0.27439548663465707,8.0,1.648843912932193,8.0,1.175371571760726,2.571055000000001,2.9787741969921626,,4,6
correlated_blocks_regression,regression,signed_correlation,100.0,,,,,0.47,47.0,,,22.75,256.0,0.021457833237945974,12045.602082505065,63.25,,0.9243025307074347,0.8362834369901164,0.7271298414899781,0.05357142857142855,0.7271298414899781,0.14656896194730037,47920.25,1.3617971393296544,118.5,0.7131696137810715,,1.2348459136130536,0.2856973701215152,8.0,1.6982297394820856,8.0,1.1662397843347054,2.61433774999999,3.0292087493580766,,4,6
correlated_blocks_regression,regression,top_no_cert,100.0,,,,,0.33499999999999996,33.5,,,20.833333333333332,256.0,0.02245393733028317,11612.94317440578,63.833333333333336,,0.9413218145037452,0.8631701751031584,0.7796906422099731,0.08333333333333327,0.7796906422099731,0.1580821700747135,48003.833333333336,1.4002857688339831,119.66666666666667,0.7541682276697953,,1.2655984668051008,0.24463834400503628,8.0,1.521896347101907,8.0,1.1826401049019373,2.5743996666666553,3.010706228980174,,6,6
correlated_blocks_regression,regression,top_quality,100.0,,,,,0.47,47.0,,,20.5,256.0,0.022667354263830902,11303.916518407335,64.0,,0.9543760317281015,0.8721166475682628,0.7720182845814659,0.088860544217687,0.7720182845814659,0.1876779217614101,48028.0,1.4300715298234508,120.0,0.750254300371989,,1.2356640557910845,0.24856805643974014,8.0,1.5456545316803554,8.0,1.1950302477413555,2.569187499999998,2.9728469576803036,,4,6
correlated_blocks_regression,regression,xgboost,,,,,,,,0.3703689999999919,,,256.0,0.0032309095452849666,79763.41118179345,1443.3333333333333,,0.8583227912468033,,,,,,174393.83333333334,1.1657213631521233,2786.6666666666665,0.6273756789039632,244381013.33333334,,0.3716388376581157,,,100.0,1.0788336018674103,0.3703689999999919,0.4190462085728844,0.4190462085728844,6,6
dominant_binary,binary,abs_correlation,100.0,0.8696512409465026,0.8665948620604823,0.7948906337873665,0.1568248357449194,0.156,15.6,,0.10236033084096133,20.6,256.0,0.02266435842029744,11620.027230105057,60.8,0.48861293704162084,,0.9469138120243944,0.764032457212072,0.10714285714285707,0.764032457212072,0.7579919012528542,49145.0,,113.6,0.6293033852918415,,0.14556485229006616,,8.0,1.5546488014153792,8.0,,3.0045092000000295,3.4280650325585156,,5,6
dominant_binary,binary,caruana,100.0,0.8748763084333339,0.8712180765834833,0.8025450361364391,0.14162127020453016,0.1416666666666667,14.166666666666666,,0.0685780761860131,14.833333333333334,256.0,0.015090944517093365,17282.737240035214,36.833333333333336,0.4408919696269871,,0.939686576947298,0.7865978491251281,0.11634920634920627,0.7865978491251281,0.8008542443261408,30517.166666666668,,68.83333333333333,0.5686252283018857,,0.13221787231004084,,8.0,1.4923669444951724,4.833333333333333,,2.9757809999999743,3.3882010138671226,,6,6
dominant_binary,binary,catboost,,0.8947010671385865,0.8860662482439886,0.8044102197590677,0.13563325918336036,,,0.48041883333331725,0.06686099720899744,,256.0,0.0047467566328122665,56150.69071012052,1600.0,0.4260648851325171,,,,,,,45491.333333333336,,3100.0,0.5446274899268472,237436928.0,,,,,100.0,,0.48041883333331725,0.5308447707987701,0.5308447707987701,6,6
dominant_binary,binary,certified_random,100.0,0.8633211338145642,0.8615909153365537,0.7979560953070943,0.16248108695163496,0.156,15.6,,0.11787958651902639,20.2,256.0,0.023189716413617077,11134.17310146456,60.4,0.5004764160654076,,0.9610557454038158,0.7839275715697623,0.1095238095238095,0.7839275715697623,0.750537846247129,49077.8,,112.8,0.651903209726271,,0.15093947768880206,,8.0,1.4899644631093236,8.0,,2.999091399999975,3.422939082654193,,5,6
dominant_binary,binary,coerror,100.0,0.8740824852670045,0.8715757116448699,0.8067938388913951,0.14028326564318255,0.156,15.6,,0.05904624692405268,20.4,256.0,0.02178031662479038,11841.088862468994,61.8,0.4380123880672335,,0.961220421200483,0.843344937277711,0.15176870748299315,0.843344937277711,0.8320048195731413,49301.2,,115.6,0.5629520759847164,,0.1328658609232115,,8.0,1.4044732339771442,8.0,,3.0012058000000024,3.430743207735941,,5,6
dominant_binary,binary,coerror_greedy,100.0,0.8719907383177743,0.8709151171097884,0.8096464062019747,0.14044885562585488,0.156,15.6,,0.06362036547772258,20.0,256.0,0.02281183321028942,11317.2789948851,61.8,0.4387271325301203,,0.961220421200483,0.8446457028072398,0.15517006802721087,0.8446457028072398,0.8327088069576873,49301.2,,115.6,0.5636150159879085,,0.1328870787864458,,8.0,1.3981574810704172,8.0,,2.9977453999999737,3.421121016284451,,5,6
dominant_binary,binary,coerror_no_cert,100.0,0.8763949602069999,0.8715592282265661,0.8114893432191909,0.14075077382493137,0.1416666666666667,14.166666666666666,,0.07198636602804369,20.166666666666668,256.0,0.023839715363768166,10942.724148728616,61.5,0.4412317133627118,,0.9611110794229941,0.8345865435267988,0.14716553287981857,0.8345865435267988,0.8188324045965262,49254.166666666664,,115.0,0.5651279071320457,,0.134635870851219,,8.0,1.4293585241829714,8.0,,2.991018833333328,3.41159109713044,,6,6
dominant_binary,binary,covariance_only,100.0,0.8737149097161581,0.8710825554451921,0.8067938388913951,0.14051055009233715,0.156,15.6,,0.06217151497199454,20.4,256.0,0.0222586249932646,11602.714531271735,61.6,0.4386338010301884,,0.961220421200483,0.8432567821042346,0.15074829931972786,0.8432567821042346,0.8318503937478596,49269.2,,115.2,0.5638670697413773,,0.1328663890785406,,8.0,1.4049388529719697,8.0,,2.999709800000005,3.4243120329920202,,5,6
dominant_binary,binary,direct_auroc,100.0,0.8663205798636566,0.8611368643177517,0.7976471508755978,0.1734736704372025,0.1416666666666667,14.166666666666666,,0.15813463942960185,21.833333333333332,256.0,0.023327041533775583,11070.861372767251,56.333333333333336,0.5321331981668013,,0.9347981718902928,0.7453097625707975,0.07114512471655325,0.7453097625707975,0.6812626155165575,48430.666666666664,,104.66666666666667,0.6964274925382457,,0.16279591364107185,,8.0,1.5144665700972038,8.0,,3.1323431666666672,3.5751412213236713,,6,6
dominant_binary,binary,direct_squared,100.0,0.8719715065673317,0.8708950850585063,0.8096464062019747,0.14044885562585488,0.156,15.6,,0.06362036547772257,20.0,256.0,0.02193109975196414,11714.020099521695,61.8,0.4387271325301203,,0.961220421200483,0.8446457028072398,0.15517006802721084,0.8446457028072398,0.8327088069576873,49305.2,,115.6,0.5636150159879085,,0.1328870787864458,,8.0,1.3981574810704174,8.0,,3.001164400000005,3.428244215901941,,5,6
dominant_binary,binary,et_shallow,,0.6711814919030332,0.6423902681929082,0.5858249944536978,0.23690324388808945,,,0.016219000000016068,0.08299111364943416,,256.0,0.0041237845240781,62885.7965408439,51.166666666666664,0.6666121492342854,,,,,,,14805.666666666666,,94.33333333333333,0.9511953319467454,233597610.66666666,,,,,8.0,,0.016219000000016068,0.019659437510805764,0.019659437510805764,6,6
dominant_binary,binary,extra_trees,,0.8812458587389097,0.8718772348625211,0.7829834173273907,0.17303451538085932,,,0.39491233333333753,0.15297526041666668,,256.0,0.032157625032899234,7986.080947867561,37565.166666666664,0.5300375979893551,,,,,,,6092325.666666667,,74874.33333333333,0.6947927406793123,234250240.0,,,,,256.0,,0.39491233333333753,0.4440434166851143,0.4440434166851143,6,6
dominant_binary,binary,lightgbm,,0.8919621981256003,0.8791093019671526,0.7939684535681395,0.14785785486009254,,,0.10232599999998604,0.09177439988734393,,256.0,0.006491909890125133,39658.884283253145,1494.5,0.4668260467309846,,,,,,,182153.66666666666,,2889.0,0.5937515740449365,237051904.0,,,,,100.0,,0.10232599999998604,0.11670005554333328,0.11670005554333328,6,6
dominant_binary,binary,minimax,100.0,0.838396943366161,0.8299222400628562,0.7624137846631025,0.1658015616775869,0.156,15.6,,0.07194680457391503,21.8,256.0,0.0226765581872314,11387.893236390537,60.8,0.5042056705116036,,0.9227226025122937,0.8027545343363318,0.1071428571428571,0.8027545343363318,0.7574064480550626,49145.4,,113.6,0.6651310819384844,,0.15222648590012489,,8.0,1.4632343854723067,8.0,,3.00618740000001,3.439107649540529,,5,6
dominant_binary,binary,prediction_correlation,100.0,0.8266967751218364,0.8171282940413744,0.7423794606880987,0.17890423347184706,0.156,15.6,,0.08478404614940172,20.8,256.0,0.0240200500003993,10732.613129471685,59.8,0.536640961592835,,0.9332918512552117,0.7900698967420637,0.09863945578231288,0.7900698967420637,0.7195451245894624,48985.2,,111.6,0.7177105355438296,,0.16319402771600264,,8.0,1.4590140986718776,8.0,,3.0061183999999797,3.432831490598619,,5,6
dominant_binary,binary,quality_diversity,100.0,0.8729854611336159,0.8742372888615206,0.804491767026717,0.14000087856012242,0.156,15.6,,0.06461870915398248,19.2,256.0,0.02158052520826454,11957.487408191137,62.4,0.4656690355956986,,0.9642473395950099,0.924223225730637,0.19238095238095237,0.924223225730637,0.8694816616455638,49394.8,,116.8,0.5618209222119488,,0.13511366582893475,,8.0,1.1465435853137496,8.0,,3.0033353999999917,3.4321553994435816,,5,6
dominant_binary,binary,random_forest,,0.8671686522372469,0.86856236379482,0.80128689749689,0.15623060862223304,,,0.6410018333333388,0.12506184895833328,,256.0,0.028081576339900435,9132.208433778225,12679.666666666666,0.4915550499297727,,,,,,,2110645.6666666665,,25103.333333333332,0.6273095398756675,233796949.33333334,,,,,256.0,,0.6410018333333388,0.731968590330022,0.731968590330022,6,6
dominant_binary,binary,random_patches,,0.7007802570415782,0.6874772084323225,0.6107436138310846,0.22835067661156935,,,0.05043850000000318,0.07929997146135374,,256.0,0.02175124288381383,11920.050318771733,53.666666666666664,0.6488024946950005,,,,,,,35206.666666666664,,99.33333333333333,0.9167298229099794,233597610.66666666,,,,,8.0,,0.05043850000000318,0.0622668333817273,0.0622668333817273,6,6
dominant_binary,binary,random_subspace,100.0,0.7642847719185789,0.7519163899665225,0.669625216268282,0.220904009841877,0.1416666666666667,14.166666666666666,,0.1321572535478964,23.166666666666668,256.0,0.022898423834703818,11324.50279845485,54.0,0.6338470007336847,,0.9357090047650073,0.8297651197450603,0.05357142857142851,0.8297651197450603,0.5539494975606342,48057.5,,100.0,0.8869560993971985,,0.21957103901707908,,8.0,1.291004883523647,8.0,,0.05204633333330352,0.058106742760476914,,6,6
dominant_binary,binary,rf_shallow,,0.7925656644387699,0.7907689524338576,0.7402367814070775,0.20072012790103655,,,0.02301133333334818,0.13308185098675546,,256.0,0.004376083457221533,59510.58371813269,56.333333333333336,0.5908768555133431,,,,,,,15632.333333333334,,104.66666666666667,0.8058587338020687,233616725.33333334,,,,,8.0,,0.02301133333334818,0.028318514232523684,0.028318514232523684,6,6
dominant_binary,binary,shrinkage,100.0,0.8721277122135325,0.8713781284593487,0.8096464062019747,0.14145839640150434,0.156,15.6,,0.07600924330336808,19.6,256.0,0.021330058574676458,12050.102605513199,62.2,0.45603079724369505,,0.963111691237021,0.8776683322205827,0.1687755102040816,0.8776683322205827,0.8487697661360647,49365.2,,116.4,0.5676671303200911,,0.13319000852366125,,8.0,1.2863122031876677,8.0,,3.000645600000007,3.427330432878807,,5,6
dominant_binary,binary,signed_correlation,100.0,0.8696512409465026,0.8665948620604823,0.7948906337873665,0.1568248357449194,0.156,15.6,,0.10236033084096133,20.6,256.0,0.02136509139090772,12053.124365351898,60.8,0.48861293704162084,,0.9469138120243944,0.764032457212072,0.10714285714285707,0.764032457212072,0.7579919012528542,49145.0,,113.6,0.6293033852918415,,0.14556485229006616,,8.0,1.5546488014153792,8.0,,3.005212400000005,3.432230532960966,,5,6
dominant_binary,binary,top_no_cert,100.0,0.8746692038908158,0.8732897007364112,0.8118783455351878,0.14046536597930562,0.1416666666666667,14.166666666666666,,0.07532914389905714,20.0,256.0,0.024148992844857234,10724.190485305118,62.333333333333336,0.4625003243510318,,0.9630981334807819,0.9081778771006465,0.17817460317460312,0.9081778771006465,0.8554238301395255,49386.333333333336,,116.66666666666667,0.5639866953411001,,0.137143493009003,,8.0,1.195233917622572,8.0,,2.9899593333333123,3.4373874024798474,,6,6
dominant_binary,binary,top_quality,100.0,0.8750026380085009,0.8750913606904567,0.8053731772831272,0.14006396736817067,0.156,15.6,,0.06422870062267844,19.6,256.0,0.0205725667532533,12541.53912205611,62.4,0.46429997405441714,,0.9636048860698281,0.927063661979752,0.1910204081632653,0.927063661979752,0.8696066109621166,49395.2,,116.8,0.5620719900977417,,0.1354565736563495,,8.0,1.140434524479487,8.0,,3.00026059999999,3.4275445414241403,,5,6
dominant_binary,binary,xgboost,,0.8876984356880845,0.879919628452244,0.794010050092143,0.1447425916575433,,,0.298812666666663,0.07357209120566642,,256.0,0.0036165487254038,71495.09231039595,1129.6666666666667,0.4507496158281962,,,,,,,153069.66666666666,,2159.3333333333335,0.5812272365546981,236691456.0,,,,,100.0,,0.298812666666663,0.34147879174755263,0.34147879174755263,6,6
dominant_regression,regression,abs_correlation,100.0,,,,,0.11200000000000002,11.2,,,19.8,256.0,0.02256589960306878,11461.454813590812,64.0,,0.8488253795052778,0.9772900873792689,0.9493728922827447,0.18476190476190474,0.9493728922827447,0.44382390012610484,48028.4,1.108733336114518,120.0,0.5253824291807269,,1.1262779339727786,0.46900692265110644,8.0,1.0951805317401029,8.0,1.052268589168245,2.5461321999999655,2.881141683086753,,5,6
dominant_regression,regression,caruana,100.0,,,,,0.10333333333333333,10.333333333333334,,,15.166666666666666,256.0,0.012626965491411533,21774.218859795477,39.0,,0.8312920512087333,0.9677240862934883,0.806279067507551,0.10839002267573693,0.806279067507551,0.3546788040555733,30620.666666666668,1.077375839635301,73.0,0.5113142653604675,,1.0782449857879333,0.48161600722644043,8.0,1.4578413366275604,5.0,1.0364263655746144,2.5356416666666064,2.8615527083165944,,6,6
dominant_regression,regression,catboost,,,,,,,,0.4524564999999825,,,256.0,0.00445442351823045,58810.77140236748,1600.0,,0.8335629746667141,,,,,,44897.333333333336,1.083056762040785,3100.0,0.514249498630016,240943104.0,,0.4784437563878667,,,100.0,1.0398433063513561,0.4524564999999825,0.5010836597066373,0.5010836597066373,6,6
dominant_regression,regression,certified_random,100.0,,,,,0.11200000000000002,11.2,,,19.8,256.0,0.0202995418105274,12674.77749022416,64.0,,0.8503178193732388,0.9763593820519502,0.9544878319577113,0.1874829931972789,0.9544878319577113,0.4480210517074449,48028.6,1.1122239583629674,120.0,0.5270534380238676,,1.12296510711251,0.4673214222976628,8.0,1.085085153992713,8.0,1.0539196321542295,2.5419966000000387,2.876232208684087,,5,6
dominant_regression,regression,coerror,100.0,,,,,0.11200000000000002,11.2,,,20.6,256.0,0.02223813342861826,11609.781827315295,64.0,,0.8455477992144658,0.9799179285106379,0.9552905638145204,0.17551020408163265,0.9552905638145204,0.45311583288733515,48028.6,1.104490649878271,120.0,0.5234266029238571,,1.113486253552379,0.47098620260598256,8.0,1.0835768385144107,8.0,1.05027842622385,2.5431992000000263,2.8812299504410475,,5,6
dominant_regression,regression,coerror_greedy,100.0,,,,,0.11200000000000002,11.2,,,20.6,256.0,0.02364385821856552,10980.330754317049,64.0,,0.8455477992144658,0.9799179285106379,0.9552905638145204,0.17551020408163265,0.9552905638145204,0.45311583288733515,48028.6,1.104490649878271,120.0,0.5234266029238571,,1.113486253552379,0.47098620260598256,8.0,1.0835768385144107,8.0,1.05027842622385,2.5438019999999826,2.8828070171643048,,5,6
dominant_regression,regression,coerror_no_cert,100.0,,,,,0.10333333333333333,10.333333333333334,,,21.0,256.0,0.022975409675079033,11209.331609541325,62.833333333333336,,0.8335725081833815,0.9768750546527714,0.8509361033278484,0.1414399092970521,0.8509361033278484,0.3757056360442197,47860.666666666664,1.085255114885589,117.66666666666667,0.5152465705601351,,1.0928545245593189,0.47746523651370326,8.0,1.3996110609989107,8.0,1.040870901660759,2.545879333333346,2.8764593199205897,,6,6
dominant_regression,regression,covariance_only,100.0,,,,,0.11200000000000002,11.2,,,20.6,256.0,0.02473547500558194,10423.516354693536,64.0,,0.8455477992144658,0.9799179285106379,0.9552905638145204,0.17551020408163265,0.9552905638145204,0.45311583288733515,48028.6,1.104490649878271,120.0,0.5234266029238571,,1.113486253552379,0.47098620260598256,8.0,1.0835768385144107,8.0,1.05027842622385,2.5438570000000027,2.8797010756097734,,5,6
dominant_regression,regression,direct_squared,100.0,,,,,0.11200000000000002,11.2,,,20.6,256.0,0.02191826649941496,11771.023129893,64.0,,0.8455477992144658,0.9799179285106379,0.9552905638145204,0.17551020408163268,0.9552905638145204,0.45311583288733515,48029.0,1.104490649878271,120.0,0.5234266029238571,,1.113486253552379,0.47098620260598256,8.0,1.0835768385144104,8.0,1.05027842622385,2.5448953999999957,2.882160517666489,,5,6
dominant_regression,regression,et_shallow,,,,,,,,0.016095833333357217,,,256.0,0.005110423546284383,55654.83987545632,55.333333333333336,,0.8702205195425514,,,,,,13827.0,1.1901116862106236,102.66666666666667,0.5645468941906056,236574037.33333334,,0.4276683615331545,,,8.0,1.0891935181442562,0.016095833333357217,0.01888142363168295,0.01888142363168295,6,6
dominant_regression,regression,extra_trees,,,,,,,,1.1143324999999702,,,256.0,0.03901397925801572,6575.31433280461,102400.0,,0.8314947959165275,,,,,,14810979.0,1.057678029731551,204544.0,0.5024570528858809,236131669.33333334,,0.4905482223862394,,,256.0,1.0269424550894877,1.1143324999999702,1.2483818470112358,1.2483818470112358,6,6
dominant_regression,regression,lightgbm,,,,,,,,0.10019516666668926,,,256.0,0.006715722149237934,38207.86209036762,1486.3333333333333,,0.8588427038823997,,,,,,152008.33333333334,1.1426479937328708,2872.6666666666665,0.5427270055847034,240484352.0,,0.449607522619979,,,100.0,1.0680190414284285,0.10019516666668926,0.11529438884463157,0.11529438884463157,6,6
dominant_regression,regression,minimax,100.0,,,,,0.11200000000000002,11.2,,,20.6,256.0,0.0236398668494075,11083.909102961059,64.0,,0.8463108502685609,0.9712797495971779,0.9514218943118615,0.17741496598639456,0.9514218943118615,0.44628967011631426,48028.4,1.1038143985008175,120.0,0.523289945842785,,1.1232725735766758,0.47111024053284095,8.0,1.0913292909034658,8.0,1.0500246601526055,2.544352200000003,2.878071258449927,,5,6
dominant_regression,regression,prediction_correlation,100.0,,,,,0.11200000000000002,11.2,,,20.0,256.0,0.02311030831187958,11130.781025725508,64.0,,0.8485556506642359,0.9766489241474614,0.9494250457627473,0.18476190476190474,0.9494250457627473,0.4443631560809818,48028.4,1.109501675377296,120.0,0.525752268634834,,1.1252783994770204,0.4686367342944485,8.0,1.095114490571611,8.0,1.052636309040463,2.544409400000018,2.8785354252904654,,5,6
dominant_regression,regression,quality_diversity,100.0,,,,,0.11200000000000002,11.2,,,19.6,256.0,0.020887108054011998,12335.515769416115,64.0,,0.846999300307246,0.9813169453453471,0.9594713292943651,0.1850340136054422,0.9594713292943651,0.45442546119550997,48027.6,1.1078174214623313,120.0,0.5250002852360861,,1.1151179185527713,0.4693908232853804,8.0,1.075137710168275,8.0,1.0518519738538612,2.546219600000063,2.8806743167340754,,5,6
dominant_regression,regression,random_forest,,,,,,,,1.8209726666666672,,,256.0,0.037582083488814484,6837.905942864021,64791.833333333336,,0.8321265636549943,,,,,,9395403.0,1.0766562063186897,129327.66666666667,0.5105790549201158,236888064.0,,0.4823610592976287,,,256.0,1.0359202967438417,1.8209726666666672,2.043426715225602,2.043426715225602,6,6
dominant_regression,regression,random_patches,,,,,,,,0.048154000000010834,,,256.0,0.021837673693274436,11860.357971973848,56.666666666666664,,1.085241547453249,,,,,,34172.0,1.8733803829624558,105.33333333333333,0.8899751984608028,236606805.33333334,,0.09718787361669586,,,8.0,1.3674222952135227,0.048154000000010834,0.07996386111093061,0.07996386111093061,6,6
dominant_regression,regression,random_subspace,100.0,,,,,0.10333333333333333,10.333333333333334,,,23.166666666666668,256.0,0.021866576474470333,11795.738710664555,58.0,,1.0788414522627827,0.942489321034501,0.822221466147656,0.05357142857142851,0.822221466147656,-0.043661057739184696,47164.166666666664,1.8728229232387539,108.0,0.8900889640497504,,1.8631728161952885,0.09670765595257232,8.0,1.3013298846547783,8.0,1.3669029526406558,0.048782999999976505,0.056196159721973,,6,6
dominant_regression,regression,rf_shallow,,,,,,,,0.03399333333332299,,,256.0,0.0038226527782777332,67650.41007594841,62.333333333333336,,0.8395030031603458,,,,,,14835.0,1.0916923071469893,116.66666666666667,0.5179557889371706,236606805.33333334,,0.47491275310091213,,,8.0,1.0431787656203861,0.03399333333332299,0.03845150691146647,0.03845150691146647,6,6
dominant_regression,regression,shrinkage,100.0,,,,,0.11200000000000002,11.2,,,20.4,256.0,0.02224095803685482,11582.055209967686,64.0,,0.84622835460922,0.9802300549356779,0.9556459698643625,0.1782312925170068,0.9556459698643625,0.4532979765694011,48028.4,1.106157480237353,120.0,0.5241199438392767,,1.113523338498501,0.47029018555773827,8.0,1.0827919341949137,8.0,1.0510336296785807,2.5429126000000224,2.877978367637843,,5,6
dominant_regression,regression,signed_correlation,100.0,,,,,0.11200000000000002,11.2,,,19.8,256.0,0.02049510003998872,12526.353112671499,64.0,,0.8488253795052778,0.9772900873792689,0.9493728922827447,0.18476190476190474,0.9493728922827447,0.44382390012610484,48028.4,1.108733336114518,120.0,0.5253824291807269,,1.1262779339727786,0.46900692265110644,8.0,1.0951805317401029,8.0,1.052268589168245,2.546382599999947,2.8824651418719442,,5,6
dominant_regression,regression,top_no_cert,100.0,,,,,0.10333333333333333,10.333333333333334,,,20.0,256.0,0.0214762986482431,11991.765074322773,63.0,,0.8373707438308897,0.979410067729597,0.933910741458943,0.1731859410430839,0.933910741458943,0.43026454272999387,47884.166666666664,1.0888044636944374,118.0,0.5172915729215778,,1.1139916859238996,0.47535859811318054,8.0,1.1444855692972133,8.0,1.0426874653905205,2.545934000000083,2.8799582780726873,,6,6
dominant_regression,regression,top_quality,100.0,,,,,0.11200000000000002,11.2,,,19.6,256.0,0.02249050848186014,11537.941314495654,64.0,,0.846999300307246,0.9813169453453471,0.9594713292943651,0.1850340136054422,0.9594713292943651,0.45442546119550997,48028.0,1.1078174214623313,120.0,0.5250002852360861,,1.1151179185527713,0.4693908232853804,8.0,1.0751377101682749,8.0,1.0518519738538612,2.5414854000000786,2.8755700417794285,,5,6
dominant_regression,regression,xgboost,,,,,,,,0.38571533333331826,,,256.0,0.0036753958556800504,71566.26819583365,1411.6666666666667,,0.8653312011908723,,,,,,172241.16666666666,1.1519440945211592,2723.3333333333335,0.5454537657005979,239217322.66666666,,0.44699943059541297,,,100.0,1.0712886258265006,0.38571533333331826,0.4304334306313346,0.4304334306313346,6,6
mixed_binary,binary,abs_correlation,100.0,0.6846622392872722,0.6723986336489846,0.6164008141658066,0.2300304841480937,0.22666666666666668,22.666666666666668,,0.06207222818527112,21.5,256.0,0.020889340317808036,12374.289173373452,62.0,0.6520091351039431,,0.9010449243535649,0.8313843350624678,0.07539682539682535,0.8313843350624678,0.6006956796816881,49337.166666666664,,116.0,0.9217707191596715,,0.22118572637616452,,8.0,1.368506456229321,8.0,,2.98137699999999,3.3363077990555516,,6,6
mixed_binary,binary,caruana,100.0,0.6802318353755487,0.6840111841746284,0.6385795277494603,0.22592451597868568,0.22666666666666668,22.666666666666668,,0.06478585410580386,18.166666666666668,256.0,0.016799527996530082,16498.308241508075,49.0,0.6433150718516051,,0.9283477810989459,0.836652913802966,0.08622071050642473,0.836652913802966,0.6217069891772187,39473.833333333336,,91.66666666666667,0.9053022563635434,,0.21412327970922615,,8.0,1.3289670600720564,6.333333333333333,,2.968390499999998,3.3188718403689563,,6,6
mixed_binary,binary,catboost,,0.7642068762473778,0.7464849711356578,0.6708214281507993,0.20576336175981988,,,0.47800500000001495,0.07512208162245203,,256.0,0.0037632920236016,68699.60333819508,1600.0,0.5978806352560027,,,,,,,45519.333333333336,,3100.0,0.8245362295461037,240730112.0,,,,,100.0,,0.47800500000001495,0.5297992706376439,0.5297992706376439,6,6
mixed_binary,binary,certified_random,100.0,0.6544401013646933,0.6428168531105597,0.5980983920961737,0.2351605415701513,0.22666666666666668,22.666666666666668,,0.05839585025647625,21.166666666666668,256.0,0.0227045973297208,11428.525663943357,61.0,0.6628310383907777,,0.9370305796567896,0.8547823014267242,0.08219954648526072,0.8547823014267242,0.5917077711030699,49180.333333333336,,114.0,0.9423476639309003,,0.22850634380205562,,8.0,1.3069933003455916,8.0,,2.9709191666666093,3.3224061186192557,,6,6
mixed_binary,binary,coerror,100.0,0.6734196542941251,0.6655651271403925,0.6128954360872015,0.23059503894941014,0.22666666666666668,22.666666666666668,,0.0662894404482147,21.666666666666668,256.0,0.022323555701101783,11659.010606850512,61.333333333333336,0.6530338471530174,,0.9521569259575352,0.8437398097513872,0.07925170068027206,0.8437398097513872,0.6158468772627992,49233.333333333336,,114.66666666666667,0.9240442590840887,,0.21674147928598883,,8.0,1.3362352879412873,8.0,,2.9711696666666776,3.3241645629362515,,6,6
mixed_binary,binary,coerror_greedy,100.0,0.6734196542941251,0.6655651271403925,0.6128954360872015,0.23059503894941014,0.22666666666666668,22.666666666666668,,0.0662894404482147,21.666666666666668,256.0,0.02148013899568463,12064.640976023722,61.333333333333336,0.6530338471530174,,0.9521569259575352,0.8437398097513872,0.07925170068027206,0.8437398097513872,0.6158468772627992,49233.333333333336,,114.66666666666667,0.9240442590840887,,0.21674147928598883,,8.0,1.3362352879412873,8.0,,2.9710626666666635,3.321002881973982,,6,6
mixed_binary,binary,coerror_no_cert,100.0,0.6734196542941251,0.6655651271403925,0.6128954360872015,0.23059503894941014,0.22666666666666668,22.666666666666668,,0.0662894404482147,21.666666666666668,256.0,0.022020576366533786,11801.749456468262,61.333333333333336,0.6530338471530174,,0.9521569259575352,0.8437398097513872,0.07925170068027206,0.8437398097513872,0.6158468772627992,49233.333333333336,,114.66666666666667,0.9240442590840887,,0.21674147928598883,,8.0,1.3362352879412873,8.0,,2.9697971666666376,3.319441674199576,,6,6
mixed_binary,binary,covariance_only,100.0,0.6734196542941251,0.6655651271403925,0.6128954360872015,0.23059503894941014,0.22666666666666668,22.666666666666668,,0.0662894404482147,21.666666666666668,256.0,0.022728360840119366,11370.433264506491,61.333333333333336,0.6530338471530174,,0.9521569259575352,0.8437398097513872,0.07925170068027206,0.8437398097513872,0.6158468772627992,49233.666666666664,,114.66666666666667,0.9240442590840887,,0.21674147928598883,,8.0,1.3362352879412873,8.0,,2.9700743333333057,3.3193973335437477,,6,6
mixed_binary,binary,direct_auroc,100.0,0.6604853050763698,0.6522762772064251,0.6006771985558997,0.2356252296897283,0.22666666666666668,22.666666666666668,,0.0558901360777142,23.666666666666668,256.0,0.021806701164071716,11898.173576479147,58.666666666666664,0.663822922309753,,0.9235402013923509,0.8513940866061734,0.04761904761904757,0.8513940866061734,0.5904052410782911,48803.5,,109.33333333333333,0.9441705363335773,,0.22148376327889352,,8.0,1.3151385253672865,8.0,,3.1130638333333422,3.4961531875499836,,6,6
mixed_binary,binary,direct_squared,100.0,0.6734196542941251,0.665573463808393,0.6128954360872015,0.2305950389494101,0.22666666666666668,22.666666666666668,,0.06628944044821466,21.666666666666668,256.0,0.022175270753602132,11719.153423932983,61.333333333333336,0.6530338471530174,,0.9521569259575352,0.8437398097513872,0.07925170068027206,0.8437398097513872,0.6158468772627992,49233.333333333336,,114.66666666666667,0.9240442590840887,,0.21674147928598883,,8.0,1.3362352879412878,8.0,,2.9720581666666512,3.3217049307034663,,6,6
mixed_binary,binary,et_shallow,,0.6483002208739069,0.6381280862898379,0.5840272863918892,0.24030818135862253,,,0.0157561666666765,0.057159303627365286,,256.0,0.0043216734969367,61260.274141587586,55.0,0.673600937423814,,,,,,,15419.0,,102.0,0.962965872856618,239367509.33333334,,,,,8.0,,0.0157561666666765,0.017367117999431934,0.017367117999431934,6,6
mixed_binary,binary,extra_trees,,0.7398120347792826,0.7239441747315954,0.6592429434464032,0.2214471308390299,,,0.3944853333333261,0.08537434895833329,,256.0,0.03389301379987345,7565.787042354682,42190.166666666664,0.6344655928128592,,,,,,,6832325.666666667,,84124.33333333333,0.8873955349318131,238198784.0,,,,,256.0,,0.3944853333333261,0.4398388195162018,0.4398388195162018,6,6
mixed_binary,binary,lightgbm,,0.7064109928602491,0.6965554647700882,0.6367219329575097,0.2310451695012399,,,0.0961181666666751,0.10807476777634138,,256.0,0.0067436110693960835,38087.59973306965,1486.8333333333333,0.6656718696555394,,,,,,,181105.66666666666,,2873.6666666666665,0.9258970711565646,240082944.0,,,,,100.0,,0.0961181666666751,0.10804584719395881,0.10804584719395881,6,6
mixed_binary,binary,minimax,100.0,0.6833494818667797,0.6703516354177722,0.6217505306615311,0.23019445016978887,0.22666666666666668,22.666666666666668,,0.059246817258083395,20.666666666666668,256.0,0.021397243137471333,12072.032903336572,62.0,0.6523492736157321,,0.8833570452217909,0.8370955788495932,0.0747165532879818,0.8370955788495932,0.5960777057921539,49337.333333333336,,116.0,0.922428953204844,,0.22314399284393804,,8.0,1.3532061410486957,8.0,,2.9805041666666434,3.3350753819492334,,6,6
mixed_binary,binary,prediction_correlation,100.0,0.660728871690254,0.6484081735900992,0.6024681066972769,0.2357513426742597,0.22666666666666668,22.666666666666668,,0.07154710585479095,23.333333333333332,256.0,0.02191771520301695,11788.167209289228,58.833333333333336,0.6641089477444777,,0.9253012839583373,0.8564663474215523,0.05430839002267568,0.8564663474215523,0.5806023582640719,48833.666666666664,,109.66666666666667,0.944699469575904,,0.22835279231608804,,8.0,1.3028450784661139,8.0,,2.9801934999999844,3.3296007227230198,,6,6
mixed_binary,binary,quality_diversity,100.0,0.6818435806367281,0.6615772566359962,0.6180269299011766,0.23219227557917962,0.22666666666666668,22.666666666666668,,0.07745396835318409,21.166666666666668,256.0,0.021810527813310384,11816.753466142924,61.666666666666664,0.656017193255271,,0.9620246420540082,0.8575608011144932,0.1140022675736961,0.8575608011144932,0.6243785866280972,49282.166666666664,,115.33333333333333,0.9304572972897404,,0.21923723522782998,,8.0,1.2983661612591904,8.0,,2.9771800000000135,3.3318446669339514,,6,6
mixed_binary,binary,random_forest,,0.721708067127257,0.7050883288936441,0.6457759380453569,0.22253615061442053,,,0.6392120000000053,0.06857096354166663,,256.0,0.028714430673668717,8921.934125228885,15181.5,0.6361825511230935,,,,,,,2510939.0,,30107.0,0.8917648661550541,239413930.66666666,,,,,256.0,,0.6392120000000053,0.7093033749066914,0.7093033749066914,6,6
mixed_binary,binary,random_patches,,0.5946524442419282,0.5750061301679849,0.5642675361960232,0.2458096244951802,,,0.05028399999999537,0.06821838082472487,,256.0,0.022933389099004317,11294.296800564645,53.5,0.6847661978907095,,,,,,,35180.0,,99.0,0.9850116239863586,239288320.0,,,,,8.0,,0.05028399999999537,0.056375659652985605,0.056375659652985605,6,6
mixed_binary,binary,random_subspace,100.0,0.6186582780090276,0.5877525189190665,0.5655829687337054,0.24390162089988596,0.22666666666666668,22.666666666666668,,0.03743962246764022,23.166666666666668,256.0,0.021821972331963434,11878.862982258646,59.666666666666664,0.6807690397711598,,0.9306793508879442,0.8790932025417248,0.05357142857142851,0.8790932025417248,0.5354048092190422,48964.166666666664,,111.33333333333333,0.9773666887109315,,0.2425249080166925,,8.0,1.246880065380428,8.0,,0.05231500000000245,0.05870936834253369,,6,6
mixed_binary,binary,rf_shallow,,0.6443505623165685,0.6157910569130918,0.577554377833028,0.23844541075362827,,,0.02206616666666145,0.05268843251124483,,256.0,0.0036439445102587,71015.07780485565,58.0,0.6694065074888425,,,,,,,15899.0,,108.0,0.955523312990949,239375701.33333334,,,,,8.0,,0.02206616666666145,0.02343379155111805,0.02343379155111805,6,6
mixed_binary,binary,shrinkage,100.0,0.6720199462522901,0.6620182514116452,0.6121432618065432,0.23143392053468692,0.22666666666666668,22.666666666666668,,0.0632663510498138,21.333333333333332,256.0,0.020415777689777283,12677.628960850352,61.0,0.6546959175797796,,0.9620246420540082,0.847516663822169,0.0867913832199546,0.847516663822169,0.6172619783655537,49180.166666666664,,114.0,0.9274110907826062,,0.216800951992317,,8.0,1.3261416420221075,8.0,,2.9706789999999805,3.320996694150381,,6,6
mixed_binary,binary,signed_correlation,100.0,0.6846622392872722,0.6723986336489846,0.6164008141658066,0.2300304841480937,0.22666666666666668,22.666666666666668,,0.06207222818527112,21.5,256.0,0.02314361801836635,11286.19468146807,62.0,0.6520091351039431,,0.9010449243535649,0.8313843350624678,0.07539682539682535,0.8313843350624678,0.6006956796816881,49337.166666666664,,116.0,0.9217707191596715,,0.22118572637616452,,8.0,1.368506456229321,8.0,,2.9812854999999936,3.334698132200477,,6,6
mixed_binary,binary,top_no_cert,100.0,0.6818435806367281,0.6615772566359962,0.6180269299011766,0.23219227557917962,0.22666666666666668,22.666666666666668,,0.07745396835318409,21.166666666666668,256.0,0.021926659663828684,11755.252366585753,61.666666666666664,0.656017193255271,,0.9620246420540082,0.8575608011144932,0.11400226757369612,0.8575608011144932,0.6243785866280972,49282.333333333336,,115.33333333333333,0.9304572972897404,,0.21923723522782998,,8.0,1.2983661612591904,8.0,,2.9697241666666514,3.321615999797359,,6,6
mixed_binary,binary,top_quality,100.0,0.6818435806367281,0.6615772566359962,0.6180269299011766,0.23219227557917962,0.22666666666666668,22.666666666666668,,0.07745396835318409,21.166666666666668,256.0,0.0226197637772808,11472.010460694204,61.666666666666664,0.656017193255271,,0.9620246420540082,0.8575608011144932,0.11400226757369612,0.8575608011144932,0.6243785866280972,49282.333333333336,,115.33333333333333,0.9304572972897404,,0.21923723522782998,,8.0,1.2983661612591904,8.0,,2.969514999999982,3.3196324857805544,,6,6
mixed_binary,binary,xgboost,,0.7003882623135285,0.6952930927348508,0.6476912328172975,0.22569084495850075,,,0.3154670000000313,0.08637355127682285,,256.0,0.003523256862536017,73286.00339755465,1222.6666666666667,0.647987832625707,,,,,,,159393.5,,2345.3333333333335,0.9044256932222264,240683690.66666666,,,,,100.0,,0.3154670000000313,0.35758235402560484,0.35758235402560484,6,6
mixed_regression,regression,caruana,100.0,,,,,0.0016666666666666668,0.16666666666666666,,,16.666666666666668,256.0,0.016755993012338852,15700.451903136543,47.166666666666664,,1.1149347611164167,0.9089457091018877,0.8335385224542469,0.0962585034013605,0.8335385224542469,-0.016595108928080148,37167.0,1.882209482577937,88.16666666666667,0.9027474467174793,,1.8159463024807552,0.09118650113267207,8.0,1.3427106694428763,6.166666666666667,1.3709682757501127,2.5090216666667025,2.807875694318985,,6,6
mixed_regression,regression,catboost,,,,,,,,0.44996783333336526,,,256.0,0.004430618137121167,59444.884141349896,1600.0,,1.0595916247454131,,,,,,44914.666666666664,1.6941477314575069,3100.0,0.8136643304980441,244959914.66666666,,0.18090042013285335,,,100.0,1.3010352879375837,0.44996783333336526,0.5116559305073073,0.5116559305073073,6,6
mixed_regression,regression,coerror_no_cert,100.0,,,,,0.0016666666666666668,0.16666666666666666,,,20.333333333333332,256.0,0.020771604341765216,12499.64770832034,60.833333333333336,,1.1149842840953637,0.9338551775568869,0.8399146893450443,0.09240362811791379,0.8399146893450443,-0.019373794216965164,47572.666666666664,1.8848177847988665,113.66666666666667,0.9043007838344693,,1.8228234601922404,0.0896331671137821,8.0,1.3479783847383988,8.0,1.372032393060805,2.5132021666666637,2.8149467918168134,,6,6
mixed_regression,regression,et_shallow,,,,,,,,0.01639566666665355,,,256.0,0.004642187578914033,58617.87572594084,60.333333333333336,,1.1206386904375372,,,,,,14547.0,1.8911706243883257,112.66666666666667,0.907071688138601,239798954.66666666,,0.08682387050019315,,,8.0,1.3742741465706019,0.01639566666665355,0.01781718048732725,0.01781718048732725,6,6
mixed_regression,regression,extra_trees,,,,,,,,1.093147333333339,,,256.0,0.03917334709937368,6573.107564056342,102400.0,,1.0767391171684493,,,,,,14810979.0,1.7527587890169884,204544.0,0.8416718989922592,240667306.66666666,,0.15275467659963096,,,256.0,1.3233147319616974,1.093147333333339,1.2227700624692563,1.2227700624692563,6,6
mixed_regression,regression,lightgbm,,,,,,,,0.10111099999998407,,,256.0,0.007552680675871633,34182.978216464,1488.3333333333333,,1.0759582239310777,,,,,,151917.5,1.7876925521116753,2876.6666666666665,0.8614707735544108,244094293.33333334,,0.13301735480688162,,,100.0,1.3364980298099784,0.10111099999998407,0.11810661821315681,0.11810661821315681,6,6
mixed_regression,regression,random_forest,,,,,,,,1.8938893333333529,,,256.0,0.03587452077772465,7161.922514288184,64791.833333333336,,1.0798117899854744,,,,,,9395403.0,1.7610560004592184,129327.66666666667,0.8460483741908971,239826261.33333334,,0.14836973248849264,,,256.0,1.3265451248366116,1.8938893333333529,2.1202230833781264,2.1202230833781264,6,6
mixed_regression,regression,random_patches,,,,,,,,0.04582200000004375,,,256.0,0.0228127640827248,11316.591815773352,54.0,,1.1583248718305632,,,,,,33788.0,2.034395208068497,100.0,0.9762589080125671,239823530.66666666,,0.01719896400293912,,,8.0,1.4255397744412939,0.04582200000004375,0.05141363898292178,0.05141363898292178,6,6
mixed_regression,regression,random_subspace,100.0,,,,,0.0016666666666666668,0.16666666666666666,,,23.166666666666668,256.0,0.022397937524753265,11626.192164462387,57.666666666666664,,1.157155857697939,0.9285099771750537,0.871572862729418,0.05357142857142851,0.871572862729418,-0.10954064755038796,47116.166666666664,2.0302295809269943,107.33333333333333,0.9741252661609637,,2.047083695780278,0.019366503364316865,8.0,1.2656353187212768,8.0,1.423997593092241,0.04810483333331675,0.054834180278703536,,6,6
mixed_regression,regression,rf_shallow,,,,,,,,0.03619116666662114,,,256.0,0.004268291639164049,60449.83383508413,59.833333333333336,,1.1114925439205712,,,,,,14475.0,1.8562455788648429,111.66666666666667,0.8915188298812019,239932757.33333334,,0.10260147205215392,,,8.0,1.3618246063103727,0.03619116666662114,0.043383604031987454,0.043383604031987454,6,6
mixed_regression,regression,top_no_cert,100.0,,,,,0.0016666666666666668,0.16666666666666666,,,19.833333333333332,256.0,0.021454736435164965,12080.351796827563,58.333333333333336,,1.1341357287344922,0.9631677441801477,0.8835171629283788,0.12108843537414961,0.8835171629283788,-0.0037138787832262164,47212.333333333336,1.954359778281671,108.66666666666667,0.9369241816188048,,1.8748791838940413,0.05672630400393788,8.0,1.2374665547085992,8.0,1.3967131965780293,2.5115986666666763,2.8099284167013443,,6,6
mixed_regression,regression,xgboost,,,,,,,,0.3680896666666816,,,256.0,0.003683395800180667,70728.40017124635,1341.3333333333333,,1.1032202723533555,,,,,,167458.16666666666,1.8295276890878795,2582.6666666666665,0.8802298056390709,243417088.0,,0.11409710929567117,,,100.0,1.351901948404339,0.3680896666666816,0.4110266943462193,0.4110266943462193,6,6
null_binary,binary,abs_correlation,100.0,0.5751979330703049,0.5353317986187569,0.5283755379841857,0.2493660149924043,0.13,13.0,,0.0343060500358577,24.0,256.0,0.0249542910605669,10258.756675501576,62.0,0.6917696356416198,,0.9162828916459748,0.8635328677930414,0.0527210884353741,0.8635328677930414,0.575381906215594,49341.0,,116.0,0.9983625862972848,,0.2315893877778623,,8.0,1.2862732192666086,8.0,,3.100998000000004,3.646245958982035,,1,6
null_binary,binary,caruana,100.0,0.5401657684544477,0.5287810345978047,0.5167431521702865,0.25266463102484965,0.05833333333333334,5.833333333333333,,0.05176310263676365,19.333333333333332,256.0,0.019636118008444652,13633.342549038372,49.333333333333336,0.6989097393021577,,0.9345555399317867,0.8946234792067354,0.0653250188964474,0.8946234792067354,0.555015900658559,41863.0,,91.83333333333333,1.011114624073952,,0.2358450575413635,,8.0,1.20492717124369,6.833333333333333,,2.992747333333322,3.371629194744552,,6,6
null_binary,binary,catboost,,0.5289048365795919,0.5215585193340674,0.5233877156107164,0.25688440080400826,,,0.48402233333333317,0.07261345176109217,,256.0,0.004213055867391283,63316.3246293845,1600.0,0.708246693867232,,,,,,,45510.0,,3100.0,1.0279965005645042,229610837.33333334,,,,,100.0,,0.48402233333333317,0.5793013679018865,0.5793013679018865,6,6
null_binary,binary,certified_random,100.0,0.5666068940770592,0.5528976078470623,0.5277749974977479,0.2487005295666786,0.13,13.0,,0.0586807197058811,23.0,256.0,0.0221836671698838,11540.021676287186,64.0,0.6907299356881904,,0.9205943085185132,0.8721911270964118,0.0748299319727891,0.8721911270964118,0.5706260634571114,49661.0,,120.0,0.9956982466887344,,0.2336675094932115,,8.0,1.2645340857191345,8.0,,3.1037549999999783,3.661818874999881,,1,6
null_binary,binary,coerror,100.0,0.5275282408364053,0.5094084676208588,0.4565108597737964,0.2529950220355452,0.13,13.0,,0.1021187994837115,21.0,256.0,0.0226276251487433,11313.604424555211,61.0,0.6992640239057928,,0.9273577141029378,0.8770900963871116,0.0731292517006802,0.8770900963871116,0.5796904714242819,49180.0,,114.0,1.0128916906637784,,0.2293464831840867,,8.0,1.253813297534841,8.0,,3.09312100000011,3.6373990844003856,,1,6
null_binary,binary,coerror_greedy,100.0,0.5600414492093867,0.544990491442298,0.55264738264438,0.2505073184789549,0.13,13.0,,0.0533940581339841,22.0,256.0,0.0219170830678194,11680.386445944578,61.0,0.6943248751555932,,0.9273577141029378,0.8753864328897062,0.0629251700680272,0.8753864328897062,0.5804317635872285,49180.0,,114.0,1.0029319126371934,,0.22944163122899,,8.0,1.2576762273598838,8.0,,3.0952690000000302,3.6410692501813178,,1,6
null_binary,binary,coerror_no_cert,100.0,0.5451113400428061,0.5288324383611918,0.5041658325826578,0.2508173530863174,0.05833333333333334,5.833333333333333,,0.060034209429675384,21.666666666666668,256.0,0.0208929652969042,12338.34034604551,57.666666666666664,0.6949538933800533,,0.938351395171118,0.8935036899488944,0.07029478458049883,0.8935036899488944,0.5521333426646482,48646.666666666664,,107.33333333333333,1.0037204127164105,,0.23645580374982844,,8.0,1.21511746996058,8.0,,3.0003115000000093,3.379883424534152,,6,6
null_binary,binary,covariance_only,100.0,0.5275282408364053,0.5094084676208588,0.4565108597737964,0.2529950220355452,0.13,13.0,,0.1021187994837115,21.0,256.0,0.0222226658370345,11519.770034671994,61.0,0.6992640239057928,,0.9273577141029378,0.8770900963871116,0.0731292517006802,0.8770900963871116,0.5796904714242819,49180.0,,114.0,1.0128916906637784,,0.2293464831840867,,8.0,1.253813297534841,8.0,,3.0935389999999643,3.641139709157869,,1,6
null_binary,binary,direct_auroc,100.0,0.534907504888109,0.5196346461815634,0.5283400060054048,0.25202490118742144,0.05833333333333334,5.833333333333333,,0.048546992399653904,23.0,256.0,0.0198964168472836,12891.921844842896,57.833333333333336,0.6975480765803995,,0.9334411400904034,0.895737963624295,0.05300453514739223,0.895737963624295,0.5461935770057634,48670.666666666664,,107.66666666666667,1.0085534453386924,,0.23814176421707214,,8.0,1.209705924079853,8.0,,3.1326768333334107,3.5401752218992137,,6,6
null_binary,binary,direct_squared,100.0,0.5600414492093867,0.544990491442298,0.55264738264438,0.2505073184789549,0.13,13.0,,0.0533940581339841,22.0,256.0,0.0241972911171615,10579.696659451123,61.0,0.6943248751555932,,0.9273577141029378,0.8753864328897063,0.0629251700680272,0.8753864328897063,0.5804317635872285,49180.0,,114.0,1.0029319126371934,,0.22944163122899,,8.0,1.2576762273598838,8.0,,3.098753999999986,3.659469791222364,,1,6
null_binary,binary,et_shallow,,0.5135945744837237,0.4914901878357188,0.49146798785573687,0.25149446560919053,,,0.015906333333380915,0.03701162603075233,,256.0,0.005009555684712983,54246.42651233858,55.333333333333336,0.6961708030152384,,,,,,,15472.333333333334,,102.66666666666667,1.006430749704659,228343808.0,,,,,8.0,,0.015906333333380915,0.017794819199480068,0.017794819199480068,6,6
null_binary,binary,extra_trees,,0.5268966368104538,0.5181933239915925,0.49664156073799753,0.2518206151326497,,,0.410260166666679,0.06606445312499996,,256.0,0.0335118126822635,7652.997324754695,44158.166666666664,0.6969296392207819,,,,,,,7147205.666666667,,88060.33333333333,1.0077322907012387,228382037.33333334,,,,,256.0,,0.410260166666679,0.46303838196521,0.46303838196521,6,6
null_binary,binary,lightgbm,,0.5130345229305714,0.5102255162980015,0.507295148967404,0.2868458252856494,,,0.09914466666670778,0.17270473681124768,,256.0,0.00728818048567815,35365.16640124303,1484.1666666666667,0.787383901524669,,,,,,,181140.33333333334,,2868.3333333333335,1.14788452561553,229446997.33333334,,,,,100.0,,0.09914466666670778,0.12162913180266811,0.12162913180266811,6,6
null_binary,binary,minimax,100.0,0.5245547753655644,0.4933440096086477,0.486838154338905,0.2561604133741835,0.13,13.0,,0.0762435847736806,22.0,256.0,0.0203446249943226,12583.1761495451,62.0,0.7058552340438397,,0.904613619756978,0.868539242145787,0.0765306122448979,0.868539242145787,0.5719663321989791,49341.0,,116.0,1.0255646616922571,,0.2332051026711596,,8.0,1.2743618650199413,8.0,,3.0971960000000536,3.641409958479926,,1,6
null_binary,binary,prediction_correlation,100.0,0.5921885147928032,0.5476428785907317,0.5174657191472325,0.248874886018223,0.13,13.0,,0.042020408038222,25.0,256.0,0.0218329580966383,11725.392357136296,62.0,0.6908517549496884,,0.9057579073745664,0.8689324627624585,0.0459183673469387,0.8689324627624585,0.571301671504354,49341.0,,116.0,0.9963963007435614,,0.2325783904987208,,8.0,1.2727514477783703,8.0,,3.0985430000000633,3.642682291334495,,1,6
null_binary,binary,quality_diversity,100.0,0.5526117852075437,0.5266239615654089,0.5174657191472325,0.2518404466222549,0.13,13.0,,0.0477647291483262,21.0,256.0,0.0238493748474866,10734.033979384529,61.0,0.6968981875897867,,0.9273577141029378,0.8799814450029183,0.0799319727891156,0.8799814450029183,0.583045053047743,49181.0,,114.0,1.008269228794935,,0.2303600404260417,,8.0,1.2466805197880972,8.0,,3.0958030000000463,3.638199251145125,,1,6
null_binary,binary,random_forest,,0.5171798097948868,0.49964306125512964,0.49598113301971775,0.2552936045328776,,,0.6641304999999988,0.06466796874999993,,256.0,0.029757639005159302,8630.76619220659,16060.0,0.7040774021084323,,,,,,,2651499.0,,31864.0,1.0216259563823913,228526762.66666666,,,,,256.0,,0.6641304999999988,0.750574590327839,0.750574590327839,6,6
null_binary,binary,random_patches,,0.5181474700319962,0.508204286357722,0.511568745204017,0.2543580188612646,,,0.0498373333333006,0.0601360159173725,,256.0,0.0223281320262079,11559.459182227998,53.833333333333336,0.7022661044520521,,,,,,,35233.333333333336,,99.66666666666667,1.0178911317975405,228379306.66666666,,,,,8.0,,0.0498373333333006,0.05711198617548988,0.05711198617548988,6,6
null_binary,binary,random_subspace,100.0,0.5193167742981061,0.505880502452207,0.5065399693057084,0.2537571065270984,0.05833333333333334,5.833333333333333,,0.052079655486919396,23.166666666666668,256.0,0.02306007628794755,11272.328764022817,58.333333333333336,0.7009486236984311,,0.9381055352321059,0.9015400779168482,0.05357142857142851,0.9015400779168482,0.49536088758528507,48750.833333333336,,108.66666666666667,1.0154844640435774,,0.25537315760526064,,8.0,1.19675590091672,8.0,,0.052659499999985315,0.06042127773010478,,6,6
null_binary,binary,rf_shallow,,0.5483748825913558,0.5333443374036633,0.5121716211256798,0.25220028370508835,,,0.02268916666666118,0.07224800781276464,,256.0,0.0041805135939890666,63491.22533158399,57.666666666666664,0.6978797120753173,,,,,,,15845.666666666666,,107.33333333333333,1.0092527097678647,228352000.0,,,,,8.0,,0.02268916666666118,0.027227187529206234,0.027227187529206234,6,6
null_binary,binary,shrinkage,100.0,0.5275282408364053,0.5094084676208588,0.4565108597737964,0.2529950220355452,0.13,13.0,,0.1021187994837115,21.0,256.0,0.0229538329876959,11152.821410577704,61.0,0.6992640239057928,,0.9273577141029378,0.8770900963871116,0.0731292517006802,0.8770900963871116,0.5796904714242819,49180.0,,114.0,1.0128916906637784,,0.2293464831840867,,8.0,1.253813297534841,8.0,,3.093953000000056,3.635506626218558,,1,6
null_binary,binary,signed_correlation,100.0,0.5751979330703049,0.5353317986187569,0.5283755379841857,0.2493660149924043,0.13,13.0,,0.0343060500358577,24.0,256.0,0.0185893329326063,13771.33869881727,62.0,0.6917696356416198,,0.9162828916459748,0.8635328677930414,0.0527210884353741,0.8635328677930414,0.575381906215594,49341.0,,116.0,0.9983625862972848,,0.2315893877778623,,8.0,1.2862732192666086,8.0,,3.0982520000000022,3.6425939593464136,,1,6
null_binary,binary,top_no_cert,100.0,0.5267417019162609,0.5195082791178728,0.5183157341607446,0.25550439664205193,0.05833333333333334,5.833333333333333,,0.0644873068512459,19.166666666666668,256.0,0.023518624909532534,10915.30069272319,58.166666666666664,0.7065198158844804,,0.9463344905893397,0.8978818236889253,0.10969387755102035,0.8978818236889253,0.560962260513629,48727.0,,108.33333333333333,1.0224741676765798,,0.23887623032175065,,8.0,1.2053106838391665,8.0,,2.990283833333308,3.3653501321484023,,6,6
null_binary,binary,top_quality,100.0,0.5526117852075437,0.5266239615654089,0.5174657191472325,0.2518404466222548,0.13,13.0,,0.0477647291483261,21.0,256.0,0.0307969581335783,8312.50927087114,61.0,0.6968981875897866,,0.9273577141029378,0.8799814450029185,0.0799319727891156,0.8799814450029185,0.583045053047743,49181.0,,114.0,1.0082692287949349,,0.2303600404260417,,8.0,1.2466805197880977,8.0,,3.095224000000144,3.641184458509088,,1,6
null_binary,binary,xgboost,,0.5182513167221842,0.5090670336636306,0.5081482500917492,0.2769512460725409,,,0.30226933333335637,0.14886818693950768,,256.0,0.003837541560642367,68105.69015061563,1156.8333333333333,0.7577333947022756,,,,,,,154914.5,,2213.6666666666665,1.1082997788019013,230697642.66666666,,,,,100.0,,0.30226933333335637,0.3567863958111654,0.3567863958111654,6,6
null_regression,regression,caruana,100.0,,,,,0.0,0.0,,,19.5,256.0,0.01831897223989165,14492.263146472205,49.166666666666664,,0.8123859080499756,0.9138126094370668,0.8805597284335533,0.06394557823129247,0.8805597284335533,-0.05998496024575491,39756.166666666664,1.02975448844629,91.66666666666667,1.0270696335097687,,0.9519439018372556,-0.0388231726800141,8.0,1.233452753713505,6.666666666666667,1.013458748296517,2.546660999999972,2.878907708412347,,6,6
null_regression,regression,catboost,,,,,,,,0.45519649999999956,,,256.0,0.004731062334030833,55226.23254812073,1598.0,,0.8105281483595285,,,,,,44906.666666666664,1.0196081700862154,3096.0,1.01794075993469,241939797.33333334,,-0.029629046019808748,,,100.0,1.0086594712542802,0.45519649999999956,0.5432501039855803,0.5432501039855803,6,6
null_regression,regression,coerror_no_cert,100.0,,,,,0.0,0.0,,,21.666666666666668,256.0,0.01955624305022255,13244.972595151665,58.333333333333336,,0.8093663981596023,0.9255939146663555,0.8834148828934879,0.06780045351473918,0.8834148828934879,-0.0636516853363622,47212.0,1.0198185807215687,108.66666666666667,1.0175790915099039,,0.9550288345395589,-0.029210980432458965,8.0,1.2391174701998293,8.0,1.0086616413519514,2.5487161666666225,2.888776757288724,,6,6
null_regression,regression,et_shallow,,,,,,,,0.0167108333333203,,,256.0,0.00424721511080855,61488.26013567371,56.333333333333336,,0.8141517504367585,,,,,,13971.0,1.0179164855849194,104.66666666666667,1.014978247779046,232762026.66666666,,-0.026719782379270363,,,8.0,1.007522090262637,0.0167108333333203,0.021954201317081815,0.021954201317081815,6,6
null_regression,regression,extra_trees,,,,,,,,1.1451903333333462,,,256.0,0.0412454165052622,6227.931970220314,102400.0,,0.825870999246625,,,,,,14810979.0,1.0428504562425374,204544.0,1.040405921782159,228685141.33333334,,-0.05238245079828722,,,256.0,1.0199296904067399,1.1451903333333462,1.2809856108312185,1.2809856108312185,6,6
null_regression,regression,lightgbm,,,,,,,,0.09980600000001986,,,256.0,0.007559090348270983,34010.543999120935,1486.3333333333333,,0.8497735613096178,,,,,,152677.33333333334,1.122914489337852,2872.6666666666665,1.1229143273422764,241418240.0,,-0.1356446822107398,,,100.0,1.0587528122597945,0.09980600000001986,0.11493505553031959,0.11493505553031959,6,6
null_regression,regression,random_forest,,,,,,,,2.06730383333335,,,256.0,0.03625763199913002,7073.607530659653,64791.833333333336,,0.8213497399730744,,,,,,9395403.0,1.0402620710384227,129327.66666666667,1.0375896012110088,232816640.0,,-0.049378702383953,,,256.0,1.0186091089509393,2.06730383333335,2.2948550693302727,2.2948550693302727,6,6
null_regression,regression,random_patches,,,,,,,,0.0474506666666722,,,256.0,0.0222512706726168,11563.630817921905,54.5,,0.8075414118189889,,,,,,33860.0,1.0115620587953476,101.0,1.0085353431685273,232789333.33333334,,-0.019876505504374066,,,8.0,1.0043249159330028,0.0474506666666722,0.054606354174514586,0.054606354174514586,6,6
null_regression,regression,random_subspace,100.0,,,,,0.0,0.0,,,23.166666666666668,256.0,0.023098103973704032,11272.58526961175,55.666666666666664,,0.808438701685012,0.9332452529959062,0.8961750255363025,0.05357142857142851,0.8961750255363025,-0.13091948440913112,46828.166666666664,1.0094987905348163,103.33333333333333,1.006681660907218,,1.0267532217580493,-0.018099659683178802,8.0,1.209064168975597,8.0,1.0033902672449078,0.04997933333332103,0.05849132671331362,,6,6
null_regression,regression,rf_shallow,,,,,,,,0.03650199999998445,,,256.0,0.004309534871329833,59915.14226803366,53.666666666666664,,0.823288472670625,,,,,,13587.0,1.0491242379340684,99.33333333333333,1.0478358735889557,232789333.33333334,,-0.059881830579482716,,,8.0,1.0232639137416637,0.03650199999998445,0.04074609015757833,0.04074609015757833,6,6
null_regression,regression,top_no_cert,100.0,,,,,0.0,0.0,,,22.0,256.0,0.0214888539630919,12131.876811820628,56.5,,0.8074722005510591,0.9354507310958393,0.9029702863657832,0.06961451247165527,0.9029702863657832,-0.05270428486432327,46948.166666666664,1.0167633660361328,105.0,1.0139568872715106,,0.9637115429887042,-0.025542693558396834,8.0,1.1931028253097646,8.0,1.0070081497492744,2.5475296666666054,2.8820244994712994,,6,6
null_regression,regression,xgboost,,,,,,,,0.35917933333335367,,,256.0,0.0039311456882084,66903.53624203062,1293.8333333333333,,0.8440310033293134,,,,,,164229.16666666666,1.1085006166926932,2487.6666666666665,1.1059348526194104,240500736.0,,-0.11849908941744207,,,100.0,1.0514916888313255,0.35917933333335367,0.42169314599595964,0.42169314599595964,6,6
parity_binary,binary,caruana,100.0,0.5064244801236922,0.5025746305272231,0.5075359113691255,0.25498942690299403,0.01,1.0,,0.06448454152513985,21.833333333333332,256.0,0.018754437526998385,14018.232269641232,48.666666666666664,0.7037477385773231,,0.9336443929018109,0.8883290071481387,0.046277399848828345,0.8883290071481387,0.5399552037401993,42536.0,,90.33333333333333,1.0225476608001585,,0.23926965141022657,,8.0,1.221819547174351,7.0,,2.9919724999999744,3.4094222153459364,,6,6
parity_binary,binary,catboost,,0.5047333412068568,0.5000934462593468,0.4992169766928476,0.25929550804596,,,0.48472299999999297,0.09308795534908444,,256.0,0.004319152639557883,60586.60109588254,1600.0,0.7134073080947121,,,,,,,45519.333333333336,,3100.0,1.0398103702477057,222328149.33333334,,,,,100.0,,0.48472299999999297,0.5488790972934415,0.5488790972934415,6,6
parity_binary,binary,coerror_no_cert,100.0,0.5050910878177663,0.5034026297456716,0.5101022244403469,0.25374702307929503,0.01,1.0,,0.05291509446389076,23.666666666666668,256.0,0.023355222151925134,11107.155895711277,55.833333333333336,0.7010577360476532,,0.9314776949619531,0.8887668195032926,0.05017006802721083,0.8887668195032926,0.5394208588472073,48350.666666666664,,103.66666666666667,1.017568766316138,,0.23952115759517653,,8.0,1.2268828532273233,8.0,,2.992351666666669,3.4205811111799753,,6,6
parity_binary,binary,direct_auroc,100.0,0.4981986628026938,0.49141385936897786,0.5029471849424266,0.25494803826571005,0.01,1.0,,0.06208338795130208,22.0,256.0,0.023033694558155984,11277.249215025795,54.5,0.7037236931856042,,0.9347440700355681,0.8905988752951229,0.0637755102040816,0.8905988752951229,0.5389857755347175,48138.5,,101.0,1.0223770672874908,,0.24056351974183363,,8.0,1.222150504611694,8.0,,3.1287858333334007,3.567370381943571,,6,6
parity_binary,binary,et_shallow,,0.4972913495557558,0.49370083386306357,0.49632224680009157,0.2509628617048682,,,0.016707999999975166,0.027906885701223082,,256.0,0.0037258543695012167,69741.43396271602,52.166666666666664,0.695121701644205,,,,,,,14965.666666666666,,96.33333333333333,1.0064055839669181,223693482.66666666,,,,,8.0,,0.016707999999975166,0.021509152643072068,0.021509152643072068,6,6
parity_binary,binary,extra_trees,,0.49780751955674973,0.4747601475834138,0.5078645671588574,0.2560934193929036,,,0.4178433333333184,0.06242838541666662,,256.0,0.03504508368981379,7346.071109098591,44329.666666666664,0.7058067998553207,,,,,,,7174645.666666667,,88403.33333333333,1.0269728316983089,221271381.33333334,,,,,256.0,,0.4178433333333184,0.4758499929836641,0.4758499929836641,6,6
parity_binary,binary,lightgbm,,0.49448350111662753,0.49027543535178775,0.4865090119592001,0.2912627202537497,,,0.098941833333356,0.18292388469870943,,256.0,0.007202305559379316,35597.68176528928,1484.8333333333333,0.796161760338926,,,,,,,181276.33333333334,,2869.6666666666665,1.168022068388883,222265344.0,,,,,100.0,,0.098941833333356,0.11089165951125318,0.11089165951125318,6,6
parity_binary,binary,random_forest,,0.5073881410411161,0.5022740853105833,0.5128781622852331,0.254508310953776,,,0.6698123333333115,0.06835937499999996,,256.0,0.02998692332766945,8573.380110341552,16131.0,0.7026971184551264,,,,,,,2662859.0,,32006.0,1.0206180110285366,223802709.33333334,,,,,256.0,,0.6698123333333115,0.7625432779702047,0.7625432779702047,6,6
parity_binary,binary,random_patches,,0.5250190789862533,0.5254714051923903,0.529073751857749,0.2514290543531365,,,0.04896900000001849,0.0480187364976822,,256.0,0.0223324239486828,11516.551984143201,54.166666666666664,0.6962554028421467,,,,,,,35286.666666666664,,100.33333333333333,1.0082950917022366,223718058.66666666,,,,,8.0,,0.04896900000001849,0.056815465174925785,0.056815465174925785,6,6
parity_binary,binary,random_subspace,100.0,0.5337807572883789,0.527661063617359,0.5127081202121794,0.2495649860832542,0.01,1.0,,0.03934783679982415,23.166666666666668,256.0,0.022871694372345968,11249.967559145955,53.833333333333336,0.6922823640693099,,0.9383918273507569,0.9026321028301644,0.05357142857142851,0.9026321028301644,0.4939903587101841,48030.833333333336,,99.66666666666667,1.00078906186382,,0.2546733230409632,,8.0,1.1945567923300362,8.0,,0.05238850000000633,0.05774112515306717,,6,6
parity_binary,binary,rf_shallow,,0.5237775406934547,0.5210738216115688,0.5032204962023153,0.2522328790748367,,,0.0238258333333381,0.06625236669007717,,256.0,0.0034319511614739335,75609.94502881663,55.5,0.69786287479232,,,,,,,15499.0,,103.0,1.0114748752688325,223701674.66666666,,,,,8.0,,0.0238258333333381,0.03134112514089787,0.03134112514089787,6,6
parity_binary,binary,top_no_cert,100.0,0.5118645867433911,0.5046078472507437,0.5105111657618129,0.25357410549375714,0.01,1.0,,0.0486964949698839,22.166666666666668,256.0,0.020837659675938352,12371.364042126108,56.833333333333336,0.7007500534612155,,0.9399538760862253,0.8892680879001914,0.0674603174603174,0.8892680879001914,0.5449389281779873,48514.0,,105.66666666666667,1.0168837926534129,,0.2417070397646558,,8.0,1.2249697109519888,8.0,,2.9894213333334014,3.4059271732500442,,6,6
parity_binary,binary,xgboost,,0.4955256096662963,0.5058408431777215,0.5091230245110028,0.2768233295951142,,,0.29630750000003064,0.14137170175090427,,256.0,0.0035351318462440834,73010.3732063572,1137.5,0.7585978309313456,,,,,,,153603.83333333334,,2175.0,1.1100651499116074,222177962.66666666,,,,,100.0,,0.29630750000003064,0.33143542365481454,0.33143542365481454,6,6
parity_regression,regression,caruana,100.0,,,,,0.0,0.0,,,20.166666666666668,256.0,0.021201277733780402,12582.022361060597,51.666666666666664,,1.17144447708106,0.9328174950003754,0.8956050833569561,0.07585034013605439,0.8956050833569561,-0.05547192744658628,43185.666666666664,2.0343937606292486,96.0,1.030751244129403,,1.9019593708826148,-0.037595933088866836,8.0,1.2067302995363998,7.333333333333333,1.425664188100874,2.5365368333333627,2.83578961819876,,6,6
parity_regression,regression,catboost,,,,,,,,0.45151316666666236,,,256.0,0.0047557710204273,55977.7941476297,1600.0,,1.1641165578359514,,,,,,44932.0,2.0214282894772264,3100.0,1.023439860096737,244744192.0,,-0.03024982375564997,,,100.0,1.4208650655264545,0.45151316666666236,0.5038859514752403,0.5038859514752403,6,6
parity_regression,regression,coerror_no_cert,100.0,,,,,0.0,0.0,,,21.0,256.0,0.022423930660200583,11612.3877493001,56.0,,1.1678028826168863,0.9358793375533426,0.8967128836533709,0.0782879818594104,0.8967128836533709,-0.05543029474808012,46875.666666666664,2.0269766287528683,104.0,1.0272947519305144,,1.9038847221210509,-0.034155908497828215,8.0,1.2079361963000954,8.0,1.423140334671203,2.5343831666666574,2.840734097485741,,6,6
parity_regression,regression,et_shallow,,,,,,,,0.016814666666675682,,,256.0,0.0038973126405228834,66384.6857070372,56.833333333333336,,1.1565779006350432,,,,,,14043.0,1.9920106945840912,105.66666666666667,1.0079360222751617,233955328.0,,-0.014765489287485936,,,8.0,1.4104179216136359,0.016814666666675682,0.01897890986098595,0.01897890986098595,6,6
parity_regression,regression,extra_trees,,,,,,,,1.1483246666666673,,,256.0,0.03777056936329847,6782.204141337113,102400.0,,1.1690065521451687,,,,,,14810979.0,2.0423676323668656,204544.0,1.033337513449335,231896405.33333334,,-0.04025909235904245,,,256.0,1.4280381179385104,1.1483246666666673,1.2977206043045346,1.2977206043045346,6,6
parity_regression,regression,lightgbm,,,,,,,,0.10097333333332392,,,256.0,0.007335444213822433,35237.36331949552,1488.6666666666667,,1.2122444332193953,,,,,,152115.83333333334,2.1900284294693786,2877.3333333333335,1.1092167960067925,244361898.66666666,,-0.1164993676216372,,,100.0,1.4783515560031513,0.10097333333332392,0.11413106299005445,0.11413106299005445,6,6
parity_regression,regression,random_forest,,,,,,,,2.0364863333333383,,,256.0,0.03610402772513525,7133.880238283572,64791.833333333336,,1.1711390010077667,,,,,,9395403.0,2.053530950304309,129327.66666666667,1.0386701605527244,232494421.33333334,,-0.04567502600529164,,,256.0,1.4318082399406233,2.0364863333333383,2.275517819565721,2.275517819565721,6,6
parity_regression,regression,random_patches,,,,,,,,0.04809633333335713,,,256.0,0.02054286138930665,12626.453517510332,53.166666666666664,,1.159484422184258,,,,,,33668.0,2.012760589585153,98.33333333333333,1.018522527478235,233977173.33333334,,-0.025356683467891664,,,8.0,1.4177863554283652,0.04809633333335713,0.05736578500363973,0.05736578500363973,6,6
parity_regression,regression,random_subspace,100.0,,,,,0.0,0.0,,,23.166666666666668,256.0,0.022183243146476583,11587.808480406362,53.166666666666664,,1.157437220487215,0.9361250208869379,0.89717115153061,0.05357142857142851,0.89717115153061,-0.11759953655392935,46468.166666666664,1.9955538434525089,98.33333333333333,1.009453657909838,,2.015758137034019,-0.0163152507961766,8.0,1.2064718326882922,8.0,1.411562370859236,0.048638500000019215,0.053851277722666596,,6,6
parity_regression,regression,rf_shallow,,,,,,,,0.0350184999999972,,,256.0,0.0041379232813293166,63314.1471601036,54.833333333333336,,1.1759244839517582,,,,,,13755.0,2.0408880115631125,101.66666666666667,1.0315020462238171,233982634.66666666,,-0.0383845499346989,,,8.0,1.4270802542437961,0.0350184999999972,0.039073215331882204,0.039073215331882204,6,6
parity_regression,regression,top_no_cert,100.0,,,,,0.0,0.0,,,19.666666666666668,256.0,0.023538937326520615,11013.700798309148,52.833333333333336,,1.1713607807738853,0.9537901252292706,0.9140317678613679,0.09399092970521537,0.9140317678613679,-0.047066130831848886,46420.0,2.0437223415694885,97.66666666666667,1.0357879290605554,,1.920418646856749,-0.04267298908533698,8.0,1.168580435700726,8.0,1.4290093989061345,2.5312891666666246,2.829563263920136,,6,6
parity_regression,regression,xgboost,,,,,,,,0.3511511666666441,,,256.0,0.0035063193257276835,73904.22415762395,1264.0,,1.2035978073310745,,,,,,162200.83333333334,2.1834463151286996,2428.0,1.105031117350534,244042410.66666666,,-0.11242324904068018,,,100.0,1.4763126228206793,0.3511511666666441,0.3948814026468123,0.3948814026468123,6,6
redundant_binary,binary,abs_correlation,100.0,0.8306688988292206,0.8399108166938078,0.7544326892335689,0.17376267147290533,1.0,100.0,,0.1087248363858128,24.166666666666668,256.0,0.021616125168899648,11926.587591568037,64.0,0.5263349458543578,,0.8150539426863025,0.7121345257255755,0.04421768707482987,0.7121345257255755,0.7359400774708599,49660.666666666664,,120.0,0.6956018019510598,,0.1607784141222261,,8.0,1.7520285680577947,8.0,,3.1426498333333464,3.7119145142302536,,6,6
redundant_binary,binary,caruana,100.0,0.8156739026958086,0.8249235327868177,0.7395943514028572,0.17420324990753192,1.0,100.0,,0.0793848803960601,22.0,256.0,0.022290819440968283,11630.433916387772,59.5,0.5244512873992919,,0.8398800400003613,0.728711111768876,0.05765306122448973,0.728711111768876,0.7661288402331637,46605.0,,111.5,0.6973662557620911,,0.15188859557596035,,8.0,1.6824326598296215,7.5,,3.0487625,3.5952355000578486,,6,6
redundant_binary,binary,catboost,,0.867638921952658,0.8722282343691822,0.7842482637468292,0.14601021801673522,,,0.4882656666666634,0.06478136412184178,,256.0,0.00421480566728855,61185.53384244796,1600.0,0.44941132237648684,,,,,,,45548.666666666664,,3100.0,0.5845060234391287,218401450.66666666,,,,,100.0,,0.4882656666666634,0.5628146454691887,0.5628146454691887,6,6
redundant_binary,binary,certified_random,100.0,0.8160425994949801,0.8260903200235153,0.7416399683017371,0.17895517171854128,1.0,100.0,,0.09454368621875418,23.166666666666668,256.0,0.02472365969636785,10686.567110545033,63.333333333333336,0.5382649542115497,,0.8637029783448408,0.7585664477077069,0.05357142857142851,0.7585664477077069,0.7208504649507154,49550.833333333336,,118.66666666666667,0.7163898077816394,,0.17453734889677466,,8.0,1.5868964868625228,8.0,,3.046798333333333,3.5972354103190205,,6,6
redundant_binary,binary,coerror,100.0,0.8146164899051264,0.8269082647238323,0.7406457561839002,0.17456305213388024,1.0,100.0,,0.08339974267867155,23.166666666666668,256.0,0.023024534690193787,11392.30585537384,63.5,0.5257376541942809,,0.8441652420439346,0.7305146328961545,0.05470521541950108,0.7305146328961545,0.7664215214346446,49580.333333333336,,119.0,0.6988071487457179,,0.15185080131210554,,8.0,1.6894492122764453,8.0,,3.0462374999999944,3.6003767298534513,,6,6
redundant_binary,binary,coerror_greedy,100.0,0.8164038792236198,0.8271338554105124,0.7421716709904861,0.17390958474137252,1.0,100.0,,0.08458143966163607,23.166666666666668,256.0,0.02155424995968733,11918.85269892872,63.5,0.524153161825751,,0.841092341779398,0.7308618070841538,0.0555555555555555,0.7308618070841538,0.7662573723976136,49580.333333333336,,119.0,0.6961905223609449,,0.1519984407010108,,8.0,1.6877949710988647,8.0,,3.0462110000000044,3.597185166707883,,6,6
redundant_binary,binary,coerror_no_cert,100.0,0.8146164899051264,0.8269082647238323,0.7406457561839002,0.17456305213388024,1.0,100.0,,0.08339974267867155,23.166666666666668,256.0,0.025334291858598534,10133.144346886007,63.5,0.5257376541942809,,0.8441652420439346,0.7305146328961545,0.05470521541950108,0.7305146328961545,0.7664215214346446,49580.333333333336,,119.0,0.6988071487457179,,0.15185080131210554,,8.0,1.6894492122764453,8.0,,3.0458053333333197,3.595163368542368,,6,6
redundant_binary,binary,covariance_only,100.0,0.8146164899051264,0.8269082647238323,0.7406457561839002,0.17456305213388024,1.0,100.0,,0.08339974267867156,23.166666666666668,256.0,0.025086360944745367,10359.454073499966,63.5,0.5257376541942809,,0.8441652420439346,0.7305146328961544,0.05470521541950108,0.7305146328961544,0.7664215214346446,49580.333333333336,,119.0,0.6988071487457179,,0.15185080131210554,,8.0,1.6894492122764457,8.0,,3.0452776666666637,3.5927738822065294,,6,6
redundant_binary,binary,direct_auroc,100.0,0.8233027473809306,0.8386746409436894,0.7547897265869281,0.1748122936617411,1.0,100.0,,0.10859205944897547,24.833333333333332,256.0,0.023204916467269233,11049.078925729787,63.333333333333336,0.5288000481949168,,0.8645749374377072,0.7278803404542673,0.039399092970521486,0.7278803404542673,0.749554626694252,49554.166666666664,,118.66666666666667,0.6998039235952193,,0.1567176568402464,,8.0,1.6923947746940773,8.0,,3.1858898333333343,3.7612633884806805,,6,6
redundant_binary,binary,direct_squared,100.0,0.8164038792236198,0.8271338554105124,0.7421716709904861,0.17390958474137252,1.0,100.0,,0.0845814396616361,23.166666666666668,256.0,0.022120791797836586,11703.514052813303,63.5,0.5241531618257511,,0.841092341779398,0.7308618070841538,0.0555555555555555,0.7308618070841538,0.7662573723976136,49581.0,,119.0,0.6961905223609449,,0.1519984407010108,,8.0,1.6877949710988647,8.0,,3.052604333333335,3.6019322296682126,,6,6
redundant_binary,binary,et_shallow,,0.823601076704375,0.827294918067317,0.7452364891507598,0.18669081294980538,,,0.01634200000000395,0.12055161983609275,,256.0,0.00440582609735425,59296.77923732347,62.166666666666664,0.5582791958316096,,,,,,,16565.666666666668,,116.33333333333333,0.7473522904008204,210370560.0,,,,,8.0,,0.01634200000000395,0.0194826737279072,0.0194826737279072,6,6
redundant_binary,binary,extra_trees,,0.8638780076287563,0.8737372880957675,0.7868089350309903,0.14691054026285802,,,0.3663299999999931,0.08086914062499995,,256.0,0.0331939654812837,7739.708283862688,34070.166666666664,0.45431193648012713,,,,,,,5533125.666666667,,67884.33333333333,0.5881111038852177,211012266.66666666,,,,,256.0,,0.3663299999999931,0.418397104095978,0.418397104095978,6,6
redundant_binary,binary,lightgbm,,0.843761618854968,0.8527292109917733,0.7690871697826697,0.16256651012690493,,,0.09772399999999944,0.08867711519667155,,256.0,0.006962652822645968,36869.92683070133,1493.0,0.509204235657558,,,,,,,182036.33333333334,,2886.0,0.6507824120417841,216244224.0,,,,,100.0,,0.09772399999999944,0.10807279866033541,0.10807279866033541,6,6
redundant_binary,binary,minimax,100.0,0.8246097331259145,0.8298870877881063,0.7365115782408783,0.17507795299208215,1.0,100.0,,0.09181070709333113,24.833333333333332,256.0,0.0215341315294305,12047.064286284454,63.833333333333336,0.5283287977731841,,0.7688337361731369,0.7344728304826477,0.038832199546485216,0.7344728304826477,0.7324486050304874,49634.166666666664,,119.66666666666667,0.7008660635819658,,0.16585458769617797,,8.0,1.675991167159575,8.0,,3.11067166666669,3.6709937922811755,,6,6
redundant_binary,binary,prediction_correlation,100.0,0.8321972101608969,0.8422043599743971,0.7500542238047588,0.18568132439873034,1.0,100.0,,0.13153155332356728,25.0,256.0,0.021442361020793485,11970.13276702117,63.5,0.5566583687479992,,0.8874327182049576,0.7583574126722311,0.03968253968253963,0.7583574126722311,0.6758701519088673,49580.833333333336,,119.0,0.7433128379365329,,0.18755358819778534,,8.0,1.5811882435717166,8.0,,3.1358006666666776,3.7004148132400587,,6,6
redundant_binary,binary,quality_diversity,100.0,0.8022669625672302,0.8135231772620969,0.7225144052883556,0.17794336112145578,1.0,100.0,,0.07180097744367167,21.666666666666668,256.0,0.023308000022855865,11076.914217386337,63.833333333333336,0.5324808931111948,,0.8601394700124657,0.7495744709504094,0.06689342403628114,0.7495744709504094,0.7736536239074935,49633.5,,119.66666666666667,0.7123375488579408,,0.15408324170964316,,8.0,1.6212076801328295,8.0,,3.084341666666672,3.6398945975039774,,6,6
redundant_binary,binary,random_forest,,0.853839424627887,0.8680828869098102,0.7846573904642763,0.14883823394775386,,,0.5885996666666647,0.06722330729166663,,256.0,0.028585083394621753,9003.857063679705,12175.5,0.4644976969841834,,,,,,,2029979.0,,24095.0,0.5958279207335916,209674240.0,,,,,256.0,,0.5885996666666647,0.6726952501727889,0.6726952501727889,6,6
redundant_binary,binary,random_patches,,0.8285697307115122,0.8342127504256299,0.7460326121573976,0.17590437791723543,,,0.05025416666666157,0.10712379000822014,,256.0,0.021695534349419135,11903.174264845919,61.166666666666664,0.5305125706932062,,,,,,,36406.666666666664,,114.33333333333333,0.7041770038097787,209491285.33333334,,,,,8.0,,0.05025416666666157,0.059920826383555885,0.059920826383555885,6,6
redundant_binary,binary,random_subspace,100.0,0.8160425994949801,0.8260903200235153,0.7416399683017371,0.17895517171854128,1.0,100.0,,0.09454368621875418,23.166666666666668,256.0,0.024095006791564285,10945.3137053338,63.333333333333336,0.5382649542115497,,0.8637029783448408,0.7585664477077069,0.05357142857142851,0.7585664477077069,0.7208504649507154,49550.833333333336,,118.66666666666667,0.7163898077816394,,0.17453734889677466,,8.0,1.5868964868625228,8.0,,0.05292599999999694,0.0606455210363492,,6,6
redundant_binary,binary,rf_shallow,,0.8196292803801839,0.8240671089107581,0.7426504532350423,0.17424301284531452,,,0.021825499999996067,0.08558184661082542,,256.0,0.00347750684401635,74592.56681368651,62.166666666666664,0.5237605477335583,,,,,,,16565.666666666668,,116.33333333333333,0.6975201045769842,210370560.0,,,,,8.0,,0.021825499999996067,0.023851770636004663,0.023851770636004663,6,6
redundant_binary,binary,shrinkage,100.0,0.813258014655426,0.8247829275506285,0.7374191110401389,0.17554884037567406,1.0,100.0,,0.07659575500583025,23.333333333333332,256.0,0.02375198609661305,10850.152274679464,63.5,0.5279908645629553,,0.8492867268689755,0.735391687866851,0.0527210884353741,0.735391687866851,0.7685677538307512,49580.833333333336,,119.0,0.7027510856339655,,0.15192153757898133,,8.0,1.6711704603729025,8.0,,3.0477524999999894,3.60065004194621,,6,6
redundant_binary,binary,signed_correlation,100.0,0.8306688988292206,0.8399108166938078,0.7544326892335689,0.17376267147290533,1.0,100.0,,0.1087248363858128,24.166666666666668,256.0,0.02176067380545035,11811.166995474361,64.0,0.5263349458543578,,0.8150539426863025,0.7121345257255755,0.04421768707482987,0.7121345257255755,0.7359400774708599,49660.666666666664,,120.0,0.6956018019510598,,0.1607784141222261,,8.0,1.7520285680577947,8.0,,3.140752333333341,3.6998733265014985,,6,6
redundant_binary,binary,top_no_cert,100.0,0.7936603141539864,0.8049821570105372,0.7141735651989419,0.18096494365557228,1.0,100.0,,0.07140860909384476,21.333333333333332,256.0,0.021655180569117218,11863.063502974082,63.833333333333336,0.5389300521606547,,0.8749315978043489,0.7630470916661056,0.07964852607709745,0.7630470916661056,0.7744881892687158,49634.5,,119.66666666666667,0.7244347691194171,,0.155780253673326,,8.0,1.5769728215684238,8.0,,3.0450476666666666,3.5940322362973043,,6,6
redundant_binary,binary,top_quality,100.0,0.7936603141539864,0.8049821570105372,0.7141735651989419,0.18096494365557228,1.0,100.0,,0.07140860909384476,21.333333333333332,256.0,0.0237970416589329,10953.739743218079,63.833333333333336,0.5389300521606547,,0.8749315978043489,0.7630470916661056,0.07964852607709745,0.7630470916661056,0.7744881892687158,49634.5,,119.66666666666667,0.7244347691194171,,0.155780253673326,,8.0,1.5769728215684238,8.0,,3.0472851666666663,3.599971520869682,,6,6
redundant_binary,binary,xgboost,,0.8452839753431928,0.858050157973976,0.7666679172920294,0.15618499207225042,,,0.29034116666667126,0.08394137570013598,,256.0,0.00384127771637085,67385.24242415089,1218.8333333333333,0.4799002806345622,,,,,,,159134.16666666666,,2337.6666666666665,0.6252369669795957,214297258.66666666,,,,,100.0,,0.29034116666667126,0.3331816944992169,0.3331816944992169,6,6
redundant_regression,regression,abs_correlation,100.0,,,,,0.64,64.0,,,23.166666666666668,256.0,0.02138482616282995,11982.130416199469,63.833333333333336,,0.9076934583143937,0.8286158578428497,0.7194724130561316,0.05017006802721085,0.7194724130561316,0.1475746262880607,48004.166666666664,1.3033123488794556,119.66666666666667,0.6856782574131164,,1.224811170380771,0.3131422645168596,8.0,1.7249169606837633,8.0,1.1400898589641228,2.6095788333333303,3.061702728892366,,6,6
redundant_regression,regression,caruana,100.0,,,,,0.64,64.0,,,20.833333333333332,256.0,0.01971616665832693,13129.691216158686,58.666666666666664,,0.9117804583406346,0.8394651360642186,0.7324690906298814,0.06404006046863184,0.7324690906298814,0.18774319673455553,44194.333333333336,1.3022947677372538,110.0,0.6864474568547055,,1.188764249013955,0.31237971928091784,8.0,1.6627010062432201,7.333333333333333,1.139981288506383,2.555151500000003,3.0017548051740355,,6,6
redundant_regression,regression,catboost,,,,,,,,0.4584163333333275,,,256.0,0.005306354141794083,50605.392903280845,1600.0,,0.8376582663835371,,,,,,44941.333333333336,1.0983237376742812,3100.0,0.5802827199749242,226216618.66666666,,0.41874978495544696,,,100.0,1.047473949859709,0.4584163333333275,0.5255353332031518,0.5255353332031518,6,6
redundant_regression,regression,certified_random,100.0,,,,,0.64,64.0,,,24.0,256.0,0.0248424374731257,10423.650546105673,63.666666666666664,,0.9156255451400194,0.8705213448427179,0.7689396668887297,0.0527210884353741,0.7689396668887297,0.14011246226100152,47981.166666666664,1.3224584909066817,119.33333333333333,0.6970901589415918,,1.3065363646664274,0.30171553184149796,8.0,1.556496693980992,8.0,1.1488956929168554,2.5512489999999985,2.989379770549325,,6,6
redundant_regression,regression,coerror,100.0,,,,,0.64,64.0,,,21.833333333333332,256.0,0.023893215693533365,10804.912478725826,64.0,,0.909559254582515,0.8419377254700408,0.7342847057031339,0.06575963718820856,0.7342847057031339,0.18576044632530245,48028.333333333336,1.3042838956800442,120.0,0.6869589838987847,,1.1893520391071783,0.3118670183614765,8.0,1.6736586015751576,8.0,1.140631406409727,2.553546333333349,3.0102685204474255,,6,6
redundant_regression,regression,coerror_greedy,100.0,,,,,0.64,64.0,,,22.5,256.0,0.024719611081915564,10516.251260279483,64.0,,0.907647495980329,0.8410051643518379,0.735208195163914,0.060941043083900165,0.735208195163914,0.18638331575284453,48028.666666666664,1.2993684945367676,120.0,0.6843298400276185,,1.1896775562989428,0.3144992018055796,8.0,1.670624218233314,8.0,1.1385181318081992,2.5510745000000035,2.994272235664539,,6,6
redundant_regression,regression,coerror_no_cert,100.0,,,,,0.64,64.0,,,21.833333333333332,256.0,0.025714520753050796,10016.453581424386,64.0,,0.909559254582515,0.8419377254700408,0.7342847057031339,0.06575963718820856,0.7342847057031339,0.18576044632530245,48028.333333333336,1.3042838956800442,120.0,0.6869589838987847,,1.1893520391071783,0.3118670183614765,8.0,1.6736586015751576,8.0,1.140631406409727,2.5535665000000116,2.9969761453491324,,6,6
redundant_regression,regression,covariance_only,100.0,,,,,0.64,64.0,,,21.833333333333332,256.0,0.0240206804592162,10934.756881484745,64.0,,0.909559254582515,0.8419377254700408,0.7342847057031339,0.06575963718820856,0.7342847057031339,0.18576044632530245,48028.333333333336,1.3042838956800442,120.0,0.6869589838987847,,1.1893520391071783,0.3118670183614765,8.0,1.6736586015751576,8.0,1.140631406409727,2.551745000000011,2.991565721652781,,6,6
redundant_regression,regression,direct_squared,100.0,,,,,0.64,64.0,,,22.5,256.0,0.025926930325416167,10104.320144526171,64.0,,0.9076474959803291,0.8410051643518379,0.735208195163914,0.06094104308390016,0.735208195163914,0.18638331575284453,48028.833333333336,1.2993684945367676,120.0,0.6843298400276185,,1.1896775562989428,0.3144992018055796,8.0,1.670624218233314,8.0,1.1385181318081992,2.5553303333333397,2.997440346671889,,6,6
redundant_regression,regression,et_shallow,,,,,,,,0.01709249999999915,,,256.0,0.004171305413668317,61613.711041780916,63.666666666666664,,0.9212981799781866,,,,,,15027.0,1.3458268374163094,119.33333333333333,0.7095317219840661,218562560.0,,0.2892403965969778,,,8.0,1.1589644497352742,0.01709249999999915,0.020467451230312333,0.020467451230312333,6,6
redundant_regression,regression,extra_trees,,,,,,,,1.0476161666666666,,,256.0,0.039053875138051766,6580.031060982122,102400.0,,0.8438702448374452,,,,,,14810979.0,1.1214698471581988,204544.0,0.5928718488400375,219892394.66666666,,0.4061428856580171,,,256.0,1.0586154812928148,1.0476161666666666,1.2122429027998198,1.2122429027998198,6,6
redundant_regression,regression,lightgbm,,,,,,,,0.1035906666666619,,,256.0,0.007663541706278867,33688.8337918882,1488.8333333333333,,0.8766649550499089,,,,,,152691.5,1.2019792121027812,2877.6666666666665,0.63630559930361,225020586.66666666,,0.3626137905124865,,,100.0,1.0960327825888587,0.1035906666666619,0.12511964576939738,0.12511964576939738,6,6
redundant_regression,regression,minimax,100.0,,,,,0.64,64.0,,,22.833333333333332,256.0,0.022438097163103483,11480.36194400851,63.833333333333336,,0.9124092272957992,0.7820139930958975,0.7418887588351494,0.052437641723355945,0.7418887588351494,0.15000161608899545,48004.0,1.3146524794183467,119.66666666666667,0.6927373237937436,,1.2530146209250346,0.30608985142981354,8.0,1.6501556828808635,8.0,1.1452134193730246,2.577909166666681,3.0256938679376617,,6,6
redundant_regression,regression,prediction_correlation,100.0,,,,,0.64,64.0,,,24.166666666666668,256.0,0.021101021013843466,12212.437226723561,63.0,,0.9259840516407887,0.8863649488026537,0.7462005443383394,0.04903628117913828,0.7462005443383394,0.1222300187791533,47884.333333333336,1.351104200070668,118.0,0.7107874017025265,,1.3007417960969943,0.28799698739321544,8.0,1.6261609892141815,8.0,1.160511340083836,2.612189833333351,3.0770579994035265,,6,6
redundant_regression,regression,quality_diversity,100.0,,,,,0.64,64.0,,,21.333333333333332,256.0,0.024415187498864982,10696.840949617474,64.0,,0.9163935473828443,0.8834506773239353,0.7612756456669215,0.07896825396825392,0.7612756456669215,0.1968879433838844,48028.833333333336,1.3233853053369302,120.0,0.6971666946461338,,1.209735337653165,0.30165781342550313,8.0,1.5810126080439117,8.0,1.1492045287310668,2.578798666666657,3.032767165801488,,6,6
redundant_regression,regression,random_forest,,,,,,,,1.7862559999999945,,,256.0,0.037122798501513864,6945.305452225698,64791.833333333336,,0.84366999939395,,,,,,9395403.0,1.1189555665999604,129327.66666666667,0.5910499341849071,218729130.66666666,,0.40796351251246693,,,256.0,1.0572634657631992,1.7862559999999945,2.075461861134196,2.075461861134196,6,6
redundant_regression,regression,random_patches,,,,,,,,0.0475673333333285,,,256.0,0.025220819671327815,10435.10925955027,61.5,,0.9084909714958412,,,,,,34868.0,1.3038328417488836,115.0,0.6876650879448798,218584405.33333334,,0.31118597892388716,,,8.0,1.140967321349762,0.0475673333333285,0.05971612501889464,0.05971612501889464,6,6
redundant_regression,regression,random_subspace,100.0,,,,,0.64,64.0,,,23.166666666666668,256.0,0.024182687358309782,10976.431947531431,63.5,,0.9103017745131021,0.8643177782237396,0.762233098074534,0.05357142857142851,0.762233098074534,0.1143365131983894,47956.166666666664,1.3129206755904577,119.0,0.6912477693948923,,1.3348356983383802,0.30755236244332135,8.0,1.574789790213484,8.0,1.144339819071752,0.049873833333326865,0.06352058347935473,,6,6
redundant_regression,regression,rf_shallow,,,,,,,,0.03279349999999676,,,256.0,0.004496020847000133,61562.31711774852,63.166666666666664,,0.8967625882330443,,,,,,14955.0,1.2724682731746795,118.33333333333333,0.6699575263335483,218584405.33333334,,0.3289221412835161,,,8.0,1.1266429210765072,0.03279349999999676,0.03797733352985227,0.03797733352985227,6,6
redundant_regression,regression,shrinkage,100.0,,,,,0.64,64.0,,,22.166666666666668,256.0,0.023751645620601836,10876.310823063242,64.0,,0.9130031187835231,0.839582411268787,0.736258187262536,0.06264172335600902,0.736258187262536,0.18752478272060966,48028.5,1.3099886937162395,120.0,0.6895228718493224,,1.18935074504445,0.3093041081777216,8.0,1.6669951730827774,8.0,1.1429959013690534,2.5513395000000068,2.9936192569633326,,6,6
redundant_regression,regression,signed_correlation,100.0,,,,,0.64,64.0,,,23.166666666666668,256.0,0.022380840110902935,11510.914466468164,63.833333333333336,,0.9076934583143937,0.8286158578428497,0.7194724130561316,0.05017006802721085,0.7194724130561316,0.1475746262880607,48004.166666666664,1.3033123488794556,119.66666666666667,0.6856782574131164,,1.224811170380771,0.3131422645168596,8.0,1.7249169606837633,8.0,1.1400898589641228,2.6232573333333513,3.0799228814818584,,6,6
redundant_regression,regression,top_no_cert,100.0,,,,,0.64,64.0,,,20.333333333333332,256.0,0.0245308191515505,10557.62215543281,64.0,,0.9190069331173935,0.8902440867126339,0.7685455764704979,0.08905895691609973,0.7685455764704979,0.19735831729257777,48028.5,1.3299767863152312,120.0,0.7011385568754854,,1.21900966034712,0.2976844607024817,8.0,1.5556176620636162,8.0,1.1521666418053484,2.5533398333333444,2.99770769449727,,6,6
redundant_regression,regression,top_quality,100.0,,,,,0.64,64.0,,,20.333333333333332,256.0,0.0215582156864305,11936.485772734288,64.0,,0.9190069331173935,0.8902440867126339,0.7685455764704979,0.08905895691609973,0.7685455764704979,0.19735831729257777,48028.5,1.3299767863152312,120.0,0.7011385568754854,,1.21900966034712,0.2976844607024817,8.0,1.5556176620636162,8.0,1.1521666418053484,2.550201333333348,2.989122916207028,,6,6
redundant_regression,regression,xgboost,,,,,,,,0.3508020000000063,,,256.0,0.00354120119785265,74197.79528680346,1415.1666666666667,,0.8689127124946333,,,,,,172478.83333333334,1.1834077591713905,2730.3333333333335,0.6274382281313305,222871552.0,,0.3715073056253946,,,100.0,1.0876824138798569,0.3508020000000063,0.4057080483374496,0.4057080483374496,6,6
sparse_binary,binary,abs_correlation,100.0,0.8215703796965576,0.8204142422638254,0.7449079275095429,0.1924763575618891,0.2916666666666667,29.166666666666668,,0.1325594806743782,20.5,256.0,0.023071395970570518,11374.944458154292,62.5,0.5718483741227435,,0.9277734786084784,0.7612351174417533,0.08843537414965981,0.7612351174417533,0.6739756080802098,49420.833333333336,,117.0,0.7708702739345877,,0.1864966356605623,,8.0,1.5643107944036079,8.0,,2.99529883333336,3.5321973405467966,,6,6
sparse_binary,binary,caruana,100.0,0.8096759474483554,0.8159127155008733,0.7385101611664927,0.1826945005892309,0.2916666666666667,29.166666666666668,,0.0962312283368072,14.5,256.0,0.015535055388075565,16742.584388583975,39.333333333333336,0.5470570007071999,,0.8997175663057795,0.7506553838674982,0.09629629629629625,0.7506553838674982,0.7032858012451295,31695.5,,73.66666666666667,0.7316888427740703,,0.17752155783492016,,8.0,1.5186237451362736,5.0,,2.970010666666686,3.5009227150197453,,6,6
sparse_binary,binary,catboost,,0.8691625335589759,0.8684673025949211,0.7790943342454546,0.15173376652680817,,,0.4794469999999838,0.08497018904565361,,256.0,0.004169152700342167,61847.86851223825,1600.0,0.4679191725353953,,,,,,,45498.0,,3100.0,0.6076898144508158,225539413.33333334,,,,,100.0,,0.4794469999999838,0.5377531110619506,0.5377531110619506,6,6
sparse_binary,binary,certified_random,100.0,0.7713205129097039,0.7721374599678014,0.701332789920596,0.2044345737417649,0.2916666666666667,29.166666666666668,,0.10372445846825602,20.833333333333332,256.0,0.02455136812447255,10627.615688963822,61.833333333333336,0.5962149220670611,,0.9584749327602989,0.8085090266574871,0.09682539682539677,0.8085090266574871,0.6614068988411335,49311.0,,115.66666666666667,0.8187796673563184,,0.19887856355875455,,8.0,1.4286362755817743,8.0,,2.9789083333333366,3.5147919309480735,,6,6
sparse_binary,binary,coerror,100.0,0.8109949675368059,0.8148400408148584,0.7327603994735313,0.18981651184842294,0.2916666666666667,29.166666666666668,,0.11378722684754501,19.333333333333332,256.0,0.022919916315004202,11427.035093806646,62.5,0.564945746096761,,0.9491732515581731,0.7716912978372693,0.10617913832199544,0.7716912978372693,0.6946484204428023,49415.166666666664,,117.0,0.7602263887095803,,0.18228098756114078,,8.0,1.530282091673504,8.0,,2.9810894999999724,3.517062056149977,,6,6
sparse_binary,binary,coerror_greedy,100.0,0.809594327831241,0.8152400808188588,0.7336021503152822,0.18970637591445105,0.2916666666666667,29.166666666666668,,0.11523238557310996,19.5,256.0,0.023449847009032933,11357.322325545238,62.5,0.564773023355156,,0.9491732515581731,0.7718152924889311,0.10504535147392287,0.7718152924889311,0.6943460691340194,49415.166666666664,,117.0,0.7597858119304344,,0.18228856289825604,,8.0,1.530006496726985,8.0,,2.9797234999999866,3.5100820978016904,,6,6
sparse_binary,binary,coerror_no_cert,100.0,0.8109949675368059,0.8148400408148584,0.7327603994735313,0.18981651184842294,0.2916666666666667,29.166666666666668,,0.11378722684754501,19.333333333333332,256.0,0.02311926393304015,11251.815991975602,62.5,0.564945746096761,,0.9491732515581731,0.7716912978372693,0.10617913832199544,0.7716912978372693,0.6946484204428023,49415.166666666664,,117.0,0.7602263887095803,,0.18228098756114078,,8.0,1.530282091673504,8.0,,2.9831648333333476,3.51697585452348,,6,6
sparse_binary,binary,covariance_only,100.0,0.8109949675368059,0.8148400408148584,0.7327603994735313,0.18981651184842294,0.2916666666666667,29.166666666666668,,0.11378722684754501,19.333333333333332,256.0,0.02239931941342845,11620.425110671005,62.5,0.564945746096761,,0.9491732515581731,0.7716912978372693,0.10617913832199544,0.7716912978372693,0.6946484204428023,49415.166666666664,,117.0,0.7602263887095803,,0.18228098756114078,,8.0,1.530282091673504,8.0,,2.97992583333334,3.511828750410738,,6,6
sparse_binary,binary,direct_auroc,100.0,0.7954109088865596,0.8044659314740997,0.7289976911224957,0.2059473367712786,0.2916666666666667,29.166666666666668,,0.14391288419287804,22.666666666666668,256.0,0.023488298640586398,10974.11976122244,59.833333333333336,0.6023119396901505,,0.9377104935131708,0.7950602182113623,0.06065759637188203,0.7950602182113623,0.6406511233628644,48991.166666666664,,111.66666666666667,0.8248393270543048,,0.19633612843127515,,8.0,1.4529306310170405,8.0,,3.1216640000000146,3.701199646185463,,6,6
sparse_binary,binary,direct_squared,100.0,0.809594327831241,0.8152400808188588,0.7336021503152822,0.18970637591445105,0.2916666666666667,29.166666666666668,,0.11523238557310996,19.5,256.0,0.021894020494073584,11715.987589874307,62.5,0.564773023355156,,0.9491732515581731,0.771815292488931,0.10504535147392287,0.771815292488931,0.6943460691340194,49417.166666666664,,117.0,0.7597858119304344,,0.18228856289825604,,8.0,1.5300064967269853,8.0,,2.9822875000000266,3.51528111876299,,6,6
sparse_binary,binary,et_shallow,,0.6948904021902439,0.7025573482598886,0.6357227840578544,0.23296525691633796,,,0.016215666666672218,0.09476393639783011,,256.0,0.004720597333895617,57265.8011918231,54.5,0.6586331621022902,,,,,,,15339.0,,101.0,0.933027180247528,222688597.33333334,,,,,8.0,,0.016215666666672218,0.01942095831812665,0.01942095831812665,6,6
sparse_binary,binary,extra_trees,,0.8601968590719894,0.8616284335952392,0.7763433912313538,0.18473903656005855,,,0.39759166666665635,0.16812825520833333,,256.0,0.034588756854645866,7443.628922663818,39409.166666666664,0.5566241452417614,,,,,,,6387365.666666667,,78562.33333333333,0.7398899264963573,222770517.33333334,,,,,256.0,,0.39759166666665635,0.4591363611786316,0.4591363611786316,6,6
sparse_binary,binary,lightgbm,,0.8627667623907048,0.8592728815864042,0.7742052281669269,0.15547312600543073,,,0.09828900000001299,0.09379539860556979,,256.0,0.0068421943190817664,37688.520010872824,1492.5,0.4805112582752798,,,,,,,181612.33333333334,,2885.0,0.6227148618690386,224482645.33333334,,,,,100.0,,0.09828900000001299,0.11067261116113508,0.11067261116113508,6,6
sparse_binary,binary,minimax,100.0,0.8154867554759627,0.8219664446457178,0.7438929763903709,0.19728127912886706,0.2916666666666667,29.166666666666668,,0.14520301067024968,21.0,256.0,0.022813597189572887,11287.991056895024,61.166666666666664,0.5833317815869293,,0.8923025213963317,0.7792423881567817,0.07511337868480718,0.7792423881567817,0.6524333056823503,49206.5,,114.33333333333333,0.7901175059917148,,0.19433551640571523,,8.0,1.5088176666141855,8.0,,2.990157333333343,3.5249945072379583,,6,6
sparse_binary,binary,prediction_correlation,100.0,0.7515486164989381,0.7532509266904134,0.6736870385033491,0.21785360785446184,0.2916666666666667,29.166666666666668,,0.10325131693567145,23.333333333333332,256.0,0.021426534513011516,12045.121934013143,59.833333333333336,0.6269815830860292,,0.9292491286081995,0.816997507484419,0.05102040816326527,0.816997507484419,0.6140531274668144,48993.333333333336,,111.66666666666667,0.872509064220873,,0.21100141216920462,,8.0,1.403072050786002,8.0,,2.9975666666666902,3.5313754239662862,,6,6
sparse_binary,binary,quality_diversity,100.0,0.7803344000775713,0.793558775752262,0.7249281463234043,0.194410342553995,0.2916666666666667,29.166666666666668,,0.09880667439669229,18.833333333333332,256.0,0.022264597161362518,11544.11555968844,62.666666666666664,0.5754743404716419,,0.9565691091533212,0.7962947173284148,0.13129251700680267,0.7962947173284148,0.7017460188107506,49444.0,,117.33333333333333,0.778649800694376,,0.18533181786937025,,8.0,1.4563985777843607,8.0,,2.988713166666642,3.524272854323499,,6,6
sparse_binary,binary,random_forest,,0.8510183212081479,0.8493895710122391,0.7662111687359211,0.18071135203043617,,,0.643778500000001,0.14448893229166668,,256.0,0.029704617918468953,8671.828464835782,13778.5,0.5461006779943421,,,,,,,2286459.0,,27301.0,0.7237396236760208,222205269.33333334,,,,,256.0,,0.643778500000001,0.7610200833684454,0.7610200833684454,6,6
sparse_binary,binary,random_patches,,0.662302478024329,0.6598605365987726,0.6102818646526307,0.2330031703568549,,,0.051515666666669284,0.058058163076443514,,256.0,0.022790778040265,11248.368441565784,55.166666666666664,0.6583273023276925,,,,,,,35446.666666666664,,102.33333333333333,0.933202799451922,222631253.33333334,,,,,8.0,,0.051515666666669284,0.09205425018444653,0.09205425018444653,6,6
sparse_binary,binary,random_subspace,100.0,0.6353432553354862,0.6445331740379552,0.6161762009534287,0.23487500518556714,0.2916666666666667,29.166666666666668,,0.07803424214313325,23.166666666666668,256.0,0.024164243290821664,11018.027947675482,55.333333333333336,0.6623333399535111,,0.9259621310600915,0.8523428040470843,0.05357142857142851,0.8523428040470843,0.5457796128962679,48270.833333333336,,102.66666666666667,0.940657507391037,,0.2338475974439452,,8.0,1.3057032907050192,8.0,,0.051857833333329446,0.06617839591732863,,6,6
sparse_binary,binary,rf_shallow,,0.7457980422631102,0.7534690761557359,0.691547364636213,0.2126070760673858,,,0.02338350000002735,0.09856219421812319,,256.0,0.0037912916547308,68039.02539495117,58.166666666666664,0.6157522571055107,,,,,,,15925.666666666666,,108.33333333333333,0.8514768925299342,223125504.0,,,,,8.0,,0.02338350000002735,0.0290723056532442,0.0290723056532442,6,6
sparse_binary,binary,shrinkage,100.0,0.8052590477806412,0.8116570834213747,0.733303423700766,0.19112538611406207,0.2916666666666667,29.166666666666668,,0.11583308893623433,19.5,256.0,0.0226953472010791,11511.469989794181,62.5,0.5679848075803166,,0.9535569345683638,0.7724012838028917,0.10334467120181401,0.7724012838028917,0.6942667370676978,49415.166666666664,,117.0,0.7654750073186595,,0.18228886115938867,,8.0,1.5283409198103695,8.0,,2.982198666666676,3.519558118811498,,6,6
sparse_binary,binary,signed_correlation,100.0,0.8215703796965576,0.8204142422638254,0.7449079275095429,0.1924763575618891,0.2916666666666667,29.166666666666668,,0.1325594806743782,20.5,256.0,0.023738034690419768,10878.346489892347,62.5,0.5718483741227435,,0.9277734786084784,0.7612351174417533,0.08843537414965981,0.7612351174417533,0.6739756080802098,49420.833333333336,,117.0,0.7708702739345877,,0.1864966356605623,,8.0,1.5643107944036079,8.0,,2.9967980000000174,3.5350914167550704,,6,6
sparse_binary,binary,top_no_cert,100.0,0.7657366068970619,0.7775036165270662,0.7040313229317919,0.19859644234689536,0.2916666666666667,29.166666666666668,,0.09511407657440596,19.166666666666668,256.0,0.022432354007226683,11621.914014626149,62.833333333333336,0.5861610456028769,,0.9595804117653196,0.8169104601367646,0.14348072562358274,0.8169104601367646,0.7029155254452516,49471.166666666664,,117.66666666666667,0.7954179377376471,,0.18952448649027986,,8.0,1.4009031220993755,8.0,,2.9790714999999985,3.5154946390539408,,6,6
sparse_binary,binary,top_quality,100.0,0.7657366068970619,0.7775036165270662,0.7040313229317919,0.19859644234689536,0.2916666666666667,29.166666666666668,,0.09511407657440596,19.166666666666668,256.0,0.022839027922600452,11327.777680963532,62.833333333333336,0.5861610456028769,,0.9595804117653196,0.8169104601367646,0.14348072562358274,0.8169104601367646,0.7029155254452516,49471.166666666664,,117.66666666666667,0.7954179377376471,,0.18952448649027986,,8.0,1.4009031220993755,8.0,,2.980243333333353,3.51544115296565,,6,6
sparse_binary,binary,xgboost,,0.854057457357016,0.857380093786321,0.7782439992119512,0.15410508662070202,,,0.3174255000000083,0.06380680783030883,,256.0,0.0035124376881867,73011.29854736064,1227.5,0.47457162539164227,,,,,,,159723.5,,2355.0,0.6172083588933815,223494144.0,,,,,100.0,,0.3174255000000083,0.36464122915640473,0.36464122915640473,6,6
sparse_regression,regression,abs_correlation,100.0,,,,,0.11,11.0,,,20.0,256.0,0.0180447918828576,14186.91895489228,60.0,,0.9719188248299524,0.9655603959933284,0.7922448169865426,0.1241496598639455,0.7922448169865426,0.1109291449960874,47452.0,1.486462141604269,112.0,0.795468380941851,,1.3023585529375838,0.2040583669235146,8.0,1.4409722155748672,8.0,1.219205537062668,2.557920000000081,2.8735227084252983,,1,6
sparse_regression,regression,caruana,100.0,,,,,0.05666666666666667,5.666666666666667,,,13.833333333333334,256.0,0.0134565486805513,19732.08904591617,38.666666666666664,,0.9279341430750486,0.9219623046706783,0.7697545382051181,0.11931216931216924,0.7697545382051181,0.11323194185975183,30572.166666666668,1.3877780251334126,72.33333333333333,0.7166994327273982,,1.360398853300376,0.27674543121186995,8.0,1.4688275080541349,5.0,1.1764052891726466,2.577067833333359,2.955708728870377,,6,6
sparse_regression,regression,catboost,,,,,,,,0.45706783333332623,,,256.0,0.004458076320588533,58672.27067355763,1600.0,,0.8717055942777384,,,,,,44898.666666666664,1.1922610681275796,3100.0,0.6170591611055929,224742058.66666666,,0.37734680305672313,,,100.0,1.0910107644774165,0.45706783333332623,0.5233137503188724,0.5233137503188724,6,6
sparse_regression,regression,certified_random,100.0,,,,,0.11,11.0,,,19.0,256.0,0.0180991250090301,14144.33017465072,60.0,,0.9774523172244536,0.969110038026334,0.7932665408752558,0.1309523809523809,0.7932665408752558,0.1092221226895424,47452.0,1.494516833223643,112.0,0.7997787850363235,,1.3063576416844394,0.1997453984179509,8.0,1.435460247973325,8.0,1.2225043285091644,2.561307000000056,2.888422083342448,,1,6
sparse_regression,regression,coerror,100.0,,,,,0.11,11.0,,,17.0,256.0,0.0225285422056913,11363.362869317272,60.0,,0.9709221532008524,0.9655603959933284,0.7943922488334222,0.151360544217687,0.7943922488334222,0.1158905469187932,47452.0,1.4901382457267354,112.0,0.7974356187965037,,1.297877643593972,0.2020899586898294,8.0,1.4360113588087984,8.0,1.2207121879160276,2.5592280000000187,2.863171291304752,,1,6
sparse_regression,regression,coerror_greedy,100.0,,,,,0.11,11.0,,,17.0,256.0,0.0181318339891731,14118.81446481707,60.0,,0.9709221532008524,0.9655603959933284,0.7943922488334222,0.151360544217687,0.7943922488334222,0.1158905469187932,47452.0,1.4901382457267354,112.0,0.7974356187965037,,1.297877643593972,0.2020899586898294,8.0,1.4360113588087984,8.0,1.2207121879160276,2.5559560000000943,2.8627255412284285,,1,6
sparse_regression,regression,coerror_no_cert,100.0,,,,,0.05666666666666667,5.666666666666667,,,19.333333333333332,256.0,0.02485538180917497,10499.750483653579,62.333333333333336,,0.9525688056922971,0.9544359446670688,0.7747921699949142,0.10770975056689336,0.7747921699949142,0.09505692669403736,47788.333333333336,1.439399997377614,116.66666666666667,0.744080125291441,,1.403999161235,0.2490451566049213,8.0,1.5256344344938915,8.0,1.1984938543953725,2.587800333333339,2.970346068420137,,6,6
sparse_regression,regression,covariance_only,100.0,,,,,0.11,11.0,,,17.0,256.0,0.0204565830063074,12514.308959666734,60.0,,0.9709221532008524,0.9655603959933284,0.7943922488334222,0.151360544217687,0.7943922488334222,0.1158905469187932,47452.0,1.4901382457267354,112.0,0.7974356187965037,,1.297877643593972,0.2020899586898294,8.0,1.4360113588087984,8.0,1.2207121879160276,2.559682000000066,2.8659060411155224,,1,6
sparse_regression,regression,direct_squared,100.0,,,,,0.11,11.0,,,17.0,256.0,0.0225044589024037,11375.523451161784,60.0,,0.9709221532008524,0.9655603959933284,0.794392248833422,0.151360544217687,0.794392248833422,0.1158905469187932,47451.0,1.4901382457267354,112.0,0.7974356187965037,,1.2978776435939718,0.2020899586898294,8.0,1.4360113588087993,8.0,1.2207121879160276,2.5574849999999856,2.8596784172113985,,1,6
sparse_regression,regression,et_shallow,,,,,,,,0.016456999999993085,,,256.0,0.00426261092070485,61758.16075537695,59.5,,0.9588916078714141,,,,,,14427.0,1.4404791320750245,111.0,0.744819461338686,229542570.66666666,,0.24842122553105303,,,8.0,1.1990923812880963,0.016456999999993085,0.020704701465244068,0.020704701465244068,6,6
sparse_regression,regression,extra_trees,,,,,,,,1.0754588333333288,,,256.0,0.0408448195084929,6367.295226048444,102400.0,,0.8757444619573369,,,,,,14810979.0,1.1821037451337257,204544.0,0.6131723087067041,220957354.66666666,,0.38122778715922195,,,256.0,1.0868685732518357,1.0754588333333288,1.2146509235026315,1.2146509235026315,6,6
sparse_regression,regression,lightgbm,,,,,,,,0.10097599999999331,,,256.0,0.007256735969955683,35330.87303507962,1485.1666666666667,,0.8873972378279279,,,,,,151788.33333333334,1.2324343846558747,2870.3333333333335,0.6389579003255459,223333034.66666666,,0.3552338370264545,,,100.0,1.1095110821219822,0.10097599999999331,0.11718788863314933,0.11718788863314933,6,6
sparse_regression,regression,minimax,100.0,,,,,0.11,11.0,,,20.0,256.0,0.0192802920937538,13277.807138769213,59.0,,1.00746410758622,0.9406244324505916,0.839358639912932,0.151360544217687,0.839358639912932,0.1045028492121034,47308.0,1.5898794667332092,110.0,0.8508113391505748,,1.3777281966836787,0.1486824832412752,8.0,1.3192714830523071,8.0,1.2609042258368433,2.5558730000000196,2.8591965422965586,,1,6
sparse_regression,regression,prediction_correlation,100.0,,,,,0.11,11.0,,,19.0,256.0,0.0217817910015583,11752.936201696424,60.0,,0.9705588618476544,0.9655603959933284,0.7954958741644986,0.1377551020408163,0.7954958741644986,0.1135451420382745,47453.0,1.4855737098841828,112.0,0.7949929437798985,,1.3028003721058108,0.2045340869397668,8.0,1.4341044008994257,8.0,1.218841133981038,2.5555530000000317,2.85926179215312,,1,6
sparse_regression,regression,quality_diversity,100.0,,,,,0.11,11.0,,,16.0,256.0,0.0194274159148335,13177.254305063529,60.0,,0.9697438598719734,0.9655603959933284,0.7980235598311651,0.1717687074829932,0.7980235598311651,0.1185065439609802,47452.0,1.4887102472445568,112.0,0.7966714367774581,,1.2989958632158585,0.2028545953476519,8.0,1.4274132415195109,8.0,1.2201271438848318,2.5609120000000303,2.8810479161329567,,1,6
sparse_regression,regression,random_forest,,,,,,,,1.793749833333332,,,256.0,0.0353517152058581,7247.017327500963,64791.833333333336,,0.8873236467604797,,,,,,9395403.0,1.2313319564164942,129327.66666666667,0.6386656283842701,230405461.33333334,,0.3555341774787136,,,256.0,1.1090561909076322,1.793749833333332,2.0688776805376015,2.0688776805376015,6,6
sparse_regression,regression,random_patches,,,,,,,,0.04608266666666807,,,256.0,0.021200680639594734,12127.222507811108,58.166666666666664,,1.062946433768056,,,,,,34388.0,1.784736848731411,108.33333333333333,0.9219360662249514,229569877.33333334,,0.06974869088781842,,,8.0,1.3342618243283386,0.04608266666666807,0.05755568757498012,0.05755568757498012,6,6
sparse_regression,regression,random_subspace,100.0,,,,,0.05666666666666667,5.666666666666667,,,23.166666666666668,256.0,0.022987055514628634,11220.282363868575,54.166666666666664,,1.0649859728559308,0.931909820504595,0.8573069465290288,0.05357142857142851,0.8573069465290288,-0.06975988335386235,46612.166666666664,1.7875932486235466,100.33333333333333,0.9248953202632898,,1.810385260021003,0.06688424872505362,8.0,1.2924011630833718,8.0,1.3352504741960285,0.05035933333329007,0.06369281276905284,,6,6
sparse_regression,regression,rf_shallow,,,,,,,,0.03418816666668547,,,256.0,0.004176257022966884,61485.38895633933,63.5,,0.8949259704249636,,,,,,15003.0,1.274959371652885,119.0,0.6607912133187247,229569877.33333334,,0.3331147767338647,,,8.0,1.128415820934391,0.03418816666668547,0.039651833358220714,0.039651833358220714,6,6
sparse_regression,regression,shrinkage,100.0,,,,,0.11,11.0,,,17.0,256.0,0.0207815838512033,12318.599093936566,60.0,,0.9732490013303986,0.9655603959933284,0.7953626220335555,0.1564625850340136,0.7953626220335555,0.1166365376629899,47452.0,1.491990579624776,112.0,0.7984268805350958,,1.2978975295513775,0.2010981072147437,8.0,1.4346120177664046,8.0,1.2214706626132188,2.5605000000000473,2.873172335093841,,1,6
sparse_regression,regression,signed_correlation,100.0,,,,,0.11,11.0,,,20.0,256.0,0.0193792912177741,13209.977450836996,60.0,,0.9719188248299524,0.9655603959933284,0.7922448169865426,0.1241496598639455,0.7922448169865426,0.1109291449960874,47452.0,1.486462141604269,112.0,0.795468380941851,,1.3023585529375838,0.2040583669235146,8.0,1.4409722155748672,8.0,1.219205537062668,2.5591850000000704,2.874765707878396,,1,6
sparse_regression,regression,top_no_cert,100.0,,,,,0.05666666666666667,5.666666666666667,,,19.666666666666668,256.0,0.023117041486936264,11225.085833241146,61.666666666666664,,0.9734652215771531,0.9625999738503674,0.8274122962760582,0.1377551020408163,0.8274122962760582,0.10941410130205703,47692.5,1.5015653878900734,115.33333333333333,0.7753252490181461,,1.4627557160506275,0.21750911550534646,8.0,1.3679282759687446,8.0,1.2235978959486622,2.587922333333362,2.970867950546866,,6,6
sparse_regression,regression,top_quality,100.0,,,,,0.11,11.0,,,16.0,256.0,0.0221219591330736,11572.211957360696,60.0,,0.9697438598719734,0.9655603959933284,0.7980235598311651,0.1717687074829932,0.7980235598311651,0.1185065439609802,47452.0,1.4887102472445568,112.0,0.7966714367774581,,1.2989958632158585,0.2028545953476519,8.0,1.4274132415195109,8.0,1.2201271438848318,2.6388849999999593,2.96885429113172,,1,6
sparse_regression,regression,xgboost,,,,,,,,0.3878798333333388,,,256.0,0.0035909793029228333,71550.53278853213,1414.0,,0.8933679961531075,,,,,,172399.5,1.2354194860345085,2728.0,0.6397097067077034,222137002.66666666,,0.3545819950344591,,,100.0,1.1106367380909823,0.3878798333333388,0.43986667327893275,0.43986667327893275,6,6
xor_binary,binary,abs_correlation,100.0,0.5009443788161706,0.4811573517628205,0.5112179487179487,0.2599507698215966,0.1,10.0,,0.07640069456837033,20.25,256.0,0.022417062777094498,11460.33639208883,56.75,0.7143517486028346,,0.940753028415489,0.8729449680075039,0.1027210884353741,0.8729449680075039,0.5875936654897836,48500.0,,105.5,1.0414694303749865,,0.22712248401667404,,8.0,1.2504480086284802,8.0,,2.9800719999999785,3.417052573291585,,4,6
xor_binary,binary,caruana,100.0,0.5282815492160454,0.5165014022435898,0.5206330128205129,0.2545676198757668,0.07666666666666667,7.666666666666667,,0.08306101468614403,14.5,256.0,0.013616756807702251,25493.39773488205,31.666666666666668,0.7039024098202761,,0.8682635186081255,0.8354954415119912,0.06938775510204077,0.8354954415119912,0.6110209370707418,28138.333333333332,,58.833333333333336,1.0199023232202198,,0.2140470711835567,,8.0,1.2419441950927477,4.5,,2.9737233333332447,3.3936435626043626,,6,6
xor_binary,binary,catboost,,0.8401572902146048,0.8378071581196581,0.7865918803418803,0.1789216458255998,,,0.47747683333331753,0.15701657106169878,,256.0,0.0037845415451253,68402.11670778398,1600.0,0.5430582467915146,,,,,,,45536.666666666664,,3100.0,0.7168335169294866,243739306.66666666,,,,,100.0,,0.47747683333331753,0.5391213820548728,0.5391213820548728,6,6
xor_binary,binary,certified_random,100.0,0.5034340398393247,0.4812825520833333,0.49829727564102566,0.25947621842491647,0.1,10.0,,0.08157410809560545,21.5,256.0,0.022195333498530048,11680.016869019573,56.0,0.7133834161525937,,0.9469349492405776,0.8766350908384595,0.09676870748299315,0.8766350908384595,0.5881562844300882,48379.75,,104.0,1.0395681827921335,,0.22707708819293032,,8.0,1.2417186641474203,8.0,,2.978249499999947,3.408999104052782,,4,6
xor_binary,binary,coerror,100.0,0.5039011473805578,0.49415314503205127,0.5074118589743589,0.2588669056423331,0.1,10.0,,0.07942168214034465,21.0,256.0,0.021543416776694302,11976.667449433795,56.75,0.7120879733470334,,0.9336268092196016,0.8748318850906,0.0954931972789115,0.8748318850906,0.5891754932892628,48495.5,,105.5,1.0371270258106295,,0.2261606345709931,,8.0,1.246531487079698,8.0,,2.978602499999994,3.4124705311260186,,4,6
xor_binary,binary,coerror_greedy,100.0,0.5039011473805578,0.49415314503205127,0.5074118589743589,0.2588669056423331,0.1,10.0,,0.07942168214034465,21.0,256.0,0.022195416502654525,11625.841229164027,56.75,0.7120879733470334,,0.9336268092196016,0.8748318850906,0.0954931972789115,0.8748318850906,0.5891754932892628,48495.5,,105.5,1.0371270258106295,,0.2261606345709931,,8.0,1.246531487079698,8.0,,2.977314249999978,3.409784551768098,,4,6
xor_binary,binary,coerror_no_cert,100.0,0.5099209063665652,0.4945579594017094,0.4937900641025641,0.2569537173963409,0.07666666666666667,7.666666666666667,,0.07761586406783154,22.333333333333332,256.0,0.021580687491223164,12212.68139356355,55.5,0.7079888218107282,,0.9392510944082016,0.8778828745676468,0.07103174603174596,0.8778828745676468,0.573867928268563,48298.0,,103.0,1.0294620087994426,,0.2284081433973203,,8.0,1.2430450233138044,8.0,,2.9875244999999873,3.4106858954764903,,6,6
xor_binary,binary,covariance_only,100.0,0.5039011473805578,0.49415314503205127,0.5074118589743589,0.2588669056423331,0.1,10.0,,0.07942168214034465,21.0,256.0,0.022723114758264225,11462.337829169075,56.75,0.7120879733470334,,0.9336268092196016,0.8748318850906,0.0954931972789115,0.8748318850906,0.5891754932892628,48495.5,,105.5,1.0371270258106295,,0.2261606345709931,,8.0,1.246531487079698,8.0,,2.9783834999998646,3.412762479565572,,4,6
xor_binary,binary,direct_auroc,100.0,0.5078951061145086,0.48917434561965817,0.49045138888888884,0.2558099532263655,0.07666666666666667,7.666666666666667,,0.07871139898494524,22.5,256.0,0.021780499955639184,11947.43767189068,56.333333333333336,0.7051713169928838,,0.9327323688477747,0.8776152305991962,0.0575396825396825,0.8776152305991962,0.5660113473223826,48430.5,,104.66666666666667,1.0248796202979389,,0.22971776827488077,,8.0,1.2435306884686457,8.0,,3.128094166666623,3.580105867392073,,6,6
xor_binary,binary,direct_squared,100.0,0.5039011473805578,0.49415314503205127,0.5074118589743589,0.2588669056423331,0.1,10.0,,0.07942168214034465,21.0,256.0,0.021229062287602525,12097.002082073805,56.75,0.7120879733470334,,0.9336268092196016,0.8748318850905998,0.0954931972789115,0.8748318850905998,0.5891754932892628,48501.0,,105.5,1.0371270258106295,,0.22616063457099309,,8.0,1.2465314870796977,8.0,,2.9769792499999426,3.4106310208444484,,4,6
xor_binary,binary,et_shallow,,0.5123064592840008,0.4855184962606837,0.48691239316239315,0.25192477472724367,,,0.016124166666656916,0.04852356677326795,,256.0,0.0041832850159455835,62775.524383030424,54.833333333333336,0.6970221947065283,,,,,,,15392.333333333334,,101.66666666666667,1.0093140013110724,240290474.66666666,,,,,8.0,,0.016124166666656916,0.018995798697384648,0.018995798697384648,6,6
xor_binary,binary,extra_trees,,0.5597463364228826,0.5486862313034188,0.5363915598290597,0.24799663543701167,,,0.4068459999999732,0.03379231770833327,,256.0,0.034380249834308985,7463.198852640991,43735.5,0.689151399438792,,,,,,,7079579.0,,87215.0,0.993576263770079,240806570.66666666,,,,,256.0,,0.4068459999999732,0.459135743129688,0.459135743129688,6,6
xor_binary,binary,lightgbm,,0.7381025993052686,0.7353098290598291,0.6796207264957266,0.20711661962887443,,,0.09723366666668194,0.09917849394896133,,256.0,0.0076180345301205335,34365.08099807347,1486.5,0.6034694706985515,,,,,,,181457.66666666666,,2873.0,0.8297941491541444,243400704.0,,,,,100.0,,0.09723366666668194,0.11256661836523557,0.11256661836523557,6,6
xor_binary,binary,minimax,100.0,0.5102714741786827,0.4972831530448718,0.5080128205128205,0.25871089414177084,0.1,10.0,,0.0797102938308121,21.25,256.0,0.02134275017306205,12075.889953597858,56.5,0.7117665990445257,,0.9292337182104402,0.8753021991971406,0.09311224489795913,0.8753021991971406,0.5852074256310096,48460.75,,105.0,1.036501979734659,,0.22756305896180043,,8.0,1.2452803374399457,8.0,,2.9786919999999952,3.410100510751363,,4,6
xor_binary,binary,prediction_correlation,100.0,0.5007357260832667,0.4806941105769231,0.5019030448717949,0.2595614734817691,0.1,10.0,,0.08417279460273762,21.5,256.0,0.02318479202222075,11172.484208599522,56.5,0.7132953130615648,,0.9378301843013207,0.8746334827065896,0.08928571428571422,0.8746334827065896,0.5863776573768029,48459.5,,105.0,1.0399097495263185,,0.22745999511465095,,8.0,1.2466596422920402,8.0,,2.981357750000001,3.4190527917817235,,4,6
xor_binary,binary,quality_diversity,100.0,0.49739492193485696,0.4727814503205128,0.4916866987179487,0.2620906524256063,0.1,10.0,,0.09586740264477253,20.25,256.0,0.0224734584917314,11490.429556029085,57.25,0.7190692596067274,,0.9421384030684453,0.8822268624726128,0.114625850340136,0.8822268624726128,0.5908355712890625,48576.0,,106.5,1.0500426779872047,,0.22721425818691243,,8.0,1.2292325119283256,8.0,,2.9793955000000665,3.4166142297908664,,4,6
xor_binary,binary,random_forest,,0.609122776432641,0.605293469551282,0.5651709401709402,0.24220005035400385,,,0.6595018333333466,0.0709212239583333,,256.0,0.03028081966719275,8537.268107096832,15777.833333333334,0.6774292055006988,,,,,,,2606352.3333333335,,31299.666666666668,0.9703527658413619,240547157.33333334,,,,,256.0,,0.6595018333333466,0.7360158195951954,0.7360158195951954,6,6
xor_binary,binary,random_patches,,0.5150700380189869,0.502796140491453,0.49712873931623935,0.25481221769575707,,,0.05013066666668913,0.07033542465910242,,256.0,0.022518930335839554,11494.102532500461,54.5,0.703203504454985,,,,,,,35340.0,,101.0,1.0208822824349244,240320512.0,,,,,8.0,,0.05013066666668913,0.059958187513984684,0.059958187513984684,6,6
xor_binary,binary,random_subspace,100.0,0.5041705677291132,0.4832231570512821,0.4766960470085469,0.2549081344176252,0.07666666666666667,7.666666666666667,,0.06620525729734834,23.166666666666668,256.0,0.021090458302448132,12146.786071133289,53.5,0.7032052297759832,,0.9299936806062733,0.8996090186360822,0.05357142857142851,0.8996090186360822,0.4975225986578526,47977.5,,99.0,1.021266564173178,,0.2540494540407207,,8.0,1.2008436783668595,8.0,,0.052501333333339034,0.06044543103780595,,6,6
xor_binary,binary,rf_shallow,,0.5333412832130172,0.5230702457264957,0.5093482905982906,0.2537654546474191,,,0.02256383333334115,0.061759707234323356,,256.0,0.0036809376906603002,70757.48083856182,55.833333333333336,0.7011476469826832,,,,,,,15552.333333333334,,103.66666666666667,1.0166885202220322,240306858.66666666,,,,,8.0,,0.02256383333334115,0.026049347245134385,0.026049347245134385,6,6
xor_binary,binary,shrinkage,100.0,0.5017366816305655,0.48838141025641024,0.5062099358974359,0.2596955525450968,0.1,10.0,,0.08211163107997982,20.75,256.0,0.0222533855121582,11703.531103361529,57.0,0.713856924478633,,0.9336268092196016,0.8761036971235414,0.09676870748299315,0.8761036971235414,0.5893026498647836,48535.5,,106.0,1.0404469252608046,,0.22618277029098513,,8.0,1.243587277168185,8.0,,2.9795414999999252,3.4163869267795235,,4,6
xor_binary,binary,signed_correlation,100.0,0.5009443788161706,0.4811573517628205,0.5112179487179487,0.2599507698215966,0.1,10.0,,0.07640069456837033,20.25,256.0,0.022162770794238874,11733.889013567696,56.75,0.7143517486028346,,0.940753028415489,0.8729449680075039,0.1027210884353741,0.8729449680075039,0.5875936654897836,48500.0,,105.5,1.0414694303749865,,0.22712248401667404,,8.0,1.2504480086284802,8.0,,2.977574250000032,3.410107062663883,,4,6
xor_binary,binary,top_no_cert,100.0,0.5142613696876565,0.5009515224358975,0.5112847222222222,0.25813130428465797,0.07666666666666667,7.666666666666667,,0.08446004205841538,19.5,256.0,0.0210080069955438,12270.884669766237,56.5,0.7107960329667774,,0.941696543718526,0.886972784344198,0.11496598639455775,0.886972784344198,0.5806814340444711,48457.333333333336,,105.0,1.0341799049866103,,0.2309612335667833,,8.0,1.2218895058579218,8.0,,2.987417833333325,3.4120318404554077,,6,6
xor_binary,binary,top_quality,100.0,0.49876848583130273,0.4780523838141026,0.4989983974358974,0.26164719007719783,0.1,10.0,,0.09251573687644778,20.0,256.0,0.023503052245359826,11042.287789867176,57.25,0.7183329049691856,,0.9421384030684453,0.8863773473820213,0.12270408163265303,0.8863773473820213,0.5908809564052484,48576.0,,106.5,1.0482659858862096,,0.22775492155488972,,8.0,1.2193373668708356,8.0,,2.9759302499999762,3.405540791573003,,4,6
xor_binary,binary,xgboost,,0.7492996832341995,0.7540564903846154,0.7007879273504273,0.19860223021756176,,,0.30957433333333023,0.10942290623982742,,256.0,0.0036265554760271834,71493.69315877701,1191.8333333333333,0.5829513221979141,,,,,,,157295.5,,2283.6666666666665,0.7956820120895906,243152213.33333334,,,,,100.0,,0.30957433333333023,0.35430493062206847,0.35430493062206847,6,6
xor_regression,regression,caruana,100.0,,,,,0.0,0.0,,,20.0,256.0,0.016880250031438917,15667.787515358754,45.833333333333336,,1.1415235982562886,0.9181473724658717,0.8733431723800714,0.051171579743008254,0.8733431723800714,-0.050511196945359695,37740.5,1.9443122976732805,85.33333333333333,0.9758968671013241,,1.8521075057061305,0.01971625235897358,8.0,1.2469098277250428,6.333333333333333,1.391311509079637,2.554488833333456,2.8807583614640557,,6,6
xor_regression,regression,catboost,,,,,,,,0.44807483333331294,,,256.0,0.004796138770567834,54244.1480648106,1600.0,,1.0532622584163593,,,,,,44918.666666666664,1.692162847577715,3100.0,0.8524556573373626,245566122.66666666,,0.14392713402646473,,,100.0,1.2993116699766627,0.44807483333331294,0.49844518730727333,0.49844518730727333,6,6
xor_regression,regression,coerror_no_cert,100.0,,,,,0.0,0.0,,,23.0,256.0,0.021616902823249465,11895.741558385414,57.333333333333336,,1.1488913935726037,0.9243097889640747,0.8775289774634466,0.05980725623582762,0.8775289774634466,-0.05468376934156685,47068.0,1.9643631027672364,106.66666666666667,0.987385196735699,,1.8705080461605046,0.008193666438845082,8.0,1.2516548487097106,8.0,1.3992926298521942,2.5612215000000638,2.9025184587032222,,6,6
xor_regression,regression,et_shallow,,,,,,,,0.015968500000004302,,,256.0,0.003880048869177633,67293.49043768764,56.166666666666664,,1.1651203419188352,,,,,,13947.0,2.0038228916423617,104.33333333333333,1.0099984767869377,245039104.0,,-0.0144791683533606,,,8.0,1.4145956908009927,0.015968500000004302,0.017503548801566116,0.017503548801566116,6,6
xor_regression,regression,extra_trees,,,,,,,,1.1314656666666376,,,256.0,0.038844347504588435,6597.914907114647,102400.0,,1.1456039847024366,,,,,,14810979.0,1.9690958595550534,204544.0,0.9919581636028815,242166442.66666666,,0.0037222344798994167,,,256.0,1.4020137360418061,1.1314656666666376,1.2593217362106468,1.2593217362106468,6,6
xor_regression,regression,lightgbm,,,,,,,,0.10045600000000826,,,256.0,0.0071484583895653,35933.47698684691,1483.8333333333333,,1.1064565452232322,,,,,,151775.0,1.8834837740510826,2867.6666666666665,0.9470904919117186,245325824.0,,0.04905270637494627,,,100.0,1.368373088989652,0.10045600000000826,0.11439270828850566,0.11439270828850566,6,6
xor_regression,regression,random_forest,,,,,,,,1.9759041666666803,,,256.0,0.03661437499492117,7008.928792155845,64791.833333333336,,1.1347690024378974,,,,,,9395403.0,1.9418051923001958,129327.66666666667,0.9775300232046896,243818496.0,,0.018172864705246067,,,256.0,1.3920499352650844,1.9759041666666803,2.2181459098355845,2.2181459098355845,6,6
xor_regression,regression,random_patches,,,,,,,,0.045901999999993344,,,256.0,0.02179067364583408,11789.520368533167,52.5,,1.1766300669890344,,,,,,33572.0,2.0475886789158313,97.0,1.0321701712250515,245071872.0,,-0.03670471822923017,,,8.0,1.4300076886212885,0.045901999999993344,0.05111811783475175,0.05111811783475175,6,6
xor_regression,regression,random_subspace,100.0,,,,,0.0,0.0,,,23.166666666666668,256.0,0.023345333291217615,11118.136305670385,55.0,,1.174152926744849,0.943367941620192,0.8998866209846798,0.05357142857142851,0.8998866209846798,-0.12144293562500284,46732.166666666664,2.026564717103011,102.0,1.0207236559033646,,2.0308133868140708,-0.02524304654630657,8.0,1.2010795476579004,8.0,1.4223382591668183,0.04909400000004396,0.0563255557402347,,6,6
xor_regression,regression,rf_shallow,,,,,,,,0.0351584999999848,,,256.0,0.0041406668024137,62331.478705954156,57.333333333333336,,1.1780122573755922,,,,,,14115.0,2.0610370327795473,106.66666666666667,1.038765325677479,245071872.0,,-0.04337615322800594,,,8.0,1.4345661743713263,0.0351584999999848,0.040048451667341035,0.040048451667341035,6,6
xor_regression,regression,top_no_cert,100.0,,,,,0.0,0.0,,,21.166666666666668,256.0,0.022540986111077115,11721.56593066844,53.5,,1.1555368894753169,0.9601626872580925,0.9027323270946749,0.07670068027210879,0.9027323270946749,-0.0411022192794486,46516.333333333336,1.9864334614787893,99.0,0.9988888579207109,,1.8924703048493303,-0.0033483084701172172,8.0,1.1928447764495542,8.0,1.4074089209464435,2.557021833333465,2.8866653682198375,,6,6
xor_regression,regression,xgboost,,,,,,,,0.3635616666666692,,,256.0,0.0034488193535555834,74368.30107256504,1310.1666666666667,,1.126130597717535,,,,,,165340.5,1.9416982339736224,2520.3333333333335,0.9740225332186049,244569429.33333334,,0.022042189529479284,,,100.0,1.3876180138691698,0.3635616666666692,0.41877596503278863,0.41877596503278863,6,6
