B,certified_count,certification_rate,seed,fold,task,dataset,method,status,auroc,auprc,log_loss,brier,balanced_accuracy,ece_10,normalized_squared_loss,mean_selected_quality,mean_residual_correlation,mean_abs_residual_correlation,max_abs_residual_correlation,residual_effective_rank,mean_feature_jaccard,feature_coverage,oof_squared_loss,requested_K,aggregation,search_charged,model_bytes,train_wall_seconds,train_cpu_seconds,retained_count,nodes,leaves,inference_batch_rows,inference_batch_seconds,inference_rows_per_second,inference_timing_scope,generated_B,wall_seconds,cpu_seconds,observed_peak_rss_bytes,coefficient_count
1000.0,1000.0,1.0,11,0,binary,credit_default,random_b1000_k16,complete,0.764858191219869,0.5393262528208141,0.4490588709419377,0.1415808145020824,0.5900308166409861,0.0471927945192166,0.8217479020818013,0.6887847686070883,0.9234796895564742,0.9234796895564742,0.990215951672194,1.1598130482145277,0.1536906943389141,23.0,0.1406606338353042,16.0,equal,True,1811867,83.6559145830106,187.64616300000003,16,846.0,431.0,256,0.0144817498512566,17677.42176390282,median 5 warm calls on training rows; end-to-end preprocessing,6000.0,,,,
1000.0,1000.0,1.0,11,0,binary,credit_default,top_quality_b1000_k16,complete,0.7701797419759211,0.5506192645778418,0.4323316715848427,0.134859104975063,0.6521764252696456,0.0120480496229281,0.7827344896949823,0.7517194226281819,0.954535360091667,0.954535360091667,0.9755459492832091,1.0908572427559469,0.3455162911993408,23.0,0.1342700261809835,16.0,equal,True,1875179,83.7005019581411,187.890301,16,1566.0,791.0,256,0.0170944170095026,14975.64964383937,median 5 warm calls on training rows; end-to-end preprocessing,6000.0,,,,
1000.0,1000.0,1.0,11,0,binary,credit_default,coerror_b1000_k16,complete,0.7687375623514664,0.5534918034344132,0.4333797157982224,0.1351870724365833,0.6533474576271187,0.0168847379387588,0.7846380426191777,0.7435276232776669,0.9434119445921582,0.9434119445921582,0.9999858546495778,1.1159972570615049,0.2579199038477289,23.0,0.1333118484959505,16.0,equal,True,1860408,83.70623641624115,187.837644,16,1406.0,711.0,256,0.016884374897927,15161.947158104742,median 5 warm calls on training rows; end-to-end preprocessing,6000.0,,,,
1000.0,1000.0,1.0,11,0,binary,credit_default,random_b1000_k64,complete,0.7725400224595859,0.5500839352165894,0.4554865441450593,0.1441779064521708,0.5536825885978428,0.0644552863652355,0.8368216595609068,0.6625531114200787,0.9219688402153704,0.9219688402153704,0.9999999999999308,1.1707748017064803,0.1260642903088286,23.0,0.1431832625732029,64.0,equal,True,7280888,83.91211733245291,188.60777200000004,64,3606.0,1835.0,256,0.0565896248444914,4523.797439963404,median 5 warm calls on training rows; end-to-end preprocessing,6000.0,,,,
1000.0,1000.0,1.0,11,0,binary,credit_default,top_quality_b1000_k64,complete,0.7709401687080515,0.5565544233744383,0.4322307293812339,0.1348860465779664,0.6477657935285054,0.0144970159168198,0.7828908612043739,0.7473844609452108,0.951688191890038,0.951688191890038,0.999971388545122,1.1023096795281573,0.3106184479246039,23.0,0.1344060268664261,64.0,equal,True,7504712,84.16356424917467,189.67032400000005,64,6102.0,3083.0,256,0.0658151251263916,3889.683404967726,median 5 warm calls on training rows; end-to-end preprocessing,6000.0,,,,
1000.0,1000.0,1.0,11,0,binary,credit_default,coerror_b1000_k64,complete,0.7734854143271265,0.5607728975021014,0.4323524947318771,0.1349592135255048,0.6497996918335901,0.020068310920861,0.7833155288110188,0.7366448887168962,0.936492367870978,0.936492367870978,0.9999999999999856,1.139610140751638,0.2656022754074639,23.0,0.1335652926518764,64.0,equal,True,7469336,84.30541587527841,189.68167300000005,64,5722.0,2893.0,256,0.0630088329780846,4062.9224173861503,median 5 warm calls on training rows; end-to-end preprocessing,6000.0,,,,
1000.0,1000.0,1.0,11,0,binary,credit_default,random_b1000_k128,complete,0.7706170510041525,0.5414312637725925,0.4522564662301492,0.1429664421962278,0.576560092449923,0.0598625669804987,0.8297902110255293,0.6775872281456335,0.924201341978432,0.924201341978432,0.9994555576598148,1.167859571115572,0.1400668865704495,23.0,0.1419665616775855,128.0,equal,True,14634267,84.35584758291952,190.04038800000004,128,7542.0,3835.0,256,0.1169866251293569,2188.2843420513254,median 5 warm calls on training rows; end-to-end preprocessing,6000.0,,,,
1000.0,1000.0,1.0,11,0,binary,credit_default,top_quality_b1000_k128,complete,0.7685781906975531,0.555708832662703,0.4335519707691593,0.1352695009524034,0.6472765793528505,0.0143044085178114,0.7851164652090254,0.7428292546585809,0.9541509255254268,0.9541509255254268,0.9999999999999976,1.0976504894271073,0.2872960280731367,23.0,0.1347346533573334,128.0,equal,True,14910040,84.73141008242965,191.672453,128,10626.0,5377.0,256,0.125753124943003,2035.7346993645735,median 5 warm calls on training rows; end-to-end preprocessing,6000.0,,,,
1000.0,1000.0,1.0,11,0,binary,credit_default,coerror_b1000_k128,complete,0.7735353607897417,0.5609961537406067,0.4329410129631136,0.1351501373097504,0.6491217257318952,0.0233064217378769,0.7844236677895452,0.7338036091865676,0.9366440650036636,0.9366440650036636,1.0,1.1406264809129991,0.261364467120727,23.0,0.1339076576465452,128.0,equal,True,14921355,84.98223791504279,191.87180100000003,128,10686.0,5407.0,256,0.1252320420462638,2044.205267414128,median 5 warm calls on training rows; end-to-end preprocessing,6000.0,,,,
3000.0,2996.0,0.9986666666666668,11,0,binary,credit_default,random_b3000_k16,complete,0.7656216212687054,0.5304768497538325,0.446531567945412,0.1408880077783403,0.5975154083204931,0.0388100215767841,0.8177267889543945,0.699221430838442,0.9211269003530644,0.9211269003530644,0.97734665777099,1.1650936824077374,0.2337477889828896,23.0,0.1394967037726495,16.0,equal,True,1850008,83.81090649892576,187.92635600000003,16,1270.0,643.0,256,0.0163149160798639,15691.162537817692,median 5 warm calls on training rows; end-to-end preprocessing,6000.0,,,,
3000.0,2996.0,0.9986666666666668,11,0,binary,credit_default,top_quality_b3000_k16,complete,0.7680192473427176,0.5476981220433164,0.4337514320082721,0.1353635567851264,0.648351309707242,0.0135525917162886,0.7856623738018708,0.754299105596371,0.9550080798907348,0.9550080798907348,0.974060220920808,1.089868853605929,0.4117117548773895,23.0,0.1344169566296843,16.0,equal,True,1871467,83.7757287491113,188.01990200000003,16,1504.0,760.0,256,0.0173886658158153,14722.23359236469,median 5 warm calls on training rows; end-to-end preprocessing,6000.0,,,,
3000.0,2996.0,0.9986666666666668,11,0,binary,credit_default,coerror_b3000_k16,complete,0.771248988012849,0.5570192078291771,0.4325336306406074,0.1349746152556689,0.6520338983050847,0.0189365619064272,0.7834049218512782,0.7456409342424191,0.9416101653894527,0.9416101653894527,0.9796139894365534,1.1200104050589528,0.2574270549425348,23.0,0.1330566714862041,16.0,equal,True,1870104,83.852995084133,187.982556,16,1524.0,770.0,256,0.0172848750371485,14810.636435022276,median 5 warm calls on training rows; end-to-end preprocessing,6000.0,,,,
3000.0,2996.0,0.9986666666666668,11,0,binary,credit_default,random_b3000_k64,complete,0.7695844976626361,0.5470181300706127,0.4488525089967388,0.1414887139473526,0.5856240369799692,0.0561785279844577,0.8212133420999568,0.6845571687889518,0.9224358069806632,0.9224358069806632,0.998172089940675,1.1712130071882534,0.1554725091416083,23.0,0.1404440504918374,64.0,equal,True,7276568,84.07302533322945,188.90750000000003,64,3490.0,1777.0,256,0.0599645420443266,4269.189612267214,median 5 warm calls on training rows; end-to-end preprocessing,6000.0,,,,
3000.0,2996.0,0.9986666666666668,11,0,binary,credit_default,top_quality_b3000_k64,complete,0.7706652999399337,0.5559886708074706,0.432251861473679,0.1348704390028424,0.6500462249614792,0.0131777731322118,0.7828002734212776,0.7511630491532739,0.9534421515258228,0.9534421515258228,0.9864858972323032,1.098310640678043,0.3463676010462324,23.0,0.134052830627775,64.0,equal,True,7512635,84.30857433192432,189.89041700000004,64,6126.0,3095.0,256,0.068943666992709,3713.176440514436,median 5 warm calls on training rows; end-to-end preprocessing,6000.0,,,,
3000.0,2996.0,0.9986666666666668,11,0,binary,credit_default,coerror_b3000_k64,complete,0.7739620276305137,0.5588125044149376,0.4321595090292335,0.1349458641112297,0.6506741140215716,0.0218180114581131,0.7832380475985172,0.7406517443994295,0.935547831415274,0.935547831415274,1.0,1.1418731510652258,0.2827892199811773,23.0,0.1331320054209094,64.0,equal,True,7506136,84.66990691493265,190.09466200000003,64,6104.0,3084.0,256,0.0697334171272814,3671.123695727317,median 5 warm calls on training rows; end-to-end preprocessing,6000.0,,,,
3000.0,2996.0,0.9986666666666668,11,0,binary,credit_default,random_b3000_k128,complete,0.7709940978297772,0.5450423954565782,0.4512716711098957,0.1425465827024892,0.57326656394453,0.058218107753892,0.8273533084030789,0.6785051364619631,0.9224913179328798,0.9224913179328798,1.0,1.1724997386154017,0.1394144039041812,23.0,0.1415607828259619,128.0,equal,True,14608088,84.4254516242072,190.100209,128,7322.0,3725.0,256,0.113188583869487,2261.7121908264417,median 5 warm calls on training rows; end-to-end preprocessing,6000.0,,,,
3000.0,2996.0,0.9986666666666668,11,0,binary,credit_default,top_quality_b3000_k128,complete,0.7713158444543105,0.5564026311759913,0.4319542331666177,0.1347830798727896,0.6491217257318952,0.0131500679509342,0.7822932330987515,0.7491601851350903,0.9526810329509244,0.9526810329509244,0.9865863507739516,1.1009279002965051,0.3383168575431999,23.0,0.1342006171544879,128.0,equal,True,15069323,84.99357395921834,192.36963500000007,128,12332.0,6230.0,256,0.1366308748256415,1873.6614277460255,median 5 warm calls on training rows; end-to-end preprocessing,6000.0,,,,
3000.0,2996.0,0.9986666666666668,11,0,binary,credit_default,coerror_b3000_k128,complete,0.773961113577603,0.5594578625821532,0.4321446271130116,0.1349266203631317,0.6519337442218798,0.021967358642842,0.7831263551373359,0.7390678494054405,0.9362673537981132,0.9362673537981132,1.0,1.1412718483124475,0.2825483861779105,23.0,0.1333260046449914,128.0,equal,True,15019851,85.8447483330965,192.939269,128,11832.0,5980.0,256,0.1296016669366508,1975.283235555392,median 5 warm calls on training rows; end-to-end preprocessing,6000.0,,,,
6000.0,5993.0,0.9988333333333334,11,0,binary,credit_default,random_b6000_k16,complete,0.7634957953566112,0.5383893680154093,0.4456342435626448,0.1400954862104562,0.6160708782742681,0.0406028171443681,0.8131269218180617,0.7053048533139907,0.9405664330723836,0.9405664330723836,0.9923272070786846,1.1219975293865772,0.1681385594611213,23.0,0.1388383433844674,16.0,equal,True,1798939,84.07760258298367,188.01598600000003,16,676.0,346.0,256,0.0148866670206189,17196.596098067137,median 5 warm calls on training rows; end-to-end preprocessing,6000.0,,,,
6000.0,5993.0,0.9988333333333334,11,0,binary,credit_default,top_quality_b6000_k16,complete,0.7639265754354808,0.5448543096332227,0.4358540048819397,0.1360590476594979,0.6537942989214176,0.0101500447591921,0.7896990659832351,0.7570214546837193,0.9634173440645604,0.9634173440645604,0.9825149604858048,1.0721726305299453,0.4681010123347585,23.0,0.1351740178117501,16.0,equal,True,1874027,83.96278475015424,188.184251,16,1526.0,771.0,256,0.0190832081716507,13414.935145983636,median 5 warm calls on training rows; end-to-end preprocessing,6000.0,,,,
6000.0,5993.0,0.9988333333333334,11,0,binary,credit_default,coerror_b6000_k16,complete,0.7723653077746728,0.5549875627878212,0.4323751822478387,0.1349491268478739,0.6502426810477658,0.0164516772684709,0.7832569848182372,0.7443310747427636,0.9408317870249516,0.9408317870249516,0.978647980318117,1.1221084945840123,0.2837034587789231,23.0,0.1329317349296011,16.0,equal,True,1871259,84.11438612407073,188.244504,16,1552.0,784.0,256,0.0167021658271551,15327.353509075092,median 5 warm calls on training rows; end-to-end preprocessing,6000.0,,,,
6000.0,5993.0,0.9988333333333334,11,0,binary,credit_default,random_b6000_k64,complete,0.7699604345668695,0.5461663710128177,0.4521698796825032,0.1428031182861281,0.5743297380585516,0.0604593782221614,0.8288422642224527,0.6723891760369267,0.9212804610239592,0.9212804610239592,0.9999999999999986,1.1739244485485114,0.1364939336573961,23.0,0.1416828725868849,64.0,equal,True,7305403,84.16512670717202,188.88549200000003,64,3838.0,1951.0,256,0.0617427909746766,4146.233041279211,median 5 warm calls on training rows; end-to-end preprocessing,6000.0,,,,
6000.0,5993.0,0.9988333333333334,11,0,binary,credit_default,top_quality_b6000_k64,complete,0.7700381290642709,0.5542216679708076,0.4327615142147964,0.1350255729706305,0.650246533127889,0.0152805908379425,0.7837006850555787,0.7536857341999893,0.9555848625978164,0.9555848625978164,0.9885238806611456,1.0934695913124777,0.3782907636317009,23.0,0.1341605801951122,64.0,equal,True,7514683,84.40069416700862,189.9692830000001,64,6158.0,3111.0,256,0.0680812920909375,3760.210656079439,median 5 warm calls on training rows; end-to-end preprocessing,6000.0,,,,
6000.0,5993.0,0.9988333333333334,11,0,binary,credit_default,coerror_b6000_k64,complete,0.7735217805750699,0.5588641516025085,0.4319914917833252,0.1348286899998284,0.6498536209553158,0.0197354043124906,0.7825579584172182,0.7430558145910172,0.937013535161776,0.937013535161776,0.9825149604857448,1.138010241756762,0.2802184981476847,23.0,0.1328811618409055,64.0,equal,True,7513960,85.32155775022693,190.630611,64,6292.0,3178.0,256,0.0645244580227881,3967.4877998911393,median 5 warm calls on training rows; end-to-end preprocessing,6000.0,,,,
6000.0,5993.0,0.9988333333333334,11,0,binary,credit_default,random_b6000_k128,complete,0.770259591026612,0.5416033521477951,0.4545094226082711,0.1438259802288111,0.5636248073959939,0.0619638278564234,0.83477904780768,0.671640638899132,0.9259442457406152,0.9259442457406152,0.9999999999999558,1.1630011429690643,0.1348310527651691,23.0,0.1426684426373341,128.0,equal,True,14518107,84.53901208308525,190.13889200000003,128,6138.0,3133.0,256,0.1176692908629775,2175.5888738898293,median 5 warm calls on training rows; end-to-end preprocessing,6000.0,,,,
6000.0,5993.0,0.9988333333333334,11,0,binary,credit_default,top_quality_b6000_k128,complete,0.7712258102426158,0.555760822110181,0.4321976084668483,0.1348591914005963,0.6501926040061633,0.0129393230688679,0.7827349913166244,0.7517693274766841,0.9538358174331042,0.9538358174331042,0.9885238806611456,1.0982703053530816,0.3537707026600054,23.0,0.1340762772546426,128.0,equal,True,15067083,85.09723637485877,192.5480200000001,128,12260.0,6194.0,256,0.1359999999403953,1882.3529420014484,median 5 warm calls on training rows; end-to-end preprocessing,6000.0,,,,
6000.0,5993.0,0.9988333333333334,11,0,binary,credit_default,coerror_b6000_k128,complete,0.7741446423441539,0.5587091620284517,0.4321230311408142,0.1349096197993284,0.649464560862866,0.0216250383594702,0.7830276823214696,0.7410041404595574,0.9370074660211798,0.9370074660211798,1.0,1.139482619132631,0.2768321530017902,23.0,0.133033429490162,128.0,equal,True,15035832,86.93852699897252,193.872901,128,12144.0,6136.0,256,0.1287636670749634,1988.1384696116356,median 5 warm calls on training rows; end-to-end preprocessing,6000.0,,,,
300.0,300.0,1.0,11,0,binary,credit_default,top_quality_b300_k64,complete,0.7654342404220313,0.5522422182147471,0.436027149727288,0.1360407793850037,0.6434437596302003,0.0140902711742271,0.7895930352594187,0.738927136639872,0.9634279459934916,0.9634279459934916,0.9999999999999976,1.0761852225611412,0.2930752501133532,23.0,0.1354122553352417,64.0,equal,True,7296936,84.05626137391664,189.232067,64,3586.0,1825.0,256,0.0620138749945908,4128.1084277079835,median 5 warm calls on training rows; end-to-end preprocessing,6000.0,,,,
300.0,300.0,1.0,11,0,binary,credit_default,coerror_b300_k64,complete,0.7727267504113238,0.5602488044694309,0.4339324295223089,0.1354772390116832,0.6495069337442219,0.0260698016660897,0.7863221957664891,0.7312002665690225,0.9374996846142633,0.9374996846142633,0.9971508158920735,1.137270610260244,0.2617838820810634,23.0,0.1343196175037341,64.0,equal,True,7391880,84.10431566624902,189.3688260000001,64,4788.0,2426.0,256,0.0625120000913739,4095.213712979976,median 5 warm calls on training rows; end-to-end preprocessing,6000.0,,,,
6000.0,5993.0,0.9988333333333334,11,0,binary,credit_default,random_cert_b6000_k64,complete,0.7704497140320179,0.5483795699542773,0.4513448332253478,0.1424569869487235,0.5755893682588598,0.0592314280413967,0.8268332865134512,0.6769844170790607,0.9234850675752768,0.9234850675752768,0.9972591048344468,1.168421516116158,0.1241109735570266,23.0,0.1413378483569705,64.0,equal,True,7257352,84.41065458324738,189.00112200000004,64,3312.0,1688.0,256,0.057172792032361,4477.654333465094,median 5 warm calls on training rows; end-to-end preprocessing,6000.0,,,,
6000.0,5993.0,0.9988333333333334,11,0,binary,credit_default,top_quality_cert_b6000_k64,complete,0.7700381290642709,0.5542216679708076,0.4327615142147964,0.1350255729706305,0.650246533127889,0.0152805908379425,0.7837006850555787,0.7536857341999893,0.9555848625978164,0.9555848625978164,0.9885238806611456,1.0934695913124777,0.3782907636317009,23.0,0.1341605801951122,64.0,equal,True,7514683,84.60591299925,190.14652200000003,64,6158.0,3111.0,256,0.0681302919983863,3757.5062793810303,median 5 warm calls on training rows; end-to-end preprocessing,6000.0,,,,
6000.0,5993.0,0.9988333333333334,11,0,binary,credit_default,coerror_cert_b6000_k64,complete,0.7735217805750699,0.5588641516025085,0.4319914917833252,0.1348286899998284,0.6498536209553158,0.0197354043124906,0.7825579584172182,0.7430558145910172,0.937013535161776,0.937013535161776,0.9825149604857448,1.138010241756762,0.2802184981476847,23.0,0.1328811618409055,64.0,equal,True,7513960,85.2128263739869,190.5220630000001,64,6292.0,3178.0,256,0.064783708192408,3951.6107852251703,median 5 warm calls on training rows; end-to-end preprocessing,6000.0,,,,
6000.0,5993.0,0.9988333333333334,11,0,binary,credit_default,abs_correlation_b6000_k64,complete,0.7753406152881878,0.5554652881456595,0.4469859624406293,0.1411356944766122,0.5680238828967643,0.0570289665868849,0.8191643850396714,0.6785148750387625,0.8940954166384293,0.8940954166384293,0.9781436683787992,1.243892757331701,0.239871524970762,23.0,0.1403945594181043,64.0,equal,True,7544571,86.00714962393977,191.29980499999996,64,6660.0,3362.0,256,0.0652031248901039,3926.192194491799,median 5 warm calls on training rows; end-to-end preprocessing,6000.0,,,,
6000.0,5993.0,0.9988333333333334,11,0,binary,credit_default,signed_correlation_b6000_k64,complete,0.7753406152881878,0.5554652881456595,0.4469859624406293,0.1411356944766122,0.5680238828967643,0.0570289665868849,0.8191643850396714,0.6785148750387625,0.8940954166384293,0.8940954166384293,0.9781436683787992,1.243892757331701,0.239871524970762,23.0,0.1403945594181043,64.0,equal,True,7544571,85.30985933309421,190.770943,64,6660.0,3362.0,256,0.064950207946822,3941.4808372838447,median 5 warm calls on training rows; end-to-end preprocessing,6000.0,,,,
6000.0,5993.0,0.9988333333333334,11,0,binary,credit_default,quality_diversity_l002_b6000_k64,complete,0.7700332976417436,0.555018903249811,0.432681269192301,0.1349794828864172,0.6507781201848999,0.0142263072610905,0.7834331740220937,0.7536843065285084,0.9553189040292472,0.9553189040292472,0.9885238806611456,1.094070424476598,0.3763656140606675,23.0,0.1341348571459817,64.0,equal,True,7514379,85.45714437542483,191.039904,64,6154.0,3109.0,256,0.0674119999166578,3797.5434687666234,median 5 warm calls on training rows; end-to-end preprocessing,6000.0,,,,
6000.0,5993.0,0.9988333333333334,11,0,binary,credit_default,quality_diversity_l01_b6000_k64,complete,0.7700605886500744,0.5549873491813896,0.4326594615997527,0.1349693209445009,0.6505816640986133,0.0143339488454211,0.7833741931885668,0.7536278407947956,0.9545123266926856,0.9545123266926856,0.9885238806611456,1.0958934853947282,0.3779746426201718,23.0,0.134101006138698,64.0,equal,True,7514027,85.33360662427731,190.928366,64,6144.0,3104.0,256,0.0687359999865293,3724.3947865771943,median 5 warm calls on training rows; end-to-end preprocessing,6000.0,,,,
6000.0,5993.0,0.9988333333333334,11,0,binary,credit_default,quality_diversity_l05_b6000_k64,complete,0.7737534276984148,0.5599457295712608,0.4315674538832909,0.1347446564380732,0.6516448382126347,0.0165667205665576,0.7820702199950341,0.7468704321145823,0.9361036642966516,0.9361036642966516,0.9825149604857448,1.1398268812453307,0.345600531843195,23.0,0.1335435219332673,64.0,equal,True,7520507,85.31988583295606,190.980347,64,6204.0,3134.0,256,0.0687135411426425,3725.612095417545,median 5 warm calls on training rows; end-to-end preprocessing,6000.0,,,,
6000.0,5993.0,0.9988333333333334,11,0,binary,credit_default,caruana_b6000_k64,complete,0.7724253741087985,0.5558081109396398,0.4323042253441125,0.1349233855896278,0.6508705701078583,0.0178210858356412,0.7831075802182211,0.7415580908842144,0.9344996546314182,0.9344996546314182,0.9820336955685762,1.142264687792986,0.2889045027967702,23.0,0.1327843735809306,64.0,frequency_weighted,True,4216011,84.58966745715588,189.2671870000001,36,3508.0,1772.0,256,0.0380855000112205,6721.71823724458,median 5 warm calls on training rows; end-to-end preprocessing,6000.0,,,,
6000.0,5993.0,0.9988333333333334,11,0,binary,credit_default,coerror_swap_b6000_k64,complete,0.7734521819748766,0.558931736476597,0.4320060466748017,0.134827342120496,0.6495146379044684,0.0197283539315996,0.7825501352031936,0.7429560880642958,0.9368263730495038,0.9368263730495038,0.9825149604857448,1.138498597393429,0.2798543697731004,23.0,0.1328792686315649,64.0,equal,True,7514792,85.15415470907465,190.5274860000001,64,6300.0,3182.0,256,0.0635356248822063,4029.235574130552,median 5 warm calls on training rows; end-to-end preprocessing,6000.0,,,,
6000.0,5993.0,0.9988333333333334,11,0,binary,credit_default,coerror_b6000_k256,complete,0.7738791752631167,0.5591434303523203,0.4321749764389417,0.1349210664162966,0.6507704160246534,0.0224425991762562,0.7830941195256392,0.7395710449878244,0.936728070913886,0.936728070913886,1.0,1.1407256512981985,0.2735884510002883,23.0,0.1332733765940801,256.0,equal,True,30034827,89.93320429231972,200.19318000000007,256,23734.0,11995.0,256,0.2576779169030487,993.4883170307525,median 5 warm calls on training rows; end-to-end preprocessing,6000.0,,,,
1000.0,993.0,0.993,11,0,binary,credit_default,top_quality_f05_d3_b1000_k64,complete,0.7536137734715731,0.5329102993963817,0.4462080841637592,0.139444341148356,0.6386941448382126,0.0091622605459426,0.8093476167574606,0.7262142264815911,0.9883021930385912,0.9883021930385912,1.0,1.023357993480405,0.3720238095238094,17.0,0.1385633655441688,64.0,equal,True,7025576,83.66381299798377,187.636173,64,942.0,503.0,256,0.0370817088987678,6903.673201762999,median 5 warm calls on training rows; end-to-end preprocessing,6000.0,,,,
1000.0,993.0,0.993,11,0,binary,credit_default,coerror_f05_d3_b1000_k64,complete,0.7611654827505159,0.5459094194925311,0.4421825274829465,0.1381107985398878,0.6378659476117103,0.0282539086893372,0.8016076143800248,0.7145900365009572,0.958491688233252,0.958491688233252,1.0,1.0886599081705357,0.2410714285714285,13.0,0.1368325238769357,64.0,equal,True,7026696,83.7910932910163,187.731434,64,956.0,510.0,256,0.0370267499238252,6913.9203555987515,median 5 warm calls on training rows; end-to-end preprocessing,6000.0,,,,
1000.0,1000.0,1.0,11,0,binary,credit_default,top_quality_f05_d6_b1000_k64,complete,0.7560676137995873,0.544179862357985,0.442312668133977,0.138170725803218,0.6376771956856703,0.0074118558661965,0.8019554376574392,0.7327900364209505,0.9748516055676656,0.9748516055676656,1.0,1.0514760755157315,0.3776455026455025,15.0,0.1372755914510588,64.0,equal,True,7335496,83.67478329129517,187.6887690000001,64,4816.0,2440.0,256,0.036264750175178,7059.196568661957,median 5 warm calls on training rows; end-to-end preprocessing,6000.0,,,,
1000.0,1000.0,1.0,11,0,binary,credit_default,coerror_f05_d6_b1000_k64,complete,0.7638845942910867,0.5509278922758973,0.4396408404780611,0.1372547508046038,0.6373343605546995,0.0270534987551697,0.7966390356002978,0.7209624792811089,0.9504286888058272,0.9504286888058272,1.0,1.1078710455290384,0.2663690476190475,13.0,0.1359305654988661,64.0,equal,True,7322856,83.79333774931729,187.7820690000001,64,4658.0,2361.0,256,0.0366669578943401,6981.762728658646,median 5 warm calls on training rows; end-to-end preprocessing,6000.0,,,,
1000.0,1000.0,1.0,11,0,binary,credit_default,top_quality_f20_d3_b1000_k64,complete,0.7517577237470946,0.5310421430074994,0.4421127892921073,0.1379947220178427,0.6386402157164869,0.0079949757693442,0.8009338957070044,0.7347512008747938,0.9841178419903756,0.9841178419903756,1.0,1.0319632838567665,0.2495846718316956,23.0,0.1370369066200084,64.0,equal,True,7058616,83.79181945719756,188.103574,64,960.0,512.0,256,0.0532072081696242,4811.378172368559,median 5 warm calls on training rows; end-to-end preprocessing,6000.0,,,,
1000.0,1000.0,1.0,11,0,binary,credit_default,coerror_f20_d3_b1000_k64,complete,0.7640472304196808,0.5476742570034021,0.4393031535270934,0.1370477522403874,0.6484399075500771,0.0271590492297878,0.7954375971393239,0.72195769156898,0.9603227352359508,0.9603227352359508,1.0,1.084645307175552,0.2037076404635928,23.0,0.1354633095072446,64.0,equal,True,7064472,83.94381070742384,188.183862,64,960.0,512.0,256,0.0544842919334769,4698.601944071614,median 5 warm calls on training rows; end-to-end preprocessing,6000.0,,,,
1000.0,1000.0,1.0,11,0,binary,credit_default,top_quality_f20_d6_b1000_k64,complete,0.7686867671254342,0.5557061798385975,0.4338847475519626,0.1354127542361829,0.6492141756548536,0.011221895119594,0.785947920274644,0.7477325303647661,0.9565381916055944,0.9565381916055944,0.9998260902250232,1.0913770265499627,0.2418883062484253,23.0,0.1342881739644908,64.0,equal,True,7477224,83.84935962432064,188.31863700000005,64,6210.0,3137.0,256,0.0512536249589175,4994.768666707918,median 5 warm calls on training rows; end-to-end preprocessing,6000.0,,,,
1000.0,1000.0,1.0,11,0,binary,credit_default,coerror_f20_d6_b1000_k64,complete,0.7730622731190097,0.5574989824338745,0.4332332668062368,0.1352707330742975,0.6508628659476117,0.0235042452864384,0.7851236165563686,0.73879280209104,0.938583673884109,0.938583673884109,0.9946518513696926,1.134497861499247,0.1977710065507684,23.0,0.1335404167933896,64.0,equal,True,7481208,83.96520074922591,188.462407,64,6268.0,3166.0,256,0.0513320409227162,4987.138547353391,median 5 warm calls on training rows; end-to-end preprocessing,6000.0,,,,
1000.0,1000.0,1.0,11,0,binary,credit_default,top_quality_f50_d3_b1000_k64,complete,0.7367979420751612,0.49708017210822,0.4453511330285314,0.138706334925541,0.6515408320493066,0.0089970099112608,0.8050641616335845,0.7382575661139049,0.9921980010870828,0.9921980010870828,1.0,1.0155387653096923,0.438567860230012,22.0,0.1373249289966913,64.0,equal,True,7104491,84.06424720794894,189.091377,64,960.0,512.0,256,0.0698015419766306,3667.540755556774,median 5 warm calls on training rows; end-to-end preprocessing,6000.0,,,,
1000.0,1000.0,1.0,11,0,binary,credit_default,coerror_f50_d3_b1000_k64,complete,0.760780797054138,0.5399540942875884,0.4399289801017121,0.137256968605629,0.6509630200308166,0.0274594532529583,0.7966519079188117,0.7247494079888243,0.9620003494290972,0.9620003494290972,1.0,1.080668392674868,0.3787761009302915,23.0,0.1354644021526604,64.0,equal,True,7104107,84.23250374919735,189.35797799999995,64,960.0,512.0,256,0.0691372081637382,3702.781856532491,median 5 warm calls on training rows; end-to-end preprocessing,6000.0,,,,
1000.0,1000.0,1.0,11,0,binary,credit_default,top_quality_f50_d6_b1000_k64,complete,0.7692541981144394,0.5544151886464889,0.4329007270810668,0.1350654081228422,0.6503428351309708,0.0139977372838154,0.7839318918958144,0.7534791588619265,0.955477629816024,0.955477629816024,0.9885238806611456,1.0937135533627431,0.4063447279087482,23.0,0.1342994561473928,64.0,equal,True,7520715,84.2887607482262,190.0340520000001,64,6150.0,3107.0,256,0.070297084050253,3641.6873254229745,median 5 warm calls on training rows; end-to-end preprocessing,6000.0,,,,
1000.0,1000.0,1.0,11,0,binary,credit_default,coerror_f50_d6_b1000_k64,complete,0.7738867488443759,0.5567596421127038,0.43186199028178,0.1348722446966341,0.6497573189522342,0.0178920750551804,0.782810753831991,0.7424738315573305,0.9340767093513692,0.9340767093513692,0.9864858972323032,1.1450901081739648,0.3755256440489744,23.0,0.13308872986642,64.0,equal,True,7541035,84.45481591625139,190.32235700000004,64,6364.0,3214.0,256,0.0745064169168472,3435.945662045571,median 5 warm calls on training rows; end-to-end preprocessing,6000.0,,,,
,,,11,0,binary,credit_default,random_forest,complete,0.7623045885456112,0.5410749839897453,0.43994669152034,0.1379592101759796,0.6575346687211094,0.0225188322057111,0.8007277817525628,,,,,,,,,,,,81873067,4.173969999887049,4.171496999999988,256,1022122.0,511189.0,256,0.0169746249448508,15081.334688202154,median 5 warm calls on training rows; end-to-end preprocessing,,4.173969999887049,4.171496999999988,1513684992.0,
,,,11,0,binary,credit_default,extra_trees,complete,0.7401080541119324,0.5034564643097978,0.4696182371882241,0.1449153437256115,0.6497265023112481,0.0369995172116394,0.8411018124509579,,,,,,,,,,,,225726811,2.230531207984314,2.232488000000046,256,2820294.0,1410275.0,256,0.0267350419890135,9575.447837530988,median 5 warm calls on training rows; end-to-end preprocessing,,2.230531207984314,2.232488000000046,1577975808.0,
,,,11,0,binary,credit_default,xgboost,complete,0.7712129482123737,0.5585287136172213,0.43577441573143,0.1359250271277759,0.6504506933744222,0.0226418707870115,0.7889211986488389,,,,,,,,,,,,950858,0.529334792168811,0.513576999999998,300,21716.0,11008.0,256,0.0019558330532163,130890.51725504476,median 5 warm calls on training rows; end-to-end preprocessing,,0.529334792168811,0.513576999999998,1600749568.0,
,,,11,0,binary,credit_default,lightgbm,complete,0.771099540361965,0.5595125853517615,0.4358018116291703,0.1357673468111382,0.6537942989214176,0.0181603729076225,0.7880060077746212,,,,,,,,,,,,1036767,0.5097452909685671,0.5005959999999732,300,18300.0,9300.0,256,0.0051066670566797,50130.54447423623,median 5 warm calls on training rows; end-to-end preprocessing,,0.5097452909685671,0.5005959999999732,1622949888.0,
,,,11,0,binary,credit_default,catboost,complete,0.7812497061972787,0.5650975687902287,0.4269859068504527,0.1335030629909253,0.6556278890600924,0.0089692171101118,0.7748638988983484,,,,,,,,,,,,347303,1.4840223751962185,1.397006000000033,300,37924.0,19112.0,256,0.0016212908085435,157898.87825859556,median 5 warm calls on training rows; end-to-end preprocessing,,1.4840223751962185,1.397006000000033,1661599744.0,
,,,11,0,binary,credit_default,linear,complete,0.7215867305633179,0.5149776588585511,0.4663867427768715,0.1443899426548723,0.6065100154083205,0.0473432993648024,0.838052336933036,,,,,,,,,,,,5706,0.0375538328662514,0.0358049999999821,1,,,256,0.0012577499728649,203538.0683943617,median 5 warm calls on training rows; end-to-end preprocessing,,0.0375538328662514,0.0358049999999821,1662894080.0,34.0
,,,11,0,binary,credit_default,rf_leaf5,complete,0.7755372672429552,0.5583339958099538,0.4303525324271894,0.1346952989581457,0.6536902927580894,0.0137877985839088,0.7817837447001635,,,,,,,,,,,,35343147,3.7191484170034528,3.654787999999997,256,440498.0,220377.0,256,0.0138092918787151,18538.242384070654,median 5 warm calls on training rows; end-to-end preprocessing,,3.7191484170034528,3.654787999999997,1681506304.0,
,,,11,0,binary,credit_default,rf_shallow64,complete,0.7744973361886605,0.5543250638494537,0.4337813858866562,0.1357551777016742,0.6368104776579353,0.0225072242587475,0.7879353771584078,,,,,,,,,,,,528827,0.4456327920779586,0.4460169999999834,64,6228.0,3146.0,256,0.0031137091573327,82217.05594985344,median 5 warm calls on training rows; end-to-end preprocessing,,0.4456327920779586,0.4460169999999834,1684488192.0,
,,,11,0,binary,credit_default,random_patches64,complete,0.7705473218249719,0.5363627225911844,0.4492287555519991,0.1421400082178042,0.5787942989214175,0.047931742352403,0.8249935131793764,,,,,,,,,,,,4034000,0.6476648340467364,0.6487140000000409,64,5704.0,2884.0,256,0.0588879999704659,4347.235432149024,median 5 warm calls on training rows; end-to-end preprocessing,,0.6476648340467364,0.6487140000000409,1686306816.0,
1000.0,988.0,0.988,11,1,binary,credit_default,random_b1000_k16,complete,0.774914909274889,0.5440610843215976,0.453969895638088,0.1437744222804529,0.5627975300692225,0.0622631194707686,0.8347954015379777,0.6659604094712204,0.9245498226074452,0.9245498226074452,0.9934606264189848,1.1556112191774806,0.1317476131253221,23.0,0.1458563570931612,16.0,equal,True,1806880,110.16734308353624,253.7481800000001,16,790.0,403.0,256,0.0155065830331295,16509.117415039793,median 5 warm calls on training rows; end-to-end preprocessing,6000.0,,,,
1000.0,988.0,0.988,11,1,binary,credit_default,top_quality_b1000_k16,complete,0.7767980903717858,0.5698019112246362,0.4279568983554386,0.1334050150396298,0.6573991559919968,0.0131116817002748,0.7745876584358823,0.7472933250878144,0.9537874434710631,0.9537874434710631,0.9765066206668018,1.0924939801051865,0.3682769518063636,23.0,0.1353100317037072,16.0,equal,True,1871651,110.22082233265974,254.06119800000005,16,1514.0,765.0,256,0.0185403749346733,13807.703506644908,median 5 warm calls on training rows; end-to-end preprocessing,6000.0,,,,
1000.0,988.0,0.988,11,1,binary,credit_default,coerror_b1000_k16,complete,0.7823764198338744,0.5732899382439743,0.4267299616005037,0.1329515310635864,0.6571519329393096,0.0202147901196693,0.7719546008177912,0.7363466549744065,0.9439820759077622,0.9439820759077622,0.9768808193551388,1.114740664447,0.256053759335493,23.0,0.1345215548709269,16.0,equal,True,1865427,110.22608325001784,253.92440900000017,16,1454.0,735.0,256,0.0202094158157706,12667.36269537429,median 5 warm calls on training rows; end-to-end preprocessing,6000.0,,,,
1000.0,988.0,0.988,11,1,binary,credit_default,random_b1000_k64,complete,0.7790299578936806,0.5604151430995823,0.4485355620257514,0.1413827087676324,0.573949876963411,0.0634540122193892,0.8209084290804979,0.6677120786379307,0.9258921487772648,0.9258921487772648,0.9964912483284648,1.1611774291995145,0.1462571747566172,23.0,0.1438637211087005,64.0,equal,True,7276304,110.53351212479174,255.1343890000001,64,3464.0,1764.0,256,0.0716070409398526,3575.0674324754045,median 5 warm calls on training rows; end-to-end preprocessing,6000.0,,,,
1000.0,988.0,0.988,11,1,binary,credit_default,top_quality_b1000_k64,complete,0.7809947408914246,0.573783537100748,0.4261000023664029,0.1327179100724302,0.6560423038888761,0.018376235792706,0.7705981305498074,0.7421096397284936,0.9529879582944816,0.9529879582944816,0.9783740931912416,1.0993866223964348,0.3331632176084184,23.0,0.1353626651760257,64.0,equal,True,7513024,110.94139366666786,256.7075700000002,64,6138.0,3101.0,256,0.0774130830541253,3306.934563257365,median 5 warm calls on training rows; end-to-end preprocessing,6000.0,,,,
1000.0,988.0,0.988,11,1,binary,credit_default,coerror_b1000_k64,complete,0.7829813453742633,0.5751786979342779,0.4258851990434616,0.1325790183802674,0.6574954579950786,0.021610012054783,0.7697916856753283,0.7342554375946698,0.940292737043298,0.940292737043298,0.9889073492984454,1.1300962927190394,0.2744392945375065,23.0,0.1346342137246458,64.0,equal,True,7499155,110.96282758377492,256.3081650000001,64,6020.0,3042.0,256,0.0964681659825146,2653.72516822183,median 5 warm calls on training rows; end-to-end preprocessing,6000.0,,,,
1000.0,988.0,0.988,11,1,binary,credit_default,random_b1000_k128,complete,0.7804430623880179,0.5551266738026841,0.4511654179817087,0.1424872888565998,0.5716716877860313,0.0664794448031287,0.8273219368816396,0.6625348355153626,0.9277744464874496,0.9277744464874496,0.999999999999918,1.158251778972495,0.1351577204102482,23.0,0.1449615778893773,128.0,equal,True,14575635,111.1561927497387,257.06287200000014,128,6820.0,3474.0,256,0.1278241660911589,2002.7511841339235,median 5 warm calls on training rows; end-to-end preprocessing,6000.0,,,,
1000.0,988.0,0.988,11,1,binary,credit_default,top_quality_b1000_k128,complete,0.7804899067138047,0.5739550850402044,0.4268513787525276,0.1329354586687999,0.6552129567877102,0.0223082895282051,0.7718612798984882,0.7373852810039401,0.9545177261396668,0.9545177261396668,0.9993744863671042,1.0968218158316223,0.3163087184351493,23.0,0.1356069745513022,128.0,equal,True,14953440,111.83180270995943,259.83906900000005,128,10922.0,5525.0,256,0.14299420802854,1790.282302545466,median 5 warm calls on training rows; end-to-end preprocessing,6000.0,,,,
1000.0,988.0,0.988,11,1,binary,credit_default,coerror_b1000_k128,complete,0.7834086936796617,0.5755803934619153,0.4263164298021656,0.132712209240248,0.6584627900558839,0.0250192302075367,0.7705650298882633,0.7302020258411736,0.9393842850976206,0.9393842850976206,0.9980506305577516,1.1338971706601897,0.2749222932314558,23.0,0.1349725179544016,128.0,equal,True,14965027,111.9483807508368,259.741924,128,11098.0,5613.0,256,0.1492454998660832,1715.2946000362265,median 5 warm calls on training rows; end-to-end preprocessing,6000.0,,,,
3000.0,2965.0,0.9883333333333332,11,1,binary,credit_default,random_b3000_k16,complete,0.7790091817491894,0.5622165423936107,0.4404061227717091,0.1381141119103487,0.6061593036359036,0.0543338937692647,0.8019300212200271,0.6848104799022616,0.9200467801706615,0.9200467801706615,0.98311898351518,1.1686989738320968,0.1523526446678536,23.0,0.1410550181416682,16.0,equal,True,1833648,110.28938666777684,253.93467000000004,16,1112.0,564.0,256,0.0164415829349309,15570.276962573713,median 5 warm calls on training rows; end-to-end preprocessing,6000.0,,,,
3000.0,2965.0,0.9883333333333332,11,1,binary,credit_default,top_quality_b3000_k16,complete,0.7774943525473905,0.572044848273889,0.4272675884810505,0.1330927452262518,0.6588523100981993,0.0144492976079276,0.7727745306200138,0.7484786986906192,0.9551934681437512,0.9551934681437512,0.9777908252194633,1.0895039484659146,0.3467354460340142,23.0,0.1353261832699588,16.0,equal,True,1871811,110.32710520760156,254.159161,16,1524.0,770.0,256,0.0212175420019775,12065.48807473268,median 5 warm calls on training rows; end-to-end preprocessing,6000.0,,,,
3000.0,2965.0,0.9883333333333332,11,1,binary,credit_default,coerror_b3000_k16,complete,0.7837650894916091,0.5727459109051097,0.4256005579229109,0.1325156844621843,0.6574451509785433,0.0243293994524909,0.7694239508394751,0.7389500408875453,0.9413627165927742,0.9413627165927742,0.9725193793106144,1.1208634128252033,0.2668809096963122,23.0,0.1340797594455429,16.0,equal,True,1873024,110.41403183271176,254.18707200000011,16,1562.0,789.0,256,0.0202361249830573,12650.643352634708,median 5 warm calls on training rows; end-to-end preprocessing,6000.0,,,,
3000.0,2965.0,0.9883333333333332,11,1,binary,credit_default,random_b3000_k64,complete,0.7756924466824026,0.547394036359835,0.450008200505162,0.142006188095876,0.5744903180553319,0.0609340020932086,0.8245285283159268,0.6708857075789676,0.9254441670263508,0.9254441670263508,1.0,1.1634947660483996,0.1369856279828245,23.0,0.1440553043840584,64.0,equal,True,7332419,110.68854408268815,255.22525200000013,64,4196.0,2130.0,256,0.0719330001156777,3558.8672735506425,median 5 warm calls on training rows; end-to-end preprocessing,6000.0,,,,
3000.0,2965.0,0.9883333333333332,11,1,binary,credit_default,top_quality_b3000_k64,complete,0.7813033777045575,0.575386806830412,0.4258860602251936,0.132615668519883,0.6544425407630569,0.016776841746793,0.770004486864382,0.7455872659881728,0.9539550688638928,0.9539550688638928,0.9948148856425224,1.097188205302142,0.3440915885491249,23.0,0.13519288065748,64.0,equal,True,7506803,111.02191841672176,256.81816399999997,64,6112.0,3088.0,256,0.0801992500200867,3192.04980016499,median 5 warm calls on training rows; end-to-end preprocessing,6000.0,,,,
3000.0,2965.0,0.9883333333333332,11,1,binary,credit_default,coerror_b3000_k64,complete,0.7844047072732708,0.5776479597511196,0.4251781015909296,0.1323490938543771,0.6572985419589265,0.0223090500007611,0.768456678141515,0.7358925486937204,0.9394902173399016,0.9394902173399016,0.9890549660247194,1.1322698874967971,0.2757994358571514,23.0,0.1342519314401915,64.0,equal,True,7512003,111.28576470864937,256.62522800000016,64,6200.0,3132.0,256,0.0805037089157849,3179.977710937542,median 5 warm calls on training rows; end-to-end preprocessing,6000.0,,,,
3000.0,2965.0,0.9883333333333332,11,1,binary,credit_default,random_b3000_k128,complete,0.7802488250371619,0.5605030303415508,0.4473197279086862,0.1408774462835245,0.5748252190511235,0.0625307576709464,0.8179747306408669,0.6700579580700671,0.924018809673575,0.924018809673575,0.9999999999999972,1.1677829641343327,0.1350689151775314,23.0,0.1432637643464947,128.0,equal,True,14610147,111.24303637607954,257.32465399999995,128,7360.0,3744.0,256,0.1265891660004854,2022.2899643640776,median 5 warm calls on training rows; end-to-end preprocessing,6000.0,,,,
3000.0,2965.0,0.9883333333333332,11,1,binary,credit_default,top_quality_b3000_k128,complete,0.7813072323980322,0.5735781358545757,0.4260032636186185,0.132673936589112,0.6548277487753835,0.0160901324482772,0.7703428079334386,0.7433208544538044,0.9529160227569629,0.9529160227569629,0.9948148856425224,1.1004191108516783,0.346521885523922,23.0,0.135295415515176,128.0,equal,True,15069683,112.14409404294564,260.8792700000001,128,12282.0,6205.0,256,0.151357082882896,1691.364521064835,median 5 warm calls on training rows; end-to-end preprocessing,6000.0,,,,
3000.0,2965.0,0.9883333333333332,11,1,binary,credit_default,coerror_b3000_k128,complete,0.7839129398531923,0.5776979948410499,0.4254701491180113,0.132431188037989,0.656134293861969,0.022117078558544,0.7689333404426756,0.7340838713425641,0.9380413563766312,0.9380413563766312,0.9927677430808642,1.1369952053893833,0.2661392315297242,23.0,0.1344600005801094,128.0,equal,True,15061520,112.5515760006383,260.30875299999997,128,12450.0,6289.0,256,0.145409416174516,1760.5462337649192,median 5 warm calls on training rows; end-to-end preprocessing,6000.0,,,,
6000.0,5922.0,0.987,11,1,binary,credit_default,random_b6000_k16,complete,0.7754526063477263,0.564185973764715,0.4401886021433283,0.1378628079497918,0.6015943012211669,0.0531692638388334,0.8004708785760599,0.6931250142820767,0.926896075381824,0.926896075381824,0.989707091701158,1.1524411266755323,0.1779086688094041,22.0,0.1401528636421791,16.0,equal,True,1805296,110.67212400073186,254.241194,16,744.0,380.0,256,0.0180420000106096,14189.114280537568,median 5 warm calls on training rows; end-to-end preprocessing,6000.0,,,,
6000.0,5922.0,0.987,11,1,binary,credit_default,top_quality_b6000_k16,complete,0.7810666733916913,0.574993880930458,0.4260251913516389,0.1327753937247497,0.6592461421705034,0.0201071141454881,0.7709318970700191,0.7509292684230628,0.9557295066312258,0.9557295066312258,0.9801327137022572,1.0883294095966014,0.4294042704801218,23.0,0.1353721979325681,16.0,equal,True,1877379,110.64513362571596,254.5391670000002,16,1546.0,781.0,256,0.0244827920105308,10456.323767725766,median 5 warm calls on training rows; end-to-end preprocessing,6000.0,,,,
6000.0,5922.0,0.987,11,1,binary,credit_default,coerror_b6000_k16,complete,0.7818576042256848,0.5757582922018273,0.4262502655958629,0.1326848543471647,0.657596072028149,0.0232351823749877,0.77040619955813,0.7384377070901125,0.941976347825895,0.941976347825895,0.9725193793106144,1.1191975453778134,0.2614594008431082,23.0,0.1338685400597708,16.0,equal,True,1864467,110.77262887684628,254.5275890000001,16,1484.0,750.0,256,0.0195555840618908,13090.890008183536,median 5 warm calls on training rows; end-to-end preprocessing,6000.0,,,,
6000.0,5922.0,0.987,11,1,binary,credit_default,random_b6000_k64,complete,0.7800884959221263,0.5576462845725499,0.446631446676278,0.1406081065563747,0.5799220384978038,0.062704939878274,0.8164108671795517,0.6726552364826265,0.9259238689730684,0.9259238689730684,0.999999999999994,1.162245433377609,0.1309806019249089,23.0,0.1430734355167325,64.0,equal,True,7294928,110.8064793755766,255.45698800000008,64,3822.0,1943.0,256,0.0723393340595066,3538.876923990111,median 5 warm calls on training rows; end-to-end preprocessing,6000.0,,,,
6000.0,5922.0,0.987,11,1,binary,credit_default,top_quality_b6000_k64,complete,0.7805622312167972,0.5762368932651836,0.4259528235605194,0.1326695215103996,0.6555104868569326,0.0167377385232408,0.7703171727241422,0.7476681314126524,0.9547387273623504,0.9547387273623504,0.9845680652842206,1.0954173909178204,0.3688469685054667,23.0,0.1351105237051132,64.0,equal,True,7508643,111.24878583452664,257.20326600000016,64,6134.0,3099.0,256,0.0835476659703999,3064.119111247201,median 5 warm calls on training rows; end-to-end preprocessing,6000.0,,,,
6000.0,5922.0,0.987,11,1,binary,credit_default,coerror_b6000_k64,complete,0.7839988537840283,0.5779283449149367,0.4252866710333592,0.1323889309912426,0.6568170319435181,0.0232521846916287,0.7686879839477794,0.7366128155012763,0.9391274215256626,0.9391274215256626,0.9898999895118764,1.1330984147077998,0.292469859673139,23.0,0.133997730920848,64.0,equal,True,7512227,112.15241658268496,257.853418,64,6172.0,3118.0,256,0.0897330420557409,2852.9067346337847,median 5 warm calls on training rows; end-to-end preprocessing,6000.0,,,,
6000.0,5922.0,0.987,11,1,binary,credit_default,random_b6000_k128,complete,0.7808163796509816,0.557946717798674,0.4484979470037639,0.1414163913548002,0.5709429547179358,0.0632295891540412,0.8211039998116026,0.6679064112854523,0.9243872652612852,0.9243872652612852,0.9999999999999994,1.1667321985593415,0.1344140039182241,23.0,0.1437888262409291,128.0,equal,True,14607328,111.46487279073337,257.52729400000015,128,7296.0,3712.0,256,0.13255324983038,1931.2993104853097,median 5 warm calls on training rows; end-to-end preprocessing,6000.0,,,,
6000.0,5922.0,0.987,11,1,binary,credit_default,top_quality_b6000_k128,complete,0.7813285965466128,0.5752963345761751,0.4259717113666915,0.1326884456165188,0.6551209668146172,0.0177608565227397,0.7704270514947607,0.7460199593552499,0.9543429573504302,0.9543429573504302,0.9948148856425224,1.0971461748377962,0.3580065902629916,23.0,0.1351078898663899,128.0,equal,True,15055059,112.3457598744426,261.2580970000001,128,12208.0,6168.0,256,0.1535437500569969,1667.2772412095594,median 5 warm calls on training rows; end-to-end preprocessing,6000.0,,,,
6000.0,5922.0,0.987,11,1,binary,credit_default,coerror_b6000_k128,complete,0.7839774243016602,0.5776944166236729,0.4253569762815042,0.1324003244060847,0.6571059379527632,0.0221165559948888,0.7687541373717831,0.7356238412390068,0.9392984610657618,0.9392984610657618,0.9999999999999968,1.1339556538981823,0.2822558635441728,23.0,0.1341706764954943,128.0,equal,True,15052275,113.97125354176389,262.2410690000002,128,12306.0,6217.0,256,0.1596493332181126,1603.5143701493157,median 5 warm calls on training rows; end-to-end preprocessing,6000.0,,,,
300.0,295.0,0.9833333333333332,11,1,binary,credit_default,top_quality_b300_k64,complete,0.7766612160865374,0.5682104881437238,0.4302921030394454,0.1340118245811429,0.6506939493595199,0.0246961780246929,0.7781109681235846,0.7296519766496207,0.9634261287388068,0.9634261287388068,0.9989345957667358,1.0761870367769737,0.2801076598871292,23.0,0.1364643916493389,64.0,equal,True,7319168,110.78296083468013,256.02563700000013,64,3782.0,1923.0,256,0.083030458074063,3083.2059215143477,median 5 warm calls on training rows; end-to-end preprocessing,6000.0,,,,
300.0,295.0,0.9833333333333332,11,1,binary,credit_default,coerror_b300_k64,complete,0.782114692680316,0.5739371489901476,0.4277105148307485,0.1331177931979302,0.6580229629970333,0.0281147989001434,0.7729199663049108,0.7241816426142893,0.9396218024419956,0.9396218024419956,0.9989345957667358,1.132369108359948,0.2718488261485806,23.0,0.1354940654404612,64.0,equal,True,7409075,110.88478537439369,256.360481,64,4858.0,2461.0,256,0.0870109170209616,2942.1595446273427,median 5 warm calls on training rows; end-to-end preprocessing,6000.0,,,,
6000.0,5922.0,0.987,11,1,binary,credit_default,random_cert_b6000_k64,complete,0.7761749367046265,0.5492333211626723,0.4535007369289303,0.1433997857475413,0.5720612078283467,0.0649437728985854,0.8326201547175616,0.6588937215582644,0.9278571813853432,0.9278571813853432,1.0,1.1564301860399016,0.1345172983301507,23.0,0.145964341839891,64.0,equal,True,7288656,111.02207050099967,255.526854,64,3712.0,1888.0,256,0.0720932919066399,3550.9545094919145,median 5 warm calls on training rows; end-to-end preprocessing,6000.0,,,,
6000.0,5922.0,0.987,11,1,binary,credit_default,top_quality_cert_b6000_k64,complete,0.7805622312167972,0.5762368932651836,0.4259528235605194,0.1326695215103996,0.6555104868569326,0.0167377385232408,0.7703171727241422,0.7476681314126524,0.9547387273623504,0.9547387273623504,0.9845680652842206,1.0954173909178204,0.3688469685054667,23.0,0.1351105237051132,64.0,equal,True,7508643,111.28878162475304,257.280775,64,6134.0,3099.0,256,0.0845697501208633,3027.0871042439667,median 5 warm calls on training rows; end-to-end preprocessing,6000.0,,,,
6000.0,5922.0,0.987,11,1,binary,credit_default,coerror_cert_b6000_k64,complete,0.7839988537840283,0.5779283449149367,0.4252866710333592,0.1323889309912426,0.6568170319435181,0.0232521846916287,0.7686879839477794,0.7366128155012763,0.9391274215256626,0.9391274215256626,0.9898999895118764,1.1330984147077998,0.292469859673139,23.0,0.133997730920848,64.0,equal,True,7512227,112.08619629382156,257.70097300000003,64,6172.0,3118.0,256,0.0867260000668466,2951.825286565511,median 5 warm calls on training rows; end-to-end preprocessing,6000.0,,,,
6000.0,5922.0,0.987,11,1,binary,credit_default,abs_correlation_b6000_k64,complete,0.7830365524248766,0.5640704995979546,0.4433324282396648,0.1396180194699983,0.5750595060138445,0.0607721923276922,0.8106621384855358,0.6728435617316243,0.8957228813840244,0.8957228813840244,0.9815944723194416,1.239150311710606,0.2475305650262804,23.0,0.141388019932995,64.0,equal,True,7531603,113.22571479179896,258.84745800000013,64,6520.0,3292.0,256,0.0857140410225838,2986.6751928374183,median 5 warm calls on training rows; end-to-end preprocessing,6000.0,,,,
6000.0,5922.0,0.987,11,1,binary,credit_default,signed_correlation_b6000_k64,complete,0.7830365524248766,0.5640704995979546,0.4433324282396648,0.1396180194699983,0.5750595060138445,0.0607721923276922,0.8106621384855358,0.6728435617316243,0.8957228813840244,0.8957228813840244,0.9815944723194416,1.239150311710606,0.2475305650262804,23.0,0.141388019932995,64.0,equal,True,7531603,112.24681987497024,258.135473,64,6520.0,3292.0,256,0.0921351669821888,2778.5264669839785,median 5 warm calls on training rows; end-to-end preprocessing,6000.0,,,,
6000.0,5922.0,0.987,11,1,binary,credit_default,quality_diversity_l002_b6000_k64,complete,0.7804409717068111,0.5757355849240108,0.4259688894059125,0.1326799706480943,0.6554601798403974,0.0177458373557787,0.7703778434050549,0.7476663933349221,0.954502639519537,0.954502639519537,0.9845680652842206,1.095940188699802,0.3699368587463134,23.0,0.1351460565629192,64.0,equal,True,7509363,112.64546529273504,259.13233699999995,64,6140.0,3102.0,256,0.0928909580688923,2755.919470764186,median 5 warm calls on training rows; end-to-end preprocessing,6000.0,,,,
6000.0,5922.0,0.987,11,1,binary,credit_default,quality_diversity_l01_b6000_k64,complete,0.7815364886590996,0.5766503932684496,0.4256744778441389,0.1325973112004365,0.6557993928661776,0.0168468424361247,0.7698978990192322,0.7476219079813957,0.9538389854424728,0.9538389854424728,0.980132713702328,1.0974390929761864,0.3635921564198138,23.0,0.1350572145871512,64.0,equal,True,7509584,112.32082141679712,258.48906100000016,64,6140.0,3102.0,256,0.093188582919538,2747.117640162406,median 5 warm calls on training rows; end-to-end preprocessing,6000.0,,,,
6000.0,5922.0,0.987,11,1,binary,credit_default,quality_diversity_l05_b6000_k64,complete,0.783511790396665,0.5771487255008207,0.4252684091915317,0.132444570951609,0.6590995331508865,0.0198525353598956,0.7690110454653908,0.7411556577018751,0.9362562057925472,0.9362562057925472,0.983074192414593,1.1393460028277629,0.3650766516414667,23.0,0.1349617916121813,64.0,equal,True,7526611,112.38379999948664,258.80906799999997,64,6232.0,3148.0,256,0.1002755828667432,2552.9644673339853,median 5 warm calls on training rows; end-to-end preprocessing,6000.0,,,,
6000.0,5922.0,0.987,11,1,binary,credit_default,caruana_b6000_k64,complete,0.7829813453742633,0.576796653000003,0.4257718247762226,0.1325209019234677,0.6558037048961664,0.0231903861549982,0.7694542449113829,0.7334035864606999,0.9323798280138822,0.9323798280138822,0.9827385389426974,1.1466960914199622,0.2794364080656383,23.0,0.1337384352510404,64.0,frequency_weighted,True,3511440,111.09458954259752,255.4540120000001,30,2906.0,1468.0,256,0.043913166038692,5829.686699757375,median 5 warm calls on training rows; end-to-end preprocessing,6000.0,,,,
6000.0,5922.0,0.987,11,1,binary,credit_default,coerror_swap_b6000_k64,complete,0.7839988537840283,0.5779283449149367,0.4252866710333592,0.1323889309912426,0.6568170319435181,0.0232521846916287,0.7686879839477794,0.7366128155012763,0.9391274215256626,0.9391274215256626,0.9898999895118764,1.1330984147077998,0.292469859673139,23.0,0.133997730920848,64.0,equal,True,7512227,112.06479908293112,257.87779600000005,64,6172.0,3118.0,256,0.0929304999299347,2754.7468290067527,median 5 warm calls on training rows; end-to-end preprocessing,6000.0,,,,
6000.0,5922.0,0.987,11,1,binary,credit_default,coerror_b6000_k256,complete,0.78418694975884,0.5782002218631428,0.4253925633026192,0.1324156733876856,0.6572022399558448,0.0217163447924474,0.7688432579473033,0.7344151501694058,0.938630807753293,0.938630807753293,0.9999999999999968,1.1362106703626995,0.2746385216741502,23.0,0.1344045474735544,256.0,equal,True,30093155,118.185740707675,273.576624,256,24550.0,12403.0,256,0.3030799578409642,844.6615930121366,median 5 warm calls on training rows; end-to-end preprocessing,6000.0,,,,
1000.0,956.0,0.956,11,1,binary,credit_default,top_quality_f05_d3_b1000_k64,complete,0.768473324475814,0.5521450918105054,0.4408182103780385,0.1375968896467227,0.6461878780212956,0.01285633718788,0.798926880881158,0.7169275238673907,0.9892830260522624,0.9892830260522624,1.0,1.0213751709874177,0.3753306878306877,17.0,0.1394926845627529,64.0,equal,True,7027872,110.19540949934162,253.8022620000001,64,960.0,512.0,256,0.0451039159670472,5675.78212470582,median 5 warm calls on training rows; end-to-end preprocessing,6000.0,,,,
1000.0,956.0,0.956,11,1,binary,credit_default,coerror_f05_d3_b1000_k64,complete,0.7748819810458842,0.5624407007807359,0.4364335271670521,0.1359447414369267,0.645065312880896,0.0373300790334865,0.7893340360182061,0.7073113995659881,0.9595559489048026,0.9595559489048026,1.0,1.0863255646922467,0.2394179894179894,14.0,0.1379878904739539,64.0,equal,True,7027136,110.29436766682193,253.86131900000004,64,952.0,508.0,256,0.0470324580091983,5443.049562706953,median 5 warm calls on training rows; end-to-end preprocessing,6000.0,,,,
1000.0,968.0,0.968,11,1,binary,credit_default,top_quality_f05_d6_b1000_k64,complete,0.7674355625918594,0.5528862304617173,0.438091614337968,0.1367358361086626,0.6461878780212956,0.0172751661413185,0.7939273578599598,0.7217699025329876,0.9761932773873524,0.9761932773873524,1.0,1.0486032498518905,0.3713624338624338,18.0,0.1388918794889255,64.0,equal,True,7342608,110.25405487488024,253.943278,64,4848.0,2456.0,256,0.0481047921348363,5321.715127308721,median 5 warm calls on training rows; end-to-end preprocessing,6000.0,,,,
1000.0,968.0,0.968,11,1,binary,credit_default,coerror_f05_d6_b1000_k64,complete,0.7744363392799276,0.5635858273876568,0.4345907911244442,0.1354131530750213,0.6443868868293356,0.0365281160449972,0.7862474820053925,0.7140092638140327,0.9473539227896272,0.9473539227896272,1.0,1.1140383820437412,0.2415674603174603,16.0,0.1374201562928433,64.0,equal,True,7356177,110.33126891590656,254.0245180000001,64,5064.0,2564.0,256,0.0463994999881833,5517.300834388212,median 5 warm calls on training rows; end-to-end preprocessing,6000.0,,,,
1000.0,998.0,0.998,11,1,binary,credit_default,top_quality_f20_d3_b1000_k64,complete,0.7596271296201441,0.5513811076062826,0.437982191400231,0.1365829634943886,0.6456057539728169,0.0189978014330771,0.7930397357544917,0.728113950518317,0.9851364411102832,0.9851364411102832,1.0,1.0298444426961484,0.244817255605946,23.0,0.1385450655514977,64.0,equal,True,7063536,110.39533937489614,254.49595400000004,64,960.0,512.0,256,0.0736514581367373,3475.830709620496,median 5 warm calls on training rows; end-to-end preprocessing,6000.0,,,,
1000.0,998.0,0.998,11,1,binary,credit_default,coerror_f20_d3_b1000_k64,complete,0.7740167656952666,0.56021049036849,0.4337430839462197,0.134907568416424,0.6517072764068716,0.0316116680124116,0.7833119129285655,0.7166877555981661,0.9641474734043274,0.9641474734043274,1.0,1.076223969577422,0.2084514361300075,23.0,0.1366414900631913,64.0,equal,True,7054800,110.5188936269842,254.50615900000008,64,960.0,512.0,256,0.0658738331403583,3886.2168450792456,median 5 warm calls on training rows; end-to-end preprocessing,6000.0,,,,
1000.0,1000.0,1.0,11,1,binary,credit_default,top_quality_f20_d6_b1000_k64,complete,0.7819431261537946,0.5751410338218603,0.4270004349834407,0.1330828862879441,0.6520551134926293,0.0226901551987225,0.7727172868054832,0.7410824513470855,0.9568703737504012,0.9568703737504012,0.9927677430808274,1.090629003513433,0.2461813429075333,23.0,0.1353205808297446,64.0,equal,True,7459760,110.4498679577373,254.79319000000004,64,6070.0,3067.0,256,0.0689147089142352,3714.736723601249,median 5 warm calls on training rows; end-to-end preprocessing,6000.0,,,,
1000.0,1000.0,1.0,11,1,binary,credit_default,coerror_f20_d6_b1000_k64,complete,0.783246143215844,0.5790614782714859,0.4264555425807497,0.1327368175964697,0.6553552537773383,0.0246593032322701,0.7707079130401301,0.7330113174746513,0.941427931263747,0.941427931263747,0.9947380723477662,1.1276318200003206,0.2174725214159738,23.0,0.1346021459588572,64.0,equal,True,7476128,110.60037183202805,254.95944400000013,64,6216.0,3140.0,256,0.0731793330051004,3498.255442997235,median 5 warm calls on training rows; end-to-end preprocessing,6000.0,,,,
1000.0,1000.0,1.0,11,1,binary,credit_default,top_quality_f50_d3_b1000_k64,complete,0.7591097513552841,0.5475659249353012,0.4359907794194996,0.1357544081709943,0.6593841271301428,0.0235169287245878,0.7882289066590347,0.7302023517785674,0.9852284278940968,0.9852284278940968,1.0,1.0296865868433815,0.4096799144759118,23.0,0.137537593375259,64.0,equal,True,7105955,110.87733691674656,256.238673,64,960.0,512.0,256,0.1105711248237639,2315.251838199447,median 5 warm calls on training rows; end-to-end preprocessing,6000.0,,,,
1000.0,1000.0,1.0,11,1,binary,credit_default,coerror_f50_d3_b1000_k64,complete,0.7699936417157803,0.5583973984544361,0.434024955223015,0.135048728969424,0.6585130970724191,0.0279438881506735,0.7841315314577436,0.7203586474302055,0.9670641050540764,0.9670641050540764,1.0,1.0693674533787607,0.3877270405769963,23.0,0.1364405212610183,64.0,equal,True,7108835,111.04457129258662,256.41448099999997,64,960.0,512.0,256,0.0975224170833826,2625.03748016333,median 5 warm calls on training rows; end-to-end preprocessing,6000.0,,,,
1000.0,1000.0,1.0,11,1,binary,credit_default,top_quality_f50_d6_b1000_k64,complete,0.7800024513237147,0.5752608913554519,0.4260472702035139,0.1326924536428003,0.6560926109054113,0.0161033944130837,0.7704503232412646,0.7474382159911108,0.9544799360970532,0.9544799360970532,0.9845680652842206,1.0959835407379088,0.4031199860326906,23.0,0.1352117140770672,64.0,equal,True,7513059,111.21778891677968,257.61969500000015,64,6120.0,3092.0,256,0.0894316670019179,2862.5207220447965,median 5 warm calls on training rows; end-to-end preprocessing,6000.0,,,,
1000.0,1000.0,1.0,11,1,binary,credit_default,coerror_f50_d6_b1000_k64,complete,0.783823040561306,0.5770652440490704,0.4252474146980859,0.1324376921184671,0.6564318239311915,0.020748723185919,0.7689711049934785,0.73709295520243,0.9378652690264304,0.9378652690264304,0.9898999895118764,1.1361822700308066,0.3765258808201643,23.0,0.1342052520772332,64.0,equal,True,7531763,111.39647287572734,257.93610000000007,64,6232.0,3148.0,256,0.0991161249112337,2582.828981956952,median 5 warm calls on training rows; end-to-end preprocessing,6000.0,,,,
,,,11,1,binary,credit_default,random_forest,complete,0.7690274856631537,0.5607422157168273,0.4349530745607973,0.1354256524050886,0.6647583538394315,0.0239052225535053,0.7863200566893797,,,,,,,,,,,,82626187,4.707577374996617,4.710616000000073,256,1031536.0,515896.0,256,0.0178222500253468,14364.067367246884,median 5 warm calls on training rows; end-to-end preprocessing,,4.707577374996617,4.710616000000073,1203027968.0,
,,,11,1,binary,credit_default,extra_trees,complete,0.7520953852393725,0.5204370396864593,0.4547372549868725,0.1412947642929169,0.6565295632776027,0.0322592806155615,0.820397798316564,,,,,,,,,,,,227373531,2.4977438340429217,2.499371999999994,256,2840878.0,1420567.0,256,0.0262278749141842,9760.607782277986,median 5 warm calls on training rows; end-to-end preprocessing,,2.4977438340429217,2.499371999999994,1451606016.0,
,,,11,1,binary,credit_default,xgboost,complete,0.7802712998601334,0.5656969819275472,0.4300428628921509,0.1333280877595319,0.6635682335625417,0.0162722955715216,0.7741409966537657,,,,,,,,,,,,990991,0.5346854580566287,0.5353189999999586,300,22896.0,11598.0,256,0.0022267918102443,114963.59867243803,median 5 warm calls on training rows; end-to-end preprocessing,,0.5346854580566287,0.5353189999999586,1465712640.0,
,,,11,1,binary,credit_default,lightgbm,complete,0.7773619209597064,0.5570620954324341,0.4341208106722565,0.1345457262498647,0.6615458914978267,0.0194504814211295,0.7812109538571596,,,,,,,,,,,,1036543,0.5276206249836832,0.52800000000002,300,18300.0,9300.0,256,0.0056205000728368,45547.54856017416,median 5 warm calls on training rows; end-to-end preprocessing,,0.5276206249836832,0.52800000000002,1484898304.0,
,,,11,1,binary,credit_default,catboost,complete,0.7881915842764049,0.575747695761329,0.4223195750627848,0.1316580894919803,0.661830485477083,0.0127147513578176,0.7644445092520703,,,,,,,,,,,,346871,1.4701820409391075,1.4778549999999768,300,37860.0,19080.0,256,0.0020099580287933,127365.84363091797,median 5 warm calls on training rows; end-to-end preprocessing,,1.4701820409391075,1.4778549999999768,1509441536.0,
,,,11,1,binary,credit_default,linear,complete,0.7299406978275732,0.5116286054634744,0.4626114635114474,0.1436133966376307,0.607470160752478,0.0517237852275864,0.83386044061777,,,,,,,,,,,,5706,0.0383775411173701,0.0384159999999837,1,,,256,0.0014463339466601,176999.23353880263,median 5 warm calls on training rows; end-to-end preprocessing,,0.0383775411173701,0.0384159999999837,1510375424.0,34.0
,,,11,1,binary,credit_default,rf_leaf5,complete,0.7827470584115421,0.5754969235260898,0.4259073266723562,0.1327236473669561,0.665997343789527,0.0168860483110541,0.7706314429221442,,,,,,,,,,,,35574187,4.017225750023499,4.019369999999981,256,443386.0,221821.0,256,0.0149788330309093,17090.784006453363,median 5 warm calls on training rows; end-to-end preprocessing,,4.017225750023499,4.019369999999981,1531510784.0,
,,,11,1,binary,credit_default,rf_shallow64,complete,0.7809375084933924,0.5703486299024424,0.4293197039566143,0.1339625843478541,0.63454970908171,0.0332740243266922,0.7778250652510973,,,,,,,,,,,,537787,0.5084216250106692,0.5087899999999763,64,6340.0,3202.0,256,0.0034634170588105,73915.44121108984,median 5 warm calls on training rows; end-to-end preprocessing,,0.5084216250106692,0.5087899999999763,1533493248.0,
,,,11,1,binary,credit_default,random_patches64,complete,0.7837302012489731,0.5619944269648764,0.4388474296424519,0.1378176078969041,0.5981561759768186,0.0542114956469271,0.8002084341460883,,,,,,,,,,,,4042504,0.7582110420335084,0.7554099999999835,64,5836.0,2950.0,256,0.0656285828445106,3900.739417252439,median 5 warm calls on training rows; end-to-end preprocessing,,0.7582110420335084,0.7554099999999835,1534115840.0,
1000.0,992.0,0.992,11,2,binary,credit_default,random_b1000_k16,complete,0.7671296127027238,0.5289121786599268,0.4548963055223146,0.1439986008667997,0.5684707241910631,0.0575374429696471,0.8357809536635125,0.6717845811463733,0.9231694913424452,0.9231694913424452,0.9962655650255228,1.158879689639593,0.134076972219387,23.0,0.1431091003252,16.0,equal,True,1803164,102.54680020874366,235.49642000000028,16,732.0,374.0,256,0.0152762089855968,16758.084433210388,median 5 warm calls on training rows; end-to-end preprocessing,6000.0,,,,
1000.0,992.0,0.992,11,2,binary,credit_default,top_quality_b1000_k16,complete,0.7761412603483847,0.5549408537088252,0.4308943233852551,0.1345891588573428,0.6616525423728814,0.0108364295282299,0.7811676979182018,0.7507664687528247,0.9513960517254872,0.9513960517254872,0.988948417525209,1.0975979490973389,0.3202809121849369,23.0,0.1336790155348494,16.0,equal,True,1871083,102.5866310428828,235.7330499999997,16,1496.0,756.0,256,0.0194591670297086,13155.75325547906,median 5 warm calls on training rows; end-to-end preprocessing,6000.0,,,,
1000.0,992.0,0.992,11,2,binary,credit_default,coerror_b1000_k16,complete,0.7772044997519,0.5571423074922633,0.4311654100482832,0.1346606809592561,0.6619375963020031,0.0138166179222643,0.7815828186914964,0.7408838481669767,0.9339670637523606,0.9339670637523606,0.9764901977003893,1.1375062884967626,0.2809035247589814,23.0,0.1330273359259393,16.0,equal,True,1870955,102.65547062503174,235.82730699999968,16,1502.0,759.0,256,0.0202937079593539,12614.747413963973,median 5 warm calls on training rows; end-to-end preprocessing,6000.0,,,,
1000.0,992.0,0.992,11,2,binary,credit_default,random_b1000_k64,complete,0.7750253323235226,0.5421245868242119,0.4509181932291988,0.142327633487422,0.5717604006163328,0.0612598476941298,0.8260825072795176,0.6713920140947566,0.9185303064192496,0.9185303064192496,0.9975272222071356,1.1800930109603671,0.1384356320219646,23.0,0.1417501262725486,64.0,equal,True,7303176,102.91681966674514,236.866977,64,3820.0,1942.0,256,0.0680288749281317,3763.107948947387,median 5 warm calls on training rows; end-to-end preprocessing,6000.0,,,,
1000.0,992.0,0.992,11,2,binary,credit_default,top_quality_b1000_k64,complete,0.7752893630357003,0.5562986955627642,0.4311136912929989,0.1346291907060073,0.6606818181818181,0.0105937296623209,0.7814000464025088,0.7472708444710077,0.9508426100060994,0.9508426100060994,0.9889484175252145,1.1042392147925268,0.3251995793329021,23.0,0.1338803631652741,64.0,equal,True,7522011,103.29251120914704,238.3392829999999,64,6200.0,3132.0,256,0.0778077500872314,3290.1606808190018,median 5 warm calls on training rows; end-to-end preprocessing,6000.0,,,,
1000.0,992.0,0.992,11,2,binary,credit_default,coerror_b1000_k64,complete,0.7775832441043586,0.5563870221768572,0.431048097260197,0.134615693490205,0.6621802773497689,0.0131900769213689,0.7813217073365243,0.7390921561757243,0.9355641515268648,0.9355641515268648,0.98894841752523,1.1414301778021692,0.2818249017630744,23.0,0.133205641182885,64.0,equal,True,7511387,103.35541108320469,238.2105939999998,64,6144.0,3104.0,256,0.0797494580037891,3210.053164095943,median 5 warm calls on training rows; end-to-end preprocessing,6000.0,,,,
1000.0,992.0,0.992,11,2,binary,credit_default,random_b1000_k128,complete,0.7739452482306548,0.5365066118758381,0.4518725053196437,0.1427919581257096,0.5737095531587056,0.0583459551414361,0.8287774896381065,0.6738744209980851,0.9237307949422404,0.9237307949422404,0.999999999999942,1.1689386288515111,0.1371092301759911,23.0,0.1420819613001409,128.0,equal,True,14578808,103.46791579201818,238.65414,128,6972.0,3550.0,256,0.1418424169532954,1804.8197816897975,median 5 warm calls on training rows; end-to-end preprocessing,6000.0,,,,
1000.0,992.0,0.992,11,2,binary,credit_default,top_quality_b1000_k128,complete,0.7748241753936956,0.5564739396507759,0.4317332453120625,0.1347736492319811,0.6585939907550077,0.0115273976395637,0.7822384968032522,0.7431455826244245,0.9521622452099542,0.9521622452099542,0.9999999999999968,1.1021706794572652,0.3007644341582294,23.0,0.1341505997743122,128.0,equal,True,15003739,104.24274887517096,241.728608,128,11564.0,5846.0,256,0.1513624170329421,1691.3049158318129,median 5 warm calls on training rows; end-to-end preprocessing,6000.0,,,,
1000.0,992.0,0.992,11,2,binary,credit_default,coerror_b1000_k128,complete,0.7772392990519966,0.5559993607575816,0.4315777952861726,0.1347508744139107,0.6620300462249615,0.0168847053405888,0.7821063096913511,0.7358188843284769,0.9361179574104168,0.9361179574104168,0.9999999999999888,1.14138455723753,0.2711184504953055,23.0,0.1335310295697387,128.0,equal,True,15010523,104.45910429209472,241.91087299999992,128,11696.0,5912.0,256,0.1535154171288013,1667.584955230997,median 5 warm calls on training rows; end-to-end preprocessing,6000.0,,,,
3000.0,2969.0,0.9896666666666668,11,2,binary,credit_default,random_b3000_k16,complete,0.7721899401948239,0.5391131393586472,0.4439916942128666,0.139626270704756,0.6091448382126349,0.0423735597915667,0.8104035524209481,0.6956603334302558,0.921643175326006,0.921643175326006,0.9901039178573036,1.1643479595681154,0.1559888897079299,23.0,0.1387518906203767,16.0,equal,True,1819544,102.70647212606856,235.74609299999983,16,898.0,457.0,256,0.0194259581621736,13178.243145735025,median 5 warm calls on training rows; end-to-end preprocessing,6000.0,,,,
3000.0,2969.0,0.9896666666666668,11,2,binary,credit_default,top_quality_b3000_k16,complete,0.7765443576819618,0.553396423051047,0.4313825900977585,0.1348398238143371,0.6640215716486904,0.0122737328934784,0.7826225800875123,0.7531923407839538,0.9554676857137244,0.9554676857137244,0.9769454165009032,1.0888673814320289,0.3420328528397414,23.0,0.1337284232533384,16.0,equal,True,1871803,102.71859908499756,235.9012210000002,16,1526.0,771.0,256,0.0227221248205751,11266.5519629656,median 5 warm calls on training rows; end-to-end preprocessing,6000.0,,,,
3000.0,2969.0,0.9896666666666668,11,2,binary,credit_default,coerror_b3000_k16,complete,0.7777437256796638,0.5577808818856075,0.4308847612772868,0.1345758746709719,0.6601463790446842,0.0091996596183213,0.7810905952943787,0.7446940074062086,0.9413851050599958,0.9413851050599958,0.9767674834053242,1.1203976896813186,0.2546100659674576,23.0,0.132818720732578,16.0,equal,True,1869595,102.8097082511522,235.97851699999967,16,1526.0,771.0,256,0.0210556250531226,12158.271215132325,median 5 warm calls on training rows; end-to-end preprocessing,6000.0,,,,
3000.0,2969.0,0.9896666666666668,11,2,binary,credit_default,random_b3000_k64,complete,0.7744594682823641,0.5424426770818671,0.4478410864795004,0.141180232091653,0.5830546995377504,0.0570814978814092,0.8194228854011237,0.6818080414217644,0.9172862288134388,0.9172862288134388,1.0,1.1836254378609612,0.1394080168476522,23.0,0.1404468873742345,64.0,equal,True,7325195,103.13178025186062,237.20827100000008,64,4106.0,2085.0,256,0.0728445830754935,3514.331322820402,median 5 warm calls on training rows; end-to-end preprocessing,6000.0,,,,
3000.0,2969.0,0.9896666666666668,11,2,binary,credit_default,top_quality_b3000_k64,complete,0.7763932125042439,0.5562650095410684,0.4309826649420725,0.1346520484443484,0.661070878274268,0.0098012706253785,0.7815327147911902,0.7501750729351335,0.9524888217421568,0.9524888217421568,0.98894841752523,1.1005031566633785,0.3390828038461598,23.0,0.13380902327786,64.0,equal,True,7515016,103.46849199896678,238.69276599999975,64,6154.0,3109.0,256,0.0845620001200586,3027.3645329644364,median 5 warm calls on training rows; end-to-end preprocessing,6000.0,,,,
3000.0,2969.0,0.9896666666666668,11,2,binary,credit_default,coerror_b3000_k64,complete,0.7781133295030164,0.5568791208923294,0.4310349881073784,0.1346829999463881,0.6620839753466872,0.0117415993401189,0.7817123601192442,0.7410628900594421,0.9360592952077784,0.9360592952077784,0.9802540220589804,1.140056374538184,0.2870203121359505,23.0,0.1328767964022991,64.0,equal,True,7507643,103.87501533399336,238.944574,64,6150.0,3107.0,256,0.0844128329772502,3032.714232787254,median 5 warm calls on training rows; end-to-end preprocessing,6000.0,,,,
3000.0,2969.0,0.9896666666666668,11,2,binary,credit_default,random_b3000_k128,complete,0.7755465383510485,0.5427035384524237,0.4494991502087978,0.1417085328208209,0.5822842835130971,0.0577081102027028,0.8224891907998374,0.6757569396579862,0.922551286568431,0.922551286568431,1.0,1.1722555206460723,0.1428061212943975,23.0,0.1411370223390201,128.0,equal,True,14596664,103.75741041824222,239.33035000000007,128,6938.0,3533.0,256,0.1456024169456213,1758.2125720866927,median 5 warm calls on training rows; end-to-end preprocessing,6000.0,,,,
3000.0,2969.0,0.9896666666666668,11,2,binary,credit_default,top_quality_b3000_k128,complete,0.77632811887911,0.5569680111401554,0.4309700926822482,0.1346183423884056,0.6616987673343606,0.008249304639498,0.7813370817821849,0.7483889343461256,0.9514213975952556,0.9514213975952556,0.999999999999998,1.103828435012684,0.3369235971854666,23.0,0.1338414605592655,128.0,equal,True,15075915,104.52673537493683,242.6997389999998,128,12344.0,6236.0,256,0.1541626669932156,1660.583622436072,median 5 warm calls on training rows; end-to-end preprocessing,6000.0,,,,
3000.0,2969.0,0.9896666666666668,11,2,binary,credit_default,coerror_b3000_k128,complete,0.7782005562664855,0.5568377443917009,0.4310851698431583,0.1346747649694212,0.6622765793528506,0.013187818606596,0.7816645635652404,0.7400705915378296,0.9363776860424344,0.9363776860424344,0.999999999999998,1.1405374341947183,0.2863644984073745,23.0,0.1330667887585063,128.0,equal,True,15060891,105.46173254214229,243.3281249999999,128,12326.0,6227.0,256,0.1554504169616848,1646.8273614415489,median 5 warm calls on training rows; end-to-end preprocessing,6000.0,,,,
6000.0,5944.0,0.9906666666666668,11,2,binary,credit_default,random_b6000_k16,complete,0.7709956647776239,0.5444162351484683,0.4481870818074586,0.1410903362823698,0.5796610169491525,0.0547607846681342,0.818901121962029,0.676756388400249,0.9152743397298528,0.9152743397298528,0.9835219984375796,1.1780409131998717,0.1452300060262521,23.0,0.1407760690627455,16.0,equal,True,1820040,103.05475579295307,236.05744199999992,16,924.0,470.0,256,0.0196139169856905,13051.956943978388,median 5 warm calls on training rows; end-to-end preprocessing,6000.0,,,,
6000.0,5944.0,0.9906666666666668,11,2,binary,credit_default,top_quality_b6000_k16,complete,0.7759366430753962,0.5515870803937516,0.4324482566269156,0.1353868078288256,0.661806625577812,0.0128259636402928,0.78579732497056,0.754125908329702,0.9566361963019062,0.9566361963019062,0.9769454165009032,1.0863929364068818,0.3734096742610674,23.0,0.1338977525047805,16.0,equal,True,1873451,102.88328746031038,236.0855710000002,16,1556.0,786.0,256,0.0226279161870479,11313.458909951789,median 5 warm calls on training rows; end-to-end preprocessing,6000.0,,,,
6000.0,5944.0,0.9906666666666668,11,2,binary,credit_default,coerror_b6000_k16,complete,0.7767634039330392,0.5569332525920496,0.431209333370925,0.1346308364756052,0.6621302003081664,0.0097426923095704,0.7814095985986818,0.7442056662021703,0.9406347246538018,0.9406347246538018,0.9758813338259812,1.1221175167067077,0.2576258342405788,23.0,0.1326913829539144,16.0,equal,True,1869672,103.115685749799,236.3436089999999,16,1534.0,775.0,256,0.0232561249285936,11007.852803768072,median 5 warm calls on training rows; end-to-end preprocessing,6000.0,,,,
6000.0,5944.0,0.9906666666666668,11,2,binary,credit_default,random_b6000_k64,complete,0.77229499099005,0.5288553463396585,0.4562273989856213,0.1445392558052413,0.5702696456086287,0.0623514202067379,0.8389189640145406,0.6677199213518947,0.9287728201541704,0.9287728201541704,0.9969210897015872,1.15468409088401,0.1321837658580826,23.0,0.1438746038764153,64.0,equal,True,7221195,103.37441554199904,237.37948799999992,64,2848.0,1456.0,256,0.0770577499642968,3322.18368844941,median 5 warm calls on training rows; end-to-end preprocessing,6000.0,,,,
6000.0,5944.0,0.9906666666666668,11,2,binary,credit_default,top_quality_b6000_k64,complete,0.7765217022276776,0.5561402904583113,0.4314490461635576,0.1348626150980922,0.6624768875192604,0.0104866363623344,0.7827548627677423,0.7515070751194157,0.9540134361979596,0.9540134361979596,0.98894841752523,1.0970344123032103,0.3301710804420358,23.0,0.1336594231777137,64.0,equal,True,7511179,103.53939008386806,238.6858649999998,64,6186.0,3125.0,256,0.0866202500183135,2955.429012798689,median 5 warm calls on training rows; end-to-end preprocessing,6000.0,,,,
6000.0,5944.0,0.9906666666666668,11,2,binary,credit_default,coerror_b6000_k64,complete,0.7785138152568488,0.5552462706217743,0.4311166711601513,0.1347076870530806,0.6632935285053929,0.0128535781441918,0.7818556463279325,0.7409020405182922,0.9366917312137044,0.9366917312137044,0.9830525958695912,1.1386077561300871,0.2737688324411336,23.0,0.132704468884787,64.0,equal,True,7500747,104.581873124931,239.88966700000003,64,6152.0,3108.0,256,0.0880112079903483,2908.7204441969934,median 5 warm calls on training rows; end-to-end preprocessing,6000.0,,,,
6000.0,5944.0,0.9906666666666668,11,2,binary,credit_default,random_b6000_k128,complete,0.7741498002141496,0.5377630692695738,0.4512366848683883,0.1425405003447915,0.572153312788906,0.0586791625974222,0.8273180058467584,0.674885636039258,0.923100799680412,0.923100799680412,1.0,1.1697598723323752,0.1489926622592017,23.0,0.1419214637427195,128.0,equal,True,14549467,104.11216837516986,239.91544899999977,128,6506.0,3317.0,256,0.1482303340453654,1727.0419151970066,median 5 warm calls on training rows; end-to-end preprocessing,6000.0,,,,
6000.0,5944.0,0.9906666666666668,11,2,binary,credit_default,top_quality_b6000_k128,complete,0.7763516230968113,0.5566983139484123,0.431086090577893,0.1346840091007308,0.6617950693374423,0.0112557508911104,0.7817182173426748,0.750121174764999,0.9530936311548024,0.9530936311548024,0.98894841752523,1.100000090286596,0.3344377595527064,23.0,0.133748883583918,128.0,equal,True,15065739,104.74049687478691,243.04890599999965,128,12380.0,6254.0,256,0.1561767081730067,1639.1688811651263,median 5 warm calls on training rows; end-to-end preprocessing,6000.0,,,,
6000.0,5944.0,0.9906666666666668,11,2,binary,credit_default,coerror_b6000_k128,complete,0.7784565563709488,0.5579298600784094,0.43076455430945,0.1345669046451801,0.6622765793528506,0.0120000877506087,0.781038532450257,0.7413297435702411,0.937571162272665,0.937571162272665,0.98894841752523,1.1376633919956642,0.2790945343902595,23.0,0.1328366318097257,128.0,equal,True,15049355,106.58840616815723,244.800795,128,12368.0,6248.0,256,0.1666934159584343,1535.7535180863688,median 5 warm calls on training rows; end-to-end preprocessing,6000.0,,,,
300.0,299.0,0.9966666666666668,11,2,binary,credit_default,top_quality_b300_k64,complete,0.7721653913452247,0.5550633860098111,0.4335087776368599,0.1352492404624092,0.6583474576271187,0.0113752391249709,0.7849988714855649,0.7382891343387146,0.9604188921428464,0.9604188921428464,0.9999999999999952,1.0828373264026048,0.2798518357241683,23.0,0.1346012225945653,64.0,equal,True,7357080,103.27279791771434,238.0535289999999,64,4246.0,2155.0,256,0.0883402919862419,2897.884920279291,median 5 warm calls on training rows; end-to-end preprocessing,6000.0,,,,
300.0,299.0,0.9966666666666668,11,2,binary,credit_default,coerror_b300_k64,complete,0.7769851270533545,0.5548760002157137,0.4321404149316765,0.1348962750720471,0.659364406779661,0.0161651526802474,0.7829502283127057,0.7326385835910203,0.93908566536407,0.93908566536407,0.9999999999999888,1.1334740058894404,0.2683977840742684,23.0,0.1338648360677646,64.0,equal,True,7431083,103.33885266794825,238.4932689999997,64,5184.0,2624.0,256,0.0931407499592751,2748.52843800306,median 5 warm calls on training rows; end-to-end preprocessing,6000.0,,,,
6000.0,5944.0,0.9906666666666668,11,2,binary,credit_default,random_cert_b6000_k64,complete,0.7738290982215141,0.544043816492254,0.4515198999551011,0.1424548293354363,0.5674961479198768,0.0623075070455643,0.8268207635300334,0.6682711390346372,0.9213850632708596,0.9213850632708596,0.9972733677322152,1.172463911542454,0.138416040008371,23.0,0.1419047930712571,64.0,equal,True,7265064,103.49750145990402,237.58907299999976,64,3364.0,1714.0,256,0.081090125022456,3156.9811975145763,median 5 warm calls on training rows; end-to-end preprocessing,6000.0,,,,
6000.0,5944.0,0.9906666666666668,11,2,binary,credit_default,top_quality_cert_b6000_k64,complete,0.7765217022276776,0.5561402904583113,0.4314490461635576,0.1348626150980922,0.6624768875192604,0.0104866363623344,0.7827548627677423,0.7515070751194157,0.9540134361979596,0.9540134361979596,0.98894841752523,1.0970344123032103,0.3301710804420358,23.0,0.1336594231777137,64.0,equal,True,7511179,103.6653009597212,239.00533600000028,64,6186.0,3125.0,256,0.0969837920274585,2639.6163178226725,median 5 warm calls on training rows; end-to-end preprocessing,6000.0,,,,
6000.0,5944.0,0.9906666666666668,11,2,binary,credit_default,coerror_cert_b6000_k64,complete,0.7785138152568488,0.5552462706217743,0.4311166711601513,0.1347076870530806,0.6632935285053929,0.0128535781441918,0.7818556463279325,0.7409020405182922,0.9366917312137044,0.9366917312137044,0.9830525958695912,1.1386077561300871,0.2737688324411336,23.0,0.132704468884787,64.0,equal,True,7500747,104.65894666686654,239.89572499999997,64,6152.0,3108.0,256,0.0919905409682542,2782.8948205484,median 5 warm calls on training rows; end-to-end preprocessing,6000.0,,,,
6000.0,5944.0,0.9906666666666668,11,2,binary,credit_default,abs_correlation_b6000_k64,complete,0.7778703872972761,0.5493896361465676,0.4456586761751928,0.1405510818626178,0.5747650231124808,0.0600749589056297,0.815771240348634,0.6768896514300995,0.8945798553182256,0.8945798553182256,0.994410395144918,1.2423738463107632,0.2509299285016151,23.0,0.140296154719542,64.0,equal,True,7538763,105.49033912597224,240.8504079999999,64,6520.0,3292.0,256,0.1021042908541858,2507.24037019748,median 5 warm calls on training rows; end-to-end preprocessing,6000.0,,,,
6000.0,5944.0,0.9906666666666668,11,2,binary,credit_default,signed_correlation_b6000_k64,complete,0.7778703872972761,0.5493896361465676,0.4456586761751928,0.1405510818626178,0.5747650231124808,0.0600749589056297,0.815771240348634,0.6768896514300995,0.8945798553182256,0.8945798553182256,0.994410395144918,1.2423738463107632,0.2509299285016151,23.0,0.140296154719542,64.0,equal,True,7538763,104.95502866781317,240.5384089999997,64,6520.0,3292.0,256,0.0964079590048641,2655.3824252942018,median 5 warm calls on training rows; end-to-end preprocessing,6000.0,,,,
6000.0,5944.0,0.9906666666666668,11,2,binary,credit_default,quality_diversity_l002_b6000_k64,complete,0.7766270794703717,0.5564590688663069,0.4313090711428572,0.134812921368428,0.662573189522342,0.0099813637672798,0.7824664358488705,0.7515048410023396,0.9537271899861248,0.9537271899861248,0.98894841752523,1.0976819526951285,0.3307243852941161,23.0,0.1336296423091075,64.0,equal,True,7510056,104.7681690021418,240.28665699999976,64,6174.0,3119.0,256,0.0955808339640498,2678.361229786796,median 5 warm calls on training rows; end-to-end preprocessing,6000.0,,,,
6000.0,5944.0,0.9906666666666668,11,2,binary,credit_default,quality_diversity_l01_b6000_k64,complete,0.7766037711211512,0.5563674644934484,0.4312617647439649,0.1348098822320868,0.6616525423728814,0.0105734043511137,0.7824487964256103,0.7514587103243259,0.9529876681863616,0.9529876681863616,0.98894841752523,1.099364084328008,0.3344337092405563,23.0,0.1336391060933772,64.0,equal,True,7511147,104.89630970801228,240.31589799999972,64,6150.0,3107.0,256,0.1022209159564226,2504.3798287733416,median 5 warm calls on training rows; end-to-end preprocessing,6000.0,,,,
6000.0,5944.0,0.9906666666666668,11,2,binary,credit_default,quality_diversity_l05_b6000_k64,complete,0.7782761615000915,0.5555845406160371,0.4307674165836912,0.1346655850762221,0.6611671802773498,0.0121886706141803,0.7816112826316319,0.7450579725547293,0.9358029166073872,0.9358029166073872,0.977343482272693,1.14045806903718,0.3372833290423682,23.0,0.1333215933709134,64.0,equal,True,7523723,105.02039891690949,240.92143,64,6228.0,3146.0,256,0.1111244999337941,2303.722402823139,median 5 warm calls on training rows; end-to-end preprocessing,6000.0,,,,
6000.0,5944.0,0.9906666666666668,11,2,binary,credit_default,caruana_b6000_k64,complete,0.7782327439868377,0.5564967521923945,0.4309793687618354,0.1346645665939823,0.6615986132511555,0.0138321246555717,0.78160537126824,0.7377888348591475,0.9317481813796632,0.9317481813796632,0.9785212202761856,1.1481404198072287,0.2678947059848762,23.0,0.1325404746109935,64.0,frequency_weighted,True,3861019,103.70469945902003,237.6198529999998,33,3209.0,1621.0,256,0.0586717501282691,4363.258287682374,median 5 warm calls on training rows; end-to-end preprocessing,6000.0,,,,
6000.0,5944.0,0.9906666666666668,11,2,binary,credit_default,coerror_swap_b6000_k64,complete,0.7785140111253298,0.5554896581639133,0.4310471885697342,0.1346886001812215,0.6632935285053929,0.013026004723326,0.781744864390686,0.7411928859768935,0.936427292439298,0.936427292439298,0.9830525958695912,1.1392216742274557,0.2758601301425503,23.0,0.1326918545900642,64.0,equal,True,7505595,104.59314316720702,239.97847299999975,64,6200.0,3132.0,256,0.0969373330008238,2640.881403223919,median 5 warm calls on training rows; end-to-end preprocessing,6000.0,,,,
6000.0,5944.0,0.9906666666666668,11,2,binary,credit_default,coerror_b6000_k256,complete,0.7785346426053119,0.5573060303659381,0.4308600226424062,0.1345969813610713,0.661502311248074,0.0135500385321339,0.7812131004400796,0.7401491822888623,0.9369731773952148,0.9369731773952148,0.999999999999998,1.139710217980333,0.2825933692758601,23.0,0.1330439463327072,256.0,equal,True,30122056,112.01163083384743,259.3121209999998,256,24828.0,12542.0,256,0.3203423749655485,799.1449773934271,median 5 warm calls on training rows; end-to-end preprocessing,6000.0,,,,
1000.0,957.0,0.957,11,2,binary,credit_default,top_quality_f05_d3_b1000_k64,complete,0.7611587579326735,0.5377297970069765,0.4446705959916104,0.1390187931862566,0.6487904468412943,0.0130830302068653,0.8068776977481641,0.7243379475063301,0.9893435296164822,0.9893435296164822,1.0,1.0212525506476728,0.3789682539682538,15.0,0.1385007038400031,64.0,equal,True,7027016,102.63284641783684,235.62871000000007,64,960.0,512.0,256,0.0516674169339239,4954.766760014176,median 5 warm calls on training rows; end-to-end preprocessing,6000.0,,,,
1000.0,957.0,0.957,11,2,binary,credit_default,coerror_f05_d3_b1000_k64,complete,0.7680797054138049,0.5466976138355346,0.4408094662815014,0.137520377247577,0.6499460708782743,0.0217376201230545,0.7981807555926449,0.7106578080335006,0.9589722233775017,0.9589722233775017,1.0,1.087713293103394,0.2418981481481481,13.0,0.1366885694755477,64.0,equal,True,7025896,102.75090391817504,235.73708299999987,64,946.0,505.0,256,0.0521458340808749,4909.308759026849,median 5 warm calls on training rows; end-to-end preprocessing,6000.0,,,,
1000.0,989.0,0.989,11,2,binary,credit_default,top_quality_f05_d6_b1000_k64,complete,0.7598379514768483,0.541892133884381,0.4417498152189474,0.1379727020442822,0.6485477657935286,0.0129986332440555,0.8008060897811742,0.7291178985212172,0.9777268926929968,0.9777268926929968,1.0,1.04538021287992,0.3763227513227512,16.0,0.1373417869395361,64.0,equal,True,7305880,102.64508474990726,235.7365950000002,64,4388.0,2226.0,256,0.0572126249317079,4474.536875481158,median 5 warm calls on training rows; end-to-end preprocessing,6000.0,,,,
1000.0,989.0,0.989,11,2,binary,credit_default,coerror_f05_d6_b1000_k64,complete,0.769521819748766,0.5486029440696979,0.4386206625005174,0.1367910426037364,0.6553235747303544,0.0240374004025482,0.7939476311004651,0.7177296547241734,0.9511967539110632,0.9511967539110632,1.0,1.1060354973083764,0.25380291005291,16.0,0.1359722517679172,64.0,equal,True,7300616,102.7478864172008,235.8084680000003,64,4380.0,2222.0,256,0.0555891247931867,4605.217314581221,median 5 warm calls on training rows; end-to-end preprocessing,6000.0,,,,
1000.0,998.0,0.998,11,2,binary,credit_default,top_quality_f20_d3_b1000_k64,complete,0.7577381760727064,0.535749967982513,0.4413778318702934,0.1377557830960783,0.6492719568567026,0.0107085953009304,0.799547072510824,0.7312725129709721,0.9845933065533948,0.9845933065533948,1.0,1.0309399135158124,0.2487185846560846,23.0,0.1374038120750396,64.0,equal,True,7063944,102.87948795896956,236.54303700000003,64,950.0,507.0,256,0.0886290420312434,2888.4437215258977,median 5 warm calls on training rows; end-to-end preprocessing,6000.0,,,,
1000.0,998.0,0.998,11,2,binary,credit_default,coerror_f20_d3_b1000_k64,complete,0.7709164033323757,0.5461132637868975,0.4379747125947994,0.1364855664866723,0.6603775038520802,0.0193846118819002,0.7921746199815763,0.7185100371509714,0.9622630900523554,0.9622630900523554,1.0,1.0801585288040505,0.1927024281934996,23.0,0.135583491804432,64.0,equal,True,7050488,103.0907639998477,236.7727100000003,64,958.0,511.0,256,0.0823415420018136,3109.0017720868204,median 5 warm calls on training rows; end-to-end preprocessing,6000.0,,,,
1000.0,1000.0,1.0,11,2,binary,credit_default,top_quality_f20_d6_b1000_k64,complete,0.7760271343135463,0.560371556491879,0.4312277189260092,0.1345542126637733,0.6617372881355932,0.0111280030419569,0.7809648670378142,0.7479012971555705,0.9580042166499156,0.9580042166499156,0.999999999999998,1.0880784039878757,0.2533245937263794,23.0,0.1339113912627546,64.0,equal,True,7469416,102.9290466257371,236.8078280000001,64,6144.0,3104.0,256,0.0745600410737097,3433.4745034128873,median 5 warm calls on training rows; end-to-end preprocessing,6000.0,,,,
1000.0,1000.0,1.0,11,2,binary,credit_default,coerror_f20_d6_b1000_k64,complete,0.7790601577394166,0.5602212665132297,0.4310404184391088,0.1345162599704384,0.6600963020030817,0.014125420955728,0.7807445861598155,0.739951403420047,0.9427553775841336,0.9427553775841336,0.9999999999999624,1.1241710089113917,0.2115555713025951,23.0,0.1332624442572661,64.0,equal,True,7466696,103.01716300100088,236.83943299999976,64,6192.0,3128.0,256,0.0669582500122487,3823.277937418759,median 5 warm calls on training rows; end-to-end preprocessing,6000.0,,,,
1000.0,1000.0,1.0,11,2,binary,credit_default,top_quality_f50_d3_b1000_k64,complete,0.7572966232273902,0.5269537538670296,0.4405125992747986,0.1372499161561931,0.6586825885978429,0.0073487166010525,0.7966109748619642,0.7344328064080574,0.9877171924762198,0.9877171924762198,1.0,1.0245482102120635,0.4062185124837159,23.0,0.1367195419277534,64.0,equal,True,7104667,103.34719883394428,238.33980700000015,64,960.0,512.0,256,0.1007777499035,2540.2432604928495,median 5 warm calls on training rows; end-to-end preprocessing,6000.0,,,,
1000.0,1000.0,1.0,11,2,binary,credit_default,coerror_f50_d3_b1000_k64,complete,0.7690075344075632,0.5434981168866468,0.4380785473259592,0.1364861884748379,0.6589214175654854,0.0172053472275332,0.7921782300573619,0.7230015135705654,0.963809596346425,0.963809596346425,1.0,1.0764521119382158,0.3789404529549929,23.0,0.1354009971664842,64.0,equal,True,7111563,103.5536063767504,238.67797000000007,64,958.0,511.0,256,0.1040277499705553,2460.8818327077142,median 5 warm calls on training rows; end-to-end preprocessing,6000.0,,,,
1000.0,1000.0,1.0,11,2,binary,credit_default,top_quality_f50_d6_b1000_k64,complete,0.7751679898670707,0.5534386267516452,0.4317827723680466,0.1350163959407379,0.6614137134052388,0.0105655850000218,0.783647420740861,0.750922058921641,0.9536297564497314,0.9536297564497314,0.98867877180891,1.0979087258825084,0.4032111135052312,23.0,0.1339542203431893,64.0,equal,True,7522011,103.72265708306804,239.93566500000009,64,6146.0,3105.0,256,0.1013326249085366,2526.333451157185,median 5 warm calls on training rows; end-to-end preprocessing,6000.0,,,,
1000.0,1000.0,1.0,11,2,binary,credit_default,coerror_f50_d6_b1000_k64,complete,0.7776936486380611,0.554133621149587,0.4312199063147391,0.1348030987905881,0.662715716486903,0.0123652911134678,0.7824094247152552,0.7412109249989451,0.9352816824896903,0.9352816824896903,0.9812131615185412,1.1417576522865498,0.3699656588906367,23.0,0.1328879595424656,64.0,equal,True,7529355,103.92639341694304,240.17633500000025,64,6238.0,3151.0,256,0.0992677919566631,2578.88278719608,median 5 warm calls on training rows; end-to-end preprocessing,6000.0,,,,
,,,11,2,binary,credit_default,random_forest,complete,0.7688151915593742,0.5411241897197104,0.437524350495007,0.1376062392538475,0.665130970724191,0.0199719841016877,0.798679106472808,,,,,,,,,,,,81843787,4.965286790858954,4.968628999999964,256,1021756.0,511006.0,256,0.0189366249833256,13518.77645702006,median 5 warm calls on training rows; end-to-end preprocessing,,4.965286790858954,4.968628999999964,1560412160.0,
,,,11,2,binary,credit_default,extra_trees,complete,0.7444185317698676,0.4894174129617867,0.4726669713705913,0.1463950488566676,0.65057781201849,0.0413650215926703,0.8496901553801982,,,,,,,,,,,,225622171,2.6145817921496928,2.616686999999956,256,2818986.0,1409621.0,256,0.0269377920776605,9503.37723529688,median 5 warm calls on training rows; end-to-end preprocessing,,2.6145817921496928,2.616686999999956,1509146624.0,
,,,11,2,binary,credit_default,xgboost,complete,0.7772831083022119,0.550129043081332,0.4347507059574127,0.1360309442979812,0.6672919876733436,0.0215300470372672,0.7895359515213711,,,,,,,,,,,,922958,0.5323774998541921,0.5330249999999523,300,20896.0,10598.0,256,0.0022096659522503,115854.61582520435,median 5 warm calls on training rows; end-to-end preprocessing,,0.5323774998541921,0.5330249999999523,1523302400.0,
,,,11,2,binary,credit_default,lightgbm,complete,0.7779064923872451,0.5533683549249983,0.4353899833004553,0.1359230558141428,0.6659861325115563,0.0223875280138214,0.7889097569655283,,,,,,,,,,,,1036143,0.545503499917686,0.5458550000000741,300,18300.0,9300.0,256,0.0058145420625805,44027.54288209297,median 5 warm calls on training rows; end-to-end preprocessing,,0.545503499917686,0.5458550000000741,1543225344.0,
,,,11,2,binary,credit_default,catboost,complete,0.7836689430936774,0.558355390486503,0.4268566626484047,0.1335037558712427,0.6698035439137134,0.0098184161778025,0.7748679204386204,,,,,,,,,,,,348255,1.521572166820988,1.529592999999977,300,38036.0,19168.0,256,0.0019429160747677,131760.70923732867,median 5 warm calls on training rows; end-to-end preprocessing,,1.521572166820988,1.529592999999977,1571061760.0,
,,,11,2,binary,credit_default,linear,complete,0.7314088166932178,0.5121874434349039,0.4625951437438283,0.1432378611784606,0.624784283513097,0.0462694804911611,0.8313655514416679,,,,,,,,,,,,5706,0.0403395420871675,0.0403739999999288,1,,,256,0.0015502078458666,165139.14613616033,median 5 warm calls on training rows; end-to-end preprocessing,,0.0403395420871675,0.0403739999999288,1571979264.0,34.0
,,,11,2,binary,credit_default,rf_leaf5,complete,0.7779089733880024,0.557586519539,0.4294765441773551,0.1345617258536579,0.6683936825885979,0.0145710586812838,0.7810084742740583,,,,,,,,,,,,35207947,4.157814041012898,4.160448000000088,256,438808.0,219532.0,256,0.0154315000399947,16589.443627418586,median 5 warm calls on training rows; end-to-end preprocessing,,4.157814041012898,4.160448000000088,1590198272.0,
,,,11,2,binary,credit_default,rf_shallow64,complete,0.7783691337389986,0.5492533501364547,0.4332611820435877,0.1357362435721007,0.6363983050847457,0.0228543921684233,0.787825481751255,,,,,,,,,,,,556507,0.5197903749067336,0.51949599999989,64,6574.0,3319.0,256,0.0036154589615762,70807.05457334033,median 5 warm calls on training rows; end-to-end preprocessing,,0.5197903749067336,0.51949599999989,1592164352.0,
,,,11,2,binary,credit_default,random_patches64,complete,0.7769215350865738,0.5427731209612567,0.4455739384629398,0.1405884366399757,0.5880046224961479,0.0580258545584893,0.8159880508680155,,,,,,,,,,,,4038688,0.7336421250365674,0.7342879999998786,64,5806.0,2935.0,256,0.062840208876878,4073.824778360896,median 5 warm calls on training rows; end-to-end preprocessing,,0.7336421250365674,0.7342879999998786,1593868288.0,
1000.0,823.0,0.823,11,0,binary,higgs,random_b1000_k16,complete,0.7457331807381988,0.7711805312326733,0.6417949469517454,0.2247610161716845,0.6553696790482282,0.1036748906654023,0.9019897735315842,0.6028638708081508,0.9316786104289334,0.9316786104289334,0.9930137130277428,1.1381459463770998,0.1443339316865363,28.0,0.2247937482302943,16.0,equal,True,1808021,110.9449762078002,358.68339100000003,16,876.0,446.0,256,0.0105703750159591,24218.629860671113,median 5 warm calls on training rows; end-to-end preprocessing,6000.0,,,,
1000.0,823.0,0.823,11,0,binary,higgs,top_quality_b1000_k16,complete,0.7445240274136751,0.7607311641652914,0.5957245473620809,0.2046539172161509,0.681696402614245,0.0206117332539227,0.821297854878639,0.7098678113404887,0.9434357996365924,0.9434357996365924,0.9781762996110072,1.1147151914815183,0.372686298498319,28.0,0.2079747441292823,16.0,equal,True,1893493,111.09333108202554,359.44420299999996,16,1906.0,961.0,256,0.0132005410268902,19393.14452934262,median 5 warm calls on training rows; end-to-end preprocessing,6000.0,,,,
1000.0,823.0,0.823,11,0,binary,higgs,coerror_b1000_k16,complete,0.763870751463624,0.7873674422173892,0.5896881032918879,0.201734868987582,0.6929224105023397,0.0616292680580536,0.8095834050355954,0.6913627302317014,0.8944256672304115,0.8944256672304115,0.966983781423674,1.2307067275829706,0.3489726402083381,28.0,0.2025770199985441,16.0,equal,True,1893733,111.17357945791446,359.65011999999996,16,1902.0,959.0,256,0.013144209049642,19476.257493559177,median 5 warm calls on training rows; end-to-end preprocessing,6000.0,,,,
1000.0,823.0,0.823,11,0,binary,higgs,random_b1000_k64,complete,0.7512056773190734,0.7769883760390404,0.6484743938743704,0.227946571718675,0.6503476637451368,0.1106027855314481,0.9147737454825184,0.5873805156997658,0.9381788999861014,0.9381788999861014,0.999090880504487,1.12961087847863,0.112680144761485,28.0,0.227999123210759,64.0,equal,True,7277992,111.45986987510696,360.891806,64,3912.0,1988.0,256,0.0463714578654617,5520.637301133321,median 5 warm calls on training rows; end-to-end preprocessing,6000.0,,,,
1000.0,823.0,0.823,11,0,binary,higgs,top_quality_b1000_k64,complete,0.7447442346161026,0.7706639172695544,0.5974745684183929,0.2054045440696615,0.6724265732220096,0.0296616522895614,0.8243101999780557,0.6996227337889657,0.924583999205318,0.924583999205318,0.9898231362540968,1.1665130399774586,0.3350847942354021,28.0,0.2061622722507506,64.0,equal,True,7586901,112.43152437498792,364.727212,64,7574.0,3819.0,256,0.0504406250547617,5075.274141073173,median 5 warm calls on training rows; end-to-end preprocessing,6000.0,,,,
1000.0,823.0,0.823,11,0,binary,higgs,coerror_b1000_k64,complete,0.762975070630625,0.7880061419397697,0.5911074775166821,0.2023687159302251,0.6872985948270538,0.0590324587085789,0.8121270999787242,0.6878520643364243,0.897461864722776,0.897461864722776,0.9813867099913418,1.2371494366860731,0.3418658241916295,28.0,0.2030824736551236,64.0,equal,True,7593733,112.68923120689578,365.31470599999994,64,7636.0,3850.0,256,0.0511180001776665,5008.020640679258,median 5 warm calls on training rows; end-to-end preprocessing,6000.0,,,,
1000.0,823.0,0.823,11,0,binary,higgs,random_b1000_k128,complete,0.7569188759916546,0.7848684413105034,0.6451927791678187,0.2263568283290798,0.6614878549272423,0.1179706427743724,0.9083939368111648,0.5947631313558657,0.935216826181246,0.935216826181246,0.9994290621076746,1.1383414056322,0.1312273648907571,28.0,0.2263161425161409,128.0,equal,True,14582197,112.45451554236934,364.5807000000001,128,7772.0,3950.0,256,0.0865201251581311,2958.849164077304,median 5 warm calls on training rows; end-to-end preprocessing,6000.0,,,,
1000.0,823.0,0.823,11,0,binary,higgs,top_quality_b1000_k128,complete,0.7336534749400774,0.7628696759072617,0.6105767108698597,0.2111767856677032,0.6535085715585831,0.0536903752305461,0.8474748171366212,0.6915723995850254,0.9422417272661948,0.9422417272661948,1.0,1.124700905550294,0.3281063065434952,28.0,0.2101098491375843,128.0,equal,True,14763525,113.7612554980442,370.014629,128,9686.0,4907.0,256,0.094038208015263,2722.29772773264,median 5 warm calls on training rows; end-to-end preprocessing,6000.0,,,,
1000.0,823.0,0.823,11,0,binary,higgs,coerror_b1000_k128,complete,0.7627304411041889,0.7897682880668352,0.5946730303308115,0.2037525646015206,0.6902394308668562,0.0697947980231201,0.8176806313289754,0.6803365393650833,0.8956794934672812,0.8956794934672812,0.9898231362540706,1.244152830610328,0.3012680600138697,28.0,0.2044406673323137,128.0,equal,True,15206869,114.85651270789094,373.4219910000001,128,15236.0,7682.0,256,0.0968612500000745,2642.955774365942,median 5 warm calls on training rows; end-to-end preprocessing,6000.0,,,,
3000.0,2456.0,0.8186666666666667,11,0,binary,higgs,random_b3000_k16,complete,0.7600611397758672,0.785855631456343,0.6229072462353878,0.2158775841645496,0.6782821526892726,0.1047484862293868,0.8663396196001825,0.6267227052907802,0.9045477433949648,0.9045477433949648,0.9866702044057732,1.201802689578619,0.2179907754771464,28.0,0.2158425401665402,16.0,equal,True,1848888,111.19246095768176,359.2611,16,1368.0,692.0,256,0.0149210828822106,17156.93170669344,median 5 warm calls on training rows; end-to-end preprocessing,6000.0,,,,
3000.0,2456.0,0.8186666666666667,11,0,binary,higgs,top_quality_b3000_k16,complete,0.7394286097097743,0.7502223946805067,0.5986773912449893,0.2057342121347465,0.6768466527241229,0.0133912114821472,0.8256331928548076,0.7143254979831446,0.9553540395216564,0.9553540395216564,0.9796191621259156,1.0890328638177078,0.3935693810496946,28.0,0.2089455675987686,16.0,equal,True,1894245,111.36188774881884,360.00331299999993,16,1916.0,966.0,256,0.0152881669346243,16744.976758476954,median 5 warm calls on training rows; end-to-end preprocessing,6000.0,,,,
3000.0,2456.0,0.8186666666666667,11,0,binary,higgs,coerror_b3000_k16,complete,0.7613758824088123,0.7854256317144912,0.5897297387743858,0.2018087779260575,0.690914543354004,0.0559963493333073,0.8098800094370748,0.6945849292486479,0.8967641393786546,0.8967641393786546,0.9659771796341045,1.2252789174776817,0.312492065256401,28.0,0.2020380899433377,16.0,equal,True,1893797,111.39633662393317,359.89504999999997,16,1912.0,964.0,256,0.0141313751228153,18115.71752749548,median 5 warm calls on training rows; end-to-end preprocessing,6000.0,,,,
3000.0,2456.0,0.8186666666666667,11,0,binary,higgs,random_b3000_k64,complete,0.7511824738541191,0.7784918534069265,0.6406655711554132,0.2242022179657547,0.6606151518445581,0.1090904864228395,0.8997472571210362,0.6025181839248449,0.9318152140113072,0.9318152140113072,0.999586838919276,1.1451106060397895,0.1423691786126265,28.0,0.2241570378039711,64.0,equal,True,7262557,111.8511484998744,361.930488,64,3680.0,1872.0,256,0.0518029169179499,4941.8066632324135,median 5 warm calls on training rows; end-to-end preprocessing,6000.0,,,,
3000.0,2456.0,0.8186666666666667,11,0,binary,higgs,top_quality_b3000_k64,complete,0.746434701838184,0.7667498305203557,0.5942890288244477,0.2040930049497927,0.6767690971739444,0.0189459545613491,0.8190468545195861,0.7081757472780691,0.9366951569405368,0.9366951569405368,0.9883368485689964,1.1370655838599275,0.3681074337870661,28.0,0.2063448471410867,64.0,equal,True,7591269,112.71776133170351,365.50861,64,7626.0,3845.0,256,0.0524392498191446,4881.839478690237,median 5 warm calls on training rows; end-to-end preprocessing,6000.0,,,,
3000.0,2456.0,0.8186666666666667,11,0,binary,higgs,coerror_b3000_k64,complete,0.7644919181518991,0.7886172296740656,0.5894888889024466,0.2016611379901483,0.6921227035341134,0.0616118018836178,0.8092875147303717,0.6911272551210383,0.8973448885625139,0.8973448885625139,0.9882447738664883,1.237215232365112,0.3373234952443945,28.0,0.2020227252609223,64.0,equal,True,7593893,113.22643187409268,366.150818,64,7648.0,3856.0,256,0.0531163339037448,4819.609735564815,median 5 warm calls on training rows; end-to-end preprocessing,6000.0,,,,
3000.0,2456.0,0.8186666666666667,11,0,binary,higgs,random_b3000_k128,complete,0.7520843392682439,0.781122449416312,0.6411614565565822,0.2244413785145352,0.6594886552210686,0.1088654641034516,0.9007070337446986,0.6031666590017299,0.9328544035762434,0.9328544035762434,1.0,1.144419161405621,0.1304049317287122,28.0,0.2242527409200409,128.0,equal,True,14565704,112.69419170706531,365.062805,128,7578.0,3853.0,256,0.0885154579300433,2892.1502072815933,median 5 warm calls on training rows; end-to-end preprocessing,6000.0,,,,
3000.0,2456.0,0.8186666666666667,11,0,binary,higgs,top_quality_b3000_k128,complete,0.7456811760852269,0.7673523660048036,0.5962084442125487,0.2048697706233408,0.6749160251254702,0.023022678873275,0.8221640974734782,0.7035792204298663,0.9294645319438668,0.9294645319438668,0.991591169314867,1.1558975006390322,0.3467508773587738,28.0,0.2059711145600701,128.0,equal,True,15206853,114.83302091713996,373.819292,128,15220.0,7674.0,256,0.0956521248444914,2676.365009310536,median 5 warm calls on training rows; end-to-end preprocessing,6000.0,,,,
3000.0,2456.0,0.8186666666666667,11,0,binary,higgs,coerror_b3000_k128,complete,0.7639374275681721,0.7888133979573131,0.5901456459842901,0.2019424621483367,0.6865719742591414,0.0573449388009673,0.810416498386236,0.6896488048737512,0.8979506108006473,0.8979506108006473,0.9882447738664883,1.2380509016583374,0.3345108827337031,28.0,0.2024337161787792,128.0,equal,True,15212645,115.93484520795757,375.4141029999999,128,15268.0,7698.0,256,0.1003490420989692,2551.0956023628014,median 5 warm calls on training rows; end-to-end preprocessing,6000.0,,,,
6000.0,4953.0,0.8255,11,0,binary,higgs,random_b6000_k16,complete,0.723778504598981,0.7557579795218508,0.6396688275572154,0.2238721896497022,0.644638437650213,0.0894844654594696,0.8984228185189798,0.6166323949108601,0.9416296465275534,0.9416296465275534,0.9956208081409136,1.1177435681700432,0.1584097687222266,28.0,0.2227554816266729,16.0,equal,True,1792693,111.35254987492226,359.10258799999997,16,682.0,349.0,256,0.0129530420526862,19763.697126800456,median 5 warm calls on training rows; end-to-end preprocessing,6000.0,,,,
6000.0,4953.0,0.8255,11,0,binary,higgs,top_quality_b6000_k16,complete,0.7412684548803657,0.7506273847927867,0.5970566357168771,0.2051074631434809,0.6776033836249626,0.0034985475822191,0.8231179827426545,0.7152204874609113,0.958196002543825,0.958196002543825,0.9904778207535476,1.0830241267814589,0.4105878109628615,28.0,0.2091695081188616,16.0,equal,True,1896085,111.399081250187,359.92994200000004,16,1938.0,977.0,256,0.0150189169216901,17045.170522934877,median 5 warm calls on training rows; end-to-end preprocessing,6000.0,,,,
6000.0,4953.0,0.8255,11,0,binary,higgs,coerror_b6000_k16,complete,0.7632517967788173,0.7878811732810401,0.5897769553189416,0.2018234137190067,0.6902954080974857,0.0585556261484431,0.809938744424986,0.692847011897957,0.894959460372178,0.894959460372178,0.9532955769296556,1.229664178565033,0.3172893339778183,28.0,0.2018584784619216,16.0,equal,True,1894997,111.7533297499176,360.19688,16,1928.0,972.0,256,0.0139913340099155,18297.040140602323,median 5 warm calls on training rows; end-to-end preprocessing,6000.0,,,,
6000.0,4953.0,0.8255,11,0,binary,higgs,random_b6000_k64,complete,0.743650015186081,0.7756501881159276,0.6421342478514724,0.2249308743813393,0.649530937893082,0.0974134984413006,0.9026714325250728,0.5986400139426364,0.9329249351633376,0.9329249351633376,0.9999999999999972,1.142537189062006,0.124300298411824,28.0,0.2247825889326718,64.0,equal,True,7293525,111.97853695903903,361.78775100000007,64,4092.0,2078.0,256,0.0559494171757251,4575.5615147153185,median 5 warm calls on training rows; end-to-end preprocessing,6000.0,,,,
6000.0,4953.0,0.8255,11,0,binary,higgs,top_quality_b6000_k64,complete,0.7444491804391721,0.7609671656343564,0.5955371638858321,0.2045745307689989,0.6787556568602986,0.0139292530945021,0.8209792686544449,0.7116025646560871,0.9480408957669704,0.9480408957669704,0.990477820753514,1.1105079929672486,0.3847540937136629,28.0,0.2077623402637218,64.0,equal,True,7595021,113.0313334579114,366.332596,64,7676.0,3870.0,256,0.056496333098039,4531.26753475768,median 5 warm calls on training rows; end-to-end preprocessing,6000.0,,,,
6000.0,4953.0,0.8255,11,0,binary,higgs,coerror_b6000_k64,complete,0.763227329311881,0.7877063741619267,0.5894951349283745,0.2016982325996587,0.6895902755632664,0.057328951782431,0.8094363793288747,0.6931526190633812,0.8982156913658251,0.8982156913658251,0.9854233910242198,1.234861454512013,0.3373115916105403,28.0,0.2016966666066154,64.0,equal,True,7594629,114.20365437376311,367.740329,64,7662.0,3863.0,256,0.0604433750268071,4235.369052215593,median 5 warm calls on training rows; end-to-end preprocessing,6000.0,,,,
6000.0,4953.0,0.8255,11,0,binary,higgs,random_b6000_k128,complete,0.7532792725704709,0.7816092322280841,0.6464786543757677,0.2269813624918386,0.6538346389269996,0.1113218333239855,0.9109002585818374,0.5915686017728924,0.9397483106023952,0.9397483106023952,0.999590741365274,1.126890829341705,0.1245786833647531,28.0,0.2269874214206695,128.0,equal,True,14487941,112.97694804193452,365.625714,128,6604.0,3366.0,256,0.1103414581157267,2320.070845280165,median 5 warm calls on training rows; end-to-end preprocessing,6000.0,,,,
6000.0,4953.0,0.8255,11,0,binary,higgs,top_quality_b6000_k128,complete,0.7466885856648452,0.7678061716869289,0.5944098112055869,0.2041260830491374,0.6772334373306013,0.022236830517453,0.8191796004372056,0.7077070632042853,0.9351186741996986,0.9351186741996986,0.990477820753514,1.142104222771772,0.3650693826822772,28.0,0.2059968174377588,128.0,equal,True,15209253,115.2386515410617,375.2122250000001,128,15236.0,7682.0,256,0.1054768750909715,2427.0722827084646,median 5 warm calls on training rows; end-to-end preprocessing,6000.0,,,,
6000.0,4953.0,0.8255,11,0,binary,higgs,coerror_b6000_k128,complete,0.7636078390513774,0.7880575610779456,0.5895268162721492,0.2017119445732307,0.6899987287751497,0.0586889080925937,0.8094914069317374,0.691869651422663,0.8987256645843005,0.8987256645843005,0.9908654109096228,1.2357690953251528,0.3302793617723507,28.0,0.2019574308779329,128.0,equal,True,15215861,117.77580741606651,378.7035640000001,128,15322.0,7725.0,256,0.1160255409777164,2206.4107423482446,median 5 warm calls on training rows; end-to-end preprocessing,6000.0,,,,
300.0,245.0,0.8166666666666667,11,0,binary,higgs,top_quality_b300_k64,complete,0.7317042484551187,0.7645579893206815,0.6148602715803054,0.2130731559119114,0.6475623450920428,0.0664003939079752,0.8550851518656601,0.6858614814995729,0.944279671288069,0.944279671288069,0.9996402359529704,1.1190005085215435,0.3006533951791196,28.0,0.2122043550352859,64.0,equal,True,7360293,112.36600920907222,364.45362099999994,64,4764.0,2414.0,256,0.0549815839622169,4656.104490840456,median 5 warm calls on training rows; end-to-end preprocessing,6000.0,,,,
300.0,245.0,0.8166666666666667,11,0,binary,higgs,coerror_b300_k64,complete,0.7573560852486275,0.7866003374598471,0.6014416330378918,0.2066731456569999,0.6805525259635036,0.0710781388229743,0.8294012325688284,0.6716543390638983,0.900025653004519,0.900025653004519,0.99960906224931,1.2302177065388291,0.2788013269935947,28.0,0.2071951058818631,64.0,equal,True,7532485,112.65712974988855,365.469233,64,6920.0,3492.0,256,0.0561799169518053,4556.788508954415,median 5 warm calls on training rows; end-to-end preprocessing,6000.0,,,,
6000.0,4953.0,0.8255,11,0,binary,higgs,random_cert_b6000_k64,complete,0.7495313261222623,0.7812078832928208,0.6315162527561623,0.2199160509205568,0.6688532396190225,0.102480067228666,0.8825464146072105,0.6237041673114667,0.9258739228980344,0.9258739228980344,0.9994575320327872,1.1612266010557664,0.1534548600633189,28.0,0.2197395658523792,64.0,equal,True,7306373,112.16396058280952,362.501499,64,4210.0,2137.0,256,0.0563297499902546,4544.667782908488,median 5 warm calls on training rows; end-to-end preprocessing,6000.0,,,,
6000.0,4953.0,0.8255,11,0,binary,higgs,top_quality_cert_b6000_k64,complete,0.7444491804391721,0.7609671656343564,0.5955371638858321,0.2045745307689989,0.6787556568602986,0.0139292530945021,0.8209792686544449,0.7116025646560871,0.9480408957669704,0.9480408957669704,0.990477820753514,1.1105079929672486,0.3847540937136629,28.0,0.2077623402637218,64.0,equal,True,7595021,113.18980304105207,366.85163399999993,64,7676.0,3870.0,256,0.0583662081044167,4386.099565385811,median 5 warm calls on training rows; end-to-end preprocessing,6000.0,,,,
6000.0,4953.0,0.8255,11,0,binary,higgs,coerror_cert_b6000_k64,complete,0.763227329311881,0.7877063741619267,0.5894951349283745,0.2016982325996587,0.6895902755632664,0.057328951782431,0.8094363793288747,0.6931526190633812,0.8982156913658251,0.8982156913658251,0.9854233910242198,1.234861454512013,0.3373115916105403,28.0,0.2016966666066154,64.0,equal,True,7594629,113.92888974980453,367.6145860000001,64,7662.0,3863.0,256,0.0778927081264555,3286.5720830298355,median 5 warm calls on training rows; end-to-end preprocessing,6000.0,,,,
6000.0,4953.0,0.8255,11,0,binary,higgs,abs_correlation_b6000_k64,complete,0.7715875738493159,0.7952407769199292,0.6021042809190202,0.2065637351081884,0.6977893598480019,0.0986891684359227,0.8289621564433269,0.6574000094716467,0.8831482602832224,0.8831482602832224,0.9791629299970468,1.274942514992756,0.3302356942543946,28.0,0.207222629442247,64.0,equal,True,7585205,114.483143000165,367.9551669999999,64,7532.0,3798.0,256,0.068296916084364,3748.33908582014,median 5 warm calls on training rows; end-to-end preprocessing,6000.0,,,,
6000.0,4953.0,0.8255,11,0,binary,higgs,signed_correlation_b6000_k64,complete,0.7715875738493159,0.7952407769199292,0.6021042809190202,0.2065637351081884,0.6977893598480019,0.0986891684359227,0.8289621564433269,0.6574000094716467,0.8831482602832224,0.8831482602832224,0.9791629299970468,1.274942514992756,0.3302356942543946,28.0,0.207222629442247,64.0,equal,True,7585205,114.36026754090562,368.0374859999999,64,7532.0,3798.0,256,0.0783865000121295,3265.8684845016232,median 5 warm calls on training rows; end-to-end preprocessing,6000.0,,,,
6000.0,4953.0,0.8255,11,0,binary,higgs,quality_diversity_l002_b6000_k64,complete,0.7447019356926352,0.7628807223869751,0.5955108777438752,0.2045649073344583,0.6778054433703637,0.0134698913594595,0.8209406487919363,0.711600520026275,0.94758535105565,0.94758535105565,0.990477820753514,1.1115511258294934,0.3869654324671643,28.0,0.2076683175394797,64.0,equal,True,7595365,114.41767270723358,367.95911599999994,64,7676.0,3870.0,256,0.0799219161272049,3203.1264064358347,median 5 warm calls on training rows; end-to-end preprocessing,6000.0,,,,
6000.0,4953.0,0.8255,11,0,binary,higgs,quality_diversity_l01_b6000_k64,complete,0.7454015607896474,0.7633273964428032,0.5948721281657019,0.2042809617451785,0.6766273483802536,0.0163537187163508,0.8198011450553357,0.711396255635016,0.9443714804042578,0.9443714804042578,0.9904778207535476,1.1189785952214852,0.3828254115742638,28.0,0.2069842426861123,64.0,equal,True,7594837,114.2683043750003,367.96292,64,7668.0,3866.0,256,0.077446499839425,3305.5076798923337,median 5 warm calls on training rows; end-to-end preprocessing,6000.0,,,,
6000.0,4953.0,0.8255,11,0,binary,higgs,quality_diversity_l05_b6000_k64,complete,0.7577726190446095,0.7818900173206496,0.5890039417943351,0.2017654957845508,0.6853466597664196,0.0415725015662256,0.8097063136170409,0.7002161168243873,0.9087488948598236,0.9087488948598236,0.9847543825180768,1.2071038687978493,0.3561847518701831,28.0,0.2023425914769844,64.0,equal,True,7595349,114.2357963330578,367.950766,64,7664.0,3864.0,256,0.080106042092666,3195.7639313132117,median 5 warm calls on training rows; end-to-end preprocessing,6000.0,,,,
6000.0,4953.0,0.8255,11,0,binary,higgs,caruana_b6000_k64,complete,0.7631508120490448,0.787967380265207,0.589347440042383,0.2016704801653109,0.6898224456415947,0.0575708706519214,0.8093250058691942,0.6928233329737743,0.8971236665638079,0.8971236665638079,0.9805187274302396,1.2356227797167003,0.3260960148959638,28.0,0.2015440868701517,64.0,frequency_weighted,True,5210597,113.1691134169232,364.5064989999999,44,5266.0,2655.0,256,0.055272415978834,4631.605032391427,median 5 warm calls on training rows; end-to-end preprocessing,6000.0,,,,
6000.0,4953.0,0.8255,11,0,binary,higgs,coerror_swap_b6000_k64,complete,0.7631299560163425,0.7877181404390332,0.5896061561243129,0.2017471237000718,0.6904931792647337,0.0583309731262583,0.8096325844953242,0.6931158003827826,0.8982896011678926,0.8982896011678926,0.9854233910242198,1.234665613401306,0.3325271821421863,28.0,0.2016948407831234,64.0,equal,True,7593845,114.83760370779784,369.1987269999999,64,7656.0,3860.0,256,0.0810087081044912,3160.154087012369,median 5 warm calls on training rows; end-to-end preprocessing,6000.0,,,,
6000.0,4953.0,0.8255,11,0,binary,higgs,coerror_b6000_k256,complete,0.7637400175443475,0.7883031263601169,0.5900316365393732,0.2019100480016083,0.6868901416151706,0.056948393390072,0.8102864169808183,0.6902033565213013,0.8987905785465172,0.8987905785465172,0.9925613562139748,1.2367999339833515,0.3311147325506519,28.0,0.2023997965184461,256.0,equal,True,30428869,125.12845516577364,401.2687600000001,256,30620.0,15438.0,256,0.1905569171067327,1343.4306342005525,median 5 warm calls on training rows; end-to-end preprocessing,6000.0,,,,
1000.0,558.0,0.558,11,0,binary,higgs,top_quality_f05_d3_b1000_k64,complete,0.6911826020600343,0.6912665565912275,0.6452154109768651,0.2266608149294804,0.6341392309017426,0.0099390357810255,0.9096138672489348,0.6683548328283293,0.9946853180802352,0.9946853180802352,1.0,1.0104654748510955,0.3601190476190475,25.0,0.2243966793929112,64.0,equal,True,7028600,110.97713566571474,358.83518900000007,64,960.0,512.0,256,0.0487743329722434,5248.662245072319,median 5 warm calls on training rows; end-to-end preprocessing,6000.0,,,,
1000.0,558.0,0.558,11,0,binary,higgs,coerror_f05_d3_b1000_k64,complete,0.7138083729658146,0.7471694593433684,0.636443510054757,0.2225839497945909,0.6390363357232601,0.0486958550800288,0.8932529754787674,0.6526650858060921,0.9621443458203544,0.9621443458203544,1.0,1.079395984897275,0.2078373015873016,22.0,0.2207061575090464,64.0,equal,True,7028216,111.1061852502171,358.96677300000005,64,956.0,510.0,256,0.0488207919988781,5243.667493265631,median 5 warm calls on training rows; end-to-end preprocessing,6000.0,,,,
1000.0,539.0,0.539,11,0,binary,higgs,top_quality_f05_d6_b1000_k64,complete,0.6891915280808875,0.716067906481714,0.6404946771635441,0.2241510395865832,0.6384902868670556,0.011928181082362,0.8995418728625694,0.6719439803742063,0.9733349682700716,0.9733349682700716,1.0,1.0542342374316096,0.3617724867724867,22.0,0.2224402725253575,64.0,equal,True,7537116,111.0579196671024,359.2187659999999,64,7316.0,3690.0,256,0.0511813329067081,5001.823623207108,median 5 warm calls on training rows; end-to-end preprocessing,6000.0,,,,
1000.0,539.0,0.539,11,0,binary,higgs,coerror_f05_d6_b1000_k64,complete,0.7211067655525512,0.7525862998258221,0.6266397311728397,0.2180182731846238,0.6502450990128867,0.0584275808257914,0.8749304314647427,0.6541899641237222,0.9302782208374883,0.9302782208374883,1.0,1.1529939526717854,0.2073412698412698,17.0,0.2166824383829187,64.0,equal,True,7538061,111.21165812504478,359.40985100000006,64,7330.0,3697.0,256,0.0518908749800175,4933.4300124748725,median 5 warm calls on training rows; end-to-end preprocessing,6000.0,,,,
1000.0,934.0,0.934,11,0,binary,higgs,top_quality_f20_d3_b1000_k64,complete,0.6907820037176104,0.6799031950663817,0.6379164355514442,0.2232756725700972,0.6339457483126476,0.0321477597398907,0.8960289322716882,0.6820548852010466,0.9874619941570696,0.9874619941570696,1.0,1.025081705501209,0.2307810245310246,28.0,0.2199022555512155,64.0,equal,True,7039325,111.29105699900538,360.19583700000004,64,960.0,512.0,256,0.0534139999654144,4792.750967270007,median 5 warm calls on training rows; end-to-end preprocessing,6000.0,,,,
1000.0,934.0,0.934,11,0,binary,higgs,coerror_f20_d3_b1000_k64,complete,0.7200837816627983,0.7428639439879604,0.625994429220006,0.2178049160706313,0.6427466329695777,0.0643540938634006,0.8740742067590112,0.6672581765016024,0.9524989077801372,0.9524989077801372,1.0,1.100268853335652,0.1948217291967292,28.0,0.2156493730591342,64.0,equal,True,7039245,111.43572766706347,360.301655,64,960.0,512.0,256,0.0564951249398291,4531.364436713013,median 5 warm calls on training rows; end-to-end preprocessing,6000.0,,,,
1000.0,922.0,0.922,11,0,binary,higgs,top_quality_f20_d6_b1000_k64,complete,0.7325548766460466,0.7613936765693459,0.6094227697636357,0.2103667125799389,0.6621722668575429,0.0295541113216557,0.8442239080002325,0.6947879821707292,0.9372711957766452,0.9372711957766452,0.9932258059194676,1.1354997674684295,0.2380643166357452,28.0,0.2094421672216892,64.0,equal,True,7563181,111.74803587514909,361.998814,64,7514.0,3789.0,256,0.0546323340386152,4685.869723578972,median 5 warm calls on training rows; end-to-end preprocessing,6000.0,,,,
1000.0,922.0,0.922,11,0,binary,higgs,coerror_f20_d6_b1000_k64,complete,0.7596642431535332,0.7873103460621028,0.5982283147353085,0.2052089520416198,0.6852992596920964,0.0676156840205821,0.8235252684446305,0.6816425791532232,0.9023389982939312,0.9023389982939312,0.9920599584137674,1.2238025412017115,0.2086395416752559,28.0,0.2050335462530997,64.0,equal,True,7568925,111.89579787501134,362.1134879999999,64,7586.0,3825.0,256,0.0584482077974826,4379.946103514675,median 5 warm calls on training rows; end-to-end preprocessing,6000.0,,,,
1000.0,1000.0,1.0,11,0,binary,higgs,top_quality_f50_d3_b1000_k64,complete,0.6833308926056968,0.6671546490931662,0.6375616986779509,0.2230999968102648,0.6368521402984417,0.02205893428537,0.8953239268329105,0.684199406105322,0.9948137389740582,0.9948137389740582,1.0,1.0102707356933762,0.3894690593330074,28.0,0.2204109280487828,64.0,equal,True,7059797,112.07999825105072,363.284194,64,960.0,512.0,256,0.060080082854256,4260.979476693001,median 5 warm calls on training rows; end-to-end preprocessing,6000.0,,,,
1000.0,1000.0,1.0,11,0,binary,higgs,coerror_f50_d3_b1000_k64,complete,0.7224331550609014,0.7403898379672302,0.6217859101189125,0.2159277339563703,0.6554906169521445,0.060475347869727,0.8665408760286215,0.6717137179849032,0.951063141372112,0.951063141372112,1.0,1.1028701090954731,0.3547918584844118,28.0,0.2142873185193111,64.0,equal,True,7060149,112.19250295776874,363.3731779999999,64,960.0,512.0,256,0.0577044999226927,4436.395780969689,median 5 warm calls on training rows; end-to-end preprocessing,6000.0,,,,
1000.0,1000.0,1.0,11,0,binary,higgs,top_quality_f50_d6_b1000_k64,complete,0.7453740687465398,0.7632939683908978,0.595039077715153,0.204396595873074,0.679589762739605,0.0176066350038418,0.8202651970631505,0.7112758187732693,0.9460694776971657,0.9460694776971657,0.990477820753514,1.1150505900292138,0.3999123237917855,28.0,0.2074848665564763,64.0,equal,True,7595829,112.88637383305468,366.5328560000002,64,7660.0,3862.0,256,0.0657851661089807,3891.4547935610017,median 5 warm calls on training rows; end-to-end preprocessing,6000.0,,,,
1000.0,1000.0,1.0,11,0,binary,higgs,coerror_f50_d6_b1000_k64,complete,0.763896708647182,0.788201551396237,0.5894204950978638,0.2016514681577153,0.6924967578349164,0.0612599765930944,0.8092487086682044,0.6921737777173707,0.897191938284,0.897191938284,0.9854233910242198,1.2375866238325417,0.3581248633178008,28.0,0.2017550894256876,64.0,equal,True,7596533,113.10224304185247,366.79876799999994,64,7664.0,3864.0,256,0.0563747498672455,4541.0401039976805,median 5 warm calls on training rows; end-to-end preprocessing,6000.0,,,,
,,,11,0,binary,higgs,random_forest,complete,0.789721442854651,0.809109055667272,0.5646642872812605,0.1912853469265013,0.7101721552642252,0.0604129949752512,0.7676483657751045,,,,,,,,,,,,79499739,8.30473708291538,8.309555000000046,256,992466.0,496361.0,256,0.0176939589437097,14468.21487573356,median 5 warm calls on training rows; end-to-end preprocessing,,8.30473708291538,8.309555000000046,1405403136.0,
,,,11,0,binary,higgs,extra_trees,complete,0.7694742076784148,0.7863853641111747,0.6006000030250985,0.2059956801354268,0.6968304789159052,0.0921270342732863,0.8266824916466373,,,,,,,,,,,,237806939,3.1421382499393076,3.144209000000046,256,2971306.0,1485781.0,256,0.0267120418138802,9583.692694991829,median 5 warm calls on training rows; end-to-end preprocessing,,3.1421382499393076,3.144209000000046,1660436480.0,
,,,11,0,binary,higgs,xgboost,complete,0.7949983351288181,0.8157513809992702,0.544628918170929,0.1843150267284144,0.7140073629921166,0.021381212830615,0.7396757322463766,,,,,,,,,,,,1178020,1.0491524999961257,1.0328100000000404,300,28420.0,14360.0,256,0.0014210420195013,180149.49346102757,median 5 warm calls on training rows; end-to-end preprocessing,,1.0491524999961257,1.0328100000000404,1686454272.0,
,,,11,0,binary,higgs,lightgbm,complete,0.799631218393179,0.8208030254424408,0.5389002348403839,0.1821149980321532,0.7146695194589494,0.0210244620925945,0.7308467839736573,,,,,,,,,,,,1041855,0.7027412501629442,0.6970810000000256,300,18300.0,9300.0,256,0.005189917050302,49326.41456863015,median 5 warm calls on training rows; end-to-end preprocessing,,0.7027412501629442,0.6970810000000256,1718976512.0,
,,,11,0,binary,higgs,catboost,complete,0.7969481936147675,0.8170081414817397,0.5454773605331977,0.1841578524356334,0.7174857158747454,0.0313960231098194,0.7390449751552883,,,,,,,,,,,,349166,2.0949999168515205,1.987681000000066,300,38100.0,19200.0,256,0.0010184999555349,251350.03551919063,median 5 warm calls on training rows; end-to-end preprocessing,,2.0949999168515205,1.987681000000066,1756250112.0,
,,,11,0,binary,higgs,linear,complete,0.6882673169174386,0.686687798010156,0.6361511597121337,0.2221091738907213,0.6429743338980413,0.0267095050177304,0.8913476494693742,,,,,,,,,,,,4746,0.0444261659868061,0.0444689999999354,1,,,256,0.0008086250163614,316586.7921721108,median 5 warm calls on training rows; end-to-end preprocessing,,0.0444261659868061,0.0444689999999354,1757167616.0,29.0
,,,11,0,binary,higgs,rf_leaf5,complete,0.7904932966363463,0.8131041312453748,0.5643899131372342,0.1910637857851073,0.7113975600428027,0.0610276335329615,0.7667592174381138,,,,,,,,,,,,42609819,7.617282042047009,7.621815999999967,256,531342.0,265799.0,256,0.0147725408896803,17329.449409670156,median 5 warm calls on training rows; end-to-end preprocessing,,7.617282042047009,7.621815999999967,1787183104.0,
,,,11,0,binary,higgs,rf_shallow64,complete,0.757505914626417,0.7846808078719101,0.6058830858324904,0.2084708501941292,0.6808534487210647,0.076501757870741,0.8366156113607596,,,,,,,,,,,,555339,1.0387227090541271,1.03937899999994,64,6570.0,3317.0,256,0.0028910411056131,88549.41546938305,median 5 warm calls on training rows; end-to-end preprocessing,,1.0387227090541271,1.03937899999994,1788215296.0,
,,,11,0,binary,higgs,random_patches64,complete,0.7412479599910871,0.7721893699494085,0.6414486025302218,0.224622248304693,0.6521020533531625,0.0985732099386031,0.9014328833775306,,,,,,,,,,,,4038165,1.1670736658852547,1.1677810000001043,64,6110.0,3087.0,256,0.042385125067085,6039.854774400599,median 5 warm calls on training rows; end-to-end preprocessing,,1.1670736658852547,1.1677810000001043,1789853696.0,
1000.0,826.0,0.826,11,1,binary,higgs,random_b1000_k16,complete,0.7429465207568218,0.7557965713118381,0.6475474774289572,0.2275114974298676,0.6507220470921953,0.1076437856261242,0.913044355807089,0.5875811490683132,0.9388293933246592,0.9388293933246592,0.9926625751631876,1.1221839076919309,0.123654269233755,28.0,0.2285829982450301,16.0,equal,True,1805925,113.79729424789548,363.3133009999999,16,854.0,435.0,256,0.0114299168344587,22397.363314859456,median 5 warm calls on training rows; end-to-end preprocessing,6000.0,,,,
1000.0,826.0,0.826,11,1,binary,higgs,top_quality_b1000_k16,complete,0.7450444835486554,0.7610022126630597,0.5938672668754535,0.2043665359670791,0.6712226464198212,0.0183077713934514,0.8201594833162567,0.7048299157804507,0.9218072999255764,0.9218072999255764,0.9856452812342248,1.1637649892306516,0.3514870589730934,28.0,0.2048615295937475,16.0,equal,True,1893837,113.98808953980917,364.229429,16,1908.0,962.0,256,0.0138601250946521,18470.251765532452,median 5 warm calls on training rows; end-to-end preprocessing,6000.0,,,,
1000.0,826.0,0.826,11,1,binary,higgs,coerror_b1000_k16,complete,0.7615010212773952,0.7791891090007859,0.5862827678727034,0.2007233366022117,0.690246331240684,0.0502265324819455,0.805538672259455,0.6947147843574247,0.8939682282960965,0.8939682282960965,0.9846355106359416,1.2316943835956384,0.3346485931011103,28.0,0.2014874960323209,16.0,equal,True,1894909,114.07657574978656,364.48539099999994,16,1920.0,968.0,256,0.0150753750931471,16981.335351076632,median 5 warm calls on training rows; end-to-end preprocessing,6000.0,,,,
1000.0,826.0,0.826,11,1,binary,higgs,random_b1000_k64,complete,0.7537018144562593,0.7779019477872549,0.6394616791550914,0.2235916968152613,0.6649720638907093,0.1101106490872306,0.8973134944331111,0.5994505292040548,0.9323131831364606,0.9323131831364606,1.0,1.1435759371658234,0.1371178686030493,28.0,0.2242497854210076,64.0,equal,True,7269493,114.5307477079332,366.28841299999976,64,3768.0,1916.0,256,0.0496637499891221,5154.665124080877,median 5 warm calls on training rows; end-to-end preprocessing,6000.0,,,,
1000.0,826.0,0.826,11,1,binary,higgs,top_quality_b1000_k64,complete,0.7449331256579417,0.768257099276384,0.5954257763676967,0.2049799802295992,0.6701833061064946,0.0234774715479273,0.8226213449268721,0.6969113126185452,0.919161933626895,0.919161933626895,0.986501904721011,1.1799222776722982,0.3280943647944349,28.0,0.205865406318498,64.0,equal,True,7592509,115.42176587483846,369.88268199999993,64,7640.0,3852.0,256,0.0550763751380145,4648.090934788206,median 5 warm calls on training rows; end-to-end preprocessing,6000.0,,,,
1000.0,826.0,0.826,11,1,binary,higgs,coerror_b1000_k64,complete,0.763102298975977,0.7836258691009763,0.5887216344256703,0.2014770928422693,0.6894717933081946,0.0583176200927101,0.8085636309468771,0.6861293882325772,0.8936872688696407,0.8936872688696407,0.986501904721011,1.2469870308355335,0.335701271048835,28.0,0.2024861405060286,64.0,equal,True,7594573,115.67824891489,370.463223,64,7646.0,3855.0,256,0.0510474999900907,5014.937069390164,median 5 warm calls on training rows; end-to-end preprocessing,6000.0,,,,
1000.0,826.0,0.826,11,1,binary,higgs,random_b1000_k128,complete,0.7564488230563758,0.7799283255117647,0.6417682498352311,0.2246978810603609,0.6628942864099661,0.1149652850796539,0.901752809777085,0.5975821273402488,0.9362876300606676,0.9362876300606676,1.0,1.135223624075166,0.1248119310362456,28.0,0.2255014394703261,128.0,equal,True,14519821,115.32670624973252,369.2377379999998,128,6988.0,3558.0,256,0.0952890422195196,2686.5628411947596,median 5 warm calls on training rows; end-to-end preprocessing,6000.0,,,,
1000.0,826.0,0.826,11,1,binary,higgs,top_quality_b1000_k128,complete,0.7394244774939652,0.7652998970678665,0.6046873593442075,0.2088031086641759,0.6581748974568133,0.0565210055745517,0.8379642435414437,0.6896906467195323,0.9334692085015384,0.9334692085015384,1.0,1.145838122353008,0.2949350376705391,28.0,0.2093748287080153,128.0,equal,True,14891349,116.69957495783456,375.067307,128,11328.0,5728.0,256,0.09613045793958,2663.047752887031,median 5 warm calls on training rows; end-to-end preprocessing,6000.0,,,,
1000.0,826.0,0.826,11,1,binary,higgs,coerror_b1000_k128,complete,0.7630255315736197,0.7845158471058936,0.5927062879127166,0.2029477079690468,0.6854455688410326,0.0614085025118789,0.8144654726394387,0.6792930921460774,0.8938701594301854,0.8938701594301854,0.986501904721011,1.2490078487380805,0.2978581267582995,28.0,0.2041495359611905,128.0,equal,True,15201573,117.57169062294996,377.7152859999999,128,15162.0,7645.0,256,0.0948372920975089,2699.3600759581827,median 5 warm calls on training rows; end-to-end preprocessing,6000.0,,,,
3000.0,2491.0,0.8303333333333334,11,1,binary,higgs,random_b3000_k16,complete,0.7487893780648256,0.7616318898606537,0.640318191615326,0.2240365486014182,0.6647154801376538,0.1106964487826612,0.8990987642639092,0.5997434551388091,0.9267668156432604,0.9267668156432604,0.9924451833298904,1.1491865675330843,0.1431899194044166,28.0,0.2249281563559888,16.0,equal,True,1829216,113.98710629157722,363.669144,16,1138.0,577.0,256,0.0127815830055624,20028.818017970952,median 5 warm calls on training rows; end-to-end preprocessing,6000.0,,,,
3000.0,2491.0,0.8303333333333334,11,1,binary,higgs,top_quality_b3000_k16,complete,0.7417454270109989,0.7493743752247124,0.5974924582479876,0.2058400309620476,0.6718553001298362,0.0270638882999936,0.8260728824352649,0.7106533026972358,0.9383989459868322,0.9383989459868322,0.9843489125002984,1.1258296698294663,0.3839846837539999,28.0,0.2065689885583554,16.0,equal,True,1893165,114.1758673330769,364.52734199999986,16,1898.0,957.0,256,0.015181666938588,16862.443434937413,median 5 warm calls on training rows; end-to-end preprocessing,6000.0,,,,
3000.0,2491.0,0.8303333333333334,11,1,binary,higgs,coerror_b3000_k16,complete,0.7648249594848745,0.7817403699905401,0.5850017270939963,0.2001299787270978,0.6930244983746986,0.0559685284365416,0.803157420916263,0.6949889359480087,0.8920349879238436,0.8920349879238436,0.9836375815394574,1.2359130896711363,0.3273547768158416,28.0,0.2007573069564657,16.0,equal,True,1892653,114.21778208273464,364.4687079999999,16,1896.0,956.0,256,0.0152495000511407,16787.435597329575,median 5 warm calls on training rows; end-to-end preprocessing,6000.0,,,,
3000.0,2491.0,0.8303333333333334,11,1,binary,higgs,random_b3000_k64,complete,0.7574703713952737,0.7782118787313095,0.6444750018270646,0.226000767763275,0.6549419060424797,0.112133061083277,0.9069815272871462,0.5946842491166884,0.9351392630207812,0.9351392630207812,0.9949979354758308,1.1373895658531674,0.1252805395575083,28.0,0.2268790393117993,64.0,equal,True,7312301,114.65362787386402,366.28992900000026,64,4322.0,2193.0,256,0.053342959145084,4799.133833271648,median 5 warm calls on training rows; end-to-end preprocessing,6000.0,,,,
3000.0,2491.0,0.8303333333333334,11,1,binary,higgs,top_quality_b3000_k64,complete,0.7454052903397346,0.7640276970425347,0.594280526630599,0.2045238060594461,0.6712454960113464,0.0216779488685383,0.8207906363427853,0.7046178889703141,0.9248407323479904,0.9248407323479904,0.9890147775509782,1.1658001406125464,0.3707192694878381,28.0,0.2047674214703018,64.0,equal,True,7591853,115.83077199896798,371.11583700000006,64,7608.0,3836.0,256,0.0564278329256922,4536.768235227414,median 5 warm calls on training rows; end-to-end preprocessing,6000.0,,,,
3000.0,2491.0,0.8303333333333334,11,1,binary,higgs,coerror_b3000_k64,complete,0.7669289281970101,0.7857537423885879,0.5848771100609195,0.1999224921934845,0.6939275539701932,0.0591694167290623,0.8023247403240218,0.69191881197334,0.8935373796144277,0.8935373796144277,0.9899498620313976,1.2467877712481783,0.3426989541093534,28.0,0.2009577578090461,64.0,equal,True,7593117,116.11981899989767,371.1455780000001,64,7632.0,3848.0,256,0.0577457500621676,4433.226682905612,median 5 warm calls on training rows; end-to-end preprocessing,6000.0,,,,
3000.0,2491.0,0.8303333333333334,11,1,binary,higgs,random_b3000_k128,complete,0.7585216332346135,0.779713863745387,0.6393562250646012,0.2235420392377525,0.6633026889905069,0.1131334802543236,0.897114209687594,0.5994623157403933,0.9327674578360432,0.9327674578360432,1.0,1.14358251926051,0.1244406535341136,28.0,0.2245783717659709,128.0,equal,True,14576141,115.66009133285844,370.1635530000001,128,7688.0,3908.0,256,0.0940514579415321,2721.9142116770217,median 5 warm calls on training rows; end-to-end preprocessing,6000.0,,,,
3000.0,2491.0,0.8303333333333334,11,1,binary,higgs,top_quality_b3000_k128,complete,0.7460232227714152,0.7679005859959999,0.5934970696473143,0.2041727395154604,0.672484070312438,0.0210557818309015,0.8193817434731065,0.7002321918033625,0.9196611007733754,0.9196611007733754,0.9917406150876028,1.1803914888042388,0.3453575823125777,28.0,0.2048869681149789,128.0,equal,True,15212605,117.83016429189593,379.150844,128,15258.0,7693.0,256,0.1006032500881701,2544.649400249374,median 5 warm calls on training rows; end-to-end preprocessing,6000.0,,,,
3000.0,2491.0,0.8303333333333334,11,1,binary,higgs,coerror_b3000_k128,complete,0.7658173362108767,0.7851960876095396,0.5862157970252109,0.2004396277229444,0.6930589985484639,0.0594861916194589,0.8044000977529632,0.6897306313625854,0.894357543621127,0.894357543621127,0.9899498620313976,1.2472998706321432,0.3385179408107792,28.0,0.2014998202876968,128.0,equal,True,15214125,118.689866831759,380.3215689999997,128,15268.0,7698.0,256,0.0973439158406108,2629.8510573497956,median 5 warm calls on training rows; end-to-end preprocessing,6000.0,,,,
6000.0,4997.0,0.8328333333333333,11,1,binary,higgs,random_b6000_k16,complete,0.7488255942158202,0.7654840720597198,0.6312200039835163,0.219751204516838,0.6689659557342902,0.1036989754181481,0.8819009115253968,0.6201416165249118,0.9289158427244572,0.9289158427244572,0.9877921869637012,1.1444452035694948,0.1625920081760369,28.0,0.2211111370470972,16.0,equal,True,1803317,114.46047550090589,363.9877959999999,16,814.0,415.0,256,0.0137533331289887,18613.669690034127,median 5 warm calls on training rows; end-to-end preprocessing,6000.0,,,,
6000.0,4997.0,0.8328333333333333,11,1,binary,higgs,top_quality_b6000_k16,complete,0.7397748981070784,0.7485098808989178,0.5980728937128738,0.2062453628209755,0.6744838159865496,0.0289084200582636,0.8276995517254047,0.7134206565810894,0.9437433213547686,0.9437433213547686,0.9851966150732208,1.113902337189154,0.4035967390446459,28.0,0.2067716383120212,16.0,equal,True,1893053,114.45218637445942,364.8125379999999,16,1900.0,958.0,256,0.0156099579762667,16399.78790392776,median 5 warm calls on training rows; end-to-end preprocessing,6000.0,,,,
6000.0,4997.0,0.8328333333333333,11,1,binary,higgs,coerror_b6000_k16,complete,0.7628185305310281,0.780303524540672,0.5853379804936928,0.2002915798741579,0.693312150347061,0.0527895730276429,0.8038059552403829,0.6975824712200291,0.8931767003616119,0.8931767003616119,0.972080512159294,1.233585558907028,0.3317240799886513,28.0,0.2003814443374109,16.0,equal,True,1893253,114.56303612492049,364.80545200000006,16,1910.0,963.0,256,0.0152555420063436,16780.786935891843,median 5 warm calls on training rows; end-to-end preprocessing,6000.0,,,,
6000.0,4997.0,0.8328333333333333,11,1,binary,higgs,random_b6000_k64,complete,0.7616387510286832,0.7793155602440834,0.6505641205255156,0.22893617138192,0.6551321085711437,0.1202024637407076,0.9187618273436112,0.5826711487109504,0.9397371256413072,0.9397371256413072,1.0,1.1261477447189012,0.1210472273454296,28.0,0.229734491063248,64.0,equal,True,7284800,114.810131999664,366.60056799999984,64,3978.0,2021.0,256,0.0544801249634474,4698.961321615158,median 5 warm calls on training rows; end-to-end preprocessing,6000.0,,,,
6000.0,4997.0,0.8328333333333333,11,1,binary,higgs,top_quality_b6000_k64,complete,0.7459086135554254,0.7604316646424429,0.5950898874468652,0.2048054481914799,0.6745661828935494,0.0260519420512153,0.8219209166227531,0.7084700344658355,0.9322095511252196,0.9322095511252196,0.9913403154266252,1.147702005033996,0.388669775329289,28.0,0.2053034564034729,64.0,equal,True,7593821,116.04853708273733,371.68680399999994,64,7634.0,3849.0,256,0.0553633749950677,4623.9955570412185,median 5 warm calls on training rows; end-to-end preprocessing,6000.0,,,,
6000.0,4997.0,0.8328333333333333,11,1,binary,higgs,coerror_b6000_k64,complete,0.7662619549424117,0.7844380011166635,0.5842093914545659,0.1997108774630052,0.6950281275762237,0.0575615055630864,0.801475492538954,0.6948697138280328,0.8950903458000115,0.8950903458000115,0.9911180582156558,1.2425577951055076,0.3371643475363934,28.0,0.20043681962913,64.0,equal,True,7594549,116.93131254101172,372.29321800000025,64,7670.0,3867.0,256,0.0776414170395582,3297.2092700158737,median 5 warm calls on training rows; end-to-end preprocessing,6000.0,,,,
6000.0,4997.0,0.8328333333333333,11,1,binary,higgs,random_b6000_k128,complete,0.7577316515070616,0.7800875247028817,0.6389412689724218,0.2233450693167289,0.6678753167332707,0.1167379184911982,0.8963237341437822,0.6004999170336467,0.93265329592577,0.93265329592577,0.9999999999999788,1.1437947513754,0.1249782658365677,28.0,0.224217934957543,128.0,equal,True,14581184,116.12781145772897,371.0354640000001,128,7758.0,3943.0,256,0.1000759589951485,2558.0569256639383,median 5 warm calls on training rows; end-to-end preprocessing,6000.0,,,,
6000.0,4997.0,0.8328333333333333,11,1,binary,higgs,top_quality_b6000_k128,complete,0.7454376229633157,0.7639312678118876,0.5950896052914117,0.2048327359870961,0.67411939661183,0.0276956366414967,0.8220304274301246,0.7054084896753778,0.9279178073767884,0.9279178073767884,0.9913403154266252,1.1596403446989385,0.3676356656596851,28.0,0.2050119420539443,128.0,equal,True,15206245,118.1961507499218,380.1812639999998,128,15184.0,7656.0,256,0.1036089172121137,2470.829798133138,median 5 warm calls on training rows; end-to-end preprocessing,6000.0,,,,
6000.0,4997.0,0.8328333333333333,11,1,binary,higgs,coerror_b6000_k128,complete,0.7668199636429582,0.7854038224395019,0.5847296546853081,0.1998720870575767,0.6944394570720298,0.0592172938685377,0.8021224554928631,0.6922502230476801,0.8943312129724833,0.8943312129724833,0.9911180582156558,1.2471354594657995,0.3405249482835767,28.0,0.2007990346304508,128.0,equal,True,15215805,120.34078008192591,383.09078799999975,128,15310.0,7719.0,256,0.1229202498216182,2082.6511528532287,median 5 warm calls on training rows; end-to-end preprocessing,6000.0,,,,
300.0,249.0,0.83,11,1,binary,higgs,top_quality_b300_k64,complete,0.73555558104434,0.7624768847640051,0.6122703543673957,0.2120265124676869,0.6503979983396566,0.0752708422436606,0.8509003398817617,0.6846034424715907,0.9460015370392588,0.9460015370392588,1.0,1.1147065904283493,0.2855304412242133,28.0,0.2124016227961108,64.0,equal,True,7307917,115.1274775408674,368.56287099999986,64,4118.0,2091.0,256,0.0559302091132849,4577.132895775157,median 5 warm calls on training rows; end-to-end preprocessing,6000.0,,,,
300.0,249.0,0.83,11,1,binary,higgs,coerror_b300_k64,complete,0.7602374749918899,0.7836877249861072,0.5991845993766317,0.205573160632623,0.6847611648703696,0.0697194702781356,0.8250018840428051,0.6729045675273084,0.9015752547688328,0.9015752547688328,1.0,1.2256272812229592,0.2583927273486269,28.0,0.206873876225494,64.0,equal,True,7503629,115.40571999899112,369.609074,64,6574.0,3319.0,256,0.0560051249340176,4571.01024775154,median 5 warm calls on training rows; end-to-end preprocessing,6000.0,,,,
6000.0,4997.0,0.8328333333333333,11,1,binary,higgs,random_cert_b6000_k64,complete,0.7446545503019759,0.7684629257510055,0.6293093353724063,0.2188959438485307,0.6642255234814324,0.0936305494824312,0.8784685974016568,0.6280948779933937,0.9281920239506556,0.9281920239506556,1.0,1.156589214141259,0.1774354874337687,28.0,0.2193717675344655,64.0,equal,True,7274533,115.03042554087006,367.22700800000007,64,3788.0,1926.0,256,0.0547225831542164,4678.141733158937,median 5 warm calls on training rows; end-to-end preprocessing,6000.0,,,,
6000.0,4997.0,0.8328333333333333,11,1,binary,higgs,top_quality_cert_b6000_k64,complete,0.7459086135554254,0.7604316646424429,0.5950898874468652,0.2048054481914799,0.6745661828935494,0.0260519420512153,0.8219209166227531,0.7084700344658355,0.9322095511252196,0.9322095511252196,0.9913403154266252,1.147702005033996,0.388669775329289,28.0,0.2053034564034729,64.0,equal,True,7593821,116.04544295789674,371.6503349999998,64,7634.0,3849.0,256,0.0604632501490414,4233.976826732967,median 5 warm calls on training rows; end-to-end preprocessing,6000.0,,,,
6000.0,4997.0,0.8328333333333333,11,1,binary,higgs,coerror_cert_b6000_k64,complete,0.7662619549424117,0.7844380011166635,0.5842093914545659,0.1997108774630052,0.6950281275762237,0.0575615055630864,0.801475492538954,0.6948697138280328,0.8950903458000115,0.8950903458000115,0.9911180582156558,1.2425577951055076,0.3371643475363934,28.0,0.20043681962913,64.0,equal,True,7594549,116.58279441669583,371.6690169999997,64,7670.0,3867.0,256,0.0676470829639583,3784.346475610692,median 5 warm calls on training rows; end-to-end preprocessing,6000.0,,,,
6000.0,4997.0,0.8328333333333333,11,1,binary,higgs,abs_correlation_b6000_k64,complete,0.7748879466869356,0.7942544928009496,0.5985370196038795,0.2049933369378205,0.6962059201575664,0.0946689744031191,0.8226749477873488,0.6584111651253142,0.8804866770663726,0.8804866770663726,0.9899498620313976,1.2824343823584985,0.3285370941459973,28.0,0.2063398025797717,64.0,equal,True,7589117,118.02783516491763,373.851668,64,7584.0,3824.0,256,0.0793210000265389,3227.3924927112407,median 5 warm calls on training rows; end-to-end preprocessing,6000.0,,,,
6000.0,4997.0,0.8328333333333333,11,1,binary,higgs,signed_correlation_b6000_k64,complete,0.7748879466869356,0.7942544928009496,0.5985370196038795,0.2049933369378205,0.6962059201575664,0.0946689744031191,0.8226749477873488,0.6584111651253142,0.8804866770663726,0.8804866770663726,0.9899498620313976,1.2824343823584985,0.3285370941459973,28.0,0.2063398025797717,64.0,equal,True,7589117,117.66464791703038,373.12572899999986,64,7584.0,3824.0,256,0.0765191670507192,3345.566998008686,median 5 warm calls on training rows; end-to-end preprocessing,6000.0,,,,
6000.0,4997.0,0.8328333333333333,11,1,binary,higgs,quality_diversity_l002_b6000_k64,complete,0.7458770486058679,0.760274538029742,0.5951032633976657,0.2048093087427979,0.6744587988448403,0.026007100237717,0.8219364097060965,0.7084658700307342,0.9317981422060928,0.9317981422060928,0.9913403154266252,1.148709963576487,0.3847307262912793,28.0,0.2051921290535641,64.0,equal,True,7593613,117.52295845677143,373.4697309999999,64,7636.0,3850.0,256,0.0790508750360459,3238.4208256172774,median 5 warm calls on training rows; end-to-end preprocessing,6000.0,,,,
6000.0,4997.0,0.8328333333333333,11,1,binary,higgs,quality_diversity_l01_b6000_k64,complete,0.7462444032047951,0.7605787338654787,0.5946311717511799,0.2046431801391677,0.6753484878808657,0.0274091283321295,0.821269705888504,0.7084058577982422,0.9309728519298026,0.9309728519298026,0.9913403154266252,1.150717128862495,0.3832285024936169,28.0,0.2050344806800208,64.0,equal,True,7595181,117.44434566586278,373.25086999999985,64,7656.0,3860.0,256,0.0797405000776052,3210.413776573448,median 5 warm calls on training rows; end-to-end preprocessing,6000.0,,,,
6000.0,4997.0,0.8328333333333333,11,1,binary,higgs,quality_diversity_l05_b6000_k64,complete,0.7603783657538632,0.7789034760773009,0.5848206842523993,0.2003012903506857,0.6885954708316384,0.041332872096581,0.8038449251205255,0.7003163239375139,0.9027267539426044,0.9027267539426044,0.9911180582156558,1.222213897661991,0.3570927564996597,28.0,0.2008715002165239,64.0,equal,True,7595773,117.3561442908831,373.0009520000001,64,7674.0,3869.0,256,0.0800888340454548,3196.4505795490268,median 5 warm calls on training rows; end-to-end preprocessing,6000.0,,,,
6000.0,4997.0,0.8328333333333333,11,1,binary,higgs,caruana_b6000_k64,complete,0.765173438334281,0.7828415881144705,0.5842778089197043,0.199809778123339,0.6930762486353466,0.0539730291943693,0.8018723985886416,0.6962842081069716,0.8960804188581443,0.8960804188581443,0.981202781394586,1.2360042779367928,0.3191731159197797,28.0,0.2001278574154694,64.0,frequency_weighted,True,3908069,115.56027220794932,367.5159040000001,33,3973.0,2003.0,256,0.0392800420522689,6517.304631684129,median 5 warm calls on training rows; end-to-end preprocessing,6000.0,,,,
6000.0,4997.0,0.8328333333333333,11,1,binary,higgs,coerror_swap_b6000_k64,complete,0.7663142019333102,0.7843949573184652,0.5841910203891361,0.1996957070414615,0.6947788593050401,0.0572449954443422,0.8014146109223229,0.6948720665504718,0.8950782203694171,0.8950782203694171,0.9911180582156558,1.2425887142189844,0.3374459045371841,28.0,0.2004362252524791,64.0,equal,True,7594869,116.9817782077007,372.5910299999998,64,7674.0,3869.0,256,0.0785376660060137,3259.5824783028015,median 5 warm calls on training rows; end-to-end preprocessing,6000.0,,,,
6000.0,4997.0,0.8328333333333333,11,1,binary,higgs,coerror_b6000_k256,complete,0.7661527646018824,0.7853712998264291,0.5860868554177943,0.2003719763957115,0.6935019013027699,0.0599267273816353,0.8041286008695501,0.6898551987314561,0.8947487830340969,0.8947487830340969,0.9999917761223576,1.24747680185624,0.3317372454883215,28.0,0.201435665834816,256.0,equal,True,30421245,127.60120516619644,406.8008749999999,256,30520.0,15388.0,256,0.1964985001832246,1302.8089260798083,median 5 warm calls on training rows; end-to-end preprocessing,6000.0,,,,
1000.0,544.0,0.544,11,1,binary,higgs,top_quality_f05_d3_b1000_k64,complete,0.6951028629002833,0.7002864166511034,0.6398163985560757,0.224422393154172,0.6379561699677252,0.0388971421139464,0.9006472275068245,0.6683235827595027,0.99465941275406,0.99465941275406,1.0,1.0105215315216844,0.3624338624338624,23.0,0.2246144857998527,64.0,equal,True,7029184,113.83211954100987,363.47660499999984,64,960.0,512.0,256,0.0480709171388298,5325.465275827099,median 5 warm calls on training rows; end-to-end preprocessing,6000.0,,,,
1000.0,544.0,0.544,11,1,binary,higgs,coerror_f05_d3_b1000_k64,complete,0.7239717864442856,0.7417905812735711,0.6322410278317627,0.2205530511006438,0.6447554136372142,0.06066154438236,0.8851188653687747,0.6511604067918393,0.960638987320748,0.960638987320748,1.0,1.0827034815304142,0.2066798941798941,17.0,0.2209030540166531,64.0,equal,True,7029157,113.98185316496529,363.6616719999997,64,960.0,512.0,256,0.0485862500499933,5268.980415993944,median 5 warm calls on training rows; end-to-end preprocessing,6000.0,,,,
1000.0,581.0,0.581,11,1,binary,higgs,top_quality_f05_d6_b1000_k64,complete,0.6979597392003618,0.7215510163225216,0.6330679333718293,0.2214417625413259,0.6350671868305431,0.0192230319315756,0.8886854234285761,0.6665745376509287,0.9682270491887122,0.9682270491887122,1.0,1.065027378667161,0.3591269841269841,25.0,0.2228101842107923,64.0,equal,True,7519872,113.94180362485348,363.969145,64,7092.0,3578.0,256,0.0532620421145111,4806.424797787717,median 5 warm calls on training rows; end-to-end preprocessing,6000.0,,,,
1000.0,581.0,0.581,11,1,binary,higgs,coerror_f05_d6_b1000_k64,complete,0.7306297780934372,0.754764957154415,0.6226242377734955,0.2161150744731416,0.6583789181179017,0.0653385325367773,0.8673084709196163,0.6501149560074831,0.924996098901862,0.924996098901862,1.0,1.1655445836060574,0.2071759259259259,19.0,0.2166697817175154,64.0,equal,True,7526405,114.10585749777964,364.1792139999998,64,7176.0,3620.0,256,0.0542705000843852,4717.111498916451,median 5 warm calls on training rows; end-to-end preprocessing,6000.0,,,,
1000.0,938.0,0.938,11,1,binary,higgs,top_quality_f20_d3_b1000_k64,complete,0.6988820318037413,0.6925616679860328,0.631753641140404,0.2207291269947279,0.6399848163109596,0.0356947069520977,0.8858254894431769,0.6799174679498755,0.9864234047508446,0.9864234047508446,1.0,1.0271590330483829,0.2318987064522779,28.0,0.2207643072231835,64.0,equal,True,7039685,114.20833987393416,364.98934600000007,64,960.0,512.0,256,0.0576649161521345,4439.441120916706,median 5 warm calls on training rows; end-to-end preprocessing,6000.0,,,,
1000.0,938.0,0.938,11,1,binary,higgs,coerror_f20_d3_b1000_k64,complete,0.7331529871370347,0.7511997147717416,0.6208684939348236,0.215279753194046,0.6545191434419686,0.0636602583783661,0.8639561771332378,0.6650728985351977,0.9507750340017188,0.9507750340017188,1.0,1.1041795322071424,0.1912193791658077,28.0,0.2159631199398357,64.0,equal,True,7039765,114.3346598742064,365.0877939999996,64,960.0,512.0,256,0.0534976250492036,4785.259154299801,median 5 warm calls on training rows; end-to-end preprocessing,6000.0,,,,
1000.0,934.0,0.934,11,1,binary,higgs,top_quality_f20_d6_b1000_k64,complete,0.7381243989563968,0.7651747402949527,0.6037984623210405,0.2084991092730222,0.659994375207272,0.0536804971811529,0.8367442395794583,0.6920696494844067,0.9291301671328036,0.9291301671328036,0.9862462740270695,1.1551457301347778,0.222177343159486,28.0,0.2083778626340802,64.0,equal,True,7556869,114.60713570797816,366.6199919999999,64,7428.0,3746.0,256,0.0561210419982671,4561.568903298417,median 5 warm calls on training rows; end-to-end preprocessing,6000.0,,,,
1000.0,934.0,0.934,11,1,binary,higgs,coerror_f20_d6_b1000_k64,complete,0.7606007202769263,0.7816048720431777,0.595478385629205,0.2040855300031473,0.6808919071623806,0.0588195981445189,0.8190317560927339,0.6808294549021924,0.9008850178736189,0.9008850178736189,0.9999917761223576,1.227600536766466,0.2079146052360338,28.0,0.2048134857421235,64.0,equal,True,7562197,114.75944229098968,366.7855019999997,64,7492.0,3778.0,256,0.0563662080094218,4541.7282630970785,median 5 warm calls on training rows; end-to-end preprocessing,6000.0,,,,
1000.0,1000.0,1.0,11,1,binary,higgs,top_quality_f50_d3_b1000_k64,complete,0.6956361254028934,0.6830741115074191,0.6299418213054059,0.219870291244546,0.6414825934882458,0.0200095434926394,0.8823788278760588,0.6828944142762094,0.9881479903077384,0.9881479903077384,1.0,1.0237236128571254,0.3826570213951871,28.0,0.2198346499520629,64.0,equal,True,7060461,114.97165887476876,368.0658669999998,64,960.0,512.0,256,0.0565973340999335,4523.181242918308,median 5 warm calls on training rows; end-to-end preprocessing,6000.0,,,,
1000.0,1000.0,1.0,11,1,binary,higgs,coerror_f50_d3_b1000_k64,complete,0.7375942523071766,0.7476066049099326,0.6157395981941648,0.2129666617753775,0.6704342903549074,0.0657600304987858,0.8546733273074523,0.6708040399345738,0.94932850281633,0.94932850281633,1.0,1.1066593581971294,0.3548085509057572,28.0,0.2141668412506076,64.0,equal,True,7060909,115.09706349880436,368.0786519999999,64,960.0,512.0,256,0.054664125200361,4683.144549769715,median 5 warm calls on training rows; end-to-end preprocessing,6000.0,,,,
1000.0,1000.0,1.0,11,1,binary,higgs,top_quality_f50_d6_b1000_k64,complete,0.7452992610098905,0.7601407551120944,0.5954042925023646,0.2049399721118214,0.673644161233943,0.0266725782028858,0.8224607851901725,0.7082813070493752,0.9321506473266484,0.9321506473266484,0.9913403154266244,1.147840785606438,0.3945422945941045,28.0,0.205385737498538,64.0,equal,True,7593565,115.9011619570665,371.700249,64,7622.0,3843.0,256,0.055606042034924,4603.8162514644755,median 5 warm calls on training rows; end-to-end preprocessing,6000.0,,,,
1000.0,1000.0,1.0,11,1,binary,higgs,coerror_f50_d6_b1000_k64,complete,0.765520517307527,0.7839049519170849,0.5843676972615058,0.1998081078796501,0.6954843968899991,0.0570087888832274,0.8018656956018024,0.6947832772884823,0.8951697593283042,0.8951697593283042,0.9911180582156558,1.2423533791726786,0.3656264929491895,28.0,0.2005278398103796,64.0,equal,True,7595917,115.91723041585648,371.3456779999997,64,7656.0,3860.0,256,0.0705222920514643,3630.057851965185,median 5 warm calls on training rows; end-to-end preprocessing,6000.0,,,,
,,,11,1,binary,higgs,random_forest,complete,0.7847973539269868,0.8042123775828094,0.5663758877022992,0.1922371306649708,0.7060661962601089,0.0538887873162316,0.7714820090984956,,,,,,,,,,,,79487259,8.455391332972795,8.460977999999841,256,992310.0,496283.0,256,0.0186129580251872,13753.858986496292,median 5 warm calls on training rows; end-to-end preprocessing,,8.455391332972795,8.460977999999841,1350483968.0,
,,,11,1,binary,higgs,extra_trees,complete,0.7689201391422715,0.7863544256848689,0.5988474940331184,0.2052717600861648,0.6930620692445582,0.0879099628712871,0.8237923097096852,,,,,,,,,,,,238566779,3.179732457967475,3.1817630000000463,256,2980804.0,1490530.0,256,0.0265249998774379,9651.272429137784,median 5 warm calls on training rows; end-to-end preprocessing,,3.179732457967475,3.1817630000000463,1608269824.0,
,,,11,1,binary,higgs,xgboost,complete,0.7922599131101382,0.8092028187430407,0.5469131469726562,0.1854607128778687,0.7104374224649237,0.0203976111836952,0.7442870317764746,,,,,,,,,,,,1184823,1.0358607498928905,1.037176000000045,300,28620.0,14460.0,256,0.0014109590556472,181436.873717476,median 5 warm calls on training rows; end-to-end preprocessing,,1.0358607498928905,1.037176000000045,1628061696.0,
,,,11,1,binary,higgs,lightgbm,complete,0.79421666903893,0.8117395450903134,0.54442418423634,0.1844752905424209,0.7143334132918513,0.0145123507331311,0.740332355588102,,,,,,,,,,,,1041919,0.6821053330786526,0.6825870000000123,300,18300.0,9300.0,256,0.0050455839373171,50737.43756527848,median 5 warm calls on training rows; end-to-end preprocessing,,0.6821053330786526,0.6825870000000123,1658355712.0,
,,,11,1,binary,higgs,catboost,complete,0.7939562017584612,0.8124245757354733,0.5464906253189163,0.184943372399076,0.7164866937706775,0.0235518809011894,0.7422108518491817,,,,,,,,,,,,349038,1.942512000212446,1.9470229999999449,300,38100.0,19200.0,256,0.0008851671591401,289210.9104552518,median 5 warm calls on training rows; end-to-end preprocessing,,1.942512000212446,1.9470229999999449,1680277504.0,
,,,11,1,binary,higgs,linear,complete,0.6951669411026039,0.6946878443374569,0.6280068310045099,0.2193232139786063,0.6430050265488771,0.0287525454312167,0.880183308900098,,,,,,,,,,,,4746,0.0403797919861972,0.0404229999999188,1,,,256,0.0007718328852206,331678.0159306328,median 5 warm calls on training rows; end-to-end preprocessing,,0.0403797919861972,0.0404229999999188,1680900096.0,29.0
,,,11,1,binary,higgs,rf_leaf5,complete,0.7871200194212495,0.8078512106869484,0.5649095158814321,0.1914622198669512,0.7057362770591546,0.0522732371455057,0.7683721533840437,,,,,,,,,,,,42654939,7.484907457837835,7.484382000000096,256,531906.0,266081.0,256,0.0149648750666528,17106.724837981426,median 5 warm calls on training rows; end-to-end preprocessing,,7.484907457837835,7.484382000000096,1709703168.0,
,,,11,1,binary,higgs,rf_shallow64,complete,0.7654913908519266,0.7838811932138376,0.6039968652723495,0.2074213565964451,0.6911192217627818,0.0899751092815722,0.832419025208224,,,,,,,,,,,,555979,1.0355117919389158,1.0362769999999273,64,6578.0,3321.0,256,0.0030389169696718,84240.53784781224,median 5 warm calls on training rows; end-to-end preprocessing,,1.0355117919389158,1.0362769999999273,1710292992.0,
,,,11,1,binary,higgs,random_patches64,complete,0.7465994750193453,0.7639050824374976,0.6462197555499976,0.2268755017120279,0.6508044139991951,0.1070608280111927,0.9104919911703524,,,,,,,,,,,,4039869,1.137491124914959,1.1382560000001831,64,6122.0,3093.0,256,0.0412962920963764,6199.103769475298,median 5 warm calls on training rows; end-to-end preprocessing,,1.137491124914959,1.1382560000001831,1712488448.0,
1000.0,843.0,0.843,11,2,binary,higgs,random_b1000_k16,complete,0.7377620230965665,0.7628000157951476,0.6384563460469364,0.2232490428418761,0.6558814192792083,0.0967109415189644,0.895922064350656,0.6186851665576292,0.930964054440827,0.930964054440827,0.989507297862986,1.140570386766879,0.1408267829471894,27.0,0.2227008920307794,16.0,equal,True,1803145,114.02210025000386,367.71617100000026,16,822.0,419.0,256,0.0120765829924494,21198.04916341468,median 5 warm calls on training rows; end-to-end preprocessing,6000.0,,,,
1000.0,843.0,0.843,11,2,binary,higgs,top_quality_b1000_k16,complete,0.7445016816643512,0.7669273164481636,0.594050264493829,0.2044956197159371,0.6805871054462956,0.0161751221446514,0.8206625902371077,0.7139563669049238,0.9381020709416888,0.9381020709416888,0.9896399076225192,1.126290620356012,0.3893310596202977,28.0,0.2054443118273649,16.0,equal,True,1894469,114.23570770770311,368.7809850000001,16,1914.0,965.0,256,0.0156239580828696,16385.09260215453,median 5 warm calls on training rows; end-to-end preprocessing,6000.0,,,,
1000.0,843.0,0.843,11,2,binary,higgs,coerror_b1000_k16,complete,0.7606921024795024,0.783579957745873,0.5888579967346603,0.2017458729171006,0.6876812714270908,0.0519275243530395,0.809627564970728,0.7002784350881375,0.892600186299438,0.892600186299438,0.9543165685499776,1.2352544344357894,0.341241961888886,28.0,0.1994322383734838,16.0,equal,True,1896197,114.3546754999552,369.02259500000014,16,1938.0,977.0,256,0.0151787081267684,16865.730460191815,median 5 warm calls on training rows; end-to-end preprocessing,6000.0,,,,
1000.0,843.0,0.843,11,2,binary,higgs,random_b1000_k64,complete,0.7600580249138402,0.7868877995745733,0.6388873326107809,0.2233423649756348,0.6618103560043525,0.1121863297380711,0.8962965759618253,0.6051211666356824,0.9282419566171536,0.9282419566171536,0.9962803422877244,1.1526562185897469,0.1293495328069435,28.0,0.2230003921921504,64.0,equal,True,7296861,114.83613312523812,371.0802800000002,64,4130.0,2097.0,256,0.061201874865219,4182.878393248125,median 5 warm calls on training rows; end-to-end preprocessing,6000.0,,,,
1000.0,843.0,0.843,11,2,binary,higgs,top_quality_b1000_k64,complete,0.7505956609339963,0.776239798365127,0.5918646656659367,0.2031507116112732,0.6799593478905432,0.0331012107653154,0.8152653315068842,0.6999210714338524,0.914921728464924,0.914921728464924,0.9896399076225192,1.1906507003781028,0.3445374281372544,28.0,0.2039033255216022,64.0,equal,True,7594693,116.19493158208206,376.0374609999999,64,7654.0,3859.0,256,0.0797396248672157,3210.449013602673,median 5 warm calls on training rows; end-to-end preprocessing,6000.0,,,,
1000.0,843.0,0.843,11,2,binary,higgs,coerror_b1000_k64,complete,0.7643364910510465,0.787622813158907,0.5896819953967516,0.2018311209701464,0.694319764693391,0.0653654958966492,0.8099696744404685,0.6926310696775131,0.8915748226035475,0.8915748226035475,0.9896399076225192,1.2527167395367869,0.3424539933992073,28.0,0.2003879916297601,64.0,equal,True,7602485,116.28032216709109,376.17537600000014,64,7746.0,3905.0,256,0.0597856251988559,4281.965759302599,median 5 warm calls on training rows; end-to-end preprocessing,6000.0,,,,
1000.0,843.0,0.843,11,2,binary,higgs,random_b1000_k128,complete,0.7581890174118079,0.785577375717261,0.6409545270961058,0.2243228698040353,0.6593466807127382,0.1116541885117912,0.9002314457323022,0.6041824292581013,0.9337030877786626,0.9337030877786626,1.0,1.142047251272605,0.1276434368162821,28.0,0.2242750858035258,128.0,equal,True,14548381,115.67547604185528,374.226132,128,7356.0,3742.0,256,0.0930393750313669,2751.5232116906755,median 5 warm calls on training rows; end-to-end preprocessing,6000.0,,,,
1000.0,843.0,0.843,11,2,binary,higgs,top_quality_b1000_k128,complete,0.7459727091137793,0.7760870258640237,0.5990104024925543,0.2060649450103145,0.6722459112244459,0.0414324904789425,0.8269604589288545,0.6903489437583132,0.9232331784214424,0.9232331784214424,1.0,1.1707869311982682,0.3197352382220398,28.0,0.207280109391569,128.0,equal,True,14979877,117.46528954082169,381.4113450000002,128,12386.0,6257.0,256,0.1023877090774476,2500.3001073728256,median 5 warm calls on training rows; end-to-end preprocessing,6000.0,,,,
1000.0,843.0,0.843,11,2,binary,higgs,coerror_b1000_k128,complete,0.7641206627126278,0.7889874834320518,0.5936471321688368,0.2033312902982397,0.6923763165032071,0.0722198038299571,0.8159900129117642,0.6837728391481596,0.8911141877786793,0.8911141877786793,0.9982257905704852,1.256310233055737,0.3179704066663411,28.0,0.2024386827820218,128.0,equal,True,15204085,118.26248762616888,383.79437399999983,128,15164.0,7646.0,256,0.0997314169071614,2566.8942439502957,median 5 warm calls on training rows; end-to-end preprocessing,6000.0,,,,
3000.0,2512.0,0.8373333333333334,11,2,binary,higgs,random_b3000_k16,complete,0.7365738160906008,0.763857500946383,0.6466493681986045,0.2271249387426491,0.642208619554544,0.0960857090722389,0.911476445289652,0.595815726201151,0.9302408877658828,0.9302408877658828,0.9910747365536098,1.141221975035949,0.1404174077693393,28.0,0.2268722031280739,16.0,equal,True,1819725,114.1985547489021,368.0846360000003,16,1022.0,519.0,256,0.013636790914461,18772.745113260265,median 5 warm calls on training rows; end-to-end preprocessing,6000.0,,,,
3000.0,2512.0,0.8373333333333334,11,2,binary,higgs,top_quality_b3000_k16,complete,0.7425859512319144,0.7623677851323797,0.594479445695134,0.204751666724811,0.675298746868435,0.0163588641065061,0.8216901340144114,0.7201292695637687,0.9476803348270868,0.9476803348270868,0.9904362157744104,1.1052808423258038,0.4175312260216016,28.0,0.205268591128117,16.0,equal,True,1895461,114.40116049977952,369.09226899999953,16,1926.0,971.0,256,0.0175380839500576,14596.805485080304,median 5 warm calls on training rows; end-to-end preprocessing,6000.0,,,,
3000.0,2512.0,0.8373333333333334,11,2,binary,higgs,coerror_b3000_k16,complete,0.7635161086218298,0.7860881437749935,0.5875500843525908,0.2010629931419686,0.6898654668519092,0.0540187684609417,0.8068870960753122,0.7007615356275008,0.8912605199594571,0.8912605199594571,0.976000261138218,1.2386538731822203,0.3412853866207278,28.0,0.1989170492439197,16.0,equal,True,1895845,114.51280425023288,369.1134139999997,16,1938.0,977.0,256,0.0151199591346085,16931.262691976084,median 5 warm calls on training rows; end-to-end preprocessing,6000.0,,,,
3000.0,2512.0,0.8373333333333334,11,2,binary,higgs,random_b3000_k64,complete,0.7548988202527788,0.783074112741817,0.6383466090841736,0.2230993869982006,0.6590114041870246,0.1063639751331483,0.8953214795924813,0.606450699825303,0.926515596088908,0.926515596088908,0.99833307523744,1.1579106534496189,0.1297314929331031,28.0,0.2231581916338637,64.0,equal,True,7318949,115.01132116583176,371.1657339999995,64,4402.0,2233.0,256,0.0538112081121653,4757.373212405632,median 5 warm calls on training rows; end-to-end preprocessing,6000.0,,,,
3000.0,2512.0,0.8373333333333334,11,2,binary,higgs,top_quality_b3000_k64,complete,0.7497481927480233,0.7732079565521557,0.5900396981897572,0.2027183282624907,0.6793789001232582,0.0232407424134827,0.8135301313129621,0.711396361808323,0.928555048166773,0.928555048166773,0.99043621577441,1.1566399799121037,0.3753028967213325,28.0,0.2034266895313781,64.0,equal,True,7598245,116.17542579118162,375.9710150000003,64,7702.0,3883.0,256,0.0601043340284377,4259.260237021781,median 5 warm calls on training rows; end-to-end preprocessing,6000.0,,,,
3000.0,2512.0,0.8373333333333334,11,2,binary,higgs,coerror_b3000_k64,complete,0.7644990055915837,0.786974680861097,0.5876188586727819,0.201049628172957,0.6944745597932527,0.06081526596728,0.8068334610385188,0.6980291093133277,0.8932432124927785,0.8932432124927785,0.9904362157743788,1.24799708338168,0.3534292648960592,28.0,0.1991159930231418,64.0,equal,True,7603973,116.50648045702836,376.0986190000001,64,7770.0,3917.0,256,0.0609035831876099,4203.365165090649,median 5 warm calls on training rows; end-to-end preprocessing,6000.0,,,,
3000.0,2512.0,0.8373333333333334,11,2,binary,higgs,random_b3000_k128,complete,0.7559882996753682,0.7837488840177679,0.6388650499846548,0.2233357471562991,0.6642353438067334,0.112887472163381,0.8962700179516084,0.6029392770483872,0.9303448578991078,0.9303448578991078,0.9999999999999776,1.1493500338590747,0.1302431393250898,28.0,0.2232328364775552,128.0,equal,True,14582904,116.09152966714464,375.3163829999996,128,7764.0,3946.0,256,0.104748958023265,2443.938391665354,median 5 warm calls on training rows; end-to-end preprocessing,6000.0,,,,
3000.0,2512.0,0.8373333333333334,11,2,binary,higgs,top_quality_b3000_k128,complete,0.7518942423987436,0.7761190996044232,0.5899085834098091,0.2024009193922863,0.6782610257990027,0.0370297531049192,0.8122563358842483,0.7045715420821324,0.919329835497427,0.919329835497427,0.99043621577441,1.18127221816951,0.3548788234152982,28.0,0.2033696568521551,128.0,equal,True,15220757,118.36671425029635,384.6281099999999,128,15358.0,7743.0,256,0.1077797079924494,2375.2151937351164,median 5 warm calls on training rows; end-to-end preprocessing,6000.0,,,,
3000.0,2512.0,0.8373333333333334,11,2,binary,higgs,coerror_b3000_k128,complete,0.7649265542619801,0.78774212855124,0.5883021116534728,0.2012851370687462,0.696448028030508,0.0653529184269059,0.8077785831917987,0.6952740565327074,0.8928480787770842,0.8928480787770842,0.9904362157743788,1.251563963536172,0.3475412639000326,28.0,0.1997308780609102,128.0,equal,True,15232709,119.43865724932402,386.026623,128,15500.0,7814.0,256,0.1154245832003653,2217.898413855306,median 5 warm calls on training rows; end-to-end preprocessing,6000.0,,,,
6000.0,5029.0,0.8381666666666666,11,2,binary,higgs,random_b6000_k16,complete,0.7472974734767242,0.7735526068150811,0.6337693581975572,0.2210107940128124,0.6602712530196104,0.0994625423733511,0.8869397346352021,0.6125427691477103,0.9219720302169568,0.9219720302169568,0.9921332690845416,1.1596290514725591,0.125168432606614,28.0,0.2212176897264512,16.0,equal,True,1826360,114.72852333332412,368.4574130000003,16,1108.0,562.0,256,0.0134148329962044,19083.35348434311,median 5 warm calls on training rows; end-to-end preprocessing,6000.0,,,,
6000.0,5029.0,0.8381666666666666,11,2,binary,higgs,top_quality_b6000_k16,complete,0.7409293863487063,0.7608639955471844,0.596843422973916,0.2054575664436502,0.67741834276339,0.0127164741374082,0.8245229843831132,0.7218152064387218,0.9556664088746948,0.9556664088746948,0.9905922435077916,1.08813962463947,0.4367270542731574,28.0,0.2061904296212069,16.0,equal,True,1898501,114.826075498946,369.42801099999974,16,1964.0,990.0,256,0.0180820000823587,14157.72585079017,median 5 warm calls on training rows; end-to-end preprocessing,6000.0,,,,
6000.0,5029.0,0.8381666666666666,11,2,binary,higgs,coerror_b6000_k16,complete,0.7608991730899034,0.783661587348196,0.5880365356907352,0.201386529213134,0.6876469176589384,0.0493497488715039,0.8081854806107194,0.7037647530808178,0.8928004113538107,0.8928004113538107,0.9805474675224388,1.2343504298456058,0.3566689947666189,28.0,0.1984491529022742,16.0,equal,True,1895485,114.9256144168321,369.52208499999983,16,1928.0,972.0,256,0.0174139998853206,14700.815532667955,median 5 warm calls on training rows; end-to-end preprocessing,6000.0,,,,
6000.0,5029.0,0.8381666666666666,11,2,binary,higgs,random_b6000_k64,complete,0.7536693977536156,0.7791937896892034,0.6468460236985922,0.2271587159594955,0.6518869021586626,0.1103644140272897,0.9116119968398844,0.5923068774214568,0.9396781723162656,0.9396781723162656,0.9973571566885684,1.1261250970679562,0.1174944379174363,28.0,0.2270963613540583,64.0,equal,True,7218597,115.01612258213572,370.7876389999999,64,3162.0,1613.0,256,0.059323166962713,4315.34614733071,median 5 warm calls on training rows; end-to-end preprocessing,6000.0,,,,
6000.0,5029.0,0.8381666666666666,11,2,binary,higgs,top_quality_b6000_k64,complete,0.7468047835613292,0.7689646393409353,0.5919285452592997,0.2035982885890145,0.680419399469047,0.0174238428623319,0.8170615053437317,0.7153464689678775,0.9388764580279396,0.9388764580279396,0.9905922435077996,1.1317837896503058,0.3950385568640465,28.0,0.2044727376978511,64.0,equal,True,7599541,116.29177837539464,376.1274770000002,64,7716.0,3890.0,256,0.0699892500415444,3657.704573888743,median 5 warm calls on training rows; end-to-end preprocessing,6000.0,,,,
6000.0,5029.0,0.8381666666666666,11,2,binary,higgs,coerror_b6000_k64,complete,0.76323039903098,0.786596118288751,0.5878737817710068,0.2012013733355621,0.6926902855669392,0.0572810972766861,0.8074424304549417,0.7008771273180067,0.8945126829600096,0.8945126829600096,0.9904362157743788,1.2441900087574456,0.3505908980755544,28.0,0.1985330469092505,64.0,equal,True,7602277,117.39197150012478,377.1689899999999,64,7760.0,3912.0,256,0.0802599168382585,3189.63699546184,median 5 warm calls on training rows; end-to-end preprocessing,6000.0,,,,
6000.0,5029.0,0.8381666666666666,11,2,binary,higgs,random_b6000_k128,complete,0.7546182118127848,0.7828505684248781,0.6368118797204005,0.2223792879581132,0.6646223089849234,0.1104174349924843,0.8924316458430532,0.6107265801120705,0.93046408066453,0.93046408066453,1.0,1.149283672024895,0.1373949672953373,28.0,0.2222126610884881,128.0,equal,True,14530885,116.48376287403516,375.9014239999999,128,7106.0,3617.0,256,0.1056003340054303,2424.2347565570726,median 5 warm calls on training rows; end-to-end preprocessing,6000.0,,,,
6000.0,5029.0,0.8381666666666666,11,2,binary,higgs,top_quality_b6000_k128,complete,0.7507261239957053,0.7750218237647621,0.5898939807778001,0.2026063432937223,0.6751094625716373,0.0279548983861393,0.8130807237673887,0.7106944250322484,0.9277518131631564,0.9277518131631564,0.9950656902887464,1.16006510240873,0.3689056121837339,28.0,0.2033536995747023,128.0,equal,True,15219877,118.67518691718578,385.1640500000001,128,15362.0,7745.0,256,0.1236960410606116,2069.589275493133,median 5 warm calls on training rows; end-to-end preprocessing,6000.0,,,,
6000.0,5029.0,0.8381666666666666,11,2,binary,higgs,coerror_b6000_k128,complete,0.7641140718451503,0.7871758782702657,0.5879142918086959,0.201186140064197,0.6936189658802527,0.0603974983969613,0.8073812977228391,0.6985831312407329,0.8939757622380117,0.8939757622380117,0.9926420661438272,1.248214481402523,0.3427460728981232,28.0,0.1989328382757734,128.0,equal,True,15231045,120.87183850025758,388.1985440000001,128,15508.0,7818.0,256,0.1224164168816059,2091.222783032347,median 5 warm calls on training rows; end-to-end preprocessing,6000.0,,,,
300.0,244.0,0.8133333333333334,11,2,binary,higgs,top_quality_b300_k64,complete,0.7445753097798,0.7752589374511584,0.6040452014584025,0.2080901539164583,0.6665361434143872,0.048120534713674,0.835087836859961,0.6851441217279151,0.929589956477788,0.929589956477788,1.0,1.1528690137308302,0.2937587238323734,28.0,0.2092554985094461,64.0,equal,True,7358437,115.49101991718636,373.66988299999934,64,4738.0,2401.0,256,0.0581758338958025,4400.452608182913,median 5 warm calls on training rows; end-to-end preprocessing,6000.0,,,,
300.0,244.0,0.8133333333333334,11,2,binary,higgs,coerror_b300_k64,complete,0.7622417237664515,0.7875790099691455,0.5988875943011936,0.2055061047435283,0.6910434264132355,0.0795803739760087,0.824717773723633,0.6780329313407347,0.8952723675367906,0.8952723675367906,1.0,1.2422431739639856,0.2812030917214131,28.0,0.2044833521813671,64.0,equal,True,7525541,115.7546863737516,374.5964300000003,64,6830.0,3447.0,256,0.060921500204131,4202.128955167144,median 5 warm calls on training rows; end-to-end preprocessing,6000.0,,,,
6000.0,5029.0,0.8381666666666666,11,2,binary,higgs,random_cert_b6000_k64,complete,0.7492631771303762,0.7778058191008153,0.6386938911563085,0.2232923903954536,0.6537745085470008,0.1006437580688279,0.8960960226762612,0.6101318745840546,0.9272767445110917,0.9272767445110917,0.993898769971536,1.1569195395557703,0.1390651402772698,28.0,0.2229886728739474,64.0,equal,True,7334453,115.21840866701676,371.4237179999993,64,4586.0,2325.0,256,0.0587503751739859,4357.41898229365,median 5 warm calls on training rows; end-to-end preprocessing,6000.0,,,,
6000.0,5029.0,0.8381666666666666,11,2,binary,higgs,top_quality_cert_b6000_k64,complete,0.7468047835613292,0.7689646393409353,0.5919285452592997,0.2035982885890145,0.680419399469047,0.0174238428623319,0.8170615053437317,0.7153464689678775,0.9388764580279396,0.9388764580279396,0.9905922435077996,1.1317837896503058,0.3950385568640465,28.0,0.2044727376978511,64.0,equal,True,7599541,116.25019012531266,376.1158659999998,64,7716.0,3890.0,256,0.0681126660201698,3758.478634857606,median 5 warm calls on training rows; end-to-end preprocessing,6000.0,,,,
6000.0,5029.0,0.8381666666666666,11,2,binary,higgs,coerror_cert_b6000_k64,complete,0.76323039903098,0.786596118288751,0.5878737817710068,0.2012013733355621,0.6926902855669392,0.0572810972766861,0.8074424304549417,0.7008771273180067,0.8945126829600096,0.8945126829600096,0.9904362157743788,1.2441900087574456,0.3505908980755544,28.0,0.1985330469092505,64.0,equal,True,7602277,117.26944762375206,377.05414899999937,64,7760.0,3912.0,256,0.0791535419411957,3234.2203990086255,median 5 warm calls on training rows; end-to-end preprocessing,6000.0,,,,
6000.0,5029.0,0.8381666666666666,11,2,binary,higgs,abs_correlation_b6000_k64,complete,0.7712725213553135,0.7946710757636513,0.5997215509908745,0.2056215465120539,0.6921483447171759,0.090149546313127,0.8251810537729141,0.6645367442393538,0.8781984144553271,0.8781984144553271,0.9807619672360848,1.289172583858457,0.3445207136443479,28.0,0.2047156122592286,64.0,equal,True,7595973,118.28680937504396,378.3115190000001,64,7652.0,3858.0,256,0.0792127081658691,3231.8046678058704,median 5 warm calls on training rows; end-to-end preprocessing,6000.0,,,,
6000.0,5029.0,0.8381666666666666,11,2,binary,higgs,signed_correlation_b6000_k64,complete,0.7712725213553135,0.7946710757636513,0.5997215509908745,0.2056215465120539,0.6921483447171759,0.090149546313127,0.8251810537729141,0.6645367442393538,0.8781984144553271,0.8781984144553271,0.9807619672360848,1.289172583858457,0.3445207136443479,28.0,0.2047156122592286,64.0,equal,True,7595973,118.00631574890576,378.1403459999999,64,7652.0,3858.0,256,0.0795272090472281,3219.024068202514,median 5 warm calls on training rows; end-to-end preprocessing,6000.0,,,,
6000.0,5029.0,0.8381666666666666,11,2,binary,higgs,quality_diversity_l002_b6000_k64,complete,0.7471040360305571,0.769553334482771,0.5917705715275082,0.2035361363368404,0.6805268847804411,0.0172939416052141,0.8168120817701159,0.7153445042325971,0.9385052583559884,0.9385052583559884,0.9905922435077996,1.1326625962186463,0.3948073728784598,28.0,0.2043838281047727,64.0,equal,True,7600261,117.6184767500963,377.51785399999994,64,7726.0,3895.0,256,0.0791175831109285,3235.6903476319494,median 5 warm calls on training rows; end-to-end preprocessing,6000.0,,,,
6000.0,5029.0,0.8381666666666666,11,2,binary,higgs,quality_diversity_l01_b6000_k64,complete,0.748114063899995,0.7715807216033295,0.5912219575651274,0.2032927183294657,0.6807590548587694,0.0186097935868132,0.8158352195139955,0.7152109138737937,0.9363495079914208,0.9363495079914208,0.9926420661438272,1.137803561656519,0.392721968891032,28.0,0.2039234299452327,64.0,equal,True,7600485,117.68845554091968,377.60953300000006,64,7728.0,3896.0,256,0.0792032079771161,3232.1923131442495,median 5 warm calls on training rows; end-to-end preprocessing,6000.0,,,,
6000.0,5029.0,0.8381666666666666,11,2,binary,higgs,quality_diversity_l05_b6000_k64,complete,0.7592295167575965,0.7817396536943841,0.5870483603983346,0.2010840458427805,0.6912757319203476,0.0473586443610665,0.8069715827944104,0.7064853315474207,0.9031567233530272,0.9031567233530272,0.9904362157743788,1.2212315927701207,0.3657911655510812,28.0,0.1990728484930643,64.0,equal,True,7601557,117.69705837592484,377.6052379999999,64,7744.0,3904.0,256,0.079407624900341,3223.871766990736,median 5 warm calls on training rows; end-to-end preprocessing,6000.0,,,,
6000.0,5029.0,0.8381666666666666,11,2,binary,higgs,caruana_b6000_k64,complete,0.7624306920627537,0.7856867563563346,0.5878837831951588,0.20125399174216,0.690041749985464,0.0535841883910588,0.8076535936960554,0.7016324579799209,0.8936122176434078,0.8936122176434078,0.99043621577441,1.2417344376110269,0.3481220283941121,28.0,0.1982788831259131,64.0,frequency_weighted,True,3791381,115.74955604108982,371.9979719999999,32,3864.0,1948.0,256,0.0356261660344898,7185.729717650928,median 5 warm calls on training rows; end-to-end preprocessing,6000.0,,,,
6000.0,5029.0,0.8381666666666666,11,2,binary,higgs,coerror_swap_b6000_k64,complete,0.7632374413277365,0.7866056728208073,0.5878513675672832,0.2011967058059405,0.692866568700494,0.0573497929002797,0.8074236991639997,0.7008771918685553,0.8945152839614204,0.8945152839614204,0.9904362157743788,1.2441830332185873,0.3508401195791787,28.0,0.1985323252769999,64.0,equal,True,7602453,117.55555079202168,377.60073899999975,64,7762.0,3913.0,256,0.0790214170701801,3239.6280589683975,median 5 warm calls on training rows; end-to-end preprocessing,6000.0,,,,
6000.0,5029.0,0.8381666666666666,11,2,binary,higgs,coerror_b6000_k256,complete,0.7648197009515768,0.7879877010378452,0.588492945321491,0.2013634673735086,0.6948873015832888,0.0642490857892374,0.8080929310046744,0.6955213991559299,0.8932001299961198,0.8932001299961198,0.9950656902887464,1.2516924629911408,0.3386772037691827,28.0,0.1996213225692188,256.0,equal,True,30456021,127.92768945801072,410.1214419999999,256,30948.0,15602.0,256,0.1963449581526219,1303.8277244736134,median 5 warm calls on training rows; end-to-end preprocessing,6000.0,,,,
1000.0,594.0,0.594,11,2,binary,higgs,top_quality_f05_d3_b1000_k64,complete,0.6975689269309346,0.7156352417238249,0.6370143369092081,0.2229905187828629,0.643967884598786,0.0477904138497273,0.894884579908676,0.6695743170326196,0.9947614698798326,0.9947614698798326,1.0,1.0103374529529967,0.361111111111111,24.0,0.2250595458073026,64.0,equal,True,7028504,114.05986145720816,367.88704600000005,64,960.0,512.0,256,0.0475875830743461,5379.554569940034,median 5 warm calls on training rows; end-to-end preprocessing,6000.0,,,,
1000.0,594.0,0.594,11,2,binary,higgs,coerror_f05_d3_b1000_k64,complete,0.7181655683693253,0.7492517271760263,0.6314305613041618,0.2201711581983955,0.6543898969405013,0.063260603234201,0.8835701871442959,0.6537894757646059,0.9607288216333122,0.9607288216333122,1.0,1.0823244324767574,0.2089947089947089,18.0,0.2209431035132598,64.0,equal,True,7028696,114.19273641705512,368.057325,64,960.0,512.0,256,0.0488902078941464,5236.222364901225,median 5 warm calls on training rows; end-to-end preprocessing,6000.0,,,,
1000.0,554.0,0.554,11,2,binary,higgs,top_quality_f05_d6_b1000_k64,complete,0.6941137775132603,0.716609110310465,0.6353582584331674,0.222225707280191,0.6407131246381794,0.0191264759531183,0.8918153103091718,0.6663046615457411,0.9677738329220184,0.9677738329220184,1.0,1.066155255381949,0.357142857142857,25.0,0.2232959510114819,64.0,equal,True,7523312,114.18435208220036,368.39176800000064,64,7144.0,3604.0,256,0.0513043340761214,4989.8318457884425,median 5 warm calls on training rows; end-to-end preprocessing,6000.0,,,,
1000.0,554.0,0.554,11,2,binary,higgs,coerror_f05_d6_b1000_k64,complete,0.7248091176435536,0.7567143715305444,0.6256587663707207,0.2175767069845513,0.651530589028535,0.0657492696033777,0.8731583795155807,0.6494988133140001,0.9262247512021214,0.9262247512021214,1.0,1.162596932130725,0.1931216931216931,17.0,0.2172507743481435,64.0,equal,True,7528280,114.33130262512714,368.600228,64,7208.0,3636.0,256,0.053758957888931,4761.997070867893,median 5 warm calls on training rows; end-to-end preprocessing,6000.0,,,,
1000.0,944.0,0.944,11,2,binary,higgs,top_quality_f20_d3_b1000_k64,complete,0.7093049144758201,0.7180901798733026,0.6275743262509106,0.2186614349899531,0.6463370757422491,0.033198347264422,0.8775115079388319,0.6765381404571404,0.985538818413297,0.985538818413297,1.0,1.0290389642925266,0.234060631828489,28.0,0.2215897448701222,64.0,equal,True,7039117,114.43141508172266,369.4006560000005,64,960.0,512.0,256,0.0550324160140007,4651.80376480057,median 5 warm calls on training rows; end-to-end preprocessing,6000.0,,,,
1000.0,944.0,0.944,11,2,binary,higgs,coerror_f20_d3_b1000_k64,complete,0.7358941441677324,0.759329297654292,0.6207037445153725,0.2151915959718754,0.659966222255608,0.073938349095487,0.8635866762958024,0.6648156041970865,0.9483620625447376,0.9483620625447376,1.0,1.1091786262031116,0.1965975657939943,28.0,0.2156965303063814,64.0,equal,True,7039101,114.60094583407044,369.616561999999,64,960.0,512.0,256,0.0548757081851363,4665.087858844989,median 5 warm calls on training rows; end-to-end preprocessing,6000.0,,,,
1000.0,938.0,0.938,11,2,binary,higgs,top_quality_f20_d6_b1000_k64,complete,0.7403447402891241,0.7671303955287376,0.6009081890141043,0.2070193849837181,0.6709776206643379,0.0300343830699484,0.8307907276744017,0.6916838161248766,0.929284823855844,0.929284823855844,0.995065690288762,1.1546000223775452,0.2300966725073868,28.0,0.2088316259673407,64.0,equal,True,7563597,114.83073445712216,371.04321200000027,64,7516.0,3790.0,256,0.0582137908786535,4397.583392801737,median 5 warm calls on training rows; end-to-end preprocessing,6000.0,,,,
1000.0,938.0,0.938,11,2,binary,higgs,coerror_f20_d6_b1000_k64,complete,0.7639903350797025,0.789030382796694,0.5955603427295367,0.2041037654513215,0.6914820351009738,0.0749874708316059,0.8190900375524018,0.6831147551224495,0.8971563866367493,0.8971563866367493,0.995065690288762,1.236930777273233,0.2105618257403972,28.0,0.203582922103409,64.0,equal,True,7573789,114.92041158210486,371.0172510000005,64,7642.0,3853.0,256,0.0558999590575695,4579.609794281855,median 5 warm calls on training rows; end-to-end preprocessing,6000.0,,,,
1000.0,999.0,0.999,11,2,binary,higgs,top_quality_f50_d3_b1000_k64,complete,0.696808449167077,0.6835460655444261,0.6270773588778104,0.2183855005478364,0.6472184914100232,0.0096411738077128,0.8764041537846565,0.6823512471758606,0.993877883743053,0.993877883743053,1.0,1.0121495073605624,0.4027416123328959,28.0,0.2214751163927156,64.0,equal,True,7060149,115.17677983315662,372.3615379999999,64,960.0,512.0,256,0.0607923339121043,4211.057275250092,median 5 warm calls on training rows; end-to-end preprocessing,6000.0,,,,
1000.0,999.0,0.999,11,2,binary,higgs,coerror_f50_d3_b1000_k64,complete,0.7377754305461608,0.7541940336961472,0.6176174195454913,0.2138562453708332,0.6686557393093422,0.071049255337583,0.8582277728403235,0.6737401052121739,0.946768507442332,0.946768507442332,1.0,1.1119083328377626,0.3576414890137996,28.0,0.2131099655600465,64.0,equal,True,7060197,115.30896458309144,372.47827100000063,64,960.0,512.0,256,0.0721519161015749,3548.0693213968875,median 5 warm calls on training rows; end-to-end preprocessing,6000.0,,,,
1000.0,1000.0,1.0,11,2,binary,higgs,top_quality_f50_d6_b1000_k64,complete,0.7471089566097011,0.7697193111455185,0.5918467750471506,0.2035602903327821,0.6813395026260545,0.0185266719910911,0.8169090143151828,0.7151736322281941,0.9382100252835124,0.9382100252835124,0.9905922435077996,1.1333605223301266,0.4009170558136884,28.0,0.2043887995792185,64.0,equal,True,7600485,116.12649433291516,376.1312540000006,64,7720.0,3892.0,256,0.0562885000836104,4547.9982522138625,median 5 warm calls on training rows; end-to-end preprocessing,6000.0,,,,
1000.0,1000.0,1.0,11,2,binary,higgs,coerror_f50_d6_b1000_k64,complete,0.7632224990185927,0.7863247663516525,0.5876491560774353,0.2011207912330047,0.6934039952574645,0.05793025431818,0.8071190459389145,0.7005685326614771,0.8940253902636249,0.8940253902636249,0.9904362157743788,1.245537197318939,0.3733099718460298,28.0,0.1985826298499132,64.0,equal,True,7604853,116.18390287505464,375.9635779999997,64,7768.0,3916.0,256,0.056475207908079,4532.962506604214,median 5 warm calls on training rows; end-to-end preprocessing,6000.0,,,,
,,,11,2,binary,higgs,random_forest,complete,0.7796611156514864,0.7975996863561183,0.5712286354966606,0.1941952829116356,0.7013494665731065,0.0526989275536223,0.7793262472197133,,,,,,,,,,,,79329019,8.305986207909882,8.31105800000023,256,990332.0,495294.0,256,0.0176460840739309,14507.467998420992,median 5 warm calls on training rows; end-to-end preprocessing,,8.305986207909882,8.31105800000023,1295564800.0,
,,,11,2,binary,higgs,extra_trees,complete,0.7635727178534502,0.7784924273030034,0.6011883596648305,0.2064048843761425,0.6910346686852177,0.08553029379781,0.828324671623833,,,,,,,,,,,,236095899,3.195270167198032,3.196918000000096,256,2949918.0,1475087.0,256,0.0268787499517202,9524.25244700102,median 5 warm calls on training rows; end-to-end preprocessing,,3.195270167198032,3.196918000000096,1549762560.0,
,,,11,2,binary,higgs,xgboost,complete,0.7886291194276022,0.8082579257984859,0.5511394143104553,0.1870205638133799,0.7089639950841158,0.0154159365262927,0.750533339246539,,,,,,,,,,,,1194836,1.0866305830422789,1.0877879999998186,300,28914.0,14607.0,256,0.0014784578233957,173153.4007591897,median 5 warm calls on training rows; end-to-end preprocessing,,1.0866305830422789,1.0877879999998186,1569734656.0,
,,,11,2,binary,higgs,lightgbm,complete,0.7886835166557541,0.8084952019355527,0.5500276857878988,0.1868016660147214,0.7074161795142837,0.0151807282399159,0.7496548791861533,,,,,,,,,,,,1041439,0.6803391671273857,0.6808160000000498,300,18300.0,9300.0,256,0.0052835000678896,48452.72957519811,median 5 warm calls on training rows; end-to-end preprocessing,,0.6803391671273857,0.6808160000000498,1602371584.0,
,,,11,2,binary,higgs,catboost,complete,0.7876013503874888,0.8069083394267016,0.5527409379640399,0.1874973426732539,0.7052578058442396,0.0210298092502552,0.7524467033306108,,,,,,,,,,,,349182,1.9426428750157356,1.946541000000252,300,38100.0,19200.0,256,0.0008787498809397,291322.9413200459,median 5 warm calls on training rows; end-to-end preprocessing,,1.9426428750157356,1.946541000000252,1623490560.0,
,,,11,2,binary,higgs,linear,complete,0.685057835313543,0.6841797588519554,0.63663904924737,0.2227311553385209,0.6387392952575006,0.0249809092744876,0.8938437269244301,,,,,,,,,,,,4746,0.0413637501187622,0.041435999999976,1,,,256,0.0008003748953342,319850.11210664234,median 5 warm calls on training rows; end-to-end preprocessing,,0.0413637501187622,0.041435999999976,1623998464.0,29.0
,,,11,2,binary,higgs,rf_leaf5,complete,0.7818144784565307,0.8030475368525729,0.5691209563009163,0.19331216906543,0.7016375687391363,0.0515190058740686,0.7757822177803145,,,,,,,,,,,,42485019,7.521960875019431,7.526869000000261,256,529782.0,265019.0,256,0.0154954169411212,16521.013985795744,median 5 warm calls on training rows; end-to-end preprocessing,,7.521960875019431,7.526869000000261,1649770496.0,
,,,11,2,binary,higgs,rf_shallow64,complete,0.7535161826562317,0.7770476281359273,0.6125895019509744,0.2114515362923441,0.6788884673542597,0.0854101616610691,0.8485774205058295,,,,,,,,,,,,554379,1.1470497080590576,1.1448599999998803,64,6558.0,3311.0,256,0.0031824158504605,80442.03272898923,median 5 warm calls on training rows; end-to-end preprocessing,,1.1470497080590576,1.1448599999998803,1650130944.0,
,,,11,2,binary,higgs,random_patches64,complete,0.7417889528393637,0.7698071956206287,0.6394373464238886,0.2237062459396001,0.6507476752294976,0.0959888508621115,0.8977568688269761,,,,,,,,,,,,4053333,1.2214223339688033,1.2228439999998957,64,6298.0,3181.0,256,0.0417386251501739,6133.407582998296,median 5 warm calls on training rows; end-to-end preprocessing,,1.2214223339688033,1.2228439999998957,1653129216.0,
1000.0,1000.0,1.0,11,0,binary,miniboone,random_b1000_k16,complete,0.9574892938129004,0.8958474418479998,0.2989944214027161,0.0853201830670941,0.8335757929398675,0.0992240540571108,0.4226294150261389,0.8607826780171772,0.722312980666119,0.722312980666119,0.9509936696652972,1.774253502494384,0.1376645499469345,50.0,0.0857797124456463,16.0,equal,True,1818764,185.5693320010323,664.3146969999999,16,972.0,494.0,256,0.0138295418582856,18511.09766493264,median 5 warm calls on training rows; end-to-end preprocessing,6000.0,,,,
1000.0,1000.0,1.0,11,0,binary,miniboone,top_quality_b1000_k16,complete,0.957394289914676,0.9001460612141426,0.2370288891504112,0.0721424050751633,0.8694307098958735,0.0275012324414932,0.3573539268137606,0.9360125842890326,0.7882497550296887,0.7882497550296887,0.9028419158719058,1.5467688405008724,0.329989752344673,50.0,0.0670449435287013,16.0,equal,True,1901500,186.1045506251976,666.53028,16,1942.0,979.0,256,0.0158634590916335,16137.716151391927,median 5 warm calls on training rows; end-to-end preprocessing,6000.0,,,,
1000.0,1000.0,1.0,11,0,binary,miniboone,coerror_b1000_k16,complete,0.9675403719204808,0.9181988874632182,0.2248507352707699,0.0658427408599541,0.8890258629028556,0.049229136102934,0.3261488437205694,0.9279804823207614,0.6908267231449119,0.6908267231449119,0.8644001565660254,1.963725633117531,0.2749849279741378,50.0,0.062408030465866,16.0,equal,True,1896961,186.16619020840153,666.576122,16,1892.0,954.0,256,0.0147343340795487,17374.385473947445,median 5 warm calls on training rows; end-to-end preprocessing,6000.0,,,,
1000.0,1000.0,1.0,11,0,binary,miniboone,random_b1000_k64,complete,0.9612151182461424,0.90420898768924,0.2964636986329336,0.084850908818724,0.8279829329536594,0.1081077530859895,0.4203048876523573,0.870260812407242,0.7243632310702657,0.7243632310702657,0.9656795174211076,1.8532040353312087,0.1011096917247789,50.0,0.0851287349566542,64.0,equal,True,7348525,186.90758433332667,669.707759,64,4676.0,2370.0,256,0.0665630418807268,3845.9780798287743,median 5 warm calls on training rows; end-to-end preprocessing,6000.0,,,,
1000.0,1000.0,1.0,11,0,binary,miniboone,top_quality_b1000_k64,complete,0.9648954188173022,0.9134721830919864,0.2247385911736565,0.0667507787789714,0.8866735552386654,0.0368030997224944,0.330646765791764,0.9315573539704214,0.7453760546382804,0.7453760546382804,0.9137248570953538,1.775190849334194,0.3248691586740499,50.0,0.0643472261173418,64.0,equal,True,7615276,189.3799460013397,679.4971680000001,64,7650.0,3857.0,256,0.0539800419937819,4742.493531766596,median 5 warm calls on training rows; end-to-end preprocessing,6000.0,,,,
1000.0,1000.0,1.0,11,0,binary,miniboone,coerror_b1000_k64,complete,0.968956236468213,0.9215090515486152,0.2229129361453244,0.0648347831246067,0.8911050273945551,0.0534328911246795,0.321155973654574,0.9263376194296672,0.7006684525548532,0.7006684525548532,0.913724857095468,2.0079090261593713,0.3120383904709595,50.0,0.0626919038479489,64.0,equal,True,7609740,189.25034616701305,678.759659,64,7594.0,3829.0,256,0.0573984580114483,4460.050127983222,median 5 warm calls on training rows; end-to-end preprocessing,6000.0,,,,
1000.0,1000.0,1.0,11,0,binary,miniboone,random_b1000_k128,complete,0.9615297176651308,0.9035120912555896,0.2916715104382583,0.0833955957242826,0.8361894309751268,0.1044974881833185,0.413096064374283,0.8723245733376311,0.7242536742286151,0.7242536742286151,0.994555903085972,1.8721031402583177,0.1194970623886066,50.0,0.0835582907930443,128.0,equal,True,14714236,188.82433249987665,677.078207,128,9150.0,4639.0,256,0.0926639579702168,2762.6706824057846,median 5 warm calls on training rows; end-to-end preprocessing,6000.0,,,,
1000.0,1000.0,1.0,11,0,binary,miniboone,top_quality_b1000_k128,complete,0.9671039111962624,0.916921098302274,0.2241440360835259,0.0657921985993839,0.8868688565074494,0.0463367922236572,0.3258984850685948,0.928003658229814,0.7281667158372158,0.7281667158372158,0.9137248570953538,1.8709960057498247,0.2899423949539405,50.0,0.064646078512731,128.0,equal,True,15243969,192.9748252921272,694.103265,128,15188.0,7658.0,256,0.1038967079948633,2463.985673277122,median 5 warm calls on training rows; end-to-end preprocessing,6000.0,,,,
1000.0,1000.0,1.0,11,0,binary,miniboone,coerror_b1000_k128,complete,0.9688220608747088,0.9211988524757182,0.224270691620286,0.0651537403343647,0.888296088090512,0.0526519327585323,0.3227359128217505,0.9249558788491252,0.7045588819308208,0.7045588819308208,0.913724857095468,2.0020853537472196,0.289378006229136,50.0,0.0635031891831314,128.0,equal,True,15247393,193.5447779162787,695.195862,128,15230.0,7679.0,256,0.1082728330511599,2364.3973542193867,median 5 warm calls on training rows; end-to-end preprocessing,6000.0,,,,
3000.0,3000.0,1.0,11,0,binary,miniboone,random_b3000_k16,complete,0.9645890103502428,0.9150397984617532,0.2489815956735377,0.0715548225942996,0.8690095166602847,0.0690104232877229,0.3544433653118971,0.906351414509641,0.7132853098438059,0.7132853098438059,0.843167327640372,1.8591038742128023,0.2114167751394729,50.0,0.0725870063961583,16.0,equal,True,1860317,186.03133887448348,665.640392,16,1454.0,735.0,256,0.0152154159732162,16825.04115895595,median 5 warm calls on training rows; end-to-end preprocessing,6000.0,,,,
3000.0,3000.0,1.0,11,0,binary,miniboone,top_quality_b3000_k16,complete,0.9597011851583072,0.9051942278750053,0.2316959197819082,0.0696294342728657,0.8727550105223085,0.0242825342163546,0.3449060470510364,0.9366548872144412,0.7846772744579308,0.7846772744579308,0.8878139437191375,1.558755560883606,0.3128542624492286,50.0,0.0662821087580922,16.0,equal,True,1899308,186.17939791735265,666.483797,16,1922.0,969.0,256,0.0157711249776184,16232.196521383326,median 5 warm calls on training rows; end-to-end preprocessing,6000.0,,,,
3000.0,3000.0,1.0,11,0,binary,miniboone,coerror_b3000_k16,complete,0.9678918584835304,0.9199471937300738,0.2228115941460361,0.0648154667037488,0.8880024396778181,0.0475130758721991,0.3210602906947616,0.927322589958185,0.6920756559288083,0.6920756559288083,0.8644001565660254,1.9601313394028883,0.324787730546593,50.0,0.0618332980266175,16.0,equal,True,1897580,186.3670964569319,667.0678189999999,16,1886.0,951.0,256,0.0167582081630826,15276.096197680235,median 5 warm calls on training rows; end-to-end preprocessing,6000.0,,,,
3000.0,3000.0,1.0,11,0,binary,miniboone,random_b3000_k64,complete,0.9608400060802494,0.906164818398728,0.2927786397766866,0.0832749688777721,0.8408954393225425,0.1053452587140575,0.4124985451034075,0.8690186516533899,0.7163273884817974,0.7163273884817974,0.9904778558398316,1.8892587195298416,0.1340364216378479,50.0,0.0834634894551548,64.0,equal,True,7309937,187.34281462617216,671.1293230000001,64,4126.0,2095.0,256,0.0549351249355822,4660.04219158852,median 5 warm calls on training rows; end-to-end preprocessing,6000.0,,,,
3000.0,3000.0,1.0,11,0,binary,miniboone,top_quality_b3000_k64,complete,0.9615064263868563,0.9071394303545438,0.2291299660898853,0.0690248167360523,0.8713468911604139,0.0286695731727878,0.341911103220489,0.9343433161954552,0.7765395006446661,0.7765395006446661,0.9217807108271392,1.6377925918845586,0.3322771967748086,50.0,0.0656163892425669,64.0,equal,True,7616700,189.50682979123667,679.652604,64,7676.0,3870.0,256,0.0592631660401821,4319.7152144457605,median 5 warm calls on training rows; end-to-end preprocessing,6000.0,,,,
3000.0,3000.0,1.0,11,0,binary,miniboone,coerror_b3000_k64,complete,0.96912774497187,0.9207200636361762,0.222457871829107,0.0645048465810096,0.8867117796810009,0.0503711211900428,0.3195216488863471,0.9264182251627564,0.6968592692647515,0.6968592692647515,0.8941596723062972,2.028158889624547,0.320517976282388,50.0,0.0617676747553937,64.0,equal,True,7608476,190.00660012545995,680.2040850000001,64,7572.0,3818.0,256,0.0570042498875409,4490.893231733452,median 5 warm calls on training rows; end-to-end preprocessing,6000.0,,,,
3000.0,3000.0,1.0,11,0,binary,miniboone,random_b3000_k128,complete,0.9588026321596164,0.9012142353632984,0.2938140716415074,0.0843017970471816,0.8373567252061557,0.1027760472635617,0.4175848889551157,0.8730803470917775,0.7297054786422872,0.7297054786422872,0.9982530988799644,1.848478180620705,0.1182573376999264,50.0,0.0843845584963153,128.0,equal,True,14669773,189.01970675121993,677.663077,128,8606.0,4367.0,256,0.1025665830820798,2495.9396355744207,median 5 warm calls on training rows; end-to-end preprocessing,6000.0,,,,
3000.0,3000.0,1.0,11,0,binary,miniboone,top_quality_b3000_k128,complete,0.9634825631906868,0.911040358892138,0.2259070100123674,0.0676777802836892,0.8733085962870359,0.0311799934997535,0.3352386230708223,0.9325229029088424,0.7639594308233233,0.7639594308233233,0.9256651059809784,1.7008611888574974,0.323647421392814,50.0,0.0650991818012679,128.0,equal,True,15259164,193.78578695934263,696.887796,128,15316.0,7722.0,256,0.1148221672046929,2229.534646769295,median 5 warm calls on training rows; end-to-end preprocessing,6000.0,,,,
3000.0,3000.0,1.0,11,0,binary,miniboone,coerror_b3000_k128,complete,0.969157221254662,0.9221596095583056,0.2218757005369803,0.0644315828522402,0.8895603364464151,0.0510972708986659,0.3191587405366534,0.9262376823503458,0.7010828553332824,0.7010828553332824,0.922938014823146,2.020497886014154,0.3219534017396958,50.0,0.0621368566626572,128.0,equal,True,15246252,194.73649204219691,698.3160799999999,128,15140.0,7634.0,256,0.1147030419670045,2231.850137624431,median 5 warm calls on training rows; end-to-end preprocessing,6000.0,,,,
6000.0,6000.0,1.0,11,0,binary,miniboone,random_b6000_k16,complete,0.951143702060643,0.881874761089347,0.300511993002714,0.0881248233619386,0.8247510730704235,0.0905821933052557,0.4365220655638988,0.8744444914249578,0.7444224254144042,0.7444224254144042,0.9707068710178248,1.7141578826597776,0.1422888364864845,50.0,0.0864855333978655,16.0,equal,True,1801248,185.96220470801927,664.7115610000001,16,750.0,383.0,256,0.0148490420542657,17240.16937014856,median 5 warm calls on training rows; end-to-end preprocessing,6000.0,,,,
6000.0,6000.0,1.0,11,0,binary,miniboone,top_quality_b6000_k16,complete,0.9605273011671492,0.9084710693093097,0.229347800511845,0.0687520061361465,0.8808735811822519,0.0230002853851308,0.3405597490612922,0.93714578510109,0.7863394113278743,0.7863394113278743,0.9330275326479566,1.5518482699245038,0.3484890961694321,50.0,0.06613000841162,16.0,equal,True,1900444,186.38268508319743,667.0878170000001,16,1922.0,969.0,256,0.0178242500405758,14362.45561059966,median 5 warm calls on training rows; end-to-end preprocessing,6000.0,,,,
6000.0,6000.0,1.0,11,0,binary,miniboone,coerror_b6000_k16,complete,0.9679278540954092,0.9201128408994984,0.222692389345623,0.0649282469540061,0.8866471435977514,0.0445051407281595,0.3216189422292443,0.928547359227896,0.6922141841380828,0.6922141841380828,0.8819296109747509,1.9578882879304524,0.3207445371687607,50.0,0.0616235244086387,16.0,equal,True,1896956,186.67222383292392,667.3027140000002,16,1878.0,947.0,256,0.0181068331003189,14138.308923579309,median 5 warm calls on training rows; end-to-end preprocessing,6000.0,,,,
6000.0,6000.0,1.0,11,0,binary,miniboone,random_b6000_k64,complete,0.9611046796970036,0.9073838497284084,0.3048617283117767,0.0868124499438753,0.8432286347655649,0.1209314648100384,0.4300212870841368,0.8595303426757718,0.7083690292058215,0.7083690292058215,0.9747263433709524,1.8997339418582264,0.1142934687349214,50.0,0.0863436191673438,64.0,equal,True,7348028,187.41847820905969,670.624258,64,4650.0,2357.0,256,0.0545732919126749,4690.939304332909,median 5 warm calls on training rows; end-to-end preprocessing,6000.0,,,,
6000.0,6000.0,1.0,11,0,binary,miniboone,top_quality_b6000_k64,complete,0.9611135950188314,0.9072025596401349,0.2293565828656817,0.069104763658728,0.8709886066644705,0.0250036011756656,0.3423071164491175,0.9355930045286336,0.786386615915367,0.786386615915367,0.9368624192732428,1.597265204189918,0.331939571760108,50.0,0.0659012129299126,64.0,equal,True,7616012,189.69994704332203,680.0863230000001,64,7674.0,3869.0,256,0.0599115418735891,4272.96630989984,median 5 warm calls on training rows; end-to-end preprocessing,6000.0,,,,
6000.0,6000.0,1.0,11,0,binary,miniboone,coerror_b6000_k64,complete,0.9686114921172952,0.9215214115579812,0.2225580548539267,0.0648692859335066,0.8896777958114928,0.0510510322491767,0.3213268816556816,0.9272277448535646,0.6975666430874983,0.6975666430874983,0.92260447045146,2.0244611749597805,0.3290677936243353,50.0,0.061404321987845,64.0,equal,True,7611996,191.09006029227749,682.201926,64,7602.0,3833.0,256,0.0870456248521804,2940.9864129844,median 5 warm calls on training rows; end-to-end preprocessing,6000.0,,,,
6000.0,6000.0,1.0,11,0,binary,miniboone,random_b6000_k128,complete,0.9582160039833658,0.8986848600620038,0.3031201884087795,0.0870483585820212,0.828335311048892,0.1091640333262573,0.4311898491541546,0.8667642856652185,0.7303286901205189,0.7303286901205189,0.9878363060083126,1.835643064658263,0.1138473492264946,50.0,0.0867177495936072,128.0,equal,True,14589660,189.3661795409862,677.7160970000001,128,7606.0,3867.0,256,0.1094049999956041,2339.9296193984364,median 5 warm calls on training rows; end-to-end preprocessing,6000.0,,,,
6000.0,6000.0,1.0,11,0,binary,miniboone,top_quality_b6000_k128,complete,0.961989023901532,0.9079638446995538,0.2281733818226747,0.0687421392602223,0.8711839079332546,0.0280139531037458,0.3405108739669118,0.9341934239660938,0.7785706541584838,0.7785706541584838,0.9422859843953696,1.637611625190723,0.3259368346683867,50.0,0.0656851975062539,128.0,equal,True,15260625,194.19832495832816,697.7624350000001,128,15348.0,7738.0,256,0.1168054998852312,2191.67762007385,median 5 warm calls on training rows; end-to-end preprocessing,6000.0,,,,
6000.0,6000.0,1.0,11,0,binary,miniboone,coerror_b6000_k128,complete,0.968871708073136,0.9213867294296102,0.2223694574780277,0.0646484871539321,0.8891888461300148,0.050531069552366,0.3202331655419144,0.9266374601683393,0.6997174305170645,0.6997174305170645,0.9306879119298151,2.027940031195274,0.3215475111904826,50.0,0.0616957011115052,128.0,equal,True,15246620,197.13948866608553,702.9579409999999,128,15144.0,7636.0,256,0.1139372498728334,2246.8507909899895,median 5 warm calls on training rows; end-to-end preprocessing,6000.0,,,,
300.0,300.0,1.0,11,0,binary,miniboone,top_quality_b300_k64,complete,0.9674562892914949,0.9157315922549608,0.2305685653292629,0.0670073520959715,0.8809632358873799,0.0529761966851866,0.3319176893526028,0.9217852725607348,0.7079067623296,0.7079067623296,0.9079793516878512,1.9635011717070672,0.2587927781657295,50.0,0.065804567482025,64.0,equal,True,7595185,188.8450077490415,677.728001,64,7480.0,3772.0,256,0.0656618329230696,3898.764146592336,median 5 warm calls on training rows; end-to-end preprocessing,6000.0,,,,
300.0,300.0,1.0,11,0,binary,miniboone,coerror_b300_k64,complete,0.9682164319188136,0.9190099617551576,0.230205316141977,0.0665543933488453,0.8825989745596834,0.057187592118448,0.329673980027948,0.9203584314928808,0.6996710105846004,0.6996710105846004,0.9079793516878512,2.012179894716408,0.2504379103565885,50.0,0.0653229357903698,64.0,equal,True,7602705,188.9351837504655,677.6847450000002,64,7588.0,3826.0,256,0.0591625419910997,4327.0622151176685,median 5 warm calls on training rows; end-to-end preprocessing,6000.0,,,,
6000.0,6000.0,1.0,11,0,binary,miniboone,random_cert_b6000_k64,complete,0.9611046796970036,0.9073838497284084,0.3048617283117767,0.0868124499438753,0.8432286347655649,0.1209314648100384,0.4300212870841368,0.8595303426757718,0.7083690292058215,0.7083690292058215,0.9747263433709524,1.8997339418582264,0.1142934687349214,50.0,0.0863436191673438,64.0,equal,True,7348028,187.60731175006367,670.5523089999999,64,4650.0,2357.0,256,0.0524538331665098,4880.48221733103,median 5 warm calls on training rows; end-to-end preprocessing,6000.0,,,,
6000.0,6000.0,1.0,11,0,binary,miniboone,top_quality_cert_b6000_k64,complete,0.9611135950188314,0.9072025596401349,0.2293565828656817,0.069104763658728,0.8709886066644705,0.0250036011756656,0.3423071164491175,0.9355930045286336,0.786386615915367,0.786386615915367,0.9368624192732428,1.597265204189918,0.331939571760108,50.0,0.0659012129299126,64.0,equal,True,7616012,189.71827079192735,679.9879309999999,64,7674.0,3869.0,256,0.0549477080348879,4658.975035636757,median 5 warm calls on training rows; end-to-end preprocessing,6000.0,,,,
6000.0,6000.0,1.0,11,0,binary,miniboone,coerror_cert_b6000_k64,complete,0.9686114921172952,0.9215214115579812,0.2225580548539267,0.0648692859335066,0.8896777958114928,0.0510510322491767,0.3213268816556816,0.9272277448535646,0.6975666430874983,0.6975666430874983,0.92260447045146,2.0244611749597805,0.3290677936243353,50.0,0.061404321987845,64.0,equal,True,7611996,190.87386754225008,681.4873230000001,64,7602.0,3833.0,256,0.0822280831634998,3113.291592739397,median 5 warm calls on training rows; end-to-end preprocessing,6000.0,,,,
6000.0,6000.0,1.0,11,0,binary,miniboone,abs_correlation_b6000_k64,complete,0.9720228285730717,0.9316481297183268,0.2656818597814088,0.0733146447124676,0.8773438938292155,0.1083329733080978,0.3631605593639367,0.8823856347620305,0.6424698117546449,0.6424698117546449,0.9091850165005204,2.325369857941581,0.1788056033165137,50.0,0.0722221118109085,64.0,equal,True,7598317,190.12610145797953,676.3885049999999,64,7656.0,3860.0,256,0.0798887079581618,3204.4578832601555,median 5 warm calls on training rows; end-to-end preprocessing,6000.0,,,,
6000.0,6000.0,1.0,11,0,binary,miniboone,signed_correlation_b6000_k64,complete,0.9720228285730717,0.9316481297183268,0.2656818597814088,0.0733146447124676,0.8773438938292155,0.1083329733080978,0.3631605593639367,0.8823856347620305,0.6424698117546449,0.6424698117546449,0.9091850165005204,2.325369857941581,0.1788056033165137,50.0,0.0722221118109085,64.0,equal,True,7598317,190.50118454219773,678.2085139999999,64,7656.0,3860.0,256,0.0681157500948757,3758.308462336947,median 5 warm calls on training rows; end-to-end preprocessing,6000.0,,,,
6000.0,6000.0,1.0,11,0,binary,miniboone,quality_diversity_l002_b6000_k64,complete,0.9623444109178816,0.9095216886341504,0.2271915201341982,0.0681912685486165,0.8801173947289942,0.0254682177160332,0.3377821624448337,0.93548048860844,0.7735789811343651,0.7735789811343651,0.9330275326479566,1.6500560876351529,0.321989738659741,50.0,0.0651860240624936,64.0,equal,True,7614620,190.81481041689403,680.972344,64,7670.0,3867.0,256,0.0726884170435369,3521.88162037795,median 5 warm calls on training rows; end-to-end preprocessing,6000.0,,,,
6000.0,6000.0,1.0,11,0,binary,miniboone,quality_diversity_l01_b6000_k64,complete,0.9679092990818556,0.91927478936661,0.2210054424564489,0.0649102264723365,0.8893782409980882,0.0438314172955748,0.3215296786417467,0.9329632726132376,0.7227573497923202,0.7227573497923202,0.9187407887434405,1.8867124588918576,0.3103797778588159,50.0,0.0627734458269154,64.0,equal,True,7608460,190.79186883405785,680.6921130000001,64,7592.0,3828.0,256,0.0638877500314265,4007.0279493967614,median 5 warm calls on training rows; end-to-end preprocessing,6000.0,,,,
6000.0,6000.0,1.0,11,0,binary,miniboone,quality_diversity_l05_b6000_k64,complete,0.9714552568972272,0.9282624999024336,0.2280583252872867,0.0649677145367874,0.8896058603084969,0.0669803212626211,0.3218144429985081,0.9199040835689838,0.6658954935039934,0.6658954935039934,0.9100948463246852,2.2121191302068524,0.2621952896786293,50.0,0.0631497615061946,64.0,equal,True,7603756,190.21489729336463,678.8539329999999,64,7596.0,3830.0,256,0.0583358330186456,4388.383378671832,median 5 warm calls on training rows; end-to-end preprocessing,6000.0,,,,
6000.0,6000.0,1.0,11,0,binary,miniboone,caruana_b6000_k64,complete,0.9689301034311064,0.9220180688778444,0.2218056345959671,0.0644850198103699,0.8888305616340715,0.048033228819871,0.3194234379334861,0.926783095638808,0.6919482147001841,0.6919482147001841,0.8849961821158715,2.0388441338542656,0.3274937984909817,50.0,0.0611566487228359,64.0,frequency_weighted,True,4984700,188.9017905422952,674.8608510000001,42,4970.0,2506.0,256,0.0467830840498209,5472.063357930334,median 5 warm calls on training rows; end-to-end preprocessing,6000.0,,,,
6000.0,6000.0,1.0,11,0,binary,miniboone,coerror_swap_b6000_k64,complete,0.9686572945831844,0.9216513636105416,0.2225486352339424,0.0648261796139742,0.8889803390407738,0.0509005467926305,0.321113356579281,0.9270393228482164,0.6970879460870816,0.6970879460870816,0.92260447045146,2.0270468513888815,0.3293939788924616,50.0,0.0614024468315182,64.0,equal,True,7611372,190.94146633287892,681.5261350000001,64,7594.0,3829.0,256,0.0592229168396443,4322.650988183538,median 5 warm calls on training rows; end-to-end preprocessing,6000.0,,,,
6000.0,6000.0,1.0,11,0,binary,miniboone,coerror_b6000_k256,complete,0.9689801406748632,0.9219893596274108,0.2223999845677145,0.064658595240684,0.8897820493561133,0.0518042304699396,0.3202832354625055,0.9261557727621388,0.701757816369591,0.701757816369591,0.9418985862038464,2.0249815433278626,0.3172696810047393,50.0,0.0621278927713226,256.0,equal,True,30490796,206.98845345922743,737.0994240000005,256,30304.0,15280.0,256,0.191779124783352,1334.8689555716592,median 5 warm calls on training rows; end-to-end preprocessing,6000.0,,,,
1000.0,1000.0,1.0,11,0,binary,miniboone,top_quality_f05_d3_b1000_k64,complete,0.9361615594502634,0.8594372969784236,0.3119211952789654,0.0947616460060588,0.8178953577473478,0.0666312646136119,0.4693972466861782,0.8850932766335897,0.8239284632007887,0.8239284632007887,1.0,1.439388846968604,0.1319940476190476,44.0,0.0940660266954946,64.0,equal,True,7030285,185.4381768752355,664.0588019999998,64,960.0,512.0,256,0.0475890419911593,5379.389651246971,median 5 warm calls on training rows; end-to-end preprocessing,6000.0,,,,
1000.0,1000.0,1.0,11,0,binary,miniboone,coerror_f05_d3_b1000_k64,complete,0.9547824906645436,0.8940804185699185,0.3027280020766675,0.0877526562254068,0.8351983257917139,0.0948039116781735,0.4346785535887698,0.8727425001874809,0.758031238827223,0.758031238827223,1.0,1.7136786782433435,0.0939484126984126,47.0,0.0876346330028971,64.0,equal,True,7030305,185.57501816703007,664.2212780000002,64,960.0,512.0,256,0.050816792063415,5037.704853162193,median 5 warm calls on training rows; end-to-end preprocessing,6000.0,,,,
1000.0,1000.0,1.0,11,0,binary,miniboone,top_quality_f05_d6_b1000_k64,complete,0.9593753301455114,0.9009909072370648,0.2750190929044217,0.0804312112309584,0.8519960179715058,0.0774735207298922,0.3984121286478329,0.8986329989096434,0.736496735646919,0.736496735646919,1.0,1.8024262266727304,0.0967757936507936,46.0,0.080896953726392,64.0,equal,True,7565217,185.64256037585437,664.8827469999999,64,7646.0,3855.0,256,0.0512907500378787,4991.153371922644,median 5 warm calls on training rows; end-to-end preprocessing,6000.0,,,,
1000.0,1000.0,1.0,11,0,binary,miniboone,coerror_f05_d6_b1000_k64,complete,0.9647378962247622,0.915039457264738,0.2732033379789187,0.077752840265099,0.859927979801447,0.0960600100301278,0.3851449471459598,0.8922645355159723,0.708167671398157,0.708167671398157,1.0,1.9537280243106736,0.0821428571428571,43.0,0.0789335822994013,64.0,equal,True,7566381,185.87650270806623,665.1505860000004,64,7660.0,3862.0,256,0.053765415912494,4761.425084419564,median 5 warm calls on training rows; end-to-end preprocessing,6000.0,,,,
1000.0,1000.0,1.0,11,0,binary,miniboone,top_quality_f20_d3_b1000_k64,complete,0.9423781019190678,0.8659630964653311,0.2896943474148147,0.0878078844391132,0.8239285231903123,0.0521393752342699,0.4349521238837766,0.902676571986557,0.8465553760219314,0.8465553760219314,1.0,1.3799090193808177,0.1557366100398773,50.0,0.0867888909730624,64.0,equal,True,7047681,186.17226504092105,667.041806,64,960.0,512.0,256,0.0569037089589983,4498.828014610779,median 5 warm calls on training rows; end-to-end preprocessing,6000.0,,,,
1000.0,1000.0,1.0,11,0,binary,miniboone,coerror_f20_d3_b1000_k64,complete,0.9547192476003296,0.893663765905861,0.2826199768705501,0.0820830793827631,0.8489726651775107,0.0758805008222517,0.4065945779300681,0.8902834836865358,0.7687983792110653,0.7687983792110653,1.0,1.6723880095446255,0.135495188572505,50.0,0.0812407963247926,64.0,equal,True,7047697,186.2818500422873,667.087196,64,960.0,512.0,256,0.0582205420359969,4397.073456336407,median 5 warm calls on training rows; end-to-end preprocessing,6000.0,,,,
1000.0,1000.0,1.0,11,0,binary,miniboone,top_quality_f20_d6_b1000_k64,complete,0.9654052637843132,0.914283602975043,0.2296601199166977,0.0674602279590309,0.880318602398489,0.0412196925918095,0.3341609881150273,0.9283012486413736,0.7480720694823059,0.7480720694823059,0.8959914811878746,1.7629834564877032,0.1573170424077563,50.0,0.0672494970032177,64.0,equal,True,7581697,186.9393214159645,670.0713340000002,64,7636.0,3850.0,256,0.0777754590380936,3291.5266996317387,median 5 warm calls on training rows; end-to-end preprocessing,6000.0,,,,
1000.0,1000.0,1.0,11,0,binary,miniboone,coerror_f20_d6_b1000_k64,complete,0.9705788807615824,0.9241694280532916,0.2276257444792091,0.0650046668833656,0.8839219525981253,0.0619131600360372,0.3219974846664556,0.9228539628344056,0.6965740298280501,0.6965740298280501,0.8768425137370257,2.027871187138046,0.1464166197668151,50.0,0.0646924463239167,64.0,equal,True,7577553,187.03200308349915,670.059399,64,7584.0,3824.0,256,0.0556681249290704,4598.681926617473,median 5 warm calls on training rows; end-to-end preprocessing,6000.0,,,,
1000.0,1000.0,1.0,11,0,binary,miniboone,top_quality_f50_d3_b1000_k64,complete,0.9251102936751588,0.8175231027324512,0.3027036732960068,0.092767902938126,0.8377101619958552,0.0203510240737528,0.4595213364827247,0.9095446685246568,0.9174765508337404,0.9174765508337404,1.0,1.179680743874206,0.3647474458765321,50.0,0.0878243015008137,64.0,equal,True,7082188,187.7969550830312,673.543576,64,960.0,512.0,256,0.0620376660954207,4126.525321024231,median 5 warm calls on training rows; end-to-end preprocessing,6000.0,,,,
1000.0,1000.0,1.0,11,0,binary,miniboone,coerror_f50_d3_b1000_k64,complete,0.952199164723498,0.8860894210974259,0.2803750142719672,0.082230605240424,0.8406852048896974,0.065734222043814,0.407325340156345,0.8962232103434118,0.780313976416885,0.780313976416885,1.0,1.6250069034574783,0.3410847648940335,50.0,0.0802181813321226,64.0,equal,True,7082300,187.89281912497245,673.4597460000002,64,960.0,512.0,256,0.062037083087489,4126.564101006667,median 5 warm calls on training rows; end-to-end preprocessing,6000.0,,,,
1000.0,1000.0,1.0,11,0,binary,miniboone,top_quality_f50_d6_b1000_k64,complete,0.9606540101786228,0.9065628396511862,0.2301137411497268,0.0693488321104053,0.8699064537568943,0.0238069034578765,0.3435160977622209,0.9354009777761876,0.7886208792800272,0.7886208792800272,0.9422859843953696,1.5881735352287087,0.3594480182876772,50.0,0.0660976156116858,64.0,equal,True,7617836,189.44392758328468,680.1157939999998,64,7656.0,3860.0,256,0.0621288751717656,4120.467323643718,median 5 warm calls on training rows; end-to-end preprocessing,6000.0,,,,
1000.0,1000.0,1.0,11,0,binary,miniboone,coerror_f50_d6_b1000_k64,complete,0.9688178818176024,0.921335639210762,0.222186156072616,0.0646838286750235,0.8881654229049774,0.0488087677949818,0.3204082280634425,0.9271490471958248,0.6982291376954702,0.6982291376954702,0.92260447045146,2.0200182736438133,0.3441380477861205,50.0,0.0614511770935318,64.0,equal,True,7610732,189.49304170790128,679.8658200000002,64,7566.0,3815.0,256,0.0586501248180866,4364.867096089355,median 5 warm calls on training rows; end-to-end preprocessing,6000.0,,,,
,,,11,0,binary,miniboone,random_forest,complete,0.9743483902717792,0.9328790335041472,0.1996408739632345,0.0585625480994016,0.9041217873080588,0.0429792963476826,0.2900867597321857,,,,,,,,,,,,28622187,12.323700125096366,12.31568399999992,256,356490.0,178373.0,256,0.0128042080905288,19993.427019462517,median 5 warm calls on training rows; end-to-end preprocessing,,12.323700125096366,12.31568399999992,1335705600.0,
,,,11,0,binary,miniboone,extra_trees,complete,0.9755103353097117,0.9333506433792752,0.2052972444603285,0.0588971360147812,0.9021659885821474,0.0564604582270886,0.2917441248463757,,,,,,,,,,,,88475467,2.329193416982889,2.330693999999994,256,1104656.0,552456.0,256,0.0180460829287767,14185.90399979687,median 5 warm calls on training rows; end-to-end preprocessing,,2.329193416982889,2.330693999999994,1280000000.0,
,,,11,0,binary,miniboone,xgboost,complete,0.9799721195598148,0.9455935284276862,0.1651578396558761,0.048873942432061,0.9251615567756668,0.0184349385624491,0.2420947184775726,,,,,,,,,,,,1056515,2.025746042141691,2.0100049999998646,300,24832.0,12566.0,256,0.0016412502154707,155978.65431296633,median 5 warm calls on training rows; end-to-end preprocessing,,2.025746042141691,2.0100049999998646,1318125568.0,
,,,11,0,binary,miniboone,lightgbm,complete,0.980585660863832,0.9471177532214204,0.1624733713585766,0.0479237148994759,0.9277619889904692,0.0183996784318186,0.2373878121887954,,,,,,,,,,,,1043647,1.2671067910268905,1.2542970000001787,300,18300.0,9300.0,256,0.0063267920631915,40462.84395679373,median 5 warm calls on training rows; end-to-end preprocessing,,1.2671067910268905,1.2542970000001787,1344143360.0,
,,,11,0,binary,miniboone,catboost,complete,0.9799150057793574,0.9473519452943931,0.1642594589202019,0.0495749451120276,0.9141165874466028,0.0148390295868015,0.2455671014696847,,,,,,,,,,,,351408,3.319075624924153,3.219987000000174,300,38100.0,19200.0,256,0.0010036248713731,255075.38454057687,median 5 warm calls on training rows; end-to-end preprocessing,,3.319075624924153,3.219987000000174,1386217472.0,
,,,11,0,binary,miniboone,linear,complete,0.9631353671262664,0.905514403145104,0.2234574803767011,0.0642000621183399,0.8888392540728534,0.0108027542530116,0.3180119137388516,,,,,,,,,,,,5978,0.0750735001638531,0.0751410000000305,1,,,256,0.0008576661348342,298484.44470698613,median 5 warm calls on training rows; end-to-end preprocessing,,0.0750735001638531,0.0751410000000305,1387118592.0,51.0
,,,11,0,binary,miniboone,rf_leaf5,complete,0.9735280135013632,0.930931456040732,0.2020961264560893,0.0593254035321698,0.9016843383204158,0.0416551136034245,0.2938655273544585,,,,,,,,,,,,16964107,11.174544125096872,11.180111000000124,256,210764.0,105510.0,256,0.0119670829735696,21392.013456027573,median 5 warm calls on training rows; end-to-end preprocessing,,11.174544125096872,11.180111000000124,1393688576.0,
,,,11,0,binary,miniboone,rf_shallow64,complete,0.965596553158275,0.9113155757908588,0.236807399367991,0.0688394650017651,0.8737155250077007,0.0598863831596604,0.3409929723372686,,,,,,,,,,,,597467,1.5582573749125004,1.559394999999995,64,7090.0,3577.0,256,0.0031139580532908,82210.48441209993,median 5 warm calls on training rows; end-to-end preprocessing,,1.5582573749125004,1.559394999999995,1394032640.0,
,,,11,0,binary,miniboone,random_patches64,complete,0.9651661659970516,0.9126531904707328,0.2540491964921867,0.0731894867004698,0.8640157663008858,0.0785397008942408,0.3625405951831886,,,,,,,,,,,,4104745,1.9426452082116157,1.9439589999999496,64,6846.0,3455.0,256,0.0421805419027805,6069.149149151271,median 5 warm calls on training rows; end-to-end preprocessing,,1.9426452082116157,1.9439589999999496,1394704384.0,
1000.0,1000.0,1.0,11,1,binary,miniboone,random_b1000_k16,complete,0.9617208955975692,0.9054254700457036,0.290943504677752,0.0831639509095675,0.8398396980558803,0.1087873231671672,0.4119486229481448,0.8648497340935454,0.7121830705258086,0.7121830705258086,0.9178465259459742,1.8364953671130624,0.1135882375934343,50.0,0.0855773723829966,16.0,equal,True,1818257,185.59181262599304,664.6347119999998,16,972.0,494.0,256,0.0140401669777929,18233.4013836808,median 5 warm calls on training rows; end-to-end preprocessing,6000.0,,,,
1000.0,1000.0,1.0,11,1,binary,miniboone,top_quality_b1000_k16,complete,0.965363361771724,0.915249753175063,0.2201816163476481,0.0652108717976552,0.8852800347162632,0.027329152811539,0.3230189107718499,0.933648496348144,0.7638922613909618,0.7638922613909618,0.8909396791730689,1.6365160858041137,0.3065374763487922,50.0,0.0670054564873129,16.0,equal,True,1898956,186.163495084038,667.0562259999999,16,1910.0,963.0,256,0.0174547501374036,14666.494678226312,median 5 warm calls on training rows; end-to-end preprocessing,6000.0,,,,
1000.0,1000.0,1.0,11,1,binary,miniboone,coerror_b1000_k16,complete,0.9705093969720892,0.925858005776342,0.2157163589782951,0.0626888462081288,0.8866280313765836,0.0461793308201195,0.3105261785569608,0.9280334860587848,0.6998898060166365,0.6998898060166365,0.8568665342263542,1.9171356047118515,0.3053443913320841,50.0,0.0632918189396245,16.0,equal,True,1896700,186.26537012471815,667.2862700000003,16,1882.0,949.0,256,0.0157842910848557,16218.656804018185,median 5 warm calls on training rows; end-to-end preprocessing,6000.0,,,,
1000.0,1000.0,1.0,11,1,binary,miniboone,random_b1000_k64,complete,0.9623556107909272,0.9039306945418216,0.2876386475712296,0.0820111376150735,0.8433533935503887,0.1045536621261233,0.4062382178508745,0.8713271167158562,0.7233289664886167,0.7233289664886167,0.9592784597123252,1.8704731544578743,0.1257100727179018,50.0,0.0838190299980344,64.0,equal,True,7331905,187.10819395887663,670.900449,64,4416.0,2240.0,256,0.053108082851395,4820.358526522777,median 5 warm calls on training rows; end-to-end preprocessing,6000.0,,,,
1000.0,1000.0,1.0,11,1,binary,miniboone,top_quality_b1000_k64,complete,0.9689075365227302,0.923195702270753,0.2158908768107365,0.0633815074485998,0.8857940030196195,0.0381173669163748,0.3139572426305262,0.929560370452054,0.739340202199095,0.739340202199095,0.912385409239544,1.8028908985935883,0.3017313970866461,50.0,0.0655608735810331,64.0,equal,True,7613484,189.1718031680211,678.937099,64,7656.0,3860.0,256,0.0566812909673899,4516.4814638269745,median 5 warm calls on training rows; end-to-end preprocessing,6000.0,,,,
1000.0,1000.0,1.0,11,1,binary,miniboone,coerror_b1000_k64,complete,0.9710317791104204,0.9271110154227096,0.2168026243603079,0.0625329234501784,0.8894824945427087,0.0490810415267062,0.3097538226897679,0.924831822273512,0.7014905614733471,0.7014905614733471,0.912385409239544,2.0034905306221424,0.3021339326243831,50.0,0.0636398149599,64.0,equal,True,7610124,189.28246537479572,678.8430109999997,64,7614.0,3839.0,256,0.053931666072458,4746.747479598721,median 5 warm calls on training rows; end-to-end preprocessing,6000.0,,,,
1000.0,1000.0,1.0,11,1,binary,miniboone,random_b1000_k128,complete,0.962032207491634,0.904211807905807,0.2947260093499452,0.0842433819564132,0.8369456174283844,0.1129110480041119,0.4172955326181661,0.8665692711768043,0.72575395404805,0.72575395404805,0.9922514461752796,1.8640187274688984,0.1139696819452355,50.0,0.0859339887918823,128.0,equal,True,14618236,188.71903791697696,677.1066089999997,128,7974.0,4051.0,256,0.0973506250884383,2629.6698122630055,median 5 warm calls on training rows; end-to-end preprocessing,6000.0,,,,
1000.0,1000.0,1.0,11,1,binary,miniboone,top_quality_b1000_k128,complete,0.9698084297934008,0.9246716590885952,0.2172060443914565,0.0632796461801199,0.888765925550822,0.0455292503964397,0.3134526777460648,0.9259750597491458,0.7259114665018153,0.7259114665018153,0.9176505515852226,1.8815090003698771,0.2880151931387232,50.0,0.0657457429535618,128.0,equal,True,15252060,192.91218954185024,693.861283,128,15292.0,7710.0,256,0.099632458994165,2569.4437594378005,median 5 warm calls on training rows; end-to-end preprocessing,6000.0,,,,
1000.0,1000.0,1.0,11,1,binary,miniboone,coerror_b1000_k128,complete,0.971006370443212,0.927286296167052,0.2188667269807042,0.0629829936165095,0.8877748203674094,0.053111839131558,0.3119832235686627,0.9223747171833472,0.7020206918297894,0.7020206918297894,0.9176505515852226,2.016006692606119,0.2830908754662118,50.0,0.0647496529174411,128.0,equal,True,15244636,193.3661610407289,694.7362329999999,128,15216.0,7672.0,256,0.100267875008285,2553.1607205084074,median 5 warm calls on training rows; end-to-end preprocessing,6000.0,,,,
3000.0,3000.0,1.0,11,1,binary,miniboone,random_b3000_k16,complete,0.960608987803394,0.9012754670414552,0.281500296097755,0.0805425907842772,0.848639399303446,0.0937304859771721,0.3989638418975333,0.8780153512438749,0.7041674094850917,0.7041674094850917,0.8168576886274088,1.8754553913518557,0.1470301817433535,50.0,0.0816030952293623,16.0,equal,True,1840349,185.8325789589435,665.2622309999999,16,1238.0,627.0,256,0.0138533341232687,18479.305972272057,median 5 warm calls on training rows; end-to-end preprocessing,6000.0,,,,
3000.0,3000.0,1.0,11,1,binary,miniboone,top_quality_b3000_k16,complete,0.9643420559356208,0.9146075086761644,0.2199134850994106,0.0652214238718013,0.8879464960333504,0.0228615119021039,0.3230711799626012,0.9353808284656596,0.7785946478720808,0.7785946478720808,0.9106293638757912,1.579819305747341,0.3151469103270781,50.0,0.0679043747027378,16.0,equal,True,1901676,186.28196699894033,667.2484369999995,16,1944.0,980.0,256,0.0158922499977052,16108.48055102112,median 5 warm calls on training rows; end-to-end preprocessing,6000.0,,,,
3000.0,3000.0,1.0,11,1,binary,miniboone,coerror_b3000_k16,complete,0.9707990334899608,0.9271237758618855,0.2147794350467289,0.0622623891561781,0.8884399590965035,0.0463900547163138,0.3084137441021737,0.9281860467415376,0.698127621624827,0.698127621624827,0.8703323367627316,1.924530301777948,0.315779153686074,50.0,0.0629659917497068,16.0,equal,True,1896956,186.4505447500851,667.523461,16,1878.0,947.0,256,0.0177937499247491,14387.074173945331,median 5 warm calls on training rows; end-to-end preprocessing,6000.0,,,,
3000.0,3000.0,1.0,11,1,binary,miniboone,random_b3000_k64,complete,0.9622459523324488,0.9061106906843794,0.2943428618913709,0.0838911438276703,0.8412478174177751,0.1126309008565589,0.4155507380226896,0.8666559194387911,0.7146103178275854,0.7146103178275854,0.9641105201551948,1.9108518635958136,0.1160976239767796,50.0,0.0848713623169952,64.0,equal,True,7374572,187.1267008751165,670.2697029999997,64,4982.0,2523.0,256,0.0538556249812245,4753.449618108568,median 5 warm calls on training rows; end-to-end preprocessing,6000.0,,,,
3000.0,3000.0,1.0,11,1,binary,miniboone,top_quality_b3000_k64,complete,0.9669548024386972,0.92006642761297,0.2170197967887882,0.0642254313884126,0.8864268237070889,0.0299554972780509,0.3181375791955468,0.9325610688790432,0.7620062954267863,0.7620062954267863,0.9123854092395002,1.6986291746578177,0.3158736475318078,50.0,0.0663630940529425,64.0,equal,True,7617916,189.5661161679309,680.0734490000002,64,7704.0,3884.0,256,0.0625861249864101,4090.36348001394,median 5 warm calls on training rows; end-to-end preprocessing,6000.0,,,,
3000.0,3000.0,1.0,11,1,binary,miniboone,coerror_b3000_k64,complete,0.971479105383116,0.9283728387663864,0.2155581984988341,0.0621571287319754,0.888544212641124,0.051038048055313,0.3078923416636532,0.9258135945333298,0.6999353730430187,0.6999353730430187,0.8981056771677307,2.0115254891554626,0.3082988052634596,50.0,0.0627935667697849,64.0,equal,True,7609500,189.96758504305035,680.4424930000002,64,7598.0,3831.0,256,0.0600516248960047,4262.9987189077965,median 5 warm calls on training rows; end-to-end preprocessing,6000.0,,,,
3000.0,3000.0,1.0,11,1,binary,miniboone,random_b3000_k128,complete,0.9626445786596616,0.9057146916826044,0.2906472390062911,0.0827966552736187,0.8399571574209579,0.1112973033124049,0.4101292417163838,0.8679345661464775,0.7210089379329502,0.7210089379329502,0.9911943316613584,1.884782653703808,0.1138929841157161,50.0,0.0844170363695809,128.0,equal,True,14685244,189.2097653746605,678.5749739999994,128,8792.0,4460.0,256,0.1006479170173406,2543.5201004298347,median 5 warm calls on training rows; end-to-end preprocessing,6000.0,,,,
3000.0,3000.0,1.0,11,1,binary,miniboone,top_quality_b3000_k128,complete,0.9684638878202884,0.9224687354892698,0.2153219687396624,0.0635767029893513,0.8864004120661748,0.0334274084604189,0.3149241343346693,0.9306895065889926,0.752025823862461,0.752025823862461,0.918707724245758,1.753547877006714,0.3190776967455561,50.0,0.0660624617152483,128.0,equal,True,15265596,193.9035061681643,697.3971519999998,128,15396.0,7762.0,256,0.1055039169732481,2426.450195824598,median 5 warm calls on training rows; end-to-end preprocessing,6000.0,,,,
3000.0,3000.0,1.0,11,1,binary,miniboone,coerror_b3000_k128,complete,0.9715531582750456,0.928092299723234,0.2160677825708204,0.0622696769559705,0.8893195113155493,0.0511987218199777,0.3084498438672274,0.9249180347741096,0.7013237212686448,0.7013237212686448,0.912385409239544,2.0185775305075926,0.3082519045380723,50.0,0.0632757166931412,128.0,equal,True,15247100,195.2064412496984,700.0086360000003,128,15178.0,7653.0,256,0.1322435410693287,1935.8223315102537,median 5 warm calls on training rows; end-to-end preprocessing,6000.0,,,,
6000.0,6000.0,1.0,11,1,binary,miniboone,random_b6000_k16,complete,0.9608035647022796,0.9029718109715692,0.2835028858567274,0.0813656384787861,0.8482223851249638,0.0972511342661571,0.4030407689875205,0.8782736773009183,0.7288225642259634,0.7288225642259634,0.9896319227555322,1.7786087144582543,0.1440186374015296,50.0,0.084628880686595,16.0,equal,True,1809201,186.09300770889968,665.4162709999998,16,850.0,433.0,256,0.0155943329446017,16416.219976156048,median 5 warm calls on training rows; end-to-end preprocessing,6000.0,,,,
6000.0,6000.0,1.0,11,1,binary,miniboone,top_quality_b6000_k16,complete,0.9646118001416644,0.9153491287377776,0.2190438952638308,0.0653416993903099,0.8846545134485401,0.0226410007699802,0.3236669589471501,0.936011331978511,0.7843706054316045,0.7843706054316045,0.9106293638757912,1.55992543112941,0.3086008222427573,50.0,0.0679735062321356,16.0,equal,True,1901596,186.50295654218644,667.3481460000005,16,1950.0,983.0,256,0.016084416070953,15916.026971119743,median 5 warm calls on training rows; end-to-end preprocessing,6000.0,,,,
6000.0,6000.0,1.0,11,1,binary,miniboone,coerror_b6000_k16,complete,0.971016400180268,0.9262910477135372,0.214397207979388,0.0622036259229481,0.8886029423236628,0.046245731274878,0.3081226632583183,0.9289772718564032,0.6978653370208434,0.6978653370208434,0.8453365969009387,1.9270182822934896,0.3015782311682474,50.0,0.0627002500558309,16.0,equal,True,1898652,186.68886966677383,667.6195859999996,16,1906.0,961.0,256,0.0187492920085787,13653.848896420552,median 5 warm calls on training rows; end-to-end preprocessing,6000.0,,,,
6000.0,6000.0,1.0,11,1,binary,miniboone,random_b6000_k64,complete,0.9614315376835052,0.9054347995243888,0.2931002703802649,0.0839727470667191,0.8324349103497526,0.1117627450371501,0.4159549557346504,0.8681041244625829,0.7222513440614339,0.7222513440614339,0.9566262066059964,1.8524814349488956,0.1099118164877939,50.0,0.0857946040485848,64.0,equal,True,7360989,187.45096483291127,671.1262130000007,64,4812.0,2438.0,256,0.0780260830651968,3280.954136658277,median 5 warm calls on training rows; end-to-end preprocessing,6000.0,,,,
6000.0,6000.0,1.0,11,1,binary,miniboone,top_quality_b6000_k64,complete,0.96598899448097,0.9183232652983132,0.218175800755614,0.0647396820062312,0.8850715276270221,0.0260403732490679,0.3206848948478659,0.9344397373563804,0.7740717096253177,0.7740717096253177,0.9106293638757952,1.647499715654755,0.3253698103292708,50.0,0.0667449511518069,64.0,equal,True,7622220,190.04755100002512,680.9284879999993,64,7750.0,3907.0,256,0.0706170001067221,3625.1893965066783,median 5 warm calls on training rows; end-to-end preprocessing,6000.0,,,,
6000.0,6000.0,1.0,11,1,binary,miniboone,coerror_b6000_k64,complete,0.9717506883742866,0.9284951928209124,0.2152766889924673,0.0619955615903634,0.8888569732749856,0.0506264362797667,0.3070920266140099,0.9261373407520836,0.6985566390612656,0.6985566390612656,0.918342816912374,2.020312580570307,0.3121348812127022,50.0,0.0624908606740575,64.0,equal,True,7608300,190.97314104088585,682.0316939999996,64,7584.0,3824.0,256,0.0827352919150143,3094.205556958244,median 5 warm calls on training rows; end-to-end preprocessing,6000.0,,,,
6000.0,6000.0,1.0,11,1,binary,miniboone,random_b6000_k128,complete,0.961928678316912,0.904958238943585,0.2925434481248322,0.0837532764208568,0.8383669426107361,0.1102386730502994,0.4148678184672204,0.8690803632167995,0.7240104108072197,0.7240104108072197,0.9870240230160556,1.8676759290992448,0.112821694520823,50.0,0.085347352361938,128.0,equal,True,14678877,189.34838058403693,678.3213489999996,128,8732.0,4430.0,256,0.1079223749693483,2372.0753001655876,median 5 warm calls on training rows; end-to-end preprocessing,6000.0,,,,
6000.0,6000.0,1.0,11,1,binary,miniboone,top_quality_b6000_k128,complete,0.9665983567278807,0.9191007462667156,0.2176452151472275,0.0645840946607258,0.8835004250379681,0.0279167371883353,0.3199142004300547,0.933063189771416,0.7709608647002965,0.7709608647002965,0.9189896811248792,1.6696773323370817,0.3178091341646388,50.0,0.0667817105038721,128.0,equal,True,15267841,194.2073006259743,698.3215129999996,128,15452.0,7790.0,256,0.1194980419240892,2142.2945169480126,median 5 warm calls on training rows; end-to-end preprocessing,6000.0,,,,
6000.0,6000.0,1.0,11,1,binary,miniboone,coerror_b6000_k128,complete,0.9717655658175864,0.9286623222165808,0.2153547498120576,0.0620693366755684,0.8899714442241864,0.0507038799886302,0.3074574679431636,0.9258144517956176,0.7021278762336037,0.7021278762336037,0.9211444633562962,2.014012851060163,0.3059034444665597,50.0,0.0628037642713179,128.0,equal,True,15246684,196.80284900101833,702.3885149999999,128,15186.0,7657.0,256,0.1150091250892728,2225.9103336477574,median 5 warm calls on training rows; end-to-end preprocessing,6000.0,,,,
300.0,300.0,1.0,11,1,binary,miniboone,top_quality_b300_k64,complete,0.9698982516608132,0.9248632336067364,0.2212375958160443,0.0640832897160632,0.8881007868217279,0.0520763311236914,0.3174334872717333,0.921784194424138,0.7125755143234406,0.7125755143234406,0.8927398409822644,1.938556829138791,0.2551200012084503,50.0,0.0666143494804117,64.0,equal,True,7601137,188.93377691716887,678.1065839999999,64,7566.0,3815.0,256,0.0718424580991268,3563.3524627842803,median 5 warm calls on training rows; end-to-end preprocessing,6000.0,,,,
300.0,300.0,1.0,11,1,binary,miniboone,coerror_b300_k64,complete,0.9705300693745768,0.9256387006532736,0.2232720659018419,0.0641041233851874,0.8881463106838097,0.0555564333105101,0.3175366858477123,0.9196363836890076,0.7009945360028443,0.7009945360028443,0.8927398409822644,2.007986292921289,0.2378707338713164,50.0,0.0662886067206756,64.0,equal,True,7600668,188.90754912397824,677.5461709999997,64,7586.0,3825.0,256,0.0570827079936862,4484.72066231188,median 5 warm calls on training rows; end-to-end preprocessing,6000.0,,,,
6000.0,6000.0,1.0,11,1,binary,miniboone,random_cert_b6000_k64,complete,0.9614315376835052,0.9054347995243888,0.2931002703802649,0.0839727470667191,0.8324349103497526,0.1117627450371501,0.4159549557346504,0.8681041244625829,0.7222513440614339,0.7222513440614339,0.9566262066059964,1.8524814349488956,0.1099118164877939,50.0,0.0857946040485848,64.0,equal,True,7360989,187.46033920906484,670.8818279999998,64,4812.0,2438.0,256,0.0594759578816592,4304.260227458115,median 5 warm calls on training rows; end-to-end preprocessing,6000.0,,,,
6000.0,6000.0,1.0,11,1,binary,miniboone,top_quality_cert_b6000_k64,complete,0.96598899448097,0.9183232652983132,0.218175800755614,0.0647396820062312,0.8850715276270221,0.0260403732490679,0.3206848948478659,0.9344397373563804,0.7740717096253177,0.7740717096253177,0.9106293638757952,1.647499715654755,0.3253698103292708,50.0,0.0667449511518069,64.0,equal,True,7622220,189.9352143339347,680.5978519999996,64,7750.0,3907.0,256,0.0623963749967515,4102.8024466698225,median 5 warm calls on training rows; end-to-end preprocessing,6000.0,,,,
6000.0,6000.0,1.0,11,1,binary,miniboone,coerror_cert_b6000_k64,complete,0.9717506883742866,0.9284951928209124,0.2152766889924673,0.0619955615903634,0.8888569732749856,0.0506264362797667,0.3070920266140099,0.9261373407520836,0.6985566390612656,0.6985566390612656,0.918342816912374,2.020312580570307,0.3121348812127022,50.0,0.0624908606740575,64.0,equal,True,7608300,190.6854530002456,681.1982620000001,64,7584.0,3824.0,256,0.0815669579897075,3138.5257745213817,median 5 warm calls on training rows; end-to-end preprocessing,6000.0,,,,
6000.0,6000.0,1.0,11,1,binary,miniboone,abs_correlation_b6000_k64,complete,0.9734184107636462,0.9330698440826232,0.2640653837320483,0.0725063129823283,0.8790647738249717,0.112686218748982,0.3591565270942546,0.8794212202471223,0.6423026046864431,0.6423026046864431,0.924706720542604,2.323838970973793,0.1668033819749425,50.0,0.0730916582915848,64.0,equal,True,7588241,189.529863917036,675.9123229999998,64,7554.0,3809.0,256,0.0782932499423623,3269.758251042859,median 5 warm calls on training rows; end-to-end preprocessing,6000.0,,,,
6000.0,6000.0,1.0,11,1,binary,miniboone,signed_correlation_b6000_k64,complete,0.9734184107636462,0.9330698440826232,0.2640653837320483,0.0725063129823283,0.8790647738249717,0.112686218748982,0.3591565270942546,0.8794212202471223,0.6423026046864431,0.6423026046864431,0.924706720542604,2.323838970973793,0.1668033819749425,50.0,0.0730916582915848,64.0,equal,True,7588241,189.40201608324423,675.751246999999,64,7554.0,3809.0,256,0.0778798339888453,3287.1153787598805,median 5 warm calls on training rows; end-to-end preprocessing,6000.0,,,,
6000.0,6000.0,1.0,11,1,binary,miniboone,quality_diversity_l002_b6000_k64,complete,0.967154449926872,0.9204375517198624,0.2163554246844034,0.0640504858206055,0.8874179288905015,0.0306680005294857,0.3172709947564866,0.9342928793456534,0.7634968699392014,0.7634968699392014,0.9106293638757952,1.6923428608658375,0.323050086781319,50.0,0.0660687235969399,64.0,equal,True,7621884,190.90409775148143,681.8898099999994,64,7746.0,3905.0,256,0.074672833783552,3428.288268020549,median 5 warm calls on training rows; end-to-end preprocessing,6000.0,,,,
6000.0,6000.0,1.0,11,1,binary,miniboone,quality_diversity_l01_b6000_k64,complete,0.9709320389474748,0.926942038212796,0.2128572770150775,0.062000860472787,0.8884399590965035,0.0462319025730482,0.3071182743727281,0.9322374757156262,0.7224149006716349,0.7224149006716349,0.9211444633562962,1.885839721135094,0.3078422134866664,50.0,0.0637226683596248,64.0,equal,True,7615532,190.88656395836733,681.4538049999994,64,7674.0,3869.0,256,0.0892923749051988,2866.986125879099,median 5 warm calls on training rows; end-to-end preprocessing,6000.0,,,,
6000.0,6000.0,1.0,11,1,binary,miniboone,quality_diversity_l05_b6000_k64,complete,0.9727712698404916,0.9299393997363736,0.2252829106258756,0.0636218593357996,0.8894560829017946,0.0706607218099835,0.3151478141206015,0.9180915437057974,0.6667021895303763,0.6667021895303763,0.9005109616788884,2.2104683338660047,0.2560849145860358,50.0,0.0643564795150426,64.0,equal,True,7603756,190.22762046009305,679.1971349999997,64,7604.0,3834.0,256,0.0626004999503493,4089.424209120417,median 5 warm calls on training rows; end-to-end preprocessing,6000.0,,,,
6000.0,6000.0,1.0,11,1,binary,miniboone,caruana_b6000_k64,complete,0.9718220109489067,0.9279352571035832,0.2142080728378387,0.061757782493371,0.8901212216308887,0.049983415709637,0.3059141993162377,0.9266794223017196,0.6954614527339993,0.6954614527339993,0.872565678863527,2.015962535447074,0.3048231532776019,50.0,0.0622859625753635,64.0,frequency_weighted,True,4864156,188.79986949986775,674.4725129999999,41,4853.0,2447.0,256,0.0389703339897096,6569.099460825729,median 5 warm calls on training rows; end-to-end preprocessing,6000.0,,,,
6000.0,6000.0,1.0,11,1,binary,miniboone,coerror_swap_b6000_k64,complete,0.9717161415022052,0.928485311039382,0.2154937007902279,0.0620635275066925,0.8888569732749856,0.0512036471070088,0.3074286925050954,0.9259463244261206,0.6984209681748964,0.6984209681748964,0.918342816912374,2.0209010563304655,0.312093959219901,50.0,0.0624895894836249,64.0,equal,True,7608476,190.64031295804307,681.012121,64,7586.0,3825.0,256,0.0691439579240977,3702.420394866923,median 5 warm calls on training rows; end-to-end preprocessing,6000.0,,,,
6000.0,6000.0,1.0,11,1,binary,miniboone,coerror_b6000_k256,complete,0.9715170512216444,0.927880000737636,0.2159921571397985,0.0622897777022279,0.8877748203674094,0.0516359588879126,0.3085494119451074,0.9251867535715478,0.7038674161120687,0.7038674161120687,0.9595303821959654,2.0125155086385105,0.3067927920179217,50.0,0.0632987420431607,256.0,equal,True,30497548,206.93085604114455,737.5613339999998,256,30436.0,15346.0,256,0.1938648330979049,1320.5076749052048,median 5 warm calls on training rows; end-to-end preprocessing,6000.0,,,,
1000.0,1000.0,1.0,11,1,binary,miniboone,top_quality_f05_d3_b1000_k64,complete,0.9446221998645764,0.871606572942247,0.3073895114767559,0.0918968371625662,0.8068594151816341,0.0784056724080069,0.455206554142365,0.8757947427750009,0.812289258206765,0.812289258206765,0.9999999999999984,1.482588522485265,0.1018353174603174,44.0,0.0955029069965578,64.0,equal,True,7030349,185.5053013318684,664.5312469999997,64,960.0,512.0,256,0.0515842498280108,4962.7551210600195,median 5 warm calls on training rows; end-to-end preprocessing,6000.0,,,,
1000.0,1000.0,1.0,11,1,binary,miniboone,coerror_f05_d3_b1000_k64,complete,0.9571209238591396,0.8943113564123853,0.3045565983636902,0.0879429554242833,0.8324157981285848,0.1079985471856061,0.4356211914994023,0.8651116670748608,0.7499261739025863,0.7499261739025863,1.0,1.7485605997249924,0.0825396825396825,44.0,0.0890858219441535,64.0,equal,True,7030365,185.67901233420707,664.7280890000004,64,960.0,512.0,256,0.0482241669669747,5308.541673209534,median 5 warm calls on training rows; end-to-end preprocessing,6000.0,,,,
1000.0,1000.0,1.0,11,1,binary,miniboone,top_quality_f05_d6_b1000_k64,complete,0.9588108788323068,0.8985704411531473,0.2736453084353287,0.0805582423304755,0.8398014736135448,0.0776483500831008,0.3990413710773389,0.8978495645944484,0.7470521613216483,0.7470521613216483,0.999900439798072,1.7557806407432066,0.0924107142857142,42.0,0.0820422752244756,64.0,equal,True,7548989,185.72421558294445,665.364632,64,7444.0,3754.0,256,0.0514832499902695,4972.491053855081,median 5 warm calls on training rows; end-to-end preprocessing,6000.0,,,,
1000.0,1000.0,1.0,11,1,binary,miniboone,coerror_f05_d6_b1000_k64,complete,0.9637085108782528,0.9094836243952,0.2755185921827486,0.0789386531901202,0.8538020392907149,0.0955648557248616,0.3910188143227106,0.8907690248541175,0.7096886664878269,0.7096886664878269,0.9999448079484224,1.946501844276328,0.078125,45.0,0.0794431012791623,64.0,equal,True,7551677,185.84462012397125,665.4982039999993,64,7476.0,3770.0,256,0.0527817499823868,4850.161278953932,median 5 warm calls on training rows; end-to-end preprocessing,6000.0,,,,
1000.0,1000.0,1.0,11,1,binary,miniboone,top_quality_f20_d3_b1000_k64,complete,0.9464464418727704,0.871282056990345,0.2839947657908469,0.085666109945597,0.8382918867451008,0.0498224367327264,0.4243429471477062,0.9003118507057333,0.8608399913581576,0.8608399913581576,1.0,1.3365026474960704,0.1626756406191206,50.0,0.088016560258565,64.0,equal,True,7047681,186.24565120809712,667.5175069999998,64,960.0,512.0,256,0.0574822078924626,4453.551966530641,median 5 warm calls on training rows; end-to-end preprocessing,6000.0,,,,
1000.0,1000.0,1.0,11,1,binary,miniboone,coerror_f20_d3_b1000_k64,complete,0.9570735054911697,0.8913549773780487,0.2794602512640341,0.0806892521604031,0.8495599620028984,0.0816854470054341,0.3996903219561883,0.8865681150277068,0.7625958220099,0.7625958220099,1.0,1.6964497334221171,0.1332680686234607,50.0,0.0815566479589106,64.0,equal,True,7047713,186.36561212618835,667.6772469999999,64,960.0,512.0,256,0.0563872079364955,4540.036816299054,median 5 warm calls on training rows; end-to-end preprocessing,6000.0,,,,
1000.0,1000.0,1.0,11,1,binary,miniboone,top_quality_f20_d6_b1000_k64,complete,0.966406510146305,0.9156367740207424,0.2264629768732903,0.0667506683607869,0.8771777902394164,0.0422332090533588,0.3306462188406081,0.9278333569530594,0.7495399704761297,0.7495399704761297,0.9048055498426608,1.7557363756660174,0.1524401685062989,50.0,0.0679644750614879,64.0,equal,True,7577361,186.92568504204976,670.302371,64,7582.0,3823.0,256,0.058089000172913,4407.030577871315,median 5 warm calls on training rows; end-to-end preprocessing,6000.0,,,,
1000.0,1000.0,1.0,11,1,binary,miniboone,coerror_f20_d6_b1000_k64,complete,0.9708456160465094,0.9264109037065612,0.2261628560181576,0.0647809848535587,0.8854739429660117,0.061994756444871,0.3208894865116131,0.9215422333136642,0.6981229666430284,0.6981229666430284,0.8940189674167796,2.0201940375651315,0.1442108374501397,50.0,0.0654244318146446,64.0,equal,True,7572609,187.08874908275905,670.4773229999994,64,7522.0,3793.0,256,0.0547326249070465,4677.283438073171,median 5 warm calls on training rows; end-to-end preprocessing,6000.0,,,,
1000.0,1000.0,1.0,11,1,binary,miniboone,top_quality_f50_d3_b1000_k64,complete,0.92817582708555,0.8370678028878942,0.2925991318509289,0.0880090641073288,0.8446701308635514,0.0324744120328993,0.4359486576749222,0.9057752597929498,0.935149144590296,0.935149144590296,1.0,1.1391134393602502,0.3620644904839312,50.0,0.0930412530383911,64.0,equal,True,7082252,187.8162994168233,673.816861,64,960.0,512.0,256,0.059214208042249,4323.286732423156,median 5 warm calls on training rows; end-to-end preprocessing,6000.0,,,,
1000.0,1000.0,1.0,11,1,binary,miniboone,coerror_f50_d3_b1000_k64,complete,0.9565398677590312,0.8890422950430735,0.276317851285241,0.0803132906431394,0.8454926807436627,0.077865165484069,0.3978280146989644,0.8909137657807846,0.7734626357882731,0.7734626357882731,1.0,1.6482500373947109,0.3429177170735042,50.0,0.0809763527722585,64.0,equal,True,7082348,187.9691194172483,673.9581629999996,64,960.0,512.0,256,0.0595372079405933,4299.8321361565795,median 5 warm calls on training rows; end-to-end preprocessing,6000.0,,,,
1000.0,1000.0,1.0,11,1,binary,miniboone,top_quality_f50_d6_b1000_k64,complete,0.966227312177572,0.9189477331409314,0.217286771618747,0.0644161323329043,0.8862447282587618,0.0260855223258009,0.3190822071337229,0.934245141103104,0.7732194080055194,0.7732194080055194,0.9106293638757952,1.6509243670209328,0.3522251600057297,50.0,0.0666456777890439,64.0,equal,True,7624844,189.50187424989417,680.5474659999993,64,7742.0,3903.0,256,0.0683196661993861,3747.0909072196296,median 5 warm calls on training rows; end-to-end preprocessing,6000.0,,,,
1000.0,1000.0,1.0,11,1,binary,miniboone,coerror_f50_d6_b1000_k64,complete,0.9715277496078374,0.9283950148059582,0.2142196302750772,0.0619619602335754,0.8893914468185451,0.048401529361795,0.3069255839124954,0.926746146112778,0.7027812964345445,0.7027812964345445,0.918342816912374,1.9934636815464573,0.346772450090709,50.0,0.0625674160360285,64.0,equal,True,7611052,189.59006608393975,680.3637879999999,64,7570.0,3817.0,256,0.0586583339609205,4364.256239711012,median 5 warm calls on training rows; end-to-end preprocessing,6000.0,,,,
,,,11,1,binary,miniboone,random_forest,complete,0.976233869396776,0.9384487499372538,0.194863704704601,0.0559417463697127,0.9113886104089056,0.0459141105444727,0.2771047446672754,,,,,,,,,,,,28667627,11.85402900003828,11.860737999999856,256,357058.0,178657.0,256,0.0122508748900145,20896.46676652139,median 5 warm calls on training rows; end-to-end preprocessing,,11.85402900003828,11.860737999999856,1463025664.0,
,,,11,1,binary,miniboone,extra_trees,complete,0.9769839822870384,0.9407416340890912,0.1999747144405107,0.0571516239251514,0.906206858200469,0.0554808197090145,0.2830978148310629,,,,,,,,,,,,87863307,2.394122165860608,2.3957689999997456,256,1097004.0,548630.0,256,0.0170002081431448,15058.639155734649,median 5 warm calls on training rows; end-to-end preprocessing,,2.394122165860608,2.3957689999997456,1404633088.0,
,,,11,1,binary,miniboone,xgboost,complete,0.9821952107782674,0.9530924948253482,0.153402179479599,0.0451255928730687,0.927820718673008,0.0116418520160755,0.2235274495796069,,,,,,,,,,,,1130108,2.136307416949421,2.138930000000073,300,26996.0,13648.0,256,0.0016534999012947,154823.11175195672,median 5 warm calls on training rows; end-to-end preprocessing,,2.136307416949421,2.138930000000073,1434861568.0,
,,,11,1,binary,miniboone,lightgbm,complete,0.9823459911586752,0.954215492718681,0.1526922914313425,0.044848679107,0.9263802812694883,0.0108349166335995,0.2221557705845648,,,,,,,,,,,,1043295,1.3107720830012113,1.311627999999928,300,18300.0,9300.0,256,0.0066195828840136,38673.1315984036,median 5 warm calls on training rows; end-to-end preprocessing,,1.3107720830012113,1.311627999999928,1458388992.0,
,,,11,1,binary,miniboone,catboost,complete,0.9815124085678024,0.952179910122914,0.1562110659955527,0.0456728663357985,0.926941166453962,0.0116990059725877,0.2262383423027386,,,,,,,,,,,,351320,3.19717379193753,3.2048530000001847,300,38100.0,19200.0,256,0.0009862079750746,259580.1357017242,median 5 warm calls on training rows; end-to-end preprocessing,,3.19717379193753,3.2048530000001847,1481523200.0,
,,,11,1,binary,miniboone,linear,complete,0.9169207904859252,0.8386201814981682,0.3199629091707725,0.0980799079654554,0.8048799908528799,0.0193674917744421,0.4858340973865625,,,,,,,,,,,,5978,0.0970103750005364,0.0971199999999044,1,,,256,0.000846334034577,302481.04122144374,median 5 warm calls on training rows; end-to-end preprocessing,,0.0970103750005364,0.0971199999999044,1482080256.0,51.0
,,,11,1,binary,miniboone,rf_leaf5,complete,0.9756386602232664,0.9370289493521676,0.196078580511806,0.0571513611653382,0.9046430550311612,0.0435540963481146,0.2830965132629915,,,,,,,,,,,,17020907,11.004062208812684,11.009879000000184,256,211474.0,105865.0,256,0.0121106670703738,21138.389695002697,median 5 warm calls on training rows; end-to-end preprocessing,,11.004062208812684,11.009879000000184,1488502784.0,
,,,11,1,binary,miniboone,rf_shallow64,complete,0.9660224826585846,0.914027812851278,0.2378612789928951,0.0691285000308703,0.8699286863407016,0.0583474368669378,0.342424693424608,,,,,,,,,,,,592827,1.5426557920873163,1.5435930000003282,64,7032.0,3548.0,256,0.0029322081245481,87306.2174055074,median 5 warm calls on training rows; end-to-end preprocessing,,1.5426557920873163,1.5435930000003282,1488650240.0,
,,,11,1,binary,miniboone,random_patches64,complete,0.9664168742079294,0.9158670234118762,0.2504672053334358,0.0721120106192674,0.8680243178775828,0.0744602726968819,0.3572033693412665,,,,,,,,,,,,4108249,1.9478621250018475,1.9492129999998724,64,6890.0,3477.0,256,0.0418298339936882,6120.0338504481815,median 5 warm calls on training rows; end-to-end preprocessing,,1.9478621250018475,1.9492129999998724,1490370560.0,
1000.0,1000.0,1.0,11,2,binary,miniboone,random_b1000_k16,complete,0.95353441816487,0.8887797277006995,0.299581545887673,0.0869330769379798,0.8235257322278369,0.0963063771501926,0.4307198273114218,0.8711203470865732,0.7282622211030564,0.7282622211030564,0.904074733468054,1.7697857851657264,0.1199090822219892,49.0,0.0854230965637301,16.0,equal,True,1807156,186.5361568746157,667.6041119999995,16,836.0,426.0,256,0.0149949160404503,17072.453044045968,median 5 warm calls on training rows; end-to-end preprocessing,6000.0,,,,
1000.0,1000.0,1.0,11,2,binary,miniboone,top_quality_b1000_k16,complete,0.963111583628068,0.906741876586354,0.227414940362723,0.0679670262223735,0.8721238286807633,0.031141711841989,0.3367503696925039,0.934663256906644,0.7677376734341633,0.7677376734341633,0.8829964001030257,1.6231304548680596,0.3152018287212439,50.0,0.0663874901076002,16.0,equal,True,1898260,187.2007230008021,670.2662219999997,16,1900.0,958.0,256,0.0181825419422239,14079.439542251848,median 5 warm calls on training rows; end-to-end preprocessing,6000.0,,,,
1000.0,1000.0,1.0,11,2,binary,miniboone,coerror_b1000_k16,complete,0.9682042856569422,0.9181367809306744,0.2225860575024859,0.0649981990899382,0.8823983221311877,0.0453695340813638,0.3220409776539328,0.928073745779988,0.7027556607763354,0.7027556607763354,0.8292458039210842,1.9045290861284665,0.3247624462144343,50.0,0.0628992671368013,16.0,equal,True,1894228,187.20630337367768,670.4691319999993,16,1842.0,929.0,256,0.0178767920006066,14320.242691827065,median 5 warm calls on training rows; end-to-end preprocessing,6000.0,,,,
1000.0,1000.0,1.0,11,2,binary,miniboone,random_b1000_k64,complete,0.9583523256903036,0.8986903138222138,0.2955193394707141,0.0849902001292679,0.8348783299808664,0.1033624149834307,0.4210936229596215,0.8728367533146331,0.7160488914615454,0.7160488914615454,0.9623584131583344,1.896149031350122,0.1159157885643979,50.0,0.083272957850849,64.0,equal,True,7324841,188.0734172507655,674.1013789999997,64,4344.0,2204.0,256,0.056394875049591,4539.4195797913435,median 5 warm calls on training rows; end-to-end preprocessing,6000.0,,,,
1000.0,1000.0,1.0,11,2,binary,miniboone,top_quality_b1000_k64,complete,0.965544370754595,0.9134427501425604,0.2248846851610334,0.0666445849441885,0.8726500024530246,0.0389676876359667,0.3301981838153641,0.931232333514932,0.7494171442432973,0.7494171442432973,0.924614748032958,1.7556734672967254,0.3160134662827025,50.0,0.0654899519798316,64.0,equal,True,7596324,190.23140320857055,682.6730499999994,64,7416.0,3740.0,256,0.0586487909313291,4364.966369038128,median 5 warm calls on training rows; end-to-end preprocessing,6000.0,,,,
1000.0,1000.0,1.0,11,2,binary,miniboone,coerror_b1000_k64,complete,0.9689888075178512,0.9203297262405216,0.2234990557851694,0.0651583335499722,0.8800237943384193,0.0538912869339779,0.3228343820680164,0.9270892637491116,0.7093610596038309,0.7093610596038309,0.8856032198934631,1.9590780906024925,0.2986419318101759,50.0,0.0633230310026542,64.0,equal,True,7591513,190.1629851248581,681.9954529999995,64,7382.0,3723.0,256,0.0583102498203516,4390.308749983269,median 5 warm calls on training rows; end-to-end preprocessing,6000.0,,,,
1000.0,1000.0,1.0,11,2,binary,miniboone,random_b1000_k128,complete,0.956328691913493,0.893386895728172,0.300958023593966,0.0873047455249682,0.819741941814257,0.1069202004873513,0.4325613016413698,0.870176549591415,0.7317087321272292,0.7317087321272292,0.9940131502528738,1.8454488617273055,0.116409824313005,50.0,0.0852022479949169,128.0,equal,True,14632441,189.71268979087472,680.528851,128,8124.0,4126.0,256,0.1059804169926792,2415.54059952117,median 5 warm calls on training rows; end-to-end preprocessing,6000.0,,,,
1000.0,1000.0,1.0,11,2,binary,miniboone,top_quality_b1000_k128,complete,0.9667927372632276,0.9159073706673494,0.225333815638889,0.0665159771607709,0.8763074621007703,0.0438044155660712,0.3295609819099941,0.92832463427626,0.7353890805110934,0.7353890805110934,0.9375255765665642,1.8335764658962792,0.3028595181068431,50.0,0.0656588062744919,128.0,equal,True,15214532,194.2700764590409,698.8274059999994,128,14770.0,7449.0,256,0.1075890001375228,2379.4254029015488,median 5 warm calls on training rows; end-to-end preprocessing,6000.0,,,,
1000.0,1000.0,1.0,11,2,binary,miniboone,coerror_b1000_k128,complete,0.9690040274203549,0.9206875507164438,0.2255458402901651,0.0656639375018803,0.8782110091743119,0.0558325249349331,0.32533945441245,0.9243128487188084,0.7092055871902793,0.7092055871902793,0.9375255765666818,1.9777115238798988,0.2810846628863017,50.0,0.0644174795283528,128.0,equal,True,15208377,194.82966174883768,699.8248559999997,128,14754.0,7441.0,256,0.1057341250125318,2421.167243495496,median 5 warm calls on training rows; end-to-end preprocessing,6000.0,,,,
3000.0,3000.0,1.0,11,2,binary,miniboone,random_b3000_k16,complete,0.960178713990714,0.898933728258596,0.2830806845056891,0.0815406169385154,0.83705784231958,0.0954166869397909,0.4040022702944292,0.8811788125482263,0.7046473448874,0.7046473448874,0.883843371305102,1.8936752044325869,0.1396847932451946,50.0,0.0804595293414446,16.0,equal,True,1833273,186.69666424999016,667.9885299999996,16,1152.0,584.0,256,0.0146834161132574,17434.634966781465,median 5 warm calls on training rows; end-to-end preprocessing,6000.0,,,,
3000.0,3000.0,1.0,11,2,binary,miniboone,top_quality_b3000_k16,complete,0.9604552925120308,0.9021658372825412,0.2297347507061313,0.069390403565985,0.8733785507530785,0.0185779851599412,0.3438026547977086,0.9363688284938366,0.8109419465271862,0.8109419465271862,0.9171357766599072,1.469786002198296,0.3692951596395869,50.0,0.0685386394410111,16.0,equal,True,1899252,187.2275406664703,670.521131,16,1898.0,957.0,256,0.0183942499570548,13917.392695961207,median 5 warm calls on training rows; end-to-end preprocessing,6000.0,,,,
3000.0,3000.0,1.0,11,2,binary,miniboone,coerror_b3000_k16,complete,0.9687216508409414,0.9189557626290932,0.2214118409978151,0.0645662392308492,0.8805266643771771,0.0482261423782583,0.3199007833519985,0.9295496999450928,0.7070785609406184,0.7070785609406184,0.8214432608628491,1.8814626081116124,0.3429648572931817,50.0,0.0622454227806081,16.0,equal,True,1894932,187.32792729255743,670.5269900000003,16,1844.0,930.0,256,0.0177106661722064,14454.56639015332,median 5 warm calls on training rows; end-to-end preprocessing,6000.0,,,,
3000.0,3000.0,1.0,11,2,binary,miniboone,random_b3000_k64,complete,0.9595647888391844,0.9013555125075164,0.2885578120187536,0.0830186519177701,0.841145807780994,0.1011152377406646,0.4113253628783834,0.8789955318548768,0.7122675108070111,0.7122675108070111,0.9866014244964828,1.9168246772698352,0.1185978258995658,50.0,0.080771155195348,64.0,equal,True,7365892,188.46412033378147,674.5185069999993,64,4854.0,2459.0,256,0.0546585421543568,4683.622905218562,median 5 warm calls on training rows; end-to-end preprocessing,6000.0,,,,
3000.0,3000.0,1.0,11,2,binary,miniboone,top_quality_b3000_k64,complete,0.9638061240873632,0.9084849428377882,0.2256843917507434,0.0674929910069797,0.8722869548152873,0.0318791175733546,0.334401708247337,0.933992682138423,0.7793168008567982,0.7793168008567982,0.9309642422054184,1.6263875097623794,0.326682762415571,50.0,0.0665722899750266,64.0,equal,True,7601268,190.41798679158092,682.920282,64,7484.0,3774.0,256,0.0572187080979347,4474.061168277935,median 5 warm calls on training rows; end-to-end preprocessing,6000.0,,,,
3000.0,3000.0,1.0,11,2,binary,miniboone,coerror_b3000_k64,complete,0.9694116197544298,0.920457573551794,0.2226407560122725,0.0647319651665192,0.8767698572339695,0.0529541637387484,0.3207218913687289,0.927331074223286,0.7054664796833652,0.7054664796833652,0.90988472519486,1.980366602051559,0.3112662792448677,50.0,0.0623937629327677,64.0,equal,True,7586868,190.8477195831947,683.3496959999998,64,7304.0,3684.0,256,0.0596803328953683,4289.5203089570505,median 5 warm calls on training rows; end-to-end preprocessing,6000.0,,,,
3000.0,3000.0,1.0,11,2,binary,miniboone,random_b3000_k128,complete,0.9585794534661236,0.8986978143456262,0.2959675348921299,0.0855319644489667,0.8250306628072414,0.1059233045185482,0.423777855963253,0.8736665265425917,0.7261630379344938,0.7261630379344938,0.9952246739419004,1.8659497332488069,0.1212251424114956,50.0,0.083888178481771,128.0,equal,True,14681861,190.18637391598895,681.5820709999998,128,8702.0,4415.0,256,0.0974410828202962,2627.2286041004154,median 5 warm calls on training rows; end-to-end preprocessing,6000.0,,,,
3000.0,3000.0,1.0,11,2,binary,miniboone,top_quality_b3000_k128,complete,0.9652104249084577,0.911943215869332,0.2241822918433696,0.066625428487511,0.8730032379924446,0.0359711276912147,0.3301032709697285,0.9324650163859785,0.7629735623635616,0.7629735623635616,0.9321633002774858,1.7047386351651186,0.318696610929782,50.0,0.0658309600842517,128.0,equal,True,15221796,194.8950811678078,700.504962,128,14840.0,7484.0,256,0.1092812919523567,2342.5784544312323,median 5 warm calls on training rows; end-to-end preprocessing,6000.0,,,,
3000.0,3000.0,1.0,11,2,binary,miniboone,coerror_b3000_k128,complete,0.969563540026671,0.9214039926916966,0.2227819970192983,0.0647258068725877,0.8789542756218417,0.0548757332175571,0.3206913794003029,0.9267663832672756,0.7069820661943875,0.7069820661943875,0.9309642422054184,1.9874884001868367,0.3018003578307381,50.0,0.0629212546263034,128.0,equal,True,15208276,195.69490475114435,700.986351,128,14696.0,7412.0,256,0.1100313330534845,2326.610001857946,median 5 warm calls on training rows; end-to-end preprocessing,6000.0,,,,
6000.0,6000.0,1.0,11,2,binary,miniboone,random_b6000_k16,complete,0.9566141347736304,0.8930920549967304,0.2929055207381106,0.084921164289677,0.8342797919835157,0.0983752804218404,0.4207515770324067,0.8784386465939682,0.7155562032487656,0.7155562032487656,0.8654146260404713,1.8291022714506473,0.1265369541165327,50.0,0.0829435482083074,16.0,equal,True,1832581,187.02629362395965,668.1740339999997,16,1146.0,581.0,256,0.0138576249592006,18473.5840920584,median 5 warm calls on training rows; end-to-end preprocessing,6000.0,,,,
6000.0,6000.0,1.0,11,2,binary,miniboone,top_quality_b6000_k16,complete,0.960217237626721,0.8997126956663125,0.2301493100924238,0.0694682801382436,0.8720281607221705,0.0197577399009576,0.3441885031414725,0.9367550351857106,0.8138991965617346,0.8138991965617346,0.9176361562557112,1.4603225002883755,0.3677852271826448,50.0,0.0687995759165146,16.0,equal,True,1898596,187.3696084569674,670.5123329999997,16,1890.0,953.0,256,0.017886082874611,14312.804083189589,median 5 warm calls on training rows; end-to-end preprocessing,6000.0,,,,
6000.0,6000.0,1.0,11,2,binary,miniboone,coerror_b6000_k16,complete,0.9689773786533342,0.9204254723822836,0.2208963057834221,0.064296450457286,0.8815826914585685,0.0489492019720309,0.3185640841570234,0.9293251034859912,0.7005538456714722,0.7005538456714722,0.8214432608628491,1.915250565428045,0.3178959215679319,50.0,0.062026333038816,16.0,equal,True,1895316,187.6401363748591,670.6066969999993,16,1856.0,936.0,256,0.0182352501433342,14038.743531773183,median 5 warm calls on training rows; end-to-end preprocessing,6000.0,,,,
6000.0,6000.0,1.0,11,2,binary,miniboone,random_b6000_k64,complete,0.956670888842306,0.8931616413820067,0.3077057562652484,0.089234847993988,0.8122553107982142,0.1132766206401218,0.4421242140727642,0.8647851389852703,0.7288282067879298,0.7288282067879298,0.9389935724566544,1.8360728916247917,0.1095549749609124,50.0,0.0876008318761023,64.0,equal,True,7252628,188.15036350069568,673.2007669999998,64,3458.0,1761.0,256,0.060762875014916,4213.098868958343,median 5 warm calls on training rows; end-to-end preprocessing,6000.0,,,,
6000.0,6000.0,1.0,11,2,binary,miniboone,top_quality_b6000_k64,complete,0.962497212472069,0.90653909409222,0.22666191862318,0.0680170540109516,0.8728033164892313,0.0271586006803984,0.3369982380668454,0.9352775685066564,0.7981518680940263,0.7981518680940263,0.9264857811456388,1.5527618491387176,0.3380926711921323,50.0,0.0674356724830334,64.0,equal,True,7605972,190.8730228759814,683.7823509999994,64,7536.0,3800.0,256,0.0798350831028074,3206.610302770484,median 5 warm calls on training rows; end-to-end preprocessing,6000.0,,,,
6000.0,6000.0,1.0,11,2,binary,miniboone,coerror_b6000_k64,complete,0.9697263316578432,0.9220494164290508,0.221663136804584,0.0643485576312206,0.8827564637197665,0.0516875469447684,0.3188222550828591,0.9278534570145948,0.7046800172352501,0.7046800172352501,0.90988472519486,1.985882939424411,0.3187889633060122,50.0,0.0619823425762682,64.0,equal,True,7589684,191.8149136248976,684.6460739999998,64,7332.0,3698.0,256,0.0692605408839881,3696.188287481059,median 5 warm calls on training rows; end-to-end preprocessing,6000.0,,,,
6000.0,6000.0,1.0,11,2,binary,miniboone,random_b6000_k128,complete,0.9596121768140116,0.9012509192028352,0.2967902205130495,0.0853251368487084,0.833808811264289,0.1132493865068647,0.4227531050697579,0.8722072393060993,0.7192536129658451,0.7192536129658451,0.9999999999996906,1.8891447156591032,0.1269123629790524,50.0,0.0841180369691329,128.0,equal,True,14600820,190.6719582499936,682.4175399999999,128,7670.0,3899.0,256,0.1098133749328553,2331.227868704786,median 5 warm calls on training rows; end-to-end preprocessing,6000.0,,,,
6000.0,6000.0,1.0,11,2,binary,miniboone,top_quality_b6000_k128,complete,0.9635747035185294,0.9088590410709254,0.22561798172431,0.0674432298482271,0.8709770396899377,0.0315441077116272,0.3341551609208224,0.93402496589872,0.78439218337809,0.78439218337809,0.9309642422054184,1.6141557803261324,0.3293886005925318,50.0,0.0668807586815327,128.0,equal,True,15237764,195.0076992507093,700.5121320000003,128,15034.0,7581.0,256,0.1040769589599222,2459.718294599481,median 5 warm calls on training rows; end-to-end preprocessing,6000.0,,,,
6000.0,6000.0,1.0,11,2,binary,miniboone,coerror_b6000_k128,complete,0.9695688920802988,0.9214618805883557,0.2224645135873139,0.0646089894076296,0.8805131727419908,0.0538128840590162,0.3201125939701083,0.927126248839824,0.7052414062169752,0.7052414062169752,0.921746724023626,1.997654957913049,0.3199909257387258,50.0,0.0623425932349367,128.0,equal,True,15209284,197.7225753320381,705.9257829999997,128,14660.0,7394.0,256,0.116918042069301,2189.567969742948,median 5 warm calls on training rows; end-to-end preprocessing,6000.0,,,,
300.0,300.0,1.0,11,2,binary,miniboone,top_quality_b300_k64,complete,0.9658847836655324,0.9133763865693172,0.2330313765302774,0.0684824965360898,0.8733846833145268,0.0521827782061642,0.3393043260498344,0.9227745988512636,0.7297419301138134,0.7297419301138134,0.9951003515706196,1.8464027333101256,0.2720516026963004,50.0,0.0676627976289903,64.0,equal,True,7550100,189.82666775095277,681.1313750000004,64,6892.0,3478.0,256,0.0577597920782864,4432.148918628775,median 5 warm calls on training rows; end-to-end preprocessing,6000.0,,,,
300.0,300.0,1.0,11,2,binary,miniboone,coerror_b300_k64,complete,0.9685431933027968,0.9202665611871478,0.2300530924426979,0.0667525774658479,0.8755421184320267,0.0576519055270857,0.3307332450592363,0.9200260430045452,0.7062803607616002,0.7062803607616002,0.8602834897565398,1.9787742602476233,0.2540217986262263,50.0,0.066097045978448,64.0,equal,True,7587161,189.810863541672,681.0455660000002,64,7382.0,3723.0,256,0.0641607500147074,3989.9782957854704,median 5 warm calls on training rows; end-to-end preprocessing,6000.0,,,,
6000.0,6000.0,1.0,11,2,binary,miniboone,random_cert_b6000_k64,complete,0.956670888842306,0.8931616413820067,0.3077057562652484,0.089234847993988,0.8122553107982142,0.1132766206401218,0.4421242140727642,0.8647851389852703,0.7288282067879298,0.7288282067879298,0.9389935724566544,1.8360728916247917,0.1095549749609124,50.0,0.0876008318761023,64.0,equal,True,7252628,188.30455191573128,673.0654069999987,64,3458.0,1761.0,256,0.05525170895271,4633.340847775597,median 5 warm calls on training rows; end-to-end preprocessing,6000.0,,,,
6000.0,6000.0,1.0,11,2,binary,miniboone,top_quality_cert_b6000_k64,complete,0.962497212472069,0.90653909409222,0.22666191862318,0.0680170540109516,0.8728033164892313,0.0271586006803984,0.3369982380668454,0.9352775685066564,0.7981518680940263,0.7981518680940263,0.9264857811456388,1.5527618491387176,0.3380926711921323,50.0,0.0674356724830334,64.0,equal,True,7605972,190.7527723328676,683.4054439999995,64,7536.0,3800.0,256,0.0583580420352518,4386.713314428202,median 5 warm calls on training rows; end-to-end preprocessing,6000.0,,,,
6000.0,6000.0,1.0,11,2,binary,miniboone,coerror_cert_b6000_k64,complete,0.9697263316578432,0.9220494164290508,0.221663136804584,0.0643485576312206,0.8827564637197665,0.0516875469447684,0.3188222550828591,0.9278534570145948,0.7046800172352501,0.7046800172352501,0.90988472519486,1.985882939424411,0.3187889633060122,50.0,0.0619823425762682,64.0,equal,True,7589684,191.88622587476857,684.9874269999996,64,7332.0,3698.0,256,0.0701758749783039,3647.977315268913,median 5 warm calls on training rows; end-to-end preprocessing,6000.0,,,,
6000.0,6000.0,1.0,11,2,binary,miniboone,abs_correlation_b6000_k64,complete,0.971528747218047,0.9270892522584484,0.2685465600221438,0.0743611483516707,0.8704263356718834,0.10963518621951,0.3684307757743438,0.8794209000120469,0.6447877205641364,0.6447877205641364,0.9406388115725514,2.310840705400544,0.1640304506347809,50.0,0.0728738909299092,64.0,equal,True,7575753,190.68044383381493,679.422184999999,64,7396.0,3730.0,256,0.0793407501187175,3226.589106063999,median 5 warm calls on training rows; end-to-end preprocessing,6000.0,,,,
6000.0,6000.0,1.0,11,2,binary,miniboone,signed_correlation_b6000_k64,complete,0.971528747218047,0.9270892522584484,0.2685465600221438,0.0743611483516707,0.8704263356718834,0.10963518621951,0.3684307757743438,0.8794209000120469,0.6447877205641364,0.6447877205641364,0.9406388115725514,2.310840705400544,0.1640304506347809,50.0,0.0728738909299092,64.0,equal,True,7575753,190.38179683405903,678.825307999999,64,7396.0,3730.0,256,0.0792795000597834,3229.081916598292,median 5 warm calls on training rows; end-to-end preprocessing,6000.0,,,,
6000.0,6000.0,1.0,11,2,binary,miniboone,quality_diversity_l002_b6000_k64,complete,0.9642679059644178,0.9102037684580824,0.2242839953950194,0.066929260250658,0.8737415983908159,0.0317892464976307,0.3316086400325049,0.9350687227396624,0.7722452753458029,0.7722452753458029,0.9264857811456592,1.6564436323337468,0.3283337596803223,50.0,0.0656837566066546,64.0,equal,True,7604148,191.64407574897632,684.5933309999987,64,7520.0,3792.0,256,0.07680229190737,3333.2338611555647,median 5 warm calls on training rows; end-to-end preprocessing,6000.0,,,,
6000.0,6000.0,1.0,11,2,binary,miniboone,quality_diversity_l01_b6000_k64,complete,0.9679423695325428,0.91766284728662,0.2212708572651523,0.0650647552351021,0.8807621547367904,0.0441990660067171,0.3223707376527878,0.9326473629042208,0.7251560328402025,0.7251560328402025,0.9176361562557346,1.8718964476961104,0.3233789310721033,50.0,0.0630634502846833,64.0,equal,True,7601604,191.6923124161549,684.3217609999997,64,7474.0,3769.0,256,0.0653477499727159,3917.502899593104,median 5 warm calls on training rows; end-to-end preprocessing,6000.0,,,,
6000.0,6000.0,1.0,11,2,binary,miniboone,quality_diversity_l05_b6000_k64,complete,0.9712475414003648,0.9272227055826732,0.2304759858663086,0.0658344121064998,0.8849862630623558,0.0695409469763058,0.3261840902501424,0.919454889528506,0.6683032317241955,0.6683032317241955,0.8949107318006512,2.1982739173349533,0.2507364897405635,50.0,0.0640384743559588,64.0,equal,True,7586809,191.08771545789205,681.7895549999989,64,7392.0,3728.0,256,0.0616243339609354,4154.2031133720975,median 5 warm calls on training rows; end-to-end preprocessing,6000.0,,,,
6000.0,6000.0,1.0,11,2,binary,miniboone,caruana_b6000_k64,complete,0.9696803374469812,0.9218355665477038,0.2208567625229108,0.0640962880332399,0.8848820095177353,0.0517882899369918,0.3175723566379244,0.9276545565764096,0.7018565215313954,0.7018565215313954,0.9017148884946742,1.9827215569704124,0.3108927318088657,50.0,0.0616802514286312,64.0,frequency_weighted,True,4734884,189.65168170817196,677.2497829999988,40,4594.0,2317.0,256,0.0397506661247462,6440.143649331977,median 5 warm calls on training rows; end-to-end preprocessing,6000.0,,,,
6000.0,6000.0,1.0,11,2,binary,miniboone,coerror_swap_b6000_k64,complete,0.9697508619036362,0.9221306711237264,0.2215491346205226,0.0642962579908475,0.8835586027571996,0.0520933472824333,0.3185631305601409,0.9277587976709224,0.7044846284542473,0.7044846284542473,0.90988472519486,1.9869261539760807,0.3186186771181621,50.0,0.061981859872519,64.0,equal,True,7590004,191.7788818338886,684.817939,64,7336.0,3700.0,256,0.0665585419628769,3846.238100329545,median 5 warm calls on training rows; end-to-end preprocessing,6000.0,,,,
6000.0,6000.0,1.0,11,2,binary,miniboone,coerror_b6000_k256,complete,0.969607471466864,0.9221053462442812,0.22263557498416,0.0646764977409459,0.8806174262866113,0.0531719899238716,0.3204470716935739,0.9265864041740012,0.7076037175120019,0.7076037175120019,0.9485375509162044,1.9926906288780044,0.3127606495304426,50.0,0.0629121263956394,256.0,equal,True,30420516,207.57999395788647,740.6136360000005,256,29404.0,14830.0,256,0.2008757090661674,1274.4198947204457,median 5 warm calls on training rows; end-to-end preprocessing,6000.0,,,,
1000.0,1000.0,1.0,11,2,binary,miniboone,top_quality_f05_d3_b1000_k64,complete,0.9317037259213338,0.8518325249822948,0.317252470041601,0.0967622492054637,0.8047944365402542,0.0614165273915157,0.4794195803948798,0.8868677832298144,0.8221028149868915,0.8221028149868915,1.0,1.450064931024943,0.126140873015873,45.0,0.0934811177887119,64.0,equal,True,7031141,186.37589249876328,667.3070039999998,64,960.0,512.0,256,0.0479969999287277,5333.6666954214315,median 5 warm calls on training rows; end-to-end preprocessing,6000.0,,,,
1000.0,1000.0,1.0,11,2,binary,miniboone,coerror_f05_d3_b1000_k64,complete,0.9521317898605344,0.8865233394382714,0.3054359186127841,0.0893020216436765,0.8189802776823825,0.0964119683853099,0.4424570335680912,0.8734695258994138,0.7562987727057475,0.7562987727057475,0.9999999999999984,1.723317836919284,0.0902281746031745,38.0,0.0870780411378607,64.0,equal,True,7031221,186.5076369990129,667.4667739999991,64,960.0,512.0,256,0.0518236248753964,4939.831990053193,median 5 warm calls on training rows; end-to-end preprocessing,6000.0,,,,
1000.0,1000.0,1.0,11,2,binary,miniboone,top_quality_f05_d6_b1000_k64,complete,0.9514023495515426,0.8860061465903153,0.282025994817849,0.0848575935817718,0.8252612471176961,0.0698954385213352,0.420436608722352,0.9024407678990268,0.7635583729976738,0.7635583729976738,0.9997149563684828,1.677418408251176,0.1179563492063492,40.0,0.082652104863964,64.0,equal,True,7542229,186.56930745765567,668.1338730000002,64,7348.0,3706.0,256,0.0530659998767077,4824.181219515018,median 5 warm calls on training rows; end-to-end preprocessing,6000.0,,,,
1000.0,1000.0,1.0,11,2,binary,miniboone,coerror_f05_d6_b1000_k64,complete,0.961238755112326,0.9055132627060218,0.2764480889488366,0.0799416704353352,0.8509934749546191,0.0891853454322403,0.396080107799004,0.8953412370250029,0.712410185207389,0.712410185207389,0.999714956368308,1.932153536845297,0.0939484126984126,40.0,0.0785392111724839,64.0,equal,True,7546517,186.7162366239354,668.2764920000004,64,7402.0,3733.0,256,0.0614222080912441,4167.873607209075,median 5 warm calls on training rows; end-to-end preprocessing,6000.0,,,,
1000.0,1000.0,1.0,11,2,binary,miniboone,top_quality_f20_d3_b1000_k64,complete,0.93638694009714,0.8481594386944499,0.3010465667463128,0.0924792790005755,0.8140975322572732,0.0509634791512593,0.4581991168842473,0.9058206745804728,0.8661571854700895,0.8661571854700895,1.0,1.3207521921721186,0.1649149791495545,50.0,0.0884792904542001,64.0,equal,True,7047913,187.24874816578813,670.8076129999995,64,960.0,512.0,256,0.0586287500336766,4366.458432986417,median 5 warm calls on training rows; end-to-end preprocessing,6000.0,,,,
1000.0,1000.0,1.0,11,2,binary,miniboone,coerror_f20_d3_b1000_k64,complete,0.952767959484954,0.8841904699456963,0.2873688213665389,0.08453700684862,0.8312429475543345,0.0752171907010881,0.4188482252530775,0.8914964441952813,0.769140489047629,0.769140489047629,1.0,1.6703986844350711,0.1316072969148673,50.0,0.0814658142446028,64.0,equal,True,7047913,187.24679816677235,670.4365879999991,64,960.0,512.0,256,0.0573959161993116,4460.247643944228,median 5 warm calls on training rows; end-to-end preprocessing,6000.0,,,,
1000.0,1000.0,1.0,11,2,binary,miniboone,top_quality_f20_d6_b1000_k64,complete,0.9641959877437972,0.9094703827090852,0.2332881708831126,0.0690631912389667,0.8677059314134328,0.0444132041183409,0.3421814440692765,0.9285122927678714,0.7565065067516883,0.7565065067516883,0.9233253051944704,1.7244886042128689,0.1572318109467508,50.0,0.0679713431335235,64.0,equal,True,7566345,187.79738904046823,673.0812819999996,64,7442.0,3753.0,256,0.0594761250540614,4304.248129267101,median 5 warm calls on training rows; end-to-end preprocessing,6000.0,,,,
1000.0,1000.0,1.0,11,2,binary,miniboone,coerror_f20_d6_b1000_k64,complete,0.9689740336198168,0.9216663928777912,0.2328667281974092,0.0670484800281876,0.8756733552470196,0.063527550388308,0.3321993279938469,0.9209968449355148,0.6968007905911638,0.6968007905911638,0.8794745968862534,2.0298529116922595,0.1416176072693284,50.0,0.0650858406397182,64.0,equal,True,7563961,187.9492272499483,673.1955250000005,64,7410.0,3737.0,256,0.0543670421466231,4708.735106640352,median 5 warm calls on training rows; end-to-end preprocessing,6000.0,,,,
1000.0,1000.0,1.0,11,2,binary,miniboone,top_quality_f50_d3_b1000_k64,complete,0.9268065968521004,0.8288556379586248,0.3062258830169044,0.093634238012049,0.8306456360692734,0.0326848160616176,0.4639214928025474,0.9109112619640832,0.9404132706783784,0.9404132706783784,1.0,1.1264274223168682,0.366754742817274,50.0,0.0927566617006761,64.0,equal,True,7082532,188.7420587078668,676.7476620000002,64,960.0,512.0,256,0.0595791668165475,4296.803961496464,median 5 warm calls on training rows; end-to-end preprocessing,6000.0,,,,
1000.0,1000.0,1.0,11,2,binary,miniboone,coerror_f50_d3_b1000_k64,complete,0.951469584725239,0.8796844908986771,0.2841070293760893,0.0840720035418605,0.8296791443850268,0.0673117217489789,0.4165443134275522,0.8959007378968098,0.7786213824781122,0.7786213824781122,1.0,1.627469024122786,0.34310479997013,50.0,0.0803747846732242,64.0,equal,True,7082548,188.83630741713569,676.668275999999,64,960.0,512.0,256,0.0594485839828848,4306.242181877736,median 5 warm calls on training rows; end-to-end preprocessing,6000.0,,,,
1000.0,1000.0,1.0,11,2,binary,miniboone,top_quality_f50_d6_b1000_k64,complete,0.9625246417469104,0.907442340453906,0.2259561582225983,0.0677620902399976,0.8728168081244174,0.0281592834956113,0.335734991035174,0.9351797491863656,0.7939248808030177,0.7939248808030177,0.9309642422054184,1.5688548350404223,0.3594349594707322,50.0,0.0671213105863331,64.0,equal,True,7608484,190.38099066610448,683.318440999999,64,7534.0,3799.0,256,0.0590752910356968,4333.453047997839,median 5 warm calls on training rows; end-to-end preprocessing,6000.0,,,,
1000.0,1000.0,1.0,11,2,binary,miniboone,coerror_f50_d6_b1000_k64,complete,0.969255852693644,0.9204230352259593,0.2213644032388519,0.0644534107695953,0.882652210175146,0.0501475395920669,0.3193417618948179,0.928723728897294,0.7096550125271314,0.7096550125271314,0.9053046444156272,1.9559331357379837,0.3434951180994283,50.0,0.0620413517029151,64.0,equal,True,7592340,190.43934062472545,683.1660389999993,64,7332.0,3698.0,256,0.0590451250318437,4335.666998112646,median 5 warm calls on training rows; end-to-end preprocessing,6000.0,,,,
,,,11,2,binary,miniboone,random_forest,complete,0.97637497602726,0.9368346475206828,0.1947331931800067,0.0567261346495977,0.9000183976843448,0.0467413928892889,0.2810560925820024,,,,,,,,,,,,28561867,12.059651375049723,12.066961999999876,256,355736.0,177996.0,256,0.012296084081754,20819.636422287746,median 5 warm calls on training rows; end-to-end preprocessing,,12.059651375049723,12.066961999999876,1433124864.0,
,,,11,2,binary,miniboone,extra_trees,complete,0.9759947014669086,0.9369074022694884,0.2035506016941052,0.0586429324695164,0.8982509934749545,0.0546851560156015,0.2905530856146464,,,,,,,,,,,,87501547,2.409011916955933,2.41107699999975,256,1092482.0,546369.0,256,0.0174290828872472,14688.093553523362,median 5 warm calls on training rows; end-to-end preprocessing,,2.409011916955933,2.41107699999975,1374240768.0,
,,,11,2,binary,miniboone,xgboost,complete,0.9828490096470768,0.954528043825784,0.1531354337930679,0.045680231882895,0.9208605210224208,0.0135179874821133,0.2263279097113191,,,,,,,,,,,,1107258,2.0877122078090906,2.0902619999997114,300,26324.0,13312.0,256,0.0015619997866451,163892.46796878937,median 5 warm calls on training rows; end-to-end preprocessing,,2.0877122078090906,2.0902619999997114,1404551168.0,
,,,11,2,binary,miniboone,lightgbm,complete,0.983261563780869,0.954989451237612,0.1522327926905174,0.0452355212933637,0.9237293332679192,0.0133133761072272,0.2241245404636948,,,,,,,,,,,,1042991,1.3083723748568443,1.309269999999742,300,18300.0,9300.0,256,0.006264999974519,40861.93153091816,median 5 warm calls on training rows; end-to-end preprocessing,,1.3083723748568443,1.309269999999742,1427832832.0,
,,,11,2,binary,miniboone,catboost,complete,0.9815225923563754,0.9510163824939246,0.1558798297436364,0.0455502115400094,0.9221066575087082,0.0108704368408852,0.2256837091192403,,,,,,,,,,,,351360,3.201805999968201,3.2087140000003274,300,38100.0,19200.0,256,0.001001208089292,255691.10231721823,median 5 warm calls on training rows; end-to-end preprocessing,,3.201805999968201,3.2087140000003274,1451524096.0,
,,,11,2,binary,miniboone,linear,complete,0.9158982753007184,0.834058307687807,0.3231697221550895,0.0994527101857471,0.7964823627532748,0.0238855612896444,0.4927497756396944,,,,,,,,,,,,5978,0.0827471250668168,0.0828289999999469,1,,,256,0.0008522500284016,300381.3334921508,median 5 warm calls on training rows; end-to-end preprocessing,,0.0827471250668168,0.0828289999999469,1452015616.0,51.0
,,,11,2,binary,miniboone,rf_leaf5,complete,0.9753430889377512,0.9366972087506364,0.197646659001421,0.0578420522541841,0.8988765147426777,0.0453166381886477,0.2865850334048851,,,,,,,,,,,,16974987,11.031453000148758,11.037670000000617,256,210900.0,105578.0,256,0.0122080000583082,20969.855732084252,median 5 warm calls on training rows; end-to-end preprocessing,,11.031453000148758,11.037670000000617,1458569216.0,
,,,11,2,binary,miniboone,rf_shallow64,complete,0.9624138653869312,0.907929521934518,0.2423294131845766,0.0715420216777858,0.8633370946376883,0.0508072558004496,0.3544630917015597,,,,,,,,,,,,591707,1.5891957499552518,1.5901759999997012,64,7018.0,3541.0,256,0.003034499939531,84363.15870863352,median 5 warm calls on training rows; end-to-end preprocessing,,1.5891957499552518,1.5901759999997012,1458749440.0,
,,,11,2,binary,miniboone,random_patches64,complete,0.9637078358525152,0.9101808108060008,0.2608087005933194,0.0752658722667235,0.8571383015257812,0.081170058680025,0.372913333417323,,,,,,,,,,,,4107601,1.9312128750607371,1.9323530000001483,64,6872.0,3468.0,256,0.0503546248655766,5083.942153941185,median 5 warm calls on training rows; end-to-end preprocessing,,1.9312128750607371,1.9323530000001483,1461059584.0,
