B,certified_count,certification_rate,seed,fold,task,dataset,method,status,rmse,mse,mae,r2,normalized_squared_loss,mean_selected_quality,mean_residual_correlation,mean_abs_residual_correlation,max_abs_residual_correlation,residual_effective_rank,mean_feature_jaccard,feature_coverage,oof_squared_loss,requested_K,aggregation,search_charged,model_bytes,train_wall_seconds,train_cpu_seconds,retained_count,nodes,leaves,inference_batch_rows,inference_batch_seconds,inference_rows_per_second,inference_timing_scope,oof_calibrated_squared_loss,aggregation_scalar_parameters,wall_seconds,cpu_seconds,observed_peak_rss_bytes
100.0,0.0,0.0,11,0,regression,additive_regression,random_subspace,complete,1.4271370360437996,2.0367201196478812,1.1198270288871774,0.0378913147312821,0.9498733249866508,-0.1110577250277377,0.8488555838571417,0.8488555838571417,0.918421327516629,1.323577444687989,0.0918367346938775,20.0,1.8871821997946088,8.0,equal,False,47020,0.0723183338996023,0.0536699999999994,8,106,57,256,0.0230640419758856,11099.52887996207,median 5 warm calls on training rows; end-to-end preprocessing,,,,,
100.0,0.0,0.0,11,0,regression,additive_regression,random_subspace_affine,complete,1.4267123257715515,2.03550806050847,1.119805417357357,0.0384638689147646,0.9493080521081014,-0.1110577250277377,0.8488555838571417,0.8488555838571417,0.918421327516629,1.323577444687989,0.0918367346938775,20.0,1.8871821997946088,8.0,affine_of_equal,True,47271,2.9066112900618464,2.529618000000001,8,106,57,256,0.0209913339931517,12195.508874448737,median 5 warm calls on training rows; end-to-end preprocessing,1.8870641994195336,2.0,,,
100.0,0.0,0.0,11,0,regression,additive_regression,top_no_cert,complete,1.4211811427637684,2.0197558405473304,1.1084453855768814,0.0459049245073688,0.9419616261529262,-0.0110863918730088,0.8491291466440446,0.8491291466440446,0.9236602652741812,1.3217659238356856,0.0850340136054421,19.0,1.7183963622196246,8.0,equal,True,47452,2.8949049150105566,2.525984,8,112,60,256,0.0239948749076575,10668.94497200744,median 5 warm calls on training rows; end-to-end preprocessing,,,,,
100.0,0.0,0.0,11,0,regression,additive_regression,top_no_cert_affine,complete,1.4114480908781508,1.992185713243577,1.0993421930674945,0.0589285396212074,0.9291036353864536,-0.0110863918730088,0.8491291466440446,0.8491291466440446,0.9236602652741812,1.3217659238356856,0.0850340136054421,19.0,1.7183963622196246,8.0,affine_of_equal,True,47703,2.890224374830723,2.526504,8,112,60,256,0.0211011660285294,12132.030981315458,median 5 warm calls on training rows; end-to-end preprocessing,1.637202542653382,2.0,,,
100.0,0.0,0.0,11,0,regression,additive_regression,coerror_no_cert,complete,1.3890107514792334,1.9293508677249045,1.079342565405479,0.0886105514145041,0.8997990966518126,-0.0282278161178162,0.8140723609086037,0.8140723609086037,0.8853600782682867,1.418405055563397,0.0629251700680272,22.0,1.685481597461952,8.0,equal,True,47740,2.893393331905827,2.528592999999999,8,116,62,256,0.0218585000839084,11711.691059189345,median 5 warm calls on training rows; end-to-end preprocessing,,,,,
100.0,0.0,0.0,11,0,regression,additive_regression,coerror_no_cert_affine,complete,1.3571222986171116,1.841780933403793,1.0457923565380312,0.1299769588879663,0.8589587554188514,-0.0282278161178162,0.8140723609086037,0.8140723609086037,0.8853600782682867,1.418405055563397,0.0629251700680272,22.0,1.685481597461952,8.0,affine_of_equal,True,47991,2.8913308321498334,2.528511,8,116,62,256,0.0238685000222176,10725.433092222229,median 5 warm calls on training rows; end-to-end preprocessing,1.5943308617625531,2.0,,,
100.0,0.0,0.0,11,0,regression,additive_regression,affine_profiled,complete,1.3744459433732632,1.8891016512552192,1.0793846374313845,0.1076235323180558,0.8810279082556489,-0.0314091258736816,0.8263639580305452,0.8263639580305452,0.8853600782682867,1.3831086978341027,0.0408163265306122,24.0,1.7123576536599348,8.0,affine_of_equal,True,47560,2.888528499053791,2.5260109999999987,8,110,59,256,0.0219725419301539,11650.905062043776,median 5 warm calls on training rows; end-to-end preprocessing,1.5579961391011932,2.0,,,
,,,11,0,regression,additive_regression,rf_shallow,complete,1.3900864109865754,1.932340230009538,1.1095824336436877,0.0871984322972451,0.901193257521292,,,,,,,,,,,,14643,0.0385587499476969,0.0338969999999996,8,114,61,256,0.0047302909661084,54119.29241439632,median 5 warm calls on training rows; end-to-end preprocessing,,,0.0385587499476969,0.0338969999999996,174768128.0
,,,11,0,regression,additive_regression,random_forest,complete,1.280055156447785,1.6385412035485627,1.0150860604010434,0.2259836253901809,0.7641730280601253,,,,,,,,,,,,9397155,2.167964667081833,1.8795420000000007,256,129352,64804,256,0.0340754589997231,7512.738126347163,median 5 warm calls on training rows; end-to-end preprocessing,,,2.167964667081833,1.8795420000000007,184254464.0
,,,11,0,regression,additive_regression,extra_trees,complete,1.2804619650245774,1.6395828438746023,1.0030159905389628,0.225491573882985,0.7646588220336765,,,,,,,,,,,,14810979,1.2447995420079678,1.086957,256,204544,102400,256,0.0395826669409871,6467.477302165226,median 5 warm calls on training rows; end-to-end preprocessing,,,1.2447995420079678,1.086957,202129408.0
,,,11,0,regression,additive_regression,xgboost,complete,1.2390305457582846,1.5351966933220726,0.9805250343821325,0.2748016489883067,0.7159758346406758,,,,,,,,,,,,177226,0.5948224999010563,0.4645580000000002,100,2870,1485,256,0.0031258340459316,81898.14182016044,median 5 warm calls on training rows; end-to-end preprocessing,,,0.5948224999010563,0.4645580000000002,214433792.0
,,,11,0,regression,additive_regression,lightgbm,complete,1.2200333280389963,1.4884813215259094,0.9594700887790136,0.2968691213459795,0.6941889994697832,,,,,,,,,,,,151832,0.2121413748245686,0.1490829999999992,100,2874,1487,256,0.0091561248991638,27959.426375166473,median 5 warm calls on training rows; end-to-end preprocessing,,,0.2121413748245686,0.1490829999999992,223428608.0
,,,11,0,regression,additive_regression,catboost,complete,1.2790559335014222,1.6359840810251944,1.00005136920647,0.227191562487328,0.7629804525804418,,,,,,,,,,,,44932,0.7684257919900119,0.5205789999999997,100,3100,1600,256,0.0048903750721365,52347.723073142115,median 5 warm calls on training rows; end-to-end preprocessing,,,0.7684257919900119,0.5205789999999997,246726656.0
100.0,0.0,0.0,11,1,regression,additive_regression,random_subspace,complete,1.4269766059206244,2.0362622338447447,1.1087043626501565,0.0512377828125762,0.9487463341409816,-0.075204036310132,0.8373744272836346,0.8373744272836346,0.8770297402715127,1.3543613923706264,0.0357142857142857,25.0,1.8033046683465153,8.0,equal,False,47741,0.0775986658409237,0.0488540000000021,8,116,62,256,0.0469861249439418,5448.4169593774395,median 5 warm calls on training rows; end-to-end preprocessing,,,,,
100.0,0.0,0.0,11,1,regression,additive_regression,random_subspace_affine,complete,1.4153880389626248,2.0033233008384648,1.0900985269955936,0.0665851258960944,0.9333992479843926,-0.075204036310132,0.8373744272836346,0.8373744272836346,0.8770297402715127,1.3543613923706264,0.0357142857142857,25.0,1.8033046683465153,8.0,affine_of_equal,True,47992,3.2400495829060674,2.624207999999999,8,116,62,256,0.0269947499036788,9483.32549527017,median 5 warm calls on training rows; end-to-end preprocessing,1.759833833204018,2.0,,,
100.0,0.0,0.0,11,1,regression,additive_regression,top_no_cert,complete,1.4021436109912249,1.9660067058435116,1.08206260064517,0.0839721671213535,0.9160124978322582,0.0020034223388793,0.8338449850278886,0.8338449850278886,0.9034889375096355,1.361657688060887,0.0816326530612244,20.0,1.6689987721020518,8.0,equal,True,47741,3.230213249102235,2.620063,8,116,62,256,0.0270458329468965,9465.413784912676,median 5 warm calls on training rows; end-to-end preprocessing,,,,,
100.0,0.0,0.0,11,1,regression,additive_regression,top_no_cert_affine,complete,1.3995382420291167,1.9587072909019505,1.068252143921383,0.0873732070213327,0.9126115148684362,0.0020034223388793,0.8338449850278886,0.8338449850278886,0.9034889375096355,1.361657688060887,0.0816326530612244,20.0,1.6689987721020518,8.0,affine_of_equal,True,47992,3.2448089593090117,2.6242709999999967,8,116,62,256,0.0257144998759031,9955.47264132855,median 5 warm calls on training rows; end-to-end preprocessing,1.556596250384681,2.0,,,
100.0,0.0,0.0,11,1,regression,additive_regression,coerror_no_cert,complete,1.4021776384924731,1.966102129888329,1.0778040748538271,0.0839277058889891,0.9160569583203058,-0.0043678239695186,0.813790842482889,0.813790842482889,0.8728633293733701,1.4188005945555773,0.0697278911564625,21.0,1.6446913197976432,8.0,equal,True,48027,3.2388146666344255,2.622158999999998,8,120,64,256,0.0273996249306947,9343.193589238275,median 5 warm calls on training rows; end-to-end preprocessing,,,,,
100.0,0.0,0.0,11,1,regression,additive_regression,coerror_no_cert_affine,complete,1.3992064252687926,1.957778620513473,1.0633280950312816,0.0878059054047547,0.9121788237287348,-0.0043678239695186,0.813790842482889,0.813790842482889,0.8728633293733701,1.4188005945555773,0.0697278911564625,21.0,1.6446913197976432,8.0,affine_of_equal,True,48278,3.2524672918953,2.626301,8,120,64,256,0.0258439581375569,9905.603415599724,median 5 warm calls on training rows; end-to-end preprocessing,1.519130612997291,2.0,,,
100.0,0.0,0.0,11,1,regression,additive_regression,affine_profiled,complete,1.4334348130606185,2.05473536329413,1.0915524280895204,0.0426305381446358,0.9573534347166888,-0.0099766033173083,0.8199463022736806,0.8199463022736806,0.8590106918208061,1.4009806134126306,0.064625850340136,21.0,1.6645340329938447,8.0,affine_of_equal,True,47846,3.2485195838380605,2.6272479999999963,8,114,61,256,0.0315736669581383,8108.022433359268,median 5 warm calls on training rows; end-to-end preprocessing,1.4688086821097224,2.0,,,
,,,11,1,regression,additive_regression,rf_shallow,complete,1.417544960919188,2.0094337162273828,1.0983967489382365,0.0637380803849768,0.9362462458336668,,,,,,,,,,,,14499,0.0380966251250356,0.0359690000000014,8,112,60,256,0.0050505828112363,50687.21958789767,median 5 warm calls on training rows; end-to-end preprocessing,,,0.0380966251250356,0.0359690000000014,245039104.0
,,,11,1,regression,additive_regression,random_forest,complete,1.3457286099431396,1.810985491619495,1.0309657348028052,0.1562017004661626,0.8437841736682236,,,,,,,,,,,,9395139,2.169053750112653,1.855946999999997,256,129324,64790,256,0.0410758340731263,6232.374966367071,median 5 warm calls on training rows; end-to-end preprocessing,,,2.169053750112653,1.855946999999997,245366784.0
,,,11,1,regression,additive_regression,extra_trees,complete,1.3205895452900962,1.743956747129503,1.0134235748504592,0.1874326191467784,0.812553777818432,,,,,,,,,,,,14810979,1.2443117080256345,1.0663659999999986,256,204544,102400,256,0.0359537079930305,7120.266984691102,median 5 warm calls on training rows; end-to-end preprocessing,,,1.2443117080256345,1.0663659999999986,246284288.0
,,,11,1,regression,additive_regression,xgboost,complete,1.3050117074836498,1.7030555566693917,1.0252316984074517,0.206489842475657,0.7934968735228767,,,,,,,,,,,,179269,0.4700081660412252,0.408296,100,2930,1515,256,0.0035276659764349,72569.22897748761,median 5 warm calls on training rows; end-to-end preprocessing,,,0.4700081660412252,0.408296,249004032.0
,,,11,1,regression,additive_regression,lightgbm,complete,1.3239365885364165,1.7528080904654444,1.0443229033261994,0.1833084842544671,0.8166778436693914,,,,,,,,,,,,151847,0.1175314579159021,0.099298000000001,100,2872,1486,256,0.0062242918647825,41129.17670979792,median 5 warm calls on training rows; end-to-end preprocessing,,,0.1175314579159021,0.099298000000001,251150336.0
,,,11,1,regression,additive_regression,catboost,complete,1.3164969378945264,1.7331641874856645,1.006279729490943,0.1924612312020548,0.8075252499461861,,,,,,,,,,,,44932,0.4872767499182373,0.4448340000000002,100,3100,1600,256,0.0039480419363826,64842.269693456474,median 5 warm calls on training rows; end-to-end preprocessing,,,0.4872767499182373,0.4448340000000002,251527168.0
100.0,0.0,0.0,11,2,regression,additive_regression,random_subspace,complete,1.3006224496564625,1.691618756550377,1.0663122682396295,0.0391572924794725,0.9451221968025244,-0.0492641448451015,0.8641972001488741,0.8641972001488741,0.9023328762307592,1.2842736976096814,0.0527210884353741,24.0,1.978581494024156,8.0,equal,False,46733,0.0559902500826865,0.049150000000008,8,102,55,256,0.0246590839233249,10381.569761310173,median 5 warm calls on training rows; end-to-end preprocessing,,,,,
100.0,0.0,0.0,11,2,regression,additive_regression,random_subspace_affine,complete,1.2936181904021435,1.673448022539317,1.0493145783679274,0.0494783043488527,0.9349700487611602,-0.0492641448451015,0.8641972001488741,0.8641972001488741,0.9023328762307592,1.2842736976096814,0.0527210884353741,24.0,1.978581494024156,8.0,affine_of_equal,True,46984,3.0357487516012043,2.5397329999999982,8,102,55,256,0.0210786249954253,12145.004717127384,median 5 warm calls on training rows; end-to-end preprocessing,1.9352843094857533,2.0,,,
100.0,0.0,0.0,11,2,regression,additive_regression,top_no_cert,complete,1.263387133573434,1.5961470492788985,1.044564053074884,0.0933854058478779,0.8917813188065193,0.0209092764572848,0.837734963536106,0.837734963536106,0.8929618230695819,1.352779846682554,0.0629251700680272,22.0,1.7984977465408645,8.0,equal,True,47310,3.020766041940078,2.533267000000002,8,110,59,256,0.0233959578908979,10942.06106857436,median 5 warm calls on training rows; end-to-end preprocessing,,,,,
100.0,0.0,0.0,11,2,regression,additive_regression,top_no_cert_affine,complete,1.2709540754969637,1.6153242620223411,1.0272409475674371,0.0824927121225598,0.9024957953198874,0.0209092764572848,0.837734963536106,0.837734963536106,0.8929618230695819,1.352779846682554,0.0629251700680272,22.0,1.7984977465408645,8.0,affine_of_equal,True,47561,3.0296967928297818,2.536870000000004,8,110,59,256,0.025376666104421,10088.00757934868,median 5 warm calls on training rows; end-to-end preprocessing,1.6451561747713292,2.0,,,
100.0,0.0,0.0,11,2,regression,additive_regression,coerror_no_cert,complete,1.2593670698234347,1.586005416555664,1.049181276829315,0.0991458727419331,0.8861150998896199,0.0049242737821836,0.8101785965984897,0.8101785965984897,0.8990212602314867,1.4309967031958972,0.096938775510204,18.0,1.7753234278371124,8.0,equal,True,47884,3.0356387509964406,2.5375809999999994,8,118,63,256,0.0265466249547898,9643.41043111807,median 5 warm calls on training rows; end-to-end preprocessing,,,,,
100.0,0.0,0.0,11,2,regression,additive_regression,coerror_no_cert_affine,complete,1.2589085314539614,1.5848506905675697,1.0303783909846624,0.0998017593242664,0.8854699443790495,0.0049242737821836,0.8101785965984897,0.8101785965984897,0.8990212602314867,1.4309967031958972,0.096938775510204,18.0,1.7753234278371124,8.0,affine_of_equal,True,48135,3.036206458695233,2.537412,8,118,63,256,0.0210530408658087,12159.763600504752,median 5 warm calls on training rows; end-to-end preprocessing,1.6606957470597892,2.0,,,
100.0,0.0,0.0,11,2,regression,additive_regression,affine_profiled,complete,1.2693815726074609,1.6113295768753904,1.0165702519923343,0.0847617009697369,0.9002639297845823,0.0018083025296783,0.8210967745827957,0.8210967745827957,0.8929618230695819,1.399030517602755,0.0408163265306122,24.0,1.8022348109924813,8.0,affine_of_equal,True,47702,3.028019791934639,2.537092000000005,8,112,60,256,0.0217726670671254,11757.86132267344,median 5 warm calls on training rows; end-to-end preprocessing,1.5429586306086691,2.0,,,
,,,11,2,regression,additive_regression,rf_shallow,complete,1.254033747639675,1.5726006402192083,1.038859980504499,0.1067598114848993,0.8786257340915052,,,,,,,,,,,,14499,0.0362822501920163,0.0357060000000011,8,112,60,256,0.004129207925871,61997.36235031066,median 5 warm calls on training rows; end-to-end preprocessing,,,0.0362822501920163,0.0357060000000011,249200640.0
,,,11,2,regression,additive_regression,random_forest,complete,1.1808631687915163,1.394437823408341,0.986067363624628,0.2079566341266205,0.7790846098513178,,,,,,,,,,,,9420627,2.067651957971975,1.803367999999999,256,129678,64967,256,0.0357563330326229,7159.570858858312,median 5 warm calls on training rows; end-to-end preprocessing,,,2.067651957971975,1.803367999999999,249200640.0
,,,11,2,regression,additive_regression,extra_trees,complete,1.188617608335622,1.4128118188454946,0.9889244505243652,0.1975201693762496,0.7893503218294794,,,,,,,,,,,,14810979,1.1397609577979892,1.0475180000000002,256,204544,102400,256,0.0362647911533713,7059.188591968525,median 5 warm calls on training rows; end-to-end preprocessing,,,1.1397609577979892,1.0475180000000002,249217024.0
,,,11,2,regression,additive_regression,xgboost,complete,1.1531693619839694,1.3297995774185147,0.9561000596112612,0.2446712821794089,0.7429706563905828,,,,,,,,,,,,179537,0.4554854591842741,0.4133949999999977,100,2938,1519,256,0.0032092498149722,79769.42112940842,median 5 warm calls on training rows; end-to-end preprocessing,,,0.4554854591842741,0.4133949999999977,251707392.0
,,,11,2,regression,additive_regression,lightgbm,complete,1.1591797804482424,1.3436977634000358,0.9550145436730034,0.2367770858089806,0.7507356944735204,,,,,,,,,,,,151652,0.1079449581447988,0.0975139999999967,100,2870,1485,256,0.0065772919915616,38921.79339588932,median 5 warm calls on training rows; end-to-end preprocessing,,,0.1079449581447988,0.0975139999999967,251871232.0
,,,11,2,regression,additive_regression,catboost,complete,1.156878383510071,1.3383675942328752,0.9597402469479522,0.2398046321484174,0.7477576823339123,,,,,,,,,,,,44932,0.5476136670913547,0.4554380000000009,100,3100,1600,256,0.0060150001663714,42560.264824469894,median 5 warm calls on training rows; end-to-end preprocessing,,,0.5476136670913547,0.4554380000000009,251904000.0
100.0,0.0,0.0,29,0,regression,additive_regression,random_subspace,complete,1.3126123717051672,1.7229512383534642,1.058319589803596,0.0933989011933663,0.9028340678500654,-0.096490526747395,0.848949702302994,0.848949702302994,0.8800472004232979,1.324049654645179,0.042517006802721,24.0,1.759546235743906,8.0,equal,False,47595,0.0505487509071826,0.0466490000000021,8,114,61,256,0.0240511670708656,10643.97412590034,median 5 warm calls on training rows; end-to-end preprocessing,,,,,
100.0,0.0,0.0,29,0,regression,additive_regression,random_subspace_affine,complete,1.2940620363229467,1.6745965538522911,1.0393789227693029,0.1188426915487484,0.8774959993452827,-0.096490526747395,0.848949702302994,0.848949702302994,0.8800472004232979,1.324049654645179,0.042517006802721,24.0,1.759546235743906,8.0,affine_of_equal,True,47846,3.353491417132318,2.613242999999997,8,114,61,256,0.0213927919976413,11966.647459023836,median 5 warm calls on training rows; end-to-end preprocessing,1.7517031561853542,2.0,,,
100.0,0.0,0.0,29,0,regression,additive_regression,top_no_cert,complete,1.3499451736852304,1.822351971956047,1.0778769452699912,0.0410951491774896,0.9549204918114672,-0.001773118681827,0.8893970348449293,0.8893970348449293,1.0,1.222538243582858,0.2,18.0,1.6746648295749065,8.0,equal,True,47452,3.3439674582332373,2.6093480000000184,8,112,60,256,0.0204932079650461,12491.943693571124,median 5 warm calls on training rows; end-to-end preprocessing,,,,,
100.0,0.0,0.0,29,0,regression,additive_regression,top_no_cert_affine,complete,1.350818514778661,1.824710659868828,1.0787696769332995,0.0398540292863008,0.9561564547079676,-0.001773118681827,0.8893970348449293,0.8893970348449293,1.0,1.222538243582858,0.2,18.0,1.6746648295749065,8.0,affine_of_equal,True,47703,3.3540890843141824,2.612643999999996,8,112,60,256,0.0249108329880982,10276.653539538804,median 5 warm calls on training rows; end-to-end preprocessing,1.674506726634334,2.0,,,
100.0,0.0,0.0,29,0,regression,additive_regression,coerror_no_cert,complete,1.31063430409617,1.7177622790736522,1.0584923523918297,0.0961292838530847,0.9001150302416778,-0.0330363741190191,0.8079059091758094,0.8079059091758094,0.8926943654971515,1.4382258943620994,0.0901360544217687,22.0,1.5890193258263474,8.0,equal,True,47884,3.3350886260159314,2.609716000000006,8,118,63,256,0.0240347499493509,10651.244574604494,median 5 warm calls on training rows; end-to-end preprocessing,,,,,
100.0,0.0,0.0,29,0,regression,additive_regression,coerror_no_cert_affine,complete,1.304767531774742,1.7024183119735523,1.0515948301087177,0.1042031382509011,0.8920747236296466,-0.0330363741190191,0.8079059091758094,0.8079059091758094,0.8926943654971515,1.4382258943620994,0.0901360544217687,22.0,1.5890193258263474,8.0,affine_of_equal,True,48135,3.344876709394157,2.6124050000000096,8,118,63,256,0.0215426250360906,11883.417158824432,median 5 warm calls on training rows; end-to-end preprocessing,1.516854670250122,2.0,,,
100.0,0.0,0.0,29,0,regression,additive_regression,affine_profiled,complete,1.3576730648927915,1.8432761511353863,1.0857209672201424,0.030085038494529,0.96588485422892,-0.04732649396813,0.816117860140607,0.816117860140607,0.8570462691514449,1.4135658302175544,0.0374149659863945,26.0,1.625568792347296,8.0,affine_of_equal,True,47559,3.333562793210149,2.6092409999999973,8,110,59,256,0.0222895839251577,11485.185226407846,median 5 warm calls on training rows; end-to-end preprocessing,1.4696115178984184,2.0,,,
,,,29,0,regression,additive_regression,rf_shallow,complete,1.285527410631268,1.6525807234843324,1.0468774105945309,0.1304272190492517,0.8659596068776719,,,,,,,,,,,,15075,0.0362723749130964,0.0349819999999994,8,120,64,256,0.0029627091716974,86407.40118724636,median 5 warm calls on training rows; end-to-end preprocessing,,,0.0362723749130964,0.0349819999999994,249511936.0
,,,29,0,regression,additive_regression,random_forest,complete,1.2345292974109146,1.524062586165886,1.016305497216518,0.1980522811611849,0.7986155346109428,,,,,,,,,,,,9376995,2.119695832952857,1.8490329999999984,256,129072,64664,256,0.0337632920127362,7582.199031523099,median 5 warm calls on training rows; end-to-end preprocessing,,,2.119695832952857,1.8490329999999984,249511936.0
,,,29,0,regression,additive_regression,extra_trees,complete,1.2297062875318452,1.5121775535953532,1.0089378780646552,0.204306076015005,0.7923877249879386,,,,,,,,,,,,14810979,1.1854208749718964,1.060018999999997,256,204544,102400,256,0.036342125153169,7044.167035390796,median 5 warm calls on training rows; end-to-end preprocessing,,,1.1854208749718964,1.060018999999997,249511936.0
,,,29,0,regression,additive_regression,xgboost,complete,1.216624094789524,1.4801741880224284,0.9775023496968254,0.2211459527033618,0.775617819907683,,,,,,,,,,,,178106,0.4565091670956462,0.404482999999999,100,2896,1498,256,0.0032436249312013,78924.04498974716,median 5 warm calls on training rows; end-to-end preprocessing,,,0.4565091670956462,0.404482999999999,251985920.0
,,,29,0,regression,additive_regression,lightgbm,complete,1.226946013905694,1.5053965210390714,0.9943195491077398,0.2078741929934306,0.7888344339424751,,,,,,,,,,,,152206,0.110321250045672,0.0982489999999955,100,2876,1488,256,0.0075455841142684,33927.128254512914,median 5 warm calls on training rows; end-to-end preprocessing,,,0.110321250045672,0.0982489999999955,252002304.0
,,,29,0,regression,additive_regression,catboost,complete,1.2128725294084708,1.4710597725937016,0.9874851170436756,0.2259418742934357,0.7708418259187546,,,,,,,,,,,,44932,0.4858434579800814,0.4438730000000035,100,3100,1600,256,0.0044105830602347,58042.212674342554,median 5 warm calls on training rows; end-to-end preprocessing,,,0.4858434579800814,0.4438730000000035,252035072.0
100.0,0.0,0.0,29,1,regression,additive_regression,random_subspace,complete,1.324783395392777,1.755051044708415,1.0377241577810037,0.0414376564190088,0.9498554674502871,-0.0750369501041934,0.8682056265298401,0.8682056265298401,0.9227492079733024,1.274229122956456,0.0459183673469387,23.0,1.830771101843861,8.0,equal,False,47020,0.0633545431774109,0.0515259999999955,8,106,57,256,0.023468374973163,10908.296816151347,median 5 warm calls on training rows; end-to-end preprocessing,,,,,
100.0,0.0,0.0,29,1,regression,additive_regression,random_subspace_affine,complete,1.3231695985277807,1.7507777864681686,1.0363998994350982,0.0437715967598597,0.9475427269088864,-0.0750369501041934,0.8682056265298401,0.8682056265298401,0.9227492079733024,1.274229122956456,0.0459183673469387,23.0,1.830771101843861,8.0,affine_of_equal,True,47271,2.9153886248823255,2.527878000000001,8,106,57,256,0.0206085001118481,12422.058791790578,median 5 warm calls on training rows; end-to-end preprocessing,1.8303248457001264,2.0,,,
100.0,0.0,0.0,29,1,regression,additive_regression,top_no_cert,complete,1.2882718125010135,1.6596442628846473,1.0118543314436703,0.0935463108392028,0.8982201297657366,0.0127557977592626,0.8404975190792884,0.8404975190792884,0.9215845876084572,1.3439533496376186,0.0561224489795918,22.0,1.636517546022915,8.0,equal,True,47596,2.9185560406185687,2.5302539999999993,8,114,61,256,0.0206002090126276,12427.058378052188,median 5 warm calls on training rows; end-to-end preprocessing,,,,,
100.0,0.0,0.0,29,1,regression,additive_regression,top_no_cert_affine,complete,1.2692210594110196,1.6109220976524308,0.999774282471134,0.1201570655691844,0.8718510875823932,0.0127557977592626,0.8404975190792884,0.8404975190792884,0.9215845876084572,1.3439533496376186,0.0561224489795918,22.0,1.636517546022915,8.0,affine_of_equal,True,47847,2.909688333980739,2.5263649999999913,8,114,61,256,0.0243255840614438,10523.899420189524,median 5 warm calls on training rows; end-to-end preprocessing,1.5227495612679285,2.0,,,
100.0,0.0,0.0,29,1,regression,additive_regression,coerror_no_cert,complete,1.283400015199088,1.6471155990130193,1.0076976759588434,0.1003891348350833,0.8914394609560212,0.0022232764390744,0.819664572810545,0.819664572810545,0.9003924993974965,1.4024146565798283,0.0629251700680272,21.0,1.6184031581700111,8.0,equal,True,48027,2.905827916925773,2.5255809999999954,8,120,64,256,0.0233710000757128,10953.746060102743,median 5 warm calls on training rows; end-to-end preprocessing,,,,,
100.0,0.0,0.0,29,1,regression,additive_regression,coerror_no_cert_affine,complete,1.2593212092070798,1.5858899079587814,1.002424645517032,0.1338289838248126,0.8583033549882588,0.0022232764390744,0.819664572810545,0.819664572810545,0.9003924993974965,1.4024146565798283,0.0629251700680272,21.0,1.6184031581700111,8.0,affine_of_equal,True,48278,2.922191957710311,2.5307500000000047,8,120,64,256,0.0232505418825894,11010.49606898404,median 5 warm calls on training rows; end-to-end preprocessing,1.5323585211566422,2.0,,,
100.0,0.0,0.0,29,1,regression,additive_regression,affine_profiled,complete,1.2603455304444109,1.5884708561112029,1.0056950406499785,0.1324193383805361,0.8597001962489018,-0.0005033030083802,0.8233220472022532,0.8233220472022532,0.9003924993974965,1.3912966640554052,0.0374149659863945,25.0,1.6293215781036048,8.0,affine_of_equal,True,47991,2.910199374658987,2.5286259999999956,8,116,62,256,0.0268330001272261,9540.491140990584,median 5 warm calls on training rows; end-to-end preprocessing,1.506831489668142,2.0,,,
,,,29,1,regression,additive_regression,rf_shallow,complete,1.2870558385642783,1.6565127315823975,1.0120039070083775,0.0952566702006197,0.89652530605226,,,,,,,,,,,,14931,0.041337416972965,0.0345640000000031,8,118,63,256,0.0040292500052601,63535.39732352096,median 5 warm calls on training rows; end-to-end preprocessing,,,0.041337416972965,0.0345640000000031,249675776.0
,,,29,1,regression,additive_regression,random_forest,complete,1.196391546812572,1.4313527332845783,0.9397936312158034,0.2182330909148718,0.7746659128003599,,,,,,,,,,,,9398019,2.0758321250323206,1.8409690000000012,256,129364,64810,256,0.0337853750679641,7577.243096606705,median 5 warm calls on training rows; end-to-end preprocessing,,,2.0758321250323206,1.8409690000000012,249675776.0
,,,29,1,regression,additive_regression,extra_trees,complete,1.1853689301454586,1.4050995005541893,0.9285031496884812,0.2325719104999168,0.7604573365185527,,,,,,,,,,,,14810979,1.182528750039637,1.0745059999999995,256,204544,102400,256,0.0442125000990927,5790.217685637129,median 5 warm calls on training rows; end-to-end preprocessing,,,1.182528750039637,1.0745059999999995,249675776.0
,,,29,1,regression,additive_regression,xgboost,complete,1.1920489145502065,1.4209806146803252,0.929993384970668,0.223898067068796,0.769052393128099,,,,,,,,,,,,175122,0.5311808339320123,0.408255000000004,100,2808,1454,256,0.0037969169206917,67423.12390479207,median 5 warm calls on training rows; end-to-end preprocessing,,,0.5311808339320123,0.408255000000004,252133376.0
,,,29,1,regression,additive_regression,lightgbm,complete,1.1578428251048882,1.3406000076468687,0.9026367568887678,0.2677998232534737,0.72554940824461,,,,,,,,,,,,151159,0.1298703339416533,0.0989319999999978,100,2858,1479,256,0.0089525000657886,28595.36421320863,median 5 warm calls on training rows; end-to-end preprocessing,,,0.1298703339416533,0.0989319999999978,252182528.0
,,,29,1,regression,additive_regression,catboost,complete,1.2006497626672945,1.4415598525930304,0.9486717445678052,0.2126582330011829,0.7801901328002753,,,,,,,,,,,,44908,0.6539964170660824,0.4891579999999962,100,3100,1600,256,0.0056545829866081,45273.01139735494,median 5 warm calls on training rows; end-to-end preprocessing,,,0.6539964170660824,0.4891579999999962,252198912.0
100.0,0.0,0.0,29,2,regression,additive_regression,random_subspace,complete,1.305592196460071,1.7045709834574323,1.0008320754975166,0.0752799942716779,0.901354107917984,-0.1083284394937616,0.8543427406860331,0.8543427406860331,0.920400197906972,1.3079247430566734,0.0527210884353741,23.0,1.804294171898401,8.0,equal,False,47308,0.0589579159859567,0.0518939999999972,8,110,59,256,0.0244741248898208,10460.02670789976,median 5 warm calls on training rows; end-to-end preprocessing,,,,,
100.0,0.0,0.0,29,2,regression,additive_regression,random_subspace_affine,complete,1.2955940076739627,1.67856383272068,0.9928575782629916,0.0893887247450121,0.887601877955541,-0.1083284394937616,0.8543427406860331,0.8543427406860331,0.920400197906972,1.3079247430566734,0.0527210884353741,23.0,1.804294171898401,8.0,affine_of_equal,True,47559,2.7886391247157007,2.4891450000000006,8,110,59,256,0.023031709017232,11115.110902472054,median 5 warm calls on training rows; end-to-end preprocessing,1.803203871308524,2.0,,,
100.0,0.0,0.0,29,2,regression,additive_regression,top_no_cert,complete,1.316145990512566,1.732240268342303,1.0187248611460011,0.0602695655329824,0.9159852519631236,-0.0107888026160749,0.8533796955032775,0.8533796955032775,0.9189144908567692,1.3115220910856231,0.0697278911564625,22.0,1.644141928475326,8.0,equal,True,47452,2.80363233294338,2.4931409999999943,8,112,60,256,0.0220934159588068,11587.162459499765,median 5 warm calls on training rows; end-to-end preprocessing,,,,,
100.0,0.0,0.0,29,2,regression,additive_regression,top_no_cert_affine,complete,1.306281582595482,1.706371573028157,1.0229631973126436,0.074303184731733,0.9023062353576726,-0.0107888026160749,0.8533796955032775,0.8533796955032775,0.9189144908567692,1.3115220910856231,0.0697278911564625,22.0,1.644141928475326,8.0,affine_of_equal,True,47703,2.8024769991170615,2.492641000000006,8,112,60,256,0.0223382080439478,11460.185145395277,median 5 warm calls on training rows; end-to-end preprocessing,1.550046097249454,2.0,,,
100.0,0.0,0.0,29,2,regression,additive_regression,coerror_no_cert,complete,1.3062612969287035,1.7063185758538588,1.0027244993480793,0.0743319353955633,0.9022782111678762,-0.0265609623090682,0.8181205623296595,0.8181205623296595,0.8632476408243306,1.4081737078161007,0.0306122448979591,26.0,1.6099072367424834,8.0,equal,True,47596,2.7923234179615974,2.486784,8,114,61,256,0.0231034581083804,11080.592299173592,median 5 warm calls on training rows; end-to-end preprocessing,,,,,
100.0,0.0,0.0,29,2,regression,additive_regression,coerror_no_cert_affine,complete,1.2765453289662287,1.6295679769054972,0.9807649769033538,0.1159686961922449,0.8616935313166725,-0.0265609623090682,0.8181205623296595,0.8181205623296595,0.8632476408243306,1.4081737078161007,0.0306122448979591,26.0,1.6099072367424834,8.0,affine_of_equal,True,47847,2.7920835830736905,2.4881379999999993,8,114,61,256,0.0287453329656273,8905.793518068343,median 5 warm calls on training rows; end-to-end preprocessing,1.4769415576989582,2.0,,,
100.0,0.0,0.0,29,2,regression,additive_regression,affine_profiled,complete,1.272591147854098,1.6194882295966109,0.986528401157152,0.121436901435483,0.856363497113455,-0.0327373737928872,0.8249813279131644,0.8249813279131644,0.8703384267710571,1.3895774264384462,0.0255102040816326,27.0,1.6305180472106855,8.0,affine_of_equal,True,47848,2.8243397916667163,2.495134,8,114,61,256,0.0395448331255465,6473.6649459931605,median 5 warm calls on training rows; end-to-end preprocessing,1.4474559719705655,2.0,,,
,,,29,2,regression,additive_regression,rf_shallow,complete,1.307360772064489,1.7091921883330567,0.9933581549394284,0.0727730170671315,0.9037977386254162,,,,,,,,,,,,14787,0.2781137500423938,0.0423899999999974,8,116,62,256,0.00775070884265,33029.2370926516,median 5 warm calls on training rows; end-to-end preprocessing,,,0.2781137500423938,0.0423899999999974,244088832.0
,,,29,2,regression,additive_regression,random_forest,complete,1.1851151907372033,1.4044980153160775,0.9232343084166296,0.2380678626042482,0.7426795762415465,,,,,,,,,,,,9384483,2.13711650017649,1.842404000000002,256,129176,64716,256,0.0354035829659551,7230.906551073523,median 5 warm calls on training rows; end-to-end preprocessing,,,2.13711650017649,1.842404000000002,244088832.0
,,,29,2,regression,additive_regression,extra_trees,complete,1.1904065385792988,1.4170677270923475,0.9195072275261033,0.2312488658839241,0.7493262700166017,,,,,,,,,,,,14810979,1.181045833975077,1.064852000000002,256,204544,102400,256,0.0377490001264959,6781.636576919928,median 5 warm calls on training rows; end-to-end preprocessing,,,1.181045833975077,1.064852000000002,244088832.0
,,,29,2,regression,additive_regression,xgboost,complete,1.141888342755215,1.3039089873202512,0.9050386560423072,0.2926368347662866,0.6894894571585536,,,,,,,,,,,,174991,0.441522833192721,0.3947040000000044,100,2804,1452,256,0.0034896668512374,73359.43828254662,median 5 warm calls on training rows; end-to-end preprocessing,,,0.441522833192721,0.3947040000000044,246546432.0
,,,29,2,regression,additive_regression,lightgbm,complete,1.1124582084470207,1.237563265541155,0.8889472279083873,0.3286290092307227,0.6544067357883494,,,,,,,,,,,,151510,0.1122472079005092,0.098396000000001,100,2866,1483,256,0.0084233749657869,30391.618684884677,median 5 warm calls on training rows; end-to-end preprocessing,,,0.1122472079005092,0.098396000000001,246677504.0
,,,29,2,regression,additive_regression,catboost,complete,1.1609662236614764,1.3478425724827892,0.909225667123405,0.2688031161840516,0.7127209434657397,,,,,,,,,,,,44940,0.5081602081190795,0.4593400000000045,100,3100,1600,256,0.0044493749737739,57536.17114964374,median 5 warm calls on training rows; end-to-end preprocessing,,,0.5081602081190795,0.4593400000000045,246759424.0
100.0,66.0,0.66,11,0,regression,redundant_regression,random_subspace,complete,1.0660485313622683,1.1364594712196492,0.8439494507876506,0.3214108541547846,0.6769331434980481,0.1024294754534889,0.7644633255370048,0.7644633255370048,0.8748502076087662,1.569765443819701,0.0918367346938775,20.0,1.40251429125937,8.0,equal,False,48028,0.057531792204827,0.0509289999999964,8,120,64,256,0.0243867908138781,10497.48619872993,median 5 warm calls on training rows; end-to-end preprocessing,,,,,
100.0,66.0,0.66,11,0,regression,redundant_regression,random_subspace_affine,complete,1.0393245713186965,1.0801955645467916,0.8341543537457174,0.3550064880844965,0.6434194950362483,0.1024294754534889,0.7644633255370048,0.7644633255370048,0.8748502076087662,1.569765443819701,0.0918367346938775,20.0,1.40251429125937,8.0,affine_of_equal,True,48279,2.8827171672601253,2.5714460000000017,8,120,64,256,0.0251250420697033,10189.037665679924,median 5 warm calls on training rows; end-to-end preprocessing,1.3393900430774324,2.0,,,
100.0,66.0,0.66,11,0,regression,redundant_regression,top_no_cert,complete,1.0794196531063596,1.1651467875122536,0.8426114337296812,0.3042814254751168,0.6940207701915321,0.1892863933691701,0.7777470265705553,0.7777470265705553,0.9887751546248196,1.5188345733952953,0.1268707482993197,18.0,1.2864324162557863,8.0,equal,True,48031,2.875521793263033,2.570053999999999,8,120,64,256,0.023448167135939,10917.69768254632,median 5 warm calls on training rows; end-to-end preprocessing,,,,,
100.0,66.0,0.66,11,0,regression,redundant_regression,top_no_cert_affine,complete,1.072982185595165,1.1512907706045763,0.8436544586374733,0.3125549652856536,0.6857674208031814,0.1892863933691701,0.7777470265705553,0.7777470265705553,0.9887751546248196,1.5188345733952953,0.1268707482993197,18.0,1.2864324162557863,8.0,affine_of_equal,True,48282,2.8740212940610945,2.565630999999996,8,120,64,256,0.019323999993503,13247.774792282631,median 5 warm calls on training rows; end-to-end preprocessing,1.2081710575032258,2.0,,,
100.0,66.0,0.66,11,0,regression,redundant_regression,coerror_no_cert,complete,1.063819487892112,1.131711902819035,0.8290286071281625,0.3242456656613991,0.6741052499542944,0.1780764525180785,0.7397492801429933,0.7397492801429933,0.8570488707090771,1.6498416714314676,0.0731292517006802,22.0,1.2495356427180206,8.0,equal,True,48029,2.867266418179497,2.566791000000002,8,120,64,256,0.0217705408576875,11759.009648563762,median 5 warm calls on training rows; end-to-end preprocessing,,,,,
100.0,66.0,0.66,11,0,regression,redundant_regression,coerror_no_cert_affine,complete,1.040188553983806,1.0819922278389211,0.8332373624559096,0.3539336858951943,0.6444896792011474,0.1780764525180785,0.7397492801429933,0.7397492801429933,0.8570488707090771,1.6498416714314676,0.0731292517006802,22.0,1.2495356427180206,8.0,affine_of_equal,True,48280,2.863907460356131,2.5659909999999897,8,120,64,256,0.0282947500236332,9047.614832651836,median 5 warm calls on training rows; end-to-end preprocessing,1.0952124887529378,2.0,,,
100.0,66.0,0.66,11,0,regression,redundant_regression,affine_profiled,complete,1.0735361960693792,1.1524799642711123,0.8718045907575219,0.3118448881250901,0.6864757651192812,0.1524394266853296,0.7378458181755345,0.7378458181755345,0.8281793156636338,1.6556379784035764,0.0442176870748299,24.0,1.2856866241554372,8.0,affine_of_equal,True,47846,2.9172947930637747,2.571485999999993,8,114,61,256,0.0204337919130921,12528.26695548261,median 5 warm calls on training rows; end-to-end preprocessing,1.0525545240575809,2.0,,,
,,,11,0,regression,redundant_regression,rf_shallow,complete,1.0558369727826549,1.1147917130948406,0.8386130538385743,0.3343488478542121,0.6640267231712056,,,,,,,,,,,,14787,0.0357116248924285,0.0326819999999941,8,116,62,256,0.0053554170299321,47802.06631326408,median 5 warm calls on training rows; end-to-end preprocessing,,,0.0357116248924285,0.0326819999999941,244367360.0
,,,11,0,regression,redundant_regression,random_forest,complete,1.0028678015053134,1.0057438272961006,0.8145677812394442,0.3994622228177541,0.5990722483351293,,,,,,,,,,,,9397155,2.0218544581439346,1.8238620000000056,256,129352,64804,256,0.035328583791852,7246.257067882877,median 5 warm calls on training rows; end-to-end preprocessing,,,2.0218544581439346,1.8238620000000056,244367360.0
,,,11,0,regression,redundant_regression,extra_trees,complete,1.015129733357074,1.030488375545604,0.8210229437698071,0.3846870528392455,0.6138113615680887,,,,,,,,,,,,14810979,1.1543951670173556,1.0618860000000012,256,204544,102400,256,0.0384922500234097,6650.68942044981,median 5 warm calls on training rows; end-to-end preprocessing,,,1.1543951670173556,1.0618860000000012,244367360.0
,,,11,0,regression,redundant_regression,xgboost,complete,1.0555708092572058,1.1142297333559126,0.8556990155978587,0.3346844105035447,0.6636919794158066,,,,,,,,,,,,173488,0.3892010420095175,0.3480359999999933,100,2760,1430,256,0.0029203749727457,87659.97599250254,median 5 warm calls on training rows; end-to-end preprocessing,,,0.3892010420095175,0.3480359999999933,246857728.0
,,,11,0,regression,redundant_regression,lightgbm,complete,1.059664813510098,1.1228895169913908,0.871750650207522,0.329513583624785,0.6688501876113757,,,,,,,,,,,,152937,0.1132434168830514,0.1020250000000118,100,2880,1490,256,0.0079384159762412,32248.247101963247,median 5 warm calls on training rows; end-to-end preprocessing,,,0.1132434168830514,0.1020250000000118,247693312.0
,,,11,0,regression,redundant_regression,catboost,complete,0.9911046398886564,0.9822884072088232,0.805978934503291,0.4134676439397097,0.5851010054937916,,,,,,,,,,,,44932,0.4910088749602437,0.4510549999999966,100,3100,1600,256,0.0044598749373108,57400.712710200154,median 5 warm calls on training rows; end-to-end preprocessing,,,0.4910088749602437,0.4510549999999966,248152064.0
100.0,46.0,0.46,11,1,regression,redundant_regression,random_subspace,complete,1.2183781900267552,1.4844454139328718,0.968806128228502,0.2513336814931248,0.7448478943063269,0.0629412136156116,0.7868819399175783,0.7868819399175783,0.8806387891058431,1.4986289116487028,0.0357142857142857,25.0,1.3742491460951805,8.0,equal,False,47885,0.0591935401316732,0.0517199999999888,8,118,63,256,0.0219543750863522,11660.545972868087,median 5 warm calls on training rows; end-to-end preprocessing,,,,,
100.0,46.0,0.46,11,1,regression,redundant_regression,random_subspace_affine,complete,1.1805420340316033,1.393679494115475,0.936055916205632,0.2971106338807142,0.6993044181931515,0.0629412136156116,0.7868819399175783,0.7868819399175783,0.8806387891058431,1.4986289116487028,0.0357142857142857,25.0,1.3742491460951805,8.0,affine_of_equal,True,48136,2.937319956952706,2.6121610000000004,8,118,63,256,0.0220088749192655,11631.671357081044,median 5 warm calls on training rows; end-to-end preprocessing,1.3157274980673568,2.0,,,
100.0,46.0,0.46,11,1,regression,redundant_regression,top_no_cert,complete,1.1874059771377443,1.4099329545424415,0.9476343088069136,0.2889133514029334,0.7074598920560419,0.1522709541997594,0.7861541572174822,0.7861541572174822,0.8307851451646595,1.5023466267189147,0.0510204081632653,24.0,1.243850071955566,8.0,equal,True,48028,2.9382225829176605,2.6134010000000103,8,120,64,256,0.0266124159097671,9619.570085932868,median 5 warm calls on training rows; end-to-end preprocessing,,,,,
100.0,46.0,0.46,11,1,regression,redundant_regression,top_no_cert_affine,complete,1.1553422723849924,1.334815766359718,0.919684095140384,0.3267980106874754,0.6697684559688918,0.1522709541997594,0.7861541572174822,0.7861541572174822,0.8307851451646595,1.5023466267189147,0.0510204081632653,24.0,1.243850071955566,8.0,affine_of_equal,True,48279,2.9393659168854356,2.6139070000000117,8,120,64,256,0.0269988330546766,9481.891290692523,median 5 warm calls on training rows; end-to-end preprocessing,1.1710235880687003,2.0,,,
100.0,46.0,0.46,11,1,regression,redundant_regression,coerror_no_cert,complete,1.1971411964862926,1.433147044324632,0.9559231125875902,0.2772055398717062,0.7191079902145938,0.1358870490669081,0.748170364027862,0.748170364027862,0.8182049948239996,1.6254989390206611,0.0578231292517006,23.0,1.2156527720860488,8.0,equal,True,48028,2.9383178339339793,2.612689000000003,8,120,64,256,0.0272362080868333,9399.252611957998,median 5 warm calls on training rows; end-to-end preprocessing,,,,,
100.0,46.0,0.46,11,1,regression,redundant_regression,coerror_no_cert_affine,complete,1.1585643274073092,1.342271300740751,0.917388118330595,0.3230378808604303,0.6735094079988678,0.1358870490669081,0.748170364027862,0.748170364027862,0.8182049948239996,1.6254989390206611,0.0578231292517006,23.0,1.2156527720860488,8.0,affine_of_equal,True,48279,2.945163418073207,2.6148139999999955,8,120,64,256,0.0279666250571608,9153.768088811674,median 5 warm calls on training rows; end-to-end preprocessing,1.0959424439740806,2.0,,,
100.0,46.0,0.46,11,1,regression,redundant_regression,affine_profiled,complete,1.1198135349602736,1.253982353080224,0.8826164841673859,0.3675655952441684,0.6292087983986561,0.1209578521656845,0.7508338382753067,0.7508338382753067,0.9065914833380884,1.6140838742846009,0.0544217687074829,23.0,1.2401658288172803,8.0,affine_of_equal,True,48278,2.9453307068906724,2.6190389999999866,8,120,64,256,0.0226515831891447,11301.6382944342,median 5 warm calls on training rows; end-to-end preprocessing,1.0778150510155766,2.0,,,
,,,11,1,regression,redundant_regression,rf_shallow,complete,1.150518934649429,1.323693818986856,0.9029895223506732,0.3324072620052503,0.6641878135259245,,,,,,,,,,,,14643,0.0387151658069342,0.0349630000000047,8,114,61,256,0.0040032921824604,63947.36839884171,median 5 warm calls on training rows; end-to-end preprocessing,,,0.0387151658069342,0.0349630000000047,245776384.0
,,,11,1,regression,redundant_regression,random_forest,complete,1.078289713628393,1.162708706516802,0.8468059820750881,0.413598614921391,0.5834105610163153,,,,,,,,,,,,9395139,2.034156624926254,1.8264910000000043,256,129324,64790,256,0.0327032920904457,7827.958093392996,median 5 warm calls on training rows; end-to-end preprocessing,,,2.034156624926254,1.8264910000000043,245776384.0
,,,11,1,regression,redundant_regression,extra_trees,complete,1.0720445570081478,1.1492795322107958,0.8470118520414474,0.4203714948089904,0.5766722248604573,,,,,,,,,,,,14810979,1.1387367499992251,1.0461019999999903,256,204544,102400,256,0.0375102499965578,6824.8012216258785,median 5 warm calls on training rows; end-to-end preprocessing,,,1.1387367499992251,1.0461019999999903,245776384.0
,,,11,1,regression,redundant_regression,xgboost,complete,1.1104882230165964,1.233184093458558,0.8721774869575917,0.378055005172048,0.6187728876275141,,,,,,,,,,,,170431,0.3911339580081403,0.3439989999999966,100,2670,1385,256,0.0032460000365972,78866.29609171605,median 5 warm calls on training rows; end-to-end preprocessing,,,0.3911339580081403,0.3439989999999966,248233984.0
,,,11,1,regression,redundant_regression,lightgbm,complete,1.1322407734953133,1.281969169165265,0.8880233776174663,0.3534507033333877,0.6432517001002769,,,,,,,,,,,,153040,0.1154432920739054,0.09966,100,2882,1491,256,0.0065275421366095,39218.436992421775,median 5 warm calls on training rows; end-to-end preprocessing,,,0.1154432920739054,0.09966,248233984.0
,,,11,1,regression,redundant_regression,catboost,complete,1.066157794885316,1.1366924435947197,0.8361988150011882,0.4267196765652671,0.5703564207472618,,,,,,,,,,,,44940,0.4782845000736415,0.4459969999999913,100,3100,1600,256,0.0046167080290615,55450.76673432984,median 5 warm calls on training rows; end-to-end preprocessing,,,0.4782845000736415,0.4459969999999913,248463360.0
100.0,47.0,0.47,11,2,regression,redundant_regression,random_subspace,complete,1.1841253527226496,1.4021528509605394,0.9399254693281616,0.2756139123950019,0.7238792972987432,0.0947420867160365,0.7846608629525235,0.7846608629525235,0.9172908299820722,1.492285195566435,0.0527210884353741,24.0,1.3601441147138855,8.0,equal,False,48029,0.0499333748593926,0.0460630000000037,8,120,64,256,0.025042749941349,10222.519515610731,median 5 warm calls on training rows; end-to-end preprocessing,,,,,
100.0,47.0,0.47,11,2,regression,redundant_regression,random_subspace_affine,complete,1.150086307994819,1.3226985158371534,0.917038136978789,0.3166619443009797,0.6828599831511772,0.0947420867160365,0.7846608629525235,0.7846608629525235,0.9172908299820722,1.492285195566435,0.0527210884353741,24.0,1.3601441147138855,8.0,affine_of_equal,True,48280,2.7805863332469016,2.525831999999994,8,120,64,256,0.0213743331842124,11976.981821780866,median 5 warm calls on training rows; end-to-end preprocessing,1.323127893424942,2.0,,,
100.0,47.0,0.47,11,2,regression,redundant_regression,top_no_cert,complete,1.2045419107780673,1.4509212148208774,0.9730894699125714,0.2504189956842548,0.749056587304927,0.1735917591927562,0.7694496465484085,0.7694496465484085,0.8668811027892831,1.5531009928582475,0.1122448979591836,18.0,1.220363378282719,8.0,equal,True,48027,2.7778745009563863,2.5229409999999888,8,120,64,256,0.026502750115469,9659.374928437264,median 5 warm calls on training rows; end-to-end preprocessing,,,,,
100.0,47.0,0.47,11,2,regression,redundant_regression,top_no_cert_affine,complete,1.192891312490143,1.422989683414456,0.9629158429930968,0.2648491006064486,0.7346365778793447,0.1735917591927562,0.7694496465484085,0.7694496465484085,0.8668811027892831,1.5531009928582475,0.1122448979591836,18.0,1.220363378282719,8.0,affine_of_equal,True,48278,2.7815144590567797,2.5260789999999815,8,120,64,256,0.0254977920558303,10040.08501753636,median 5 warm calls on training rows; end-to-end preprocessing,1.1470020222829098,2.0,,,
100.0,47.0,0.47,11,2,regression,redundant_regression,coerror_no_cert,complete,1.2025105289970883,1.446031572348858,0.9671938357889296,0.2529451032891904,0.7465322469990446,0.1646235681473402,0.7490346417063524,0.7490346417063524,0.8584449161643601,1.618956521452244,0.0850340136054421,19.0,1.2059872027570375,8.0,equal,True,48027,2.7868501662742347,2.5272250000000014,8,120,64,256,0.0277180420234799,9235.861601737328,median 5 warm calls on training rows; end-to-end preprocessing,,,,,
100.0,47.0,0.47,11,2,regression,redundant_regression,coerror_no_cert_affine,complete,1.1633378572365174,1.353354970079652,0.9357441253860664,0.3008240783127229,0.6986867687541368,0.1646235681473402,0.7490346417063524,0.7490346417063524,0.8584449161643601,1.618956521452244,0.0850340136054421,19.0,1.2059872027570375,8.0,affine_of_equal,True,48278,2.793545708991587,2.5264569999999935,8,120,64,256,0.0281077919062227,9107.794765739847,median 5 warm calls on training rows; end-to-end preprocessing,1.0753645113299724,2.0,,,
100.0,47.0,0.47,11,2,regression,redundant_regression,affine_profiled,complete,1.154358362200722,1.3325432283827336,0.9237579911094392,0.3115759276091451,0.6879424415969315,0.1621521951758837,0.746705771080012,0.746705771080012,0.8584449161643601,1.6270421898866263,0.0629251700680272,22.0,1.2065422440371751,8.0,affine_of_equal,True,48279,2.7806792920455337,2.5239719999999863,8,120,64,256,0.0230316249653697,11115.151466078534,median 5 warm calls on training rows; end-to-end preprocessing,1.071914027474421,2.0,,,
,,,11,2,regression,redundant_regression,rf_shallow,complete,1.1941604490510438,1.4260191780777904,0.9585885026684966,0.2632839903653721,0.736200593148124,,,,,,,,,,,,15075,0.0550077501684427,0.034716000000003,8,120,64,256,0.0051150410436093,50048.474258059134,median 5 warm calls on training rows; end-to-end preprocessing,,,0.0550077501684427,0.034716000000003,246038528.0
,,,11,2,regression,redundant_regression,random_forest,complete,1.0937796616883153,1.1963539483230057,0.8774464115080238,0.3819346047595182,0.6176329883288926,,,,,,,,,,,,9420627,2.050772416871041,1.8025930000000017,256,129678,64967,256,0.0343660411890596,7449.214141124212,median 5 warm calls on training rows; end-to-end preprocessing,,,2.050772416871041,1.8025930000000017,246038528.0
,,,11,2,regression,redundant_regression,extra_trees,complete,1.0724706007643807,1.1501931895039117,0.8637745896989574,0.4057823696154929,0.5938019076918194,,,,,,,,,,,,14810979,1.1490572500042615,1.03342099999999,256,204544,102400,256,0.0382036659866571,6700.927604419155,median 5 warm calls on training rows; end-to-end preprocessing,,,1.1490572500042615,1.03342099999999,246038528.0
,,,11,2,regression,redundant_regression,xgboost,complete,1.1072797437721895,1.226068430968206,0.8921992827437536,0.3665833840892341,0.6329734690775272,,,,,,,,,,,,172533,0.4024238330312073,0.3467030000000051,100,2732,1416,256,0.0033920409623533,75470.78671549736,median 5 warm calls on training rows; end-to-end preprocessing,,,0.4024238330312073,0.3467030000000051,248496128.0
,,,11,2,regression,redundant_regression,lightgbm,complete,1.1240523949317114,1.263493786551716,0.9009511407898808,0.3472485398960401,0.6522947863521652,,,,,,,,,,,,152496,0.1167369578033685,0.0986209999999943,100,2874,1487,256,0.0066143749281764,38703.58163542745,median 5 warm calls on training rows; end-to-end preprocessing,,,0.1167369578033685,0.0986209999999943,248496128.0
,,,11,2,regression,redundant_regression,catboost,complete,1.09067905691633,1.1895808051958952,0.8894532659996165,0.3854337743737832,0.6141362667810257,,,,,,,,,,,,44932,0.5052420410793275,0.4526710000000093,100,3100,1600,256,0.0037614591419696,68058.69486753114,median 5 warm calls on training rows; end-to-end preprocessing,,,0.5052420410793275,0.4526710000000093,248659968.0
100.0,95.0,0.95,29,0,regression,redundant_regression,random_subspace,complete,1.0656122689516598,1.1355295077403045,0.8508643197451705,0.3113451114376511,0.6883596703325674,0.1806141772600135,0.7335155847042818,0.7335155847042818,0.8406426673899021,1.6716309194385226,0.042517006802721,24.0,1.3126502734558565,8.0,equal,False,47883,0.0513629158958792,0.0480549999999908,8,118,63,256,0.0211260828655213,12117.722041969417,median 5 warm calls on training rows; end-to-end preprocessing,,,,,
100.0,95.0,0.95,29,0,regression,redundant_regression,random_subspace_affine,complete,1.0579867634198274,1.1193359915715615,0.8546797867190528,0.3211658549732462,0.6785431368339151,0.1806141772600135,0.7335155847042818,0.7335155847042818,0.8406426673899021,1.6716309194385226,0.042517006802721,24.0,1.3126502734558565,8.0,affine_of_equal,True,48134,2.827659042086452,2.5524199999999695,8,118,63,256,0.0238902498967945,10715.668572154553,median 5 warm calls on training rows; end-to-end preprocessing,1.2112793762569267,2.0,,,
100.0,95.0,0.95,29,0,regression,redundant_regression,top_no_cert,complete,1.0930561508321903,1.194771748872084,0.8698721909849328,0.2754169751041655,0.7242724046976885,0.2449946348066304,0.7646458487698099,0.7646458487698099,0.869534287989655,1.563573698025214,0.0962585034013605,19.0,1.2527186808899111,8.0,equal,True,48028,2.823276001261547,2.5493879999999933,8,120,64,256,0.0292805840726941,8742.994995060042,median 5 warm calls on training rows; end-to-end preprocessing,,,,,
100.0,95.0,0.95,29,0,regression,redundant_regression,top_no_cert_affine,complete,1.1025450406312545,1.2156055666205747,0.8876676873944477,0.2627820674755068,0.7369018958904436,0.2449946348066304,0.7646458487698099,0.7646458487698099,0.869534287989655,1.563573698025214,0.0962585034013605,19.0,1.2527186808899111,8.0,affine_of_equal,True,48279,2.8711270422209054,2.560311000000013,8,120,64,256,0.0197307080961763,12974.69907071456,median 5 warm calls on training rows; end-to-end preprocessing,1.210350417872105,2.0,,,
100.0,95.0,0.95,29,0,regression,redundant_regression,coerror_no_cert,complete,1.064863591256477,1.1339344679836414,0.8437299539916168,0.3123124415848555,0.6873927548683899,0.2318109231068374,0.7068524406120937,0.7068524406120937,0.869534287989655,1.7738072491556394,0.0663265306122449,23.0,1.1921065406413334,8.0,equal,True,48030,2.8257640837691724,2.5488090000000057,8,120,64,256,0.0265307500958442,9649.180632857397,median 5 warm calls on training rows; end-to-end preprocessing,,,,,
100.0,95.0,0.95,29,0,regression,redundant_regression,coerror_no_cert_affine,complete,1.0710690960581977,1.1471890085309249,0.847884186371071,0.3042740735095961,0.6954276769900477,0.2318109231068374,0.7068524406120937,0.7068524406120937,0.869534287989655,1.7738072491556394,0.0663265306122449,23.0,1.1921065406413334,8.0,affine_of_equal,True,48281,2.8289047919679433,2.550854000000001,8,120,64,256,0.0224933340214192,11381.14962220469,median 5 warm calls on training rows; end-to-end preprocessing,1.081499009666571,2.0,,,
100.0,95.0,0.95,29,0,regression,redundant_regression,affine_profiled,complete,1.0355669932653873,1.0723989975407149,0.8290634252490378,0.3496313331254502,0.6500898614965165,0.209415440480826,0.7085500242430912,0.7085500242430912,0.8841767365496829,1.7538326271711342,0.0578231292517006,22.0,1.230213774517504,8.0,affine_of_equal,True,48281,2.8397546659689397,2.557836999999992,8,120,64,256,0.0239103341009467,10706.667624099116,median 5 warm calls on training rows; end-to-end preprocessing,1.0309357588023802,2.0,,,
,,,29,0,regression,redundant_regression,rf_shallow,complete,1.0446290534262708,1.0912498592622666,0.8249549852496938,0.3381990119134783,0.6615172818072003,,,,,,,,,,,,15075,0.0418761670589447,0.0344900000000052,8,120,64,256,0.0061578329186886,41573.066918242504,median 5 warm calls on training rows; end-to-end preprocessing,,,0.0418761670589447,0.0344900000000052,245972992.0
,,,29,0,regression,redundant_regression,random_forest,complete,1.0233799179718552,1.047306456508081,0.8134151780123084,0.3648489923150929,0.6348787259379147,,,,,,,,,,,,9376995,1.9622979580890387,1.7430530000000033,256,129072,64664,256,0.0341228328179568,7502.30795214876,median 5 warm calls on training rows; end-to-end preprocessing,,,1.9622979580890387,1.7430530000000033,245481472.0
,,,29,0,regression,redundant_regression,extra_trees,complete,1.0345507049544491,1.070295161121748,0.8265261739404446,0.3509072288417492,0.6488145127416651,,,,,,,,,,,,14810979,1.188530458137393,1.069945000000004,256,204544,102400,256,0.036787792108953,6958.830234818512,median 5 warm calls on training rows; end-to-end preprocessing,,,1.188530458137393,1.069945000000004,243744768.0
,,,29,0,regression,redundant_regression,xgboost,complete,1.0880386183313346,1.1838280349803596,0.8667259367162933,0.2820539158610474,0.717638309119043,,,,,,,,,,,,172666,0.3954557499382645,0.3518839999999983,100,2736,1418,256,0.0032055000774562,79862.7339928664,median 5 warm calls on training rows; end-to-end preprocessing,,,0.3954557499382645,0.3518839999999983,246202368.0
,,,29,0,regression,redundant_regression,lightgbm,complete,1.0741966656632,1.1538984765219369,0.8524009058002356,0.3002050397238888,0.6994949664289551,,,,,,,,,,,,152887,0.1130197921302169,0.099936999999997,100,2886,1493,256,0.007196791935712,35571.40491024486,median 5 warm calls on training rows; end-to-end preprocessing,,,0.1130197921302169,0.099936999999997,246202368.0
,,,29,0,regression,redundant_regression,catboost,complete,1.016521429675283,1.033315816989081,0.8159644041698607,0.3733337760509606,0.6263975795287778,,,,,,,,,,,,44964,0.4807257920037955,0.4488589999999988,100,3100,1600,256,0.0046556671150028,54986.74919756202,median 5 warm calls on training rows; end-to-end preprocessing,,,0.4807257920037955,0.4488589999999988,246251520.0
100.0,65.0,0.65,29,1,regression,redundant_regression,random_subspace,complete,1.173595660019893,1.3773267732175276,0.9313081288603,0.3262660359051521,0.6729584718848354,0.1418867277012841,0.7479028257120699,0.7479028257120699,0.8397337362071805,1.6200465723899302,0.0459183673469387,23.0,1.2517368580978798,8.0,equal,False,48028,0.0490557090379297,0.0479110000000133,8,120,64,256,0.0249237499665468,10271.327562810886,median 5 warm calls on training rows; end-to-end preprocessing,,,,,
100.0,65.0,0.65,29,1,regression,redundant_regression,random_subspace_affine,complete,1.1298511739558688,1.276563675289455,0.906967525559668,0.3755553713930321,0.6237258702084368,0.1418867277012841,0.7479028257120699,0.7479028257120699,0.8397337362071805,1.6200465723899302,0.0459183673469387,23.0,1.2517368580978798,8.0,affine_of_equal,True,48279,2.801089415093884,2.51251400000001,8,120,64,256,0.0233032500836998,10985.59209897795,median 5 warm calls on training rows; end-to-end preprocessing,1.1837206472756534,2.0,,,
100.0,65.0,0.65,29,1,regression,redundant_regression,top_no_cert,complete,1.1499670506821111,1.3224242176545131,0.927805569565436,0.353122201862049,0.646133218348271,0.2202505940213032,0.7288266007544572,0.7288266007544572,0.8732827284757649,1.6903897606593898,0.0629251700680272,22.0,1.1126212049594897,8.0,equal,True,48028,2.792790039908141,2.509050000000002,8,120,64,256,0.0294621668290346,8689.109714351167,median 5 warm calls on training rows; end-to-end preprocessing,,,,,
100.0,65.0,0.65,29,1,regression,redundant_regression,top_no_cert_affine,complete,1.1238136279032018,1.262957070260956,0.9163966956112876,0.3822111862090819,0.617077716476459,0.2202505940213032,0.7288266007544572,0.7288266007544572,0.8732827284757649,1.6903897606593898,0.0629251700680272,22.0,1.1126212049594897,8.0,affine_of_equal,True,48279,2.8350210832431912,2.5182530000000014,8,120,64,256,0.0258318751584738,9910.236807412804,median 5 warm calls on training rows; end-to-end preprocessing,1.0471914303738177,2.0,,,
100.0,65.0,0.65,29,1,regression,redundant_regression,coerror_no_cert,complete,1.1473436236621806,1.3163973907582631,0.9236384289995402,0.3560702880059337,0.6431885255583819,0.2185822703309651,0.7119515149362244,0.7119515149362244,0.7840438047828631,1.7562120056567103,0.0459183673469387,24.0,1.093357821521309,8.0,equal,True,48028,2.8076658740174025,2.5116529999999955,8,120,64,256,0.0194111249875277,13188.313411226203,median 5 warm calls on training rows; end-to-end preprocessing,,,,,
100.0,65.0,0.65,29,1,regression,redundant_regression,coerror_no_cert_affine,complete,1.1110587651263697,1.2344515795641335,0.9080568111395314,0.3961549485892864,0.6031500038721013,0.2185822703309651,0.7119515149362244,0.7119515149362244,0.7840438047828631,1.7562120056567103,0.0459183673469387,24.0,1.093357821521309,8.0,affine_of_equal,True,48279,2.7979370409157127,2.510380000000012,8,120,64,256,0.0257608338724821,9937.566511519652,median 5 warm calls on training rows; end-to-end preprocessing,0.9964850832219156,2.0,,,
100.0,65.0,0.65,29,1,regression,redundant_regression,affine_profiled,complete,1.096603944868895,1.2025402119020223,0.8900468092674023,0.4117647317233625,0.5875581881641394,0.1907031289503486,0.7087719164522477,0.7087719164522477,0.8531390720975097,1.7610853937872983,0.0510204081632653,23.0,1.1282445606339728,8.0,affine_of_equal,True,48279,2.86319395690225,2.5235780000000148,8,120,64,256,0.0250702919438481,10211.28914547078,median 5 warm calls on training rows; end-to-end preprocessing,0.9787862228763312,2.0,,,
,,,29,1,regression,redundant_regression,rf_shallow,complete,1.14997437908054,1.3224410725416738,0.9190286871719008,0.3531139571156593,0.6461414536046588,,,,,,,,,,,,15075,0.0473320421297103,0.0357790000000051,8,120,64,256,0.006487124832347,39462.78306893309,median 5 warm calls on training rows; end-to-end preprocessing,,,0.0473320421297103,0.0357790000000051,240320512.0
,,,29,1,regression,redundant_regression,random_forest,complete,1.0561653665480468,1.11548528149557,0.8537309967965114,0.4543485720270875,0.5450233634039194,,,,,,,,,,,,9398019,2.023519624955952,1.7639139999999998,256,129364,64810,256,0.0372727909125387,6868.28095595815,median 5 warm calls on training rows; end-to-end preprocessing,,,2.023519624955952,1.7639139999999998,231145472.0
,,,29,1,regression,redundant_regression,extra_trees,complete,1.0546079874017522,1.1121980070915745,0.8368789366763232,0.4559565770832136,0.54341720921989,,,,,,,,,,,,14810979,1.1448668751399964,1.0447750000000011,256,204544,102400,256,0.0347768340725451,7361.222113145172,median 5 warm calls on training rows; end-to-end preprocessing,,,1.1448668751399964,1.0447750000000011,234946560.0
,,,29,1,regression,redundant_regression,xgboost,complete,1.07410552156432,1.15370267145496,0.8625384872226485,0.4356541313646523,0.5636962860876318,,,,,,,,,,,,173828,0.4038216671906411,0.3576839999999919,100,2770,1435,256,0.0028857919387519,88710.48413515091,median 5 warm calls on training rows; end-to-end preprocessing,,,0.4038216671906411,0.3576839999999919,238944256.0
,,,29,1,regression,redundant_regression,lightgbm,complete,1.0821949969666718,1.1711460114596943,0.8766419067359748,0.42712153703993,0.5722190590870497,,,,,,,,,,,,152469,0.1043605410959571,0.0986570000000028,100,2874,1487,256,0.0072900408413261,35116.40134425249,median 5 warm calls on training rows; end-to-end preprocessing,,,0.1043605410959571,0.0986570000000028,241451008.0
,,,29,1,regression,redundant_regression,catboost,complete,1.0548223519717193,1.1126501942191498,0.8416529246637237,0.4557353849653385,0.543638146737621,,,,,,,,,,,,44964,0.492778749903664,0.4443839999999994,100,3100,1600,256,0.0039905000012367,64152.36183953304,median 5 warm calls on training rows; end-to-end preprocessing,,,0.492778749903664,0.4443839999999994,241713152.0
100.0,65.0,0.65,29,2,regression,redundant_regression,random_subspace,complete,1.1582789113472856,1.341610036471853,0.9269571501288276,0.3593445792742137,0.6405081390488324,0.1034053984439018,0.755974049623746,0.755974049623746,0.8327504390486734,1.5963816984176116,0.0527210884353741,23.0,1.3077195064081093,8.0,equal,False,47884,0.0700654578395187,0.0484549999999899,8,118,63,256,0.0328685420099645,7788.602242301768,median 5 warm calls on training rows; end-to-end preprocessing,,,,,
100.0,65.0,0.65,29,2,regression,redundant_regression,random_subspace_affine,complete,1.0849992734506428,1.177223423388423,0.8524665650599798,0.4378436750648269,0.5620270895871714,0.1034053984439018,0.755974049623746,0.755974049623746,0.8327504390486734,1.5963816984176116,0.0527210884353741,23.0,1.3077195064081093,8.0,affine_of_equal,True,48135,2.9974086661823094,2.5624049999999983,8,118,63,256,0.0207580830901861,12332.5452975487,median 5 warm calls on training rows; end-to-end preprocessing,1.2332724187766495,2.0,,,
100.0,65.0,0.65,29,2,regression,redundant_regression,top_no_cert,complete,1.1986091082956185,1.436663794489217,0.9530286257048256,0.3139538146863707,0.6858884686544519,0.2037555681658474,0.784450178962274,0.784450178962274,0.9122061012316214,1.505460320724635,0.0850340136054421,21.0,1.198072209739248,8.0,equal,True,48029,3.008611665572971,2.5670790000000068,8,120,64,256,0.0333628330845385,7673.20926707027,median 5 warm calls on training rows; end-to-end preprocessing,,,,,
100.0,65.0,0.65,29,2,regression,redundant_regression,top_no_cert_affine,complete,1.1890951660453204,1.4139473139123482,0.934509403857435,0.3248015543616459,0.6750432227897945,0.2037555681658474,0.784450178962274,0.784450178962274,0.9122061012316214,1.505460320724635,0.0850340136054421,21.0,1.198072209739248,8.0,affine_of_equal,True,48280,3.0089128320105374,2.568005999999997,8,120,64,256,0.025851541897282,9902.697526406171,median 5 warm calls on training rows; end-to-end preprocessing,1.1604205005305783,2.0,,,
100.0,65.0,0.65,29,2,regression,redundant_regression,coerror_no_cert,complete,1.168110010164212,1.364480995845836,0.9378415889992504,0.3484230717557741,0.6514271357980033,0.1855824147816854,0.7499499927932771,0.7499499927932771,0.8643494783502901,1.617635222734223,0.0663265306122448,20.0,1.1794722549193204,8.0,equal,True,48028,2.9996762480586767,2.5650519999999943,8,120,64,256,0.0218895839061588,11695.06012985347,median 5 warm calls on training rows; end-to-end preprocessing,,,,,
100.0,65.0,0.65,29,2,regression,redundant_regression,coerror_no_cert_affine,complete,1.136177794876455,1.2908999815703246,0.8881020004944485,0.3835600149632625,0.6162982702992976,0.1855824147816854,0.7499499927932771,0.7499499927932771,0.8643494783502901,1.617635222734223,0.0663265306122448,20.0,1.1794722549193204,8.0,affine_of_equal,True,48279,2.9929927072953433,2.5617590000000092,8,120,64,256,0.0265000420622527,9660.362025034368,median 5 warm calls on training rows; end-to-end preprocessing,1.105363414308524,2.0,,,
100.0,65.0,0.65,29,2,regression,redundant_regression,affine_profiled,complete,1.125934553825576,1.2677286194983992,0.8831539723408723,0.3946249729714909,0.605235856038485,0.1523373288083548,0.7409833392202492,0.7409833392202492,0.8253131371506538,1.6483321169716028,0.0459183673469387,23.0,1.2147330965803391,8.0,affine_of_equal,True,48135,2.994814081117511,2.563822000000002,8,118,63,256,0.0231750421226024,11046.3661142745,median 5 warm calls on training rows; end-to-end preprocessing,1.0782133987697735,2.0,,,
,,,29,2,regression,redundant_regression,rf_shallow,complete,1.164737737469105,1.35661399708465,0.9364007781189272,0.3521797784471245,0.6476712927441769,,,,,,,,,,,,15075,0.0451203340198844,0.0387669999999928,8,120,64,256,0.0041366249788552,61886.19981472047,median 5 warm calls on training rows; end-to-end preprocessing,,,0.0451203340198844,0.0387669999999928,233734144.0
,,,29,2,regression,redundant_regression,random_forest,complete,1.089098333237272,1.1861351794602035,0.8560536467323245,0.4335880682339577,0.5662817180872716,,,,,,,,,,,,9384483,1.940208625048399,1.7251890000000003,256,129176,64716,256,0.0355944170150905,7192.139146188752,median 5 warm calls on training rows; end-to-end preprocessing,,,1.940208625048399,1.7251890000000003,233979904.0
,,,29,2,regression,redundant_regression,extra_trees,complete,1.102889304271085,1.216364817475558,0.8680069728976911,0.4191525907594111,0.5807138769583048,,,,,,,,,,,,14810979,1.1372223340440542,1.018732,256,204544,102400,256,0.0398372081108391,6426.153140243432,median 5 warm calls on training rows; end-to-end preprocessing,,,1.1372223340440542,1.018732,236027904.0
,,,29,2,regression,redundant_regression,xgboost,complete,1.0906115673374943,1.1894335908103466,0.864136065729654,0.4320129867618411,0.5678564374604609,,,,,,,,,,,,171927,0.4164284169673919,0.3524400000000014,100,2714,1407,256,0.003409415949136,75086.1742360515,median 5 warm calls on training rows; end-to-end preprocessing,,,0.4164284169673919,0.3524400000000014,238600192.0
,,,29,2,regression,redundant_regression,lightgbm,complete,1.103847050966158,1.218478311926684,0.870221749148374,0.4181433394568876,0.5817228962418372,,,,,,,,,,,,152320,0.1137577500194311,0.0991690000000034,100,2870,1485,256,0.0071522910147905,35792.72703957465,median 5 warm calls on training rows; end-to-end preprocessing,,,0.1137577500194311,0.0991690000000034,238829568.0
,,,29,2,regression,redundant_regression,catboost,complete,1.0655584258209485,1.1354147588380172,0.8367012539635426,0.4578084538376229,0.5420669005610669,,,,,,,,,,,,44916,0.5058374172076583,0.4514369999999985,100,3100,1600,256,0.0047972500324249,53363.9060440209,median 5 warm calls on training rows; end-to-end preprocessing,,,0.5058374172076583,0.4514369999999985,239992832.0
100.0,4.0,0.04,11,0,regression,sparse_regression,random_subspace,complete,1.2471584799433295,1.5554042740945564,1.001275141275415,0.1920376704960427,0.8000964310548337,-0.0338358905009547,0.8083465551436164,0.8083465551436164,0.9427850775346608,1.4162565395578,0.0918367346938775,20.0,1.8073725766361803,8.0,equal,False,47308,0.0501852489542216,0.04840200000001,8,110,59,256,0.0230284591671079,11116.679502623889,median 5 warm calls on training rows; end-to-end preprocessing,,,,,
100.0,4.0,0.04,11,0,regression,sparse_regression,random_subspace_affine,complete,1.1631274345123706,1.3528654289153288,0.9263623093987692,0.2972474605754172,0.6959109084374411,-0.0338358905009547,0.8083465551436164,0.8083465551436164,0.9427850775346608,1.4162565395578,0.0918367346938775,20.0,1.8073725766361803,8.0,affine_of_equal,True,47559,2.8422847513575107,2.536699000000013,8,110,59,256,0.0253231669776141,10109.320063572835,median 5 warm calls on training rows; end-to-end preprocessing,1.701833191014863,2.0,,,
100.0,4.0,0.04,11,0,regression,sparse_regression,top_no_cert,complete,1.182349242208614,1.3979497305512836,0.9155693407662718,0.2738282003994414,0.7191021709511856,0.0963448049013105,0.8085298847848714,0.8085298847848714,0.9749696350138308,1.4108045962068878,0.1343537414965986,19.0,1.581506989575519,8.0,equal,True,47307,2.8485448751598597,2.540751,8,110,59,256,0.0220913749653846,11588.232982380288,median 5 warm calls on training rows; end-to-end preprocessing,,,,,
100.0,4.0,0.04,11,0,regression,sparse_regression,top_no_cert_affine,complete,1.1087847566880666,1.2294036366638152,0.8449421844335457,0.3613802901771201,0.6324024425052817,0.0963448049013105,0.8085298847848714,0.8085298847848714,0.9749696350138308,1.4108045962068878,0.1343537414965986,19.0,1.581506989575519,8.0,affine_of_equal,True,47558,2.8719184568617493,2.546560999999997,8,110,59,256,0.0216768749523907,11809.820399031512,median 5 warm calls on training rows; end-to-end preprocessing,1.456240757742374,2.0,,,
100.0,4.0,0.04,11,0,regression,sparse_regression,coerror_no_cert,complete,1.1603826920858988,1.346487992092518,0.9105436873098752,0.3005602512096219,0.6926303693993323,0.0923423167666358,0.7807042390235784,0.7807042390235784,0.9749696350138308,1.50831546888648,0.1173469387755102,19.0,1.538800656137684,8.0,equal,True,47597,2.8540019588544965,2.5401259999999866,8,114,61,256,0.0253222498577088,10109.686202391938,median 5 warm calls on training rows; end-to-end preprocessing,,,,,
100.0,4.0,0.04,11,0,regression,sparse_regression,coerror_no_cert_affine,complete,1.0724182753188625,1.1500809572378834,0.8401038644271623,0.4025848425362036,0.5915990361064276,0.0923423167666358,0.7807042390235784,0.7807042390235784,0.9749696350138308,1.50831546888648,0.1173469387755102,19.0,1.538800656137684,8.0,affine_of_equal,True,47848,2.8441695829387754,2.538702999999984,8,114,61,256,0.021959041012451,11658.068303385598,median 5 warm calls on training rows; end-to-end preprocessing,1.38776435711373,2.0,,,
100.0,4.0,0.04,11,0,regression,sparse_regression,affine_profiled,complete,1.0801419868373645,1.1667067117289696,0.8371222955346496,0.3939485133502121,0.600151286510687,0.0764293942583429,0.78458056206286,0.78458056206286,0.9348445688531896,1.494092767182695,0.0952380952380952,19.0,1.573463955706173,8.0,affine_of_equal,True,47703,2.8429016238078475,2.537834999999987,8,112,60,256,0.0265605000313371,9638.372760225182,median 5 warm calls on training rows; end-to-end preprocessing,1.3249697547209685,2.0,,,
,,,11,0,regression,sparse_regression,rf_shallow,complete,1.0895668964842893,1.187156021914406,0.8546520452752608,0.3833260195269954,0.6106703652925847,,,,,,,,,,,,15075,0.0381157919764518,0.0332290000000057,8,120,64,256,0.004003666806966,63941.38482117944,median 5 warm calls on training rows; end-to-end preprocessing,,,0.0381157919764518,0.0332290000000057,237649920.0
,,,11,0,regression,sparse_regression,random_forest,complete,1.08854643523092,1.1849333416539436,0.8532372838083231,0.3844806016191856,0.6095270236074737,,,,,,,,,,,,9397155,1.9982435000129044,1.7944689999999923,256,129352,64804,256,0.0341029579285532,7506.680228041453,median 5 warm calls on training rows; end-to-end preprocessing,,,1.9982435000129044,1.7944689999999923,237699072.0
,,,11,0,regression,sparse_regression,extra_trees,complete,1.0845706429897577,1.176293479635216,0.846765913051476,0.3889686200459753,0.6050826981795947,,,,,,,,,,,,14810979,1.1814622501842678,1.087259000000003,256,204544,102400,256,0.0367804579436779,6960.217852426255,median 5 warm calls on training rows; end-to-end preprocessing,,,1.1814622501842678,1.087259000000003,237731840.0
,,,11,0,regression,sparse_regression,xgboost,complete,1.1062400248500377,1.223766992580212,0.8775574190271769,0.3643082724131364,0.6295029655721591,,,,,,,,,,,,170086,0.4367386249359697,0.3834070000000054,100,2660,1380,256,0.00445470912382,57467.27628772116,median 5 warm calls on training rows; end-to-end preprocessing,,,0.4367386249359697,0.3834070000000054,240336896.0
,,,11,0,regression,sparse_regression,lightgbm,complete,1.0681458110456323,1.1409354736543316,0.839876223947762,0.4073355085486834,0.5868946200923145,,,,,,,,,,,,151969,0.1258305411320179,0.1058060000000011,100,2878,1489,256,0.0068884170614182,37163.83571399069,median 5 warm calls on training rows; end-to-end preprocessing,,,0.1258305411320179,0.1058060000000011,240353280.0
,,,11,0,regression,sparse_regression,catboost,complete,1.0604855524196348,1.124629606890778,0.8368532512509365,0.415805670495828,0.5785069192096167,,,,,,,,,,,,44868,0.5234588750172406,0.4579530000000034,100,3100,1600,256,0.0034402920864522,74412.28638932123,median 5 warm calls on training rows; end-to-end preprocessing,,,0.5234588750172406,0.4579530000000034,240386048.0
100.0,4.0,0.04,11,1,regression,sparse_regression,random_subspace,complete,1.4038448168187003,1.9707802697087304,1.0986751947352495,0.0826642474903786,0.9091871719175102,-0.0362706406342777,0.8615639190804979,0.8615639190804979,0.9336769053940184,1.2831337998090322,0.0357142857142857,25.0,1.8069634844948117,8.0,equal,False,47021,0.0515714169014245,0.0462649999999911,8,106,57,256,0.0239083338528871,10707.563378327412,median 5 warm calls on training rows; end-to-end preprocessing,,,,,
100.0,4.0,0.04,11,1,regression,sparse_regression,random_subspace_affine,complete,1.3586311771255846,1.8458786754576515,1.0577623618428722,0.1408019809115167,0.8515658688272829,-0.0362706406342777,0.8615639190804979,0.8615639190804979,0.9336769053940184,1.2831337998090322,0.0357142857142857,25.0,1.8069634844948117,8.0,affine_of_equal,True,47272,3.057392666582018,2.561033000000009,8,106,57,256,0.0267479999456554,9570.80905189626,median 5 warm calls on training rows; end-to-end preprocessing,1.7241152921892375,2.0,,,
100.0,4.0,0.04,11,1,regression,sparse_regression,top_no_cert,complete,1.2893365124181109,1.6623886422544971,1.013398136331802,0.2262107757292707,0.7669157498225488,0.0865609024703481,0.8634071766897211,0.8634071766897211,0.9586607377350096,1.2813719470599323,0.1173469387755102,21.0,1.5948284852707824,8.0,equal,True,47742,3.060417791828513,2.5615099999999984,8,116,62,256,0.0212287078611552,12059.141878740254,median 5 warm calls on training rows; end-to-end preprocessing,,,,,
100.0,4.0,0.04,11,1,regression,sparse_regression,top_no_cert_affine,complete,1.260252132983802,1.5882354386902222,0.9867648496981078,0.2607267417342922,0.7327063848956354,0.0865609024703481,0.8634071766897211,0.8634071766897211,0.9586607377350096,1.2813719470599323,0.1173469387755102,21.0,1.5948284852707824,8.0,affine_of_equal,True,47993,3.0585158749017864,2.5600569999999863,8,116,62,256,0.0215489999391138,11879.90165313107,median 5 warm calls on training rows; end-to-end preprocessing,1.5671820384274122,2.0,,,
100.0,4.0,0.04,11,1,regression,sparse_regression,coerror_no_cert,complete,1.269568337366425,1.611803763243349,1.001041924162665,0.2497564336428026,0.7435792450904751,0.0629501168403272,0.7934162518407074,0.7934162518407074,0.9402954911486612,1.4762414725192583,0.0816326530612244,21.0,1.5198045088842695,8.0,equal,True,47597,3.0592195838689804,2.5602340000000083,8,114,61,256,0.0233812918886542,10948.924517050487,median 5 warm calls on training rows; end-to-end preprocessing,,,,,
100.0,4.0,0.04,11,1,regression,sparse_regression,coerror_no_cert_affine,complete,1.159179044321755,1.3436960567946965,0.9150255831820008,0.3745520734352858,0.6198921496075439,0.0629501168403272,0.7934162518407074,0.7934162518407074,0.9402954911486612,1.4762414725192583,0.0816326530612244,21.0,1.5198045088842695,8.0,affine_of_equal,True,47848,3.0528700829017907,2.558400000000006,8,114,61,256,0.0245488327927887,10428.194373265696,median 5 warm calls on training rows; end-to-end preprocessing,1.3655221045939143,2.0,,,
100.0,4.0,0.04,11,1,regression,sparse_regression,affine_profiled,complete,1.192516339405212,1.4220952197484067,0.9553513029644516,0.3380597479083536,0.6560603182979676,0.0236208696057193,0.8044843776928337,0.8044843776928337,0.931058042595725,1.4413318970438254,0.0476190476190476,23.0,1.6042671018479333,8.0,affine_of_equal,True,47847,3.058198873884976,2.5616270000000014,8,114,61,256,0.0253822919912636,10085.771611488555,median 5 warm calls on training rows; end-to-end preprocessing,1.3118213960521037,2.0,,,
,,,11,1,regression,sparse_regression,rf_shallow,complete,1.195647879588324,1.4295738519640555,0.9430954469961916,0.3345786816440261,0.6595104626790873,,,,,,,,,,,,15075,0.0388248751405626,0.0357660000000095,8,120,64,256,0.0043264159467071,59171.379532946594,median 5 warm calls on training rows; end-to-end preprocessing,,,0.0388248751405626,0.0357660000000095,237977600.0
,,,11,1,regression,sparse_regression,random_forest,complete,1.1754532901755403,1.381690437384503,0.9423219419939284,0.3568668934864129,0.6374202342794639,,,,,,,,,,,,9395139,1.9561880000401288,1.730919,256,129324,64790,256,0.0374038750305771,6844.210654396726,median 5 warm calls on training rows; end-to-end preprocessing,,,1.9561880000401288,1.730919,237977600.0
,,,11,1,regression,sparse_regression,extra_trees,complete,1.1354358977425465,1.2892146778824218,0.9103775685735184,0.39991142855489,0.5947580585184659,,,,,,,,,,,,14810979,1.189966541947797,1.0636209999999977,256,204544,102400,256,0.0577579999808222,4432.286437982642,median 5 warm calls on training rows; end-to-end preprocessing,,,1.189966541947797,1.0636209999999977,238010368.0
,,,11,1,regression,sparse_regression,xgboost,complete,1.1688517493881103,1.3662144120476456,0.9387164059647382,0.3640704927746999,0.6302806236771005,,,,,,,,,,,,171789,0.4780643749982118,0.3966280000000068,100,2710,1405,256,0.0033054160885512,77448.6458411961,median 5 warm calls on training rows; end-to-end preprocessing,,,0.4780643749982118,0.3966280000000068,240467968.0
,,,11,1,regression,sparse_regression,lightgbm,complete,1.1667922938458295,1.3614042569780131,0.930761074088782,0.3663094675038012,0.628061537484965,,,,,,,,,,,,152181,0.1331980831455439,0.0995099999999951,100,2880,1490,256,0.0078090000897645,32782.68626677877,median 5 warm calls on training rows; end-to-end preprocessing,,,0.1331980831455439,0.0995099999999951,240484352.0
,,,11,1,regression,sparse_regression,catboost,complete,1.1669344107287294,1.3617359189428069,0.924376986913215,0.3661550893710743,0.6282145442957383,,,,,,,,,,,,44932,0.515126708894968,0.4555840000000017,100,3100,1600,256,0.0046949579846113,54526.57954322236,median 5 warm calls on training rows; end-to-end preprocessing,,,0.515126708894968,0.4555840000000017,240566272.0
100.0,5.0,0.05,11,2,regression,sparse_regression,random_subspace,complete,1.4076211664706937,1.981397348296316,1.154632451668656,0.0264890387855059,0.9735102839959222,-0.0759847928254093,0.893737785271273,0.893737785271273,0.9228703799349194,1.2111549443987009,0.0527210884353741,24.0,2.002098145429288,8.0,equal,False,46013,0.0530204998794943,0.0450480000000084,8,92,50,256,0.0221097499597817,11578.602221448498,median 5 warm calls on training rows; end-to-end preprocessing,,,,,
100.0,5.0,0.05,11,2,regression,sparse_regression,random_subspace_affine,complete,1.407303422793844,1.9805029238072691,1.1558965261692995,0.0269284923079476,0.9730708307791844,-0.0759847928254093,0.893737785271273,0.893737785271273,0.9228703799349194,1.2111549443987009,0.0527210884353741,24.0,2.002098145429288,8.0,affine_of_equal,True,46264,2.90553716593422,2.5374979999999567,8,92,50,256,0.0288261249661445,8880.832935424532,median 5 warm calls on training rows; end-to-end preprocessing,2.0018230623105793,2.0,,,
100.0,5.0,0.05,11,2,regression,sparse_regression,top_no_cert,complete,1.243241477362589,1.5456493710347132,1.0165230200531168,0.2405831136342298,0.7594163580807897,0.1162587264200322,0.8109903111192417,0.8109903111192417,0.968319103155466,1.405914556263472,0.1360544217687075,19.0,1.512058165171991,8.0,equal,True,47884,2.9159002501983196,2.535811999999978,8,118,63,256,0.0240817498415708,10630.456743557846,median 5 warm calls on training rows; end-to-end preprocessing,,,,,
100.0,5.0,0.05,11,2,regression,sparse_regression,top_no_cert_affine,complete,1.2234838293207728,1.4969126806094222,0.9969182680940863,0.264528690417773,0.7354707979548805,0.1162587264200322,0.8109903111192417,0.8109903111192417,0.968319103155466,1.405914556263472,0.1360544217687075,19.0,1.512058165171991,8.0,affine_of_equal,True,48135,2.8880838758777827,2.531214999999989,8,118,63,256,0.0214624588843435,11927.803863458888,median 5 warm calls on training rows; end-to-end preprocessing,1.4848544852771204,2.0,,,
100.0,5.0,0.05,11,2,regression,sparse_regression,coerror_no_cert,complete,1.214702368037619,1.4755018429161997,0.9870873592946174,0.2750483800706631,0.7249511156199656,0.1084639079758323,0.7697170212963335,0.7697170212963335,0.968319103155466,1.5407164877387942,0.1156462585034013,18.0,1.4581156626130594,8.0,equal,True,47884,2.887867624871433,2.5314949999999925,8,118,63,256,0.0225932500325143,11330.81781645341,median 5 warm calls on training rows; end-to-end preprocessing,,,,,
100.0,5.0,0.05,11,2,regression,sparse_regression,coerror_no_cert_affine,complete,1.1287848636707911,1.2741552684522863,0.905080999186664,0.3739750781467201,0.6260244863618262,0.1084639079758323,0.7697170212963335,0.7697170212963335,0.968319103155466,1.5407164877387942,0.1156462585034013,18.0,1.4581156626130594,8.0,affine_of_equal,True,48135,2.890616374788806,2.5297459999999745,8,118,63,256,0.0278331250883638,9197.673606081164,median 5 warm calls on training rows; end-to-end preprocessing,1.3222507723226853,2.0,,,
100.0,5.0,0.05,11,2,regression,sparse_regression,affine_profiled,complete,1.139560966072209,1.2985991953954263,0.9278445548453248,0.3619651545265366,0.6380344016273599,0.0675065004552628,0.773105479254278,0.773105479254278,0.927891823133452,1.52057476373806,0.0697278911564625,22.0,1.531430746768894,8.0,affine_of_equal,True,47850,2.903910332825035,2.5370989999999978,8,114,61,256,0.0203124999534338,12603.076951969304,median 5 warm calls on training rows; end-to-end preprocessing,1.2860323304942716,2.0,,,
,,,11,2,regression,sparse_regression,rf_shallow,complete,1.1659746365781785,1.3594968531436151,0.9284495389905,0.332044584893633,0.6679549504461523,,,,,,,,,,,,15075,0.0408669169992208,0.0326560000000029,8,120,64,256,0.0045840409584343,55845.9233504396,median 5 warm calls on training rows; end-to-end preprocessing,,,0.0408669169992208,0.0326560000000029,238075904.0
,,,11,2,regression,sparse_regression,random_forest,complete,1.1350390481748616,1.2883136408816955,0.915330111221048,0.3670187093169959,0.6329808503523835,,,,,,,,,,,,9420627,1.989740625023842,1.7839560000000176,256,129678,64967,256,0.0365829169750213,6997.801738303032,median 5 warm calls on training rows; end-to-end preprocessing,,,1.989740625023842,1.7839560000000176,238092288.0
,,,11,2,regression,sparse_regression,extra_trees,complete,1.1049179648095282,1.2208437089588298,0.8986713721327295,0.4001684045741245,0.5998311781556931,,,,,,,,,,,,14810979,1.164244833169505,1.0620110000000125,256,204544,102400,256,0.0371445419732481,6891.995065772349,median 5 warm calls on training rows; end-to-end preprocessing,,,1.164244833169505,1.0620110000000125,238092288.0
,,,11,2,regression,sparse_regression,xgboost,complete,1.1362025190561944,1.290956164309642,0.9157257153471464,0.3657203702813735,0.6342791884848221,,,,,,,,,,,,174777,0.4300095830112695,0.3922190000000114,100,2798,1449,256,0.0031281250994652,81838.15923594708,median 5 warm calls on training rows; end-to-end preprocessing,,,0.4300095830112695,0.3922190000000114,240549888.0
,,,11,2,regression,sparse_regression,lightgbm,complete,1.125812667632511,1.2674541626018307,0.9038686662055404,0.3772675020531549,0.6227320647457516,,,,,,,,,,,,150621,0.1035691248252987,0.094709999999992,100,2844,1472,256,0.0072832501027733,35149.143086892014,median 5 warm calls on training rows; end-to-end preprocessing,,,0.1035691248252987,0.094709999999992,241025024.0
,,,11,2,regression,sparse_regression,catboost,complete,1.12445863681764,1.2644072259137855,0.8949043835337398,0.3787645396193397,0.6212350282209743,,,,,,,,,,,,44908,0.5068841250613332,0.4482300000000236,100,3100,1600,256,0.0043117918539792,59372.0681956725,median 5 warm calls on training rows; end-to-end preprocessing,,,0.5068841250613332,0.4482300000000236,241123328.0
100.0,11.0,0.11,29,0,regression,sparse_regression,random_subspace,complete,1.3742864401324604,1.8886632195319504,1.0837106300272297,-0.0113043885956953,1.0107030857604384,-0.1120091453006458,0.8748070684526569,0.8748070684526569,0.9180455740926716,1.254057283509919,0.042517006802721,24.0,1.7699922304680278,8.0,equal,False,46155,0.0446484999265521,0.0441720000000316,8,94,51,256,0.0238511671777814,10733.22735494792,median 5 warm calls on training rows; end-to-end preprocessing,,,,,
100.0,11.0,0.11,29,0,regression,sparse_regression,random_subspace_affine,complete,1.369128423299052,1.874512639485348,1.0759094846813977,-0.0037273131519059,1.0031305155051944,-0.1120091453006458,0.8748070684526569,0.8748070684526569,0.9180455740926716,1.254057283509919,0.042517006802721,24.0,1.7699922304680278,8.0,affine_of_equal,True,46406,2.7903642503079027,2.4907350000000292,8,94,51,256,0.0182964589912444,13991.77841584024,median 5 warm calls on training rows; end-to-end preprocessing,1.7651045263645455,2.0,,,
100.0,11.0,0.11,29,0,regression,sparse_regression,top_no_cert,complete,1.2201271438848318,1.4887102472445568,0.9697438598719734,0.2028545953476519,0.7966714367774581,0.1185065439609802,0.7980235598311651,0.7980235598311651,0.9655603959933284,1.4274132415195109,0.1717687074829932,16.0,1.2989958632158585,8.0,equal,True,47452,2.7895695420447737,2.4886140000000125,8,112,60,256,0.0233572500292211,10960.194358485276,median 5 warm calls on training rows; end-to-end preprocessing,,,,,
100.0,11.0,0.11,29,0,regression,sparse_regression,top_no_cert_affine,complete,1.2231920762140265,1.4961988553127807,0.9955982093944972,0.1988447421744934,0.8006789057662809,0.1185065439609802,0.7980235598311651,0.7980235598311651,0.9655603959933284,1.4274132415195109,0.1717687074829932,16.0,1.2989958632158585,8.0,affine_of_equal,True,47703,2.7865909161046147,2.489203000000032,8,112,60,256,0.0206097499467432,12421.30548218772,median 5 warm calls on training rows; end-to-end preprocessing,1.2392454112032087,2.0,,,
100.0,11.0,0.11,29,0,regression,sparse_regression,coerror_no_cert,complete,1.1909277151262687,1.4183088226558749,0.9360152049359712,0.2405517712727314,0.7589966748941059,0.1059202630958731,0.752486312985865,0.752486312985865,0.9655603959933284,1.5804797425541683,0.1275510204081632,17.0,1.252065883085289,8.0,equal,True,47741,2.793214082950726,2.493188000000032,8,116,62,256,0.0198958339169621,12867.015329362384,median 5 warm calls on training rows; end-to-end preprocessing,,,,,
100.0,11.0,0.11,29,0,regression,sparse_regression,coerror_no_cert_affine,complete,1.1609687551869372,1.3478484505203068,0.929803668585115,0.2782805112756447,0.7212903677003353,0.1059202630958731,0.752486312985865,0.752486312985865,0.9655603959933284,1.5804797425541683,0.1275510204081632,17.0,1.252065883085289,8.0,affine_of_equal,True,47992,2.7935113341081887,2.489976000000013,8,116,62,256,0.029401124920696,8707.149834930182,median 5 warm calls on training rows; end-to-end preprocessing,1.0993612520004858,2.0,,,
100.0,11.0,0.11,29,0,regression,sparse_regression,affine_profiled,complete,1.1790757051157406,1.3902195183941808,0.937638025976142,0.2555924817491555,0.7439649073452077,0.089637999082014,0.7643882834170865,0.7643882834170865,0.9655603959933284,1.5473083738772064,0.1326530612244897,17.0,1.2919335815374355,8.0,affine_of_equal,True,47702,2.7984727502334863,2.491769000000005,8,112,60,256,0.0227512090932577,11252.149235262596,median 5 warm calls on training rows; end-to-end preprocessing,1.0628756793332623,2.0,,,
,,,29,0,regression,sparse_regression,rf_shallow,complete,1.0980332258203007,1.2056769650053354,0.8660184183385792,0.3544077137051445,0.645208429093654,,,,,,,,,,,,14931,0.0374629581347107,0.0340610000000083,8,118,63,256,0.004246124997735,60290.26468522618,median 5 warm calls on training rows; end-to-end preprocessing,,,0.0374629581347107,0.0340610000000083,238764032.0
,,,29,0,regression,sparse_regression,random_forest,complete,1.107083232576805,1.225633283852708,0.8937017905851056,0.3437218949621056,0.6558878942470322,,,,,,,,,,,,9376995,2.0378155421931297,1.8111209999999855,256,129072,64664,256,0.0351787500549107,7277.120409349612,median 5 warm calls on training rows; end-to-end preprocessing,,,2.0378155421931297,1.8111209999999855,238764032.0
,,,29,0,regression,sparse_regression,extra_trees,complete,1.0839460429031342,1.1749390239253634,0.8860871372945858,0.3708666643476392,0.6287592646379871,,,,,,,,,,,,14810979,1.2051289579831064,1.0879600000000096,256,204544,102400,256,0.0380350830964744,6730.628124320555,median 5 warm calls on training rows; end-to-end preprocessing,,,1.2051289579831064,1.0879600000000096,238747648.0
,,,29,0,regression,sparse_regression,xgboost,complete,1.1374657161706978,1.2938282554637184,0.9403034591661348,0.3072061872609386,0.6923818903855681,,,,,,,,,,,,170832,0.4441803330555558,0.3792940000000158,100,2682,1391,256,0.0032938329968601,77721.00171564028,median 5 warm calls on training rows; end-to-end preprocessing,,,0.4441803330555558,0.3792940000000158,241188864.0
,,,29,0,regression,sparse_regression,lightgbm,complete,1.131707405422827,1.2807616514888676,0.92163105683029,0.3142028364290646,0.6853894012952875,,,,,,,,,,,,152055,0.1075599160976708,0.0977929999999958,100,2874,1487,256,0.0065848331432789,38877.21897118919,median 5 warm calls on training rows; end-to-end preprocessing,,,0.1075599160976708,0.0977929999999958,241188864.0
,,,29,0,regression,sparse_regression,catboost,complete,1.0853220166700213,1.1779238798686815,0.8788764449829563,0.3692683921498296,0.6303565865327874,,,,,,,,,,,,44860,0.4906002089846879,0.4456710000000043,100,3100,1600,256,0.0038347500376403,66757.93662877867,median 5 warm calls on training rows; end-to-end preprocessing,,,0.4906002089846879,0.4456710000000043,241188864.0
100.0,3.0,0.03,29,1,regression,sparse_regression,random_subspace,complete,1.3380103369767502,1.7902716618566366,1.055150912638321,0.0838730749474945,0.8989173962916991,-0.0581409405360567,0.8413712950566288,0.8413712950566288,0.9500675959540916,1.3302199723470185,0.0459183673469387,23.0,1.5929432091953013,8.0,equal,False,47164,0.0508832917548716,0.0477890000000229,8,108,58,256,0.0230737500824034,11094.858836805706,median 5 warm calls on training rows; end-to-end preprocessing,,,,,
100.0,3.0,0.03,29,1,regression,sparse_regression,random_subspace_affine,complete,1.2985321517870938,1.6861857492248202,1.0286392059548646,0.1371364478267697,0.8466545807832391,-0.0581409405360567,0.8413712950566288,0.8413712950566288,0.9500675959540916,1.3302199723470185,0.0459183673469387,23.0,1.5929432091953013,8.0,affine_of_equal,True,47415,2.9483278759289533,2.579127999999997,8,108,58,256,0.0214752501342445,11920.699335267853,median 5 warm calls on training rows; end-to-end preprocessing,1.558214051241817,2.0,,,
100.0,3.0,0.03,29,1,regression,sparse_regression,top_no_cert,complete,1.3007185307992295,1.6918686963645069,1.0296182046133626,0.1342283411973446,0.8495080583614814,0.1004653079428192,0.90561482878418,0.90561482878418,0.9544903923341964,1.1744001023510913,0.1564625850340136,23.0,1.4447930660824757,8.0,equal,True,48029,2.949949417030439,2.580659999999994,8,120,64,256,0.0197959998622536,12931.905525425467,median 5 warm calls on training rows; end-to-end preprocessing,,,,,
100.0,3.0,0.03,29,1,regression,sparse_regression,top_no_cert_affine,complete,1.3024230179531215,1.6963057176941172,1.0287482676453743,0.1319578060636584,0.8517359412833211,0.1004653079428192,0.90561482878418,0.90561482878418,0.9544903923341964,1.1744001023510913,0.1564625850340136,23.0,1.4447930660824757,8.0,affine_of_equal,True,48280,2.946864499943331,2.579734999999971,8,120,64,256,0.0244786250405013,10458.10373648163,median 5 warm calls on training rows; end-to-end preprocessing,1.442160936993654,2.0,,,
100.0,3.0,0.03,29,1,regression,sparse_regression,coerror_no_cert,complete,1.2497512177958623,1.561878106382241,0.9843139341144632,0.2007477873928521,0.7842381860963425,0.0784813147677436,0.7997472318588427,0.7997472318588427,0.9544903923341964,1.4469063569337282,0.1054421768707482,21.0,1.326067068189133,8.0,equal,True,48027,2.9434872497804463,2.578453999999965,8,120,64,256,0.0204960841219872,12490.19073479384,median 5 warm calls on training rows; end-to-end preprocessing,,,,,
100.0,3.0,0.03,29,1,regression,sparse_regression,coerror_no_cert_affine,complete,1.2256677355961996,1.5022613980815154,0.971754012239728,0.2312551527391005,0.7543039044211286,0.0784813147677436,0.7997472318588427,0.7997472318588427,0.9544903923341964,1.4469063569337282,0.1054421768707482,21.0,1.326067068189133,8.0,affine_of_equal,True,48278,2.944951917976141,2.579687999999976,8,120,64,256,0.0221455409191548,11559.889231631803,median 5 warm calls on training rows; end-to-end preprocessing,1.2840743328460975,2.0,,,
100.0,3.0,0.03,29,1,regression,sparse_regression,affine_profiled,complete,1.2221494191217572,1.4936492026596486,0.9451588491545988,0.2356622292056989,0.7499796152923206,0.0240171370415693,0.8039710785487746,0.8039710785487746,0.9330947818893864,1.4343829145143694,0.0629251700680272,22.0,1.4120050777931763,8.0,affine_of_equal,True,47703,2.9527833762113005,2.582074999999975,8,112,60,256,0.0224659577943384,11395.018291386326,median 5 warm calls on training rows; end-to-end preprocessing,1.236772002358038,2.0,,,
,,,29,1,regression,sparse_regression,rf_shallow,complete,1.1309739297347252,1.2791020297396072,0.9049054058639556,0.3454514003095453,0.6422528438910355,,,,,,,,,,,,14931,0.0365963750518858,0.034101000000021,8,118,63,256,0.0040060419123619,63903.475200802706,median 5 warm calls on training rows; end-to-end preprocessing,,,0.0365963750518858,0.034101000000021,240025600.0
,,,29,1,regression,sparse_regression,random_forest,complete,1.0759639631569948,1.157698450012507,0.8658779794064373,0.4075766579201199,0.581294614973085,,,,,,,,,,,,9398019,2.1014686659909785,1.8493679999999983,256,129364,64810,256,0.0343088749796152,7461.6261871630495,median 5 warm calls on training rows; end-to-end preprocessing,,,2.1014686659909785,1.8493679999999983,240025600.0
,,,29,1,regression,sparse_regression,extra_trees,complete,1.0692004180132362,1.143189533879679,0.867363477250255,0.4150012343158763,0.5740095099295238,,,,,,,,,,,,14810979,1.2676620001439003,1.0887789999999882,256,204544,102400,256,0.0416726670227944,6143.115338885578,median 5 warm calls on training rows; end-to-end preprocessing,,,1.2676620001439003,1.0887789999999882,239796224.0
,,,29,1,regression,sparse_regression,xgboost,complete,1.0800113530233033,1.1664245226592265,0.8583706708708131,0.403111307620527,0.5856760832555614,,,,,,,,,,,,169204,0.4067550001200288,0.375754999999998,100,2634,1367,256,0.0041211252100765,62118.95706882527,median 5 warm calls on training rows; end-to-end preprocessing,,,0.4067550001200288,0.375754999999998,239632384.0
,,,29,1,regression,sparse_regression,lightgbm,complete,1.1076634258542275,1.2269182649751236,0.8746699833576517,0.3721551419650271,0.6160507344848349,,,,,,,,,,,,151936,0.111874250229448,0.0997789999999838,100,2872,1486,256,0.0100881659891456,25376.267626389497,median 5 warm calls on training rows; end-to-end preprocessing,,,0.111874250229448,0.0997789999999838,239632384.0
,,,29,1,regression,sparse_regression,catboost,complete,1.0790912094078318,1.164437838221257,0.8577799938499631,0.4041279438908678,0.5846785445913005,,,,,,,,,,,,44916,0.4929478750564158,0.4462310000000116,100,3100,1600,256,0.0037642500828951,68008.23387459562,median 5 warm calls on training rows; end-to-end preprocessing,,,0.4929478750564158,0.4462310000000116,239812608.0
100.0,7.0,0.07,29,2,regression,sparse_regression,random_subspace,complete,1.2405816048342362,1.5390427182530888,0.9964715067907132,0.0275458492265953,0.956957552559335,-0.1023178903258299,0.8640150561695,0.8640150561695,0.9240133901172084,1.2595844388777613,0.0527210884353741,23.0,1.8829419139024095,8.0,equal,False,46012,0.0484153758734464,0.0452139999999872,8,92,50,256,0.0249904999509453,10243.892699326156,median 5 warm calls on training rows; end-to-end preprocessing,,,,,
100.0,7.0,0.07,29,2,regression,sparse_regression,random_subspace_affine,complete,1.2439253479529624,1.5473502712798983,0.9988004554029012,0.0222966678179979,0.962123085340203,-0.1023178903258299,0.8640150561695,0.8640150561695,0.9240133901172084,1.2595844388777613,0.0527210884353741,23.0,1.8829419139024095,8.0,affine_of_equal,True,46263,2.952708499971777,2.5853609999999776,8,92,50,256,0.0186332080047577,13738.911728706807,median 5 warm calls on training rows; end-to-end preprocessing,1.8824441880519267,2.0,,,
100.0,7.0,0.07,29,2,regression,sparse_regression,top_no_cert,complete,1.1058144690185978,1.2228256398908832,0.8959387678263923,0.2273496667241403,0.7603377201154136,0.138348322116852,0.7779080164471699,0.7779080164471699,0.9535995788703734,1.5076652124115717,0.1105442176870748,20.0,1.3443517269871388,8.0,equal,True,47741,2.9503787513822317,2.5829750000000047,8,116,62,256,0.0250850419979542,10205.284887339534,median 5 warm calls on training rows; end-to-end preprocessing,,,,,
100.0,7.0,0.07,29,2,regression,sparse_regression,top_no_cert_affine,complete,1.0905064408209486,1.189204297471973,0.8849867695242041,0.2485935305896959,0.7394323890460593,0.138348322116852,0.7779080164471699,0.7779080164471699,0.9535995788703734,1.5076652124115717,0.1105442176870748,20.0,1.3443517269871388,8.0,affine_of_equal,True,47992,2.9577456675469875,2.586230999999998,8,116,62,256,0.0207857908681035,12316.105825583025,median 5 warm calls on training rows; end-to-end preprocessing,1.2386468730176814,2.0,,,
100.0,7.0,0.07,29,2,regression,sparse_regression,coerror_no_cert,complete,1.1056307959601617,1.2224194569755007,0.8964107243361902,0.2276063160408566,0.7600851606484241,0.1221836407178121,0.7526819629641576,0.7526819629641576,0.9229806503569304,1.6011470783309187,0.0986394557823129,20.0,1.3291411885005655,8.0,equal,True,47884,2.9581158764194697,2.5845910000000174,8,118,63,256,0.0232535831164568,11009.05605462693,median 5 warm calls on training rows; end-to-end preprocessing,,,,,
100.0,7.0,0.07,29,2,regression,sparse_regression,coerror_no_cert_affine,complete,1.0787290023858418,1.1636562605883534,0.8833265525772009,0.2647362238476113,0.7235469385911202,0.1221836407178121,0.7526819629641576,0.7526819629641576,0.9229806503569304,1.6011470783309187,0.0986394557823129,20.0,1.3291411885005655,8.0,affine_of_equal,True,48135,2.949215041939169,2.5854630000000327,8,118,63,256,0.0258888751268386,9888.417273665473,median 5 warm calls on training rows; end-to-end preprocessing,1.175109164957323,2.0,,,
100.0,7.0,0.07,29,2,regression,sparse_regression,affine_profiled,complete,1.076720669664362,1.1593274004824716,0.8719682646961742,0.2674714422584818,0.7208553074081999,0.1022791871622551,0.7587437318259891,0.7587437318259891,0.8989412557257753,1.5748019408188254,0.0833333333333333,21.0,1.36880388181453,8.0,affine_of_equal,True,47561,2.9513931260444224,2.5855560000000253,8,110,59,256,0.0266708750277757,9598.485229052092,median 5 warm calls on training rows; end-to-end preprocessing,1.1738964432926615,2.0,,,
,,,29,2,regression,sparse_regression,rf_shallow,complete,1.0902983574005285,1.1887505081502905,0.8724349670852942,0.2488802603238438,0.7391502285098346,,,,,,,,,,,,14931,0.0335907908156514,0.031975999999986,8,118,63,256,0.0039612918626517,64625.38204105781,median 5 warm calls on training rows; end-to-end preprocessing,,,0.0335907908156514,0.031975999999986,237420544.0
,,,29,2,regression,sparse_regression,random_forest,complete,1.0722511761306717,1.1497225847136086,0.8534727735480361,0.2735403075674619,0.7148831528461828,,,,,,,,,,,,9384483,2.0445292089134455,1.8194459999999992,256,129176,64716,256,0.0320121669210493,7996.959425813476,median 5 warm calls on training rows; end-to-end preprocessing,,,2.0445292089134455,1.8194459999999992,237420544.0
,,,29,2,regression,sparse_regression,extra_trees,complete,1.0431404730528118,1.0881420465208438,0.8452013034414566,0.3124503711168265,0.6765931428189601,,,,,,,,,,,,14810979,1.217626417055726,1.0996719999999982,256,204544,102400,256,0.0415967078879475,6154.333191213306,median 5 warm calls on training rows; end-to-end preprocessing,,,1.217626417055726,1.0996719999999982,237420544.0
,,,29,2,regression,sparse_regression,xgboost,complete,1.0350490660575498,1.071326569146606,0.8295343065426352,0.3230753398560793,0.6661374888710095,,,,,,,,,,,,177709,0.4534557079896331,0.4005490000000122,100,2884,1492,256,0.0036724170204252,69708.85892756259,median 5 warm calls on training rows; end-to-end preprocessing,,,0.4534557079896331,0.4005490000000122,237420544.0
,,,29,2,regression,sparse_regression,lightgbm,complete,1.0569448889308664,1.1171324982370814,0.8535764225375408,0.2941325656589956,0.6946190438501219,,,,,,,,,,,,151968,0.122165499953553,0.1020670000000052,100,2874,1487,256,0.0068873749114573,37169.45908870713,median 5 warm calls on training rows; end-to-end preprocessing,,,0.122165499953553,0.1020670000000052,238567424.0
,,,29,2,regression,sparse_regression,catboost,complete,1.0297727608206426,1.0604319389281682,0.8374425051356198,0.3299591828133994,0.6593633437831402,,,,,,,,,,,,44908,0.5076753338798881,0.4548330000000078,100,3100,1600,256,0.0041447090916335,61765.49290678986,median 5 warm calls on training rows; end-to-end preprocessing,,,0.5076753338798881,0.4548330000000078,239321088.0
100.0,14.0,0.14,11,0,regression,dominant_regression,random_subspace,complete,1.2763593095491768,1.629093087072851,0.9845239276583728,0.2115466075880898,0.7842515308592066,-7.194863677578711e-05,0.7837739939928859,0.7837739939928859,0.9659596355694866,1.3555456254076523,0.0918367346938775,20.0,1.824255262904565,8.0,equal,False,46588,0.0526253331918269,0.0462830000000167,8,100,54,256,0.0260452919173985,9829.031704151832,median 5 warm calls on training rows; end-to-end preprocessing,,,,,
100.0,14.0,0.14,11,0,regression,dominant_regression,random_subspace_affine,complete,1.17939028579584,1.3909614462295934,0.9138230687786372,0.3267982783203252,0.669614064554012,-7.194863677578711e-05,0.7837739939928859,0.7837739939928859,0.9659596355694866,1.3555456254076523,0.0918367346938775,20.0,1.824255262904565,8.0,affine_of_equal,True,46839,3.183895166963339,2.6343909999999937,8,100,54,256,0.0190737501252442,13421.587171847345,median 5 warm calls on training rows; end-to-end preprocessing,1.6322812808337,2.0,,,
100.0,14.0,0.14,11,0,regression,dominant_regression,top_no_cert,complete,1.0765954992196345,1.1590578689399735,0.8582395068418972,0.4390356720440896,0.5579748114356432,0.470136889071456,0.963187372511396,0.963187372511396,0.9898823537196336,1.067767530933342,0.1768707482993197,21.0,1.152247845127195,8.0,equal,True,48028,3.1784522070083767,2.632741999999979,8,120,64,256,0.0244542909786105,10468.51042313662,median 5 warm calls on training rows; end-to-end preprocessing,,,,,
100.0,14.0,0.14,11,0,regression,dominant_regression,top_no_cert_affine,complete,1.0655261356744044,1.135345945805229,0.8476816220502158,0.4505118402167705,0.546559802578505,0.470136889071456,0.963187372511396,0.963187372511396,0.9898823537196336,1.067767530933342,0.1768707482993197,21.0,1.152247845127195,8.0,affine_of_equal,True,48279,3.1902331688906997,2.638238000000001,8,120,64,256,0.019909834023565,12857.967560000816,median 5 warm calls on training rows; end-to-end preprocessing,1.1458064384450255,2.0,,,
100.0,14.0,0.14,11,0,regression,dominant_regression,coerror_no_cert,complete,1.0558123230815446,1.1147396615708478,0.8346942003246428,0.4604849318949107,0.536639859952531,0.3984150103376332,0.8590044250239798,0.8590044250239798,0.9898823537196336,1.388861361309477,0.1309523809523809,22.0,1.133602233723245,8.0,equal,True,47885,3.191767916781828,2.636895999999979,8,118,63,256,0.0246067920234054,10403.631637821723,median 5 warm calls on training rows; end-to-end preprocessing,,,,,
100.0,14.0,0.14,11,0,regression,dominant_regression,coerror_no_cert_affine,complete,1.05718606098202,1.1176423675346796,0.8394520375040113,0.4590800714958836,0.5380372335058494,0.3984150103376332,0.8590044250239798,0.8590044250239798,0.9898823537196336,1.388861361309477,0.1309523809523809,22.0,1.133602233723245,8.0,affine_of_equal,True,48136,3.174892958952114,2.6335969999999804,8,118,63,256,0.0216827909462153,11806.598174331582,median 5 warm calls on training rows; end-to-end preprocessing,1.1283654419548244,2.0,,,
100.0,14.0,0.14,11,0,regression,dominant_regression,affine_profiled,complete,1.062822226710557,1.1295910855899869,0.8478794360826393,0.4532970948443725,0.5437893912560962,0.1976828659999311,0.7364710653625383,0.7364710653625383,0.9898823537196336,1.5702042025569771,0.0799319727891156,20.0,1.3445235970266258,8.0,affine_of_equal,True,47272,3.1898292931728065,2.636575999999934,8,106,57,256,0.0199406249448657,12838.113183905736,median 5 warm calls on training rows; end-to-end preprocessing,1.1028872650432835,2.0,,,
,,,11,0,regression,dominant_regression,rf_shallow,complete,1.0900816251137455,1.188277949410625,0.8614651852892117,0.424893649248431,0.5720414679224821,,,,,,,,,,,,15075,0.0381182078272104,0.0336960000000203,8,120,64,256,0.0034862498287111,73431.34100479593,median 5 warm calls on training rows; end-to-end preprocessing,,,0.0381182078272104,0.0336960000000203,233766912.0
,,,11,0,regression,dominant_regression,random_forest,complete,1.0913695474132823,1.1910874890210728,0.8631874004365343,0.4235338797824924,0.573393990843356,,,,,,,,,,,,9397155,2.326100583188236,1.8558240000000128,256,129352,64804,256,0.0343749169260263,7447.2907251209745,median 5 warm calls on training rows; end-to-end preprocessing,,,2.326100583188236,1.8558240000000128,233766912.0
,,,11,0,regression,dominant_regression,extra_trees,complete,1.099181472533651,1.2081999095612457,0.8728776686927736,0.415251758807121,0.5816319743642675,,,,,,,,,,,,14810979,1.2405825830064714,1.1075130000000115,256,204544,102400,256,0.042879540938884,5970.213169139927,median 5 warm calls on training rows; end-to-end preprocessing,,,1.2405825830064714,1.1075130000000115,232865792.0
,,,11,0,regression,dominant_regression,xgboost,complete,1.1024170681160026,1.2153233920734832,0.8854760227382983,0.4118041142267538,0.5850612456008849,,,,,,,,,,,,174098,0.4469847499858588,0.3947330000000022,100,2778,1439,256,0.0029567079618573,86582.78169589267,median 5 warm calls on training rows; end-to-end preprocessing,,,0.4469847499858588,0.3947330000000022,234799104.0
,,,11,0,regression,dominant_regression,lightgbm,complete,1.0845655520856454,1.1762824367708409,0.8615711730280586,0.4306992736842647,0.5662667830835112,,,,,,,,,,,,151561,0.1080321250483393,0.100592000000006,100,2866,1483,256,0.006748666986823,37933.41714739304,median 5 warm calls on training rows; end-to-end preprocessing,,,0.1080321250483393,0.100592000000006,236011520.0
,,,11,0,regression,dominant_regression,catboost,complete,1.0626326004819049,1.1291880436069353,0.8467297001731289,0.4534921603205831,0.5435953653316621,,,,,,,,,,,,44892,0.5144178341142833,0.4519239999999911,100,3100,1600,256,0.0054095420055091,47323.784479219634,median 5 warm calls on training rows; end-to-end preprocessing,,,0.5144178341142833,0.4519239999999911,238026752.0
100.0,13.0,0.13,11,1,regression,dominant_regression,random_subspace,complete,1.4173243596829226,2.0088083405506065,1.102801911618904,0.1611834737347315,0.8355913402652003,0.0236368695058404,0.7700551787886994,0.7700551787886994,0.931467158455448,1.4039302604888653,0.0357142857142857,25.0,1.629149902081838,8.0,equal,False,47453,0.0443276239093393,0.0436309999999764,8,112,60,256,0.0212538749910891,12044.862412493274,median 5 warm calls on training rows; end-to-end preprocessing,,,,,
100.0,13.0,0.13,11,1,regression,dominant_regression,random_subspace_affine,complete,1.3045778722457997,1.701923424753378,1.0436610184407833,0.289329167794167,0.7079383566919177,0.0236368695058404,0.7700551787886994,0.7700551787886994,0.931467158455448,1.4039302604888653,0.0357142857142857,25.0,1.629149902081838,8.0,affine_of_equal,True,47704,2.810501456959173,2.505554999999987,8,112,60,256,0.0274791661649942,9316.148767502227,median 5 warm calls on training rows; end-to-end preprocessing,1.3106931868406348,2.0,,,
100.0,13.0,0.13,11,1,regression,dominant_regression,top_no_cert,complete,1.1054517891260771,1.2220236580820447,0.8857508221527368,0.489720537696795,0.508317476426186,0.4263225760524976,0.9371151493539748,0.9371151493539748,0.9556802194993096,1.1196001213363973,0.1972789115646259,19.0,1.1278193056116728,8.0,equal,True,48028,2.8035471236798912,2.505502000000007,8,120,64,256,0.0443356249015778,5774.137627885096,median 5 warm calls on training rows; end-to-end preprocessing,,,,,
100.0,13.0,0.13,11,1,regression,dominant_regression,top_no_cert_affine,complete,1.1108690689592455,1.234030088370381,0.8911293332949677,0.4847070219999476,0.513311715534971,0.4263225760524976,0.9371151493539748,0.9371151493539748,0.9556802194993096,1.1196001213363973,0.1972789115646259,19.0,1.1278193056116728,8.0,affine_of_equal,True,48279,2.8278341670520604,2.5125449999999887,8,120,64,256,0.020939459092915,12225.72172776987,median 5 warm calls on training rows; end-to-end preprocessing,1.1226927201677048,2.0,,,
100.0,13.0,0.13,11,1,regression,dominant_regression,coerror_no_cert,complete,1.1110419759140546,1.234414272243007,0.8899030834660739,0.484546598640995,0.5134715220782612,0.3722723718144567,0.8492108191703434,0.8492108191703434,0.9541195873741088,1.3847744123182726,0.1683673469387755,19.0,1.0997508427246157,8.0,equal,True,47886,2.8001037484500557,2.5030409999999677,8,118,63,256,0.0200420410837978,12773.150146217042,median 5 warm calls on training rows; end-to-end preprocessing,,,,,
100.0,13.0,0.13,11,1,regression,dominant_regression,coerror_no_cert_affine,complete,1.105110548478058,1.2212693243574746,0.8854375356828592,0.49003552423967,0.5080037009827069,0.3722723718144567,0.8492108191703434,0.8492108191703434,0.9541195873741088,1.3847744123182726,0.1683673469387755,19.0,1.0997508427246157,8.0,affine_of_equal,True,48137,2.7941142921335995,2.5004679999999837,8,118,63,256,0.0237639169208705,10772.634867073166,median 5 warm calls on training rows; end-to-end preprocessing,1.096530644308661,2.0,,,
100.0,13.0,0.13,11,1,regression,dominant_regression,affine_profiled,complete,1.1021290508692967,1.2146884447700568,0.8801565741430167,0.4927834969774648,0.5052662939919199,0.1865500197569907,0.7261272281261737,0.7261272281261737,0.9541195873741088,1.609500786525847,0.1224489795918367,17.0,1.2578470695502653,8.0,affine_of_equal,True,47560,2.8077954170294106,2.5049799999999607,8,110,59,256,0.0256572500802576,9977.686587581064,median 5 warm calls on training rows; end-to-end preprocessing,1.0495537236472732,2.0,,,
,,,11,1,regression,dominant_regression,rf_shallow,complete,1.1225554261977926,1.2601306848861078,0.9053720891749883,0.4738082163444652,0.5241686161083327,,,,,,,,,,,,14931,0.0433527079876512,0.0349199999999996,8,118,63,256,0.0044728340581059,57234.40589888664,median 5 warm calls on training rows; end-to-end preprocessing,,,0.0433527079876512,0.0349199999999996,235716608.0
,,,11,1,regression,dominant_regression,random_forest,complete,1.1176014565589631,1.249033015702716,0.8930199148228215,0.4784422613781005,0.5195523886268058,,,,,,,,,,,,9395139,2.1252528328914195,1.828765000000004,256,129324,64790,256,0.0329624579753726,7766.411115071151,median 5 warm calls on training rows; end-to-end preprocessing,,,2.1252528328914195,1.828765000000004,235716608.0
,,,11,1,regression,dominant_regression,extra_trees,complete,1.0862825359482609,1.1800097479061846,0.8757807658106828,0.5072642532803714,0.4908412151000276,,,,,,,,,,,,14810979,1.2088963750284163,1.0976789999999994,256,204544,102400,256,0.0401691659353673,6373.047436730625,median 5 warm calls on training rows; end-to-end preprocessing,,,1.2088963750284163,1.0976789999999994,236011520.0
,,,11,1,regression,dominant_regression,xgboost,complete,1.172265367644122,1.374206092177809,0.9282311951298068,0.4261738378200845,0.5716198440557655,,,,,,,,,,,,173557,0.4605543748475611,0.3893759999999986,100,2762,1431,256,0.0033379581291228,76693.59233912006,median 5 warm calls on training rows; end-to-end preprocessing,,,0.4605543748475611,0.3893759999999986,238469120.0
,,,11,1,regression,dominant_regression,lightgbm,complete,1.1382764670767425,1.2956733155007103,0.91049982855103,0.4589667079015548,0.5389530600755785,,,,,,,,,,,,152468,0.1211943340022116,0.0971890000000144,100,2884,1492,256,0.0067855408415198,37727.28010618839,median 5 warm calls on training rows; end-to-end preprocessing,,,0.1211943340022116,0.0971890000000144,238485504.0
,,,11,1,regression,dominant_regression,catboost,complete,1.1143972141198195,1.2418811508380148,0.8875939329681612,0.4814286599911623,0.5165774724901805,,,,,,,,,,,,44924,0.5258576669730246,0.4471639999999865,100,3100,1600,256,0.0039312918670475,65118.54338412664,median 5 warm calls on training rows; end-to-end preprocessing,,,0.5258576669730246,0.4471639999999865,238485504.0
100.0,9.0,0.09,11,2,regression,dominant_regression,random_subspace,complete,1.4604768302303854,2.132992571639794,1.1939976360313538,-0.0348319770747573,1.014868909305909,-0.1081804966665465,0.903325457937511,0.903325457937511,0.9501602867484212,1.1918728350747947,0.0527210884353741,24.0,2.266028058217833,8.0,equal,False,47165,0.0715356669388711,0.0541660000000092,8,108,58,256,0.0271086669526994,9443.47431198597,median 5 warm calls on training rows; end-to-end preprocessing,,,,,
100.0,9.0,0.09,11,2,regression,dominant_regression,random_subspace_affine,complete,1.4497385836890444,2.1017419610367165,1.1852486525533457,-0.0196705875860379,1.0,-0.1081804966665465,0.903325457937511,0.903325457937511,0.9501602867484212,1.1918728350747947,0.0527210884353741,24.0,2.266028058217833,8.0,affine_of_equal,True,47416,2.949164916295558,2.5548659999999757,8,108,58,256,0.0209143329411745,12240.409518202092,median 5 warm calls on training rows; end-to-end preprocessing,2.2305095128214907,2.0,,,
100.0,9.0,0.09,11,2,regression,dominant_regression,top_no_cert,complete,1.0288752193708264,1.0585842170353663,0.8204547657050475,0.4864225910675905,0.5036699255474746,0.4251522341513424,0.9640965361898168,0.9640965361898168,0.9932133346138672,1.0656629876129755,0.1836734693877551,19.0,1.244132137066254,8.0,equal,True,48028,2.9267385399434716,2.5477380000000096,8,120,64,256,0.0247323340736329,10350.822499721957,median 5 warm calls on training rows; end-to-end preprocessing,,,,,
100.0,9.0,0.09,11,2,regression,dominant_regression,top_no_cert_affine,complete,1.0303795424913926,1.0616820015847717,0.8208477619333595,0.4849196854539305,0.5051438384287102,0.4251522341513424,0.9640965361898168,0.9640965361898168,0.9932133346138672,1.0656629876129755,0.1836734693877551,19.0,1.244132137066254,8.0,affine_of_equal,True,48279,2.933811333961785,2.5513220000000274,8,120,64,256,0.0219747500959783,11649.734303319829,median 5 warm calls on training rows; end-to-end preprocessing,1.2294371988652089,2.0,,,
100.0,9.0,0.09,11,2,regression,dominant_regression,coerror_no_cert,complete,1.033054838030243,1.0672022983776914,0.823588901507203,0.4822414859514048,0.5077703724634577,0.3608664307042492,0.8685477027975628,0.8685477027975628,0.9849983403264598,1.3522702498679275,0.1445578231292517,21.0,1.2152067752941744,8.0,equal,True,48028,2.930299957981333,2.548269000000005,8,120,64,256,0.0243805828504264,10500.15914592962,median 5 warm calls on training rows; end-to-end preprocessing,,,,,
100.0,9.0,0.09,11,2,regression,dominant_regression,coerror_no_cert_affine,complete,1.030799270890954,1.062547136869323,0.8216465157165558,0.4844999607587522,0.5055554661644596,0.3608664307042492,0.8685477027975628,0.8685477027975628,0.9849983403264598,1.3522702498679275,0.1445578231292517,21.0,1.2152067752941744,8.0,affine_of_equal,True,48279,2.930134959053248,2.5478339999999946,8,120,64,256,0.0232997920829802,10987.222507749308,median 5 warm calls on training rows; end-to-end preprocessing,1.2147859122206823,2.0,,,
100.0,9.0,0.09,11,2,regression,dominant_regression,affine_profiled,complete,1.0326613811522407,1.0663895281232534,0.83259030943032,0.4826358054912338,0.5073836597891591,0.1734567583459313,0.7307691395964848,0.7307691395964848,0.9756268559643898,1.612271402617495,0.0731292517006802,24.0,1.371760814196098,8.0,affine_of_equal,True,47993,2.945548666175455,2.5524919999999724,8,116,62,256,0.0198715419974178,12882.744581837973,median 5 warm calls on training rows; end-to-end preprocessing,1.1727384387178137,2.0,,,
,,,11,2,regression,dominant_regression,rf_shallow,complete,1.0396901045239473,1.0809555134450166,0.8385125111823208,0.475569045114767,0.5143140944437435,,,,,,,,,,,,14931,0.0489074168726801,0.0348630000000014,8,118,63,256,0.004478916991502,57156.67436697638,median 5 warm calls on training rows; end-to-end preprocessing,,,0.0489074168726801,0.0348630000000014,236175360.0
,,,11,2,regression,dominant_regression,random_forest,complete,1.0377241956226622,1.0768715061807013,0.8308522708226714,0.47755042159395,0.5123709409358311,,,,,,,,,,,,9420627,2.0585752909537405,1.842585999999983,256,129678,64967,256,0.0337858328130096,7577.14043684678,median 5 warm calls on training rows; end-to-end preprocessing,,,2.0585752909537405,1.842585999999983,236175360.0
,,,11,2,regression,dominant_regression,extra_trees,complete,1.0307833001583566,1.0625142118853526,0.82741299207704,0.484515934478825,0.5055398005953362,,,,,,,,,,,,14810979,1.2359144589863718,1.115694999999988,256,204544,102400,256,0.0389927078504115,6565.330137678503,median 5 warm calls on training rows; end-to-end preprocessing,,,1.2359144589863718,1.115694999999988,236175360.0
,,,11,2,regression,dominant_regression,xgboost,complete,1.0860612607997688,1.1795290622099837,0.8853313668671018,0.4277455966358512,0.56121497504297,,,,,,,,,,,,174303,0.4601715831086039,0.3953039999999816,100,2784,1442,256,0.0035849171690642,71410.29706603229,median 5 warm calls on training rows; end-to-end preprocessing,,,0.4601715831086039,0.3953039999999816,238632960.0
,,,11,2,regression,dominant_regression,lightgbm,complete,1.0688246722005432,1.142386179904599,0.8587386833317777,0.4457656511083274,0.5435425476023229,,,,,,,,,,,,151469,0.1129644999746233,0.101282000000026,100,2864,1482,256,0.006737207993865,37997.93627168953,median 5 warm calls on training rows; end-to-end preprocessing,,,0.1129644999746233,0.101282000000026,239697920.0
,,,11,2,regression,dominant_regression,catboost,complete,1.0293457073096146,1.059552585156731,0.8224968593616754,0.4859527824471145,0.5041306710335127,,,,,,,,,,,,44940,0.4855090831406414,0.4467809999999872,100,3100,1600,256,0.0042583749163895,60116.829782814595,median 5 warm calls on training rows; end-to-end preprocessing,,,0.4855090831406414,0.4467809999999872,239747072.0
100.0,10.0,0.1,29,0,regression,dominant_regression,random_subspace,complete,1.4018381979441463,1.965150333215291,1.1340109988564755,0.0718788175282116,0.9268936990918768,-0.040409578555997,0.8130947333802617,0.8130947333802617,0.929530965115822,1.2978108321454758,0.042517006802721,24.0,1.7129331547831563,8.0,equal,False,47307,0.0615810407325625,0.046955999999966,8,110,59,256,0.0184793749358505,13853.282423711902,median 5 warm calls on training rows; end-to-end preprocessing,,,,,
100.0,10.0,0.1,29,0,regression,dominant_regression,random_subspace_affine,complete,1.3608410003510716,1.8518882282365052,1.0997185285491062,0.1253713962003789,0.873471866840014,-0.040409578555997,0.8130947333802617,0.8130947333802617,0.929530965115822,1.2978108321454758,0.042517006802721,24.0,1.7129331547831563,8.0,affine_of_equal,True,47558,2.91514733294025,2.5893020000000035,8,110,59,256,0.0194021249189972,13194.431077461088,median 5 warm calls on training rows; end-to-end preprocessing,1.5477063523958514,2.0,,,
100.0,10.0,0.1,29,0,regression,dominant_regression,top_no_cert,complete,1.0522612944656962,1.1072538318306224,0.8621425547514255,0.4770549009277905,0.5222534798851461,0.4689087762705566,0.9717778860593264,0.9717778860593264,0.9870812051160408,1.0511745675309754,0.1972789115646258,18.0,1.0097969146934689,8.0,equal,True,48027,2.916038541821763,2.5888949999999795,8,120,64,256,0.021847124909982,11717.789002205596,median 5 warm calls on training rows; end-to-end preprocessing,,,,,
100.0,10.0,0.1,29,0,regression,dominant_regression,top_no_cert_affine,complete,1.05981286963707,1.1232033186483608,0.8688647451801605,0.4695221151073401,0.5297763032464116,0.4689087762705566,0.9717778860593264,0.9717778860593264,0.9870812051160408,1.0511745675309754,0.1972789115646258,18.0,1.0097969146934689,8.0,affine_of_equal,True,48278,2.917470874963328,2.5886470000000372,8,120,64,256,0.0243060828652232,10532.34292911427,median 5 warm calls on training rows; end-to-end preprocessing,0.9931809098922392,2.0,,,
100.0,10.0,0.1,29,0,regression,dominant_regression,coerror_no_cert,complete,1.0657811885348645,1.1358895418347883,0.8699252665608274,0.4635305366179615,0.5357599575948979,0.4101307197592925,0.8696313865112957,0.8696313865112957,0.9870812051160408,1.3508856079754057,0.1530612244897959,20.0,0.9777939753840836,8.0,equal,True,47884,2.9105878341943026,2.5878840000000025,8,118,63,256,0.0240663751028478,10637.247982132012,median 5 warm calls on training rows; end-to-end preprocessing,,,,,
100.0,10.0,0.1,29,0,regression,dominant_regression,coerror_no_cert_affine,complete,1.0624441116190169,1.128787490313922,0.8681131511527806,0.4668847657291446,0.5324101646075358,0.4101307197592925,0.8696313865112957,0.8696313865112957,0.9870812051160408,1.3508856079754057,0.1530612244897959,20.0,0.9777939753840836,8.0,affine_of_equal,True,48135,2.9140450407285243,2.5896830000000364,8,118,63,256,0.0222109160386025,11525.864109119668,median 5 warm calls on training rows; end-to-end preprocessing,0.9769643205856974,2.0,,,
100.0,10.0,0.1,29,0,regression,dominant_regression,affine_profiled,complete,1.0795336278552885,1.1653928536704006,0.8736047335185033,0.4495964124927603,0.5496756531936304,0.1995231238443734,0.7164250824271576,0.7164250824271576,0.9795139316246466,1.6148771587494586,0.0561224489795918,25.0,1.1381533849707852,8.0,affine_of_equal,True,47560,2.9160907499026507,2.5913500000000056,8,110,59,256,0.0243257919792085,10523.809470162569,median 5 warm calls on training rows; end-to-end preprocessing,0.9392109077473202,2.0,,,
,,,29,0,regression,dominant_regression,rf_shallow,complete,1.0696565416608177,1.144165117117781,0.8759504017879061,0.4596220637711444,0.5396632613048059,,,,,,,,,,,,14355,0.0396627921145409,0.0335200000000099,8,110,59,256,0.0042174998670816,60699.46842159423,median 5 warm calls on training rows; end-to-end preprocessing,,,0.0396627921145409,0.0335200000000099,237289472.0
,,,29,0,regression,dominant_regression,random_forest,complete,1.0469741235568428,1.096154815397619,0.8522246380982,0.4822968572717708,0.5170184562719471,,,,,,,,,,,,9376995,1.9992087499704212,1.8485819999999933,256,129072,64664,256,0.0336429998278617,7609.309553543173,median 5 warm calls on training rows; end-to-end preprocessing,,,1.9992087499704212,1.8485819999999933,237289472.0
,,,29,0,regression,dominant_regression,extra_trees,complete,1.026824974366571,1.054369527982909,0.8437668337587104,0.5020316377156726,0.4973097759919663,,,,,,,,,,,,14810979,1.2172553329728544,1.1259520000000125,256,204544,102400,256,0.0403020831290632,6352.028980243689,median 5 warm calls on training rows; end-to-end preprocessing,,,1.2172553329728544,1.1259520000000125,237289472.0
,,,29,0,regression,dominant_regression,xgboost,complete,1.090270032175334,1.1886887430596038,0.8947810771933951,0.4385939929622079,0.5606635215132335,,,,,,,,,,,,170082,0.4413070408627391,0.3828689999999994,100,2660,1380,256,0.0033653329592198,76069.73904280443,median 5 warm calls on training rows; end-to-end preprocessing,,,0.4413070408627391,0.3828689999999994,239747072.0
,,,29,0,regression,dominant_regression,lightgbm,complete,1.0897741239616208,1.187607641256318,0.8780474306997083,0.4391045867153058,0.5601536030440938,,,,,,,,,,,,152135,0.1089604999870061,0.1024349999999856,100,2870,1485,256,0.0071275830268859,35916.80363937415,median 5 warm calls on training rows; end-to-end preprocessing,,,0.1089604999870061,0.1024349999999856,239845376.0
,,,29,0,regression,dominant_regression,catboost,complete,1.047348744696274,1.0969393930168612,0.8534725935260243,0.4819263089755901,0.5173885145007923,,,,,,,,,,,,44860,0.4933988749980926,0.4434679999999957,100,3100,1600,256,0.0038000838831067,67366.93396112892,median 5 warm calls on training rows; end-to-end preprocessing,,,0.4933988749980926,0.4434679999999957,239878144.0
100.0,6.0,0.06,29,1,regression,dominant_regression,random_subspace,complete,1.3524779102429574,1.8291964976951576,1.0636219609292037,0.0892070894330391,0.881241041086526,-0.0515140202788203,0.8299469031580252,0.8299469031580252,0.936736083892718,1.2905954060667395,0.0459183673469387,23.0,1.8089468457132605,8.0,equal,False,46732,0.0593409172724932,0.0498189999999851,8,102,55,256,0.0214416671078652,11939.370139092136,median 5 warm calls on training rows; end-to-end preprocessing,,,,,
100.0,6.0,0.06,29,1,regression,dominant_regression,random_subspace_affine,complete,1.2930700738877314,1.672030215984023,1.014966682710475,0.1674632720482142,0.8055239828626916,-0.0515140202788203,0.8299469031580252,0.8299469031580252,0.936736083892718,1.2905954060667395,0.0459183673469387,23.0,1.8089468457132605,8.0,affine_of_equal,True,46983,2.9297453749459237,2.5826629999999966,8,102,55,256,0.024320000084117,10526.31575306568,median 5 warm calls on training rows; end-to-end preprocessing,1.7572616058064685,2.0,,,
100.0,6.0,0.06,29,1,regression,dominant_regression,top_no_cert,complete,0.9968649230738172,0.9937396748549676,0.7892279614491082,0.505197472252181,0.4787480113490356,0.3094599504024137,0.8061078022818331,0.8061078022818331,0.9698756796508464,1.491224864941905,0.1139455782312925,22.0,1.108360522779542,8.0,equal,True,47165,2.96226045768708,2.5856319999999755,8,108,58,256,0.0222331250552088,11514.35074306048,median 5 warm calls on training rows; end-to-end preprocessing,,,,,
100.0,6.0,0.06,29,1,regression,dominant_regression,top_no_cert_affine,complete,0.9653292843825754,0.931860627286575,0.7686755401118804,0.536008266996727,0.448936913214241,0.3094599504024137,0.8061078022818331,0.8061078022818331,0.9698756796508464,1.491224864941905,0.1139455782312925,22.0,1.108360522779542,8.0,affine_of_equal,True,47416,2.9336266238242388,2.581941999999998,8,108,58,256,0.0191393338609486,13375.596134112831,median 5 warm calls on training rows; end-to-end preprocessing,1.0836372563111316,2.0,,,
100.0,6.0,0.06,29,1,regression,dominant_regression,coerror_no_cert,complete,0.9914015700975398,0.9828770731918672,0.7838134688105611,0.510606175252395,0.4735148008051927,0.3019218270722834,0.795520216023476,0.795520216023476,0.9698756796508464,1.537740990751446,0.1156462585034013,22.0,1.1014811991906284,8.0,equal,True,47453,2.9375173319131136,2.5826429999999903,8,112,60,256,0.0241395831108093,10604.988446770947,median 5 warm calls on training rows; end-to-end preprocessing,,,,,
100.0,6.0,0.06,29,1,regression,dominant_regression,coerror_no_cert_affine,complete,0.9587708925172644,0.919241624338352,0.7667261932474034,0.5422915167395223,0.4428575317428802,0.3019218270722834,0.795520216023476,0.795520216023476,0.9698756796508464,1.537740990751446,0.1156462585034013,22.0,1.1014811991906284,8.0,affine_of_equal,True,47704,2.9393019578419626,2.583658999999983,8,112,60,256,0.0245318338274955,10435.420433717112,median 5 warm calls on training rows; end-to-end preprocessing,1.0752724908290543,2.0,,,
100.0,6.0,0.06,29,1,regression,dominant_regression,affine_profiled,complete,0.9821875150248582,0.9646923146707062,0.7900475104010676,0.5196607241553232,0.464754038606442,0.1822257963143281,0.7354647812057253,0.7354647812057253,0.9533702333099588,1.5860816639709234,0.064625850340136,24.0,1.231312872816006,8.0,affine_of_equal,True,47703,2.920782332541421,2.5771410000000117,8,112,60,256,0.0248308330774307,10309.76283404216,median 5 warm calls on training rows; end-to-end preprocessing,1.0576238657629522,2.0,,,
,,,29,1,regression,dominant_regression,rf_shallow,complete,0.9532493168394832,0.9086842600549412,0.7578462718511417,0.5475482360453592,0.4377713735832919,,,,,,,,,,,,14931,0.0382952499203383,0.035504000000003,8,118,63,256,0.004171208012849,61373.10803283156,median 5 warm calls on training rows; end-to-end preprocessing,,,0.0382952499203383,0.035504000000003,234553344.0
,,,29,1,regression,dominant_regression,random_forest,complete,0.9569276180662728,0.9157104662179908,0.7647607533840887,0.5440497498140817,0.4411563468444019,,,,,,,,,,,,9398019,2.125846124952659,1.849255999999997,256,129364,64810,256,0.0371066250372678,6899.037563855188,median 5 warm calls on training rows; end-to-end preprocessing,,,2.125846124952659,1.849255999999997,234553344.0
,,,29,1,regression,dominant_regression,extra_trees,complete,0.9435515117545694,0.8902894553343333,0.7588013821422295,0.5567073710819195,0.4289094186850635,,,,,,,,,,,,14810979,1.2725118750240654,1.1419129999999882,256,204544,102400,256,0.0362920830957591,7053.880024591766,median 5 warm calls on training rows; end-to-end preprocessing,,,1.2725118750240654,1.1419129999999882,234438656.0
,,,29,1,regression,dominant_regression,xgboost,complete,0.9986108423892862,0.99722361453744,0.7960840330561276,0.5034627501664801,0.4804264481034975,,,,,,,,,,,,167370,0.4317681670654565,0.3735769999999832,100,2580,1340,256,0.0042554580140858,60158.03684412361,median 5 warm calls on training rows; end-to-end preprocessing,,,0.4317681670654565,0.3735769999999832,236896256.0
,,,29,1,regression,dominant_regression,lightgbm,complete,1.00247885191222,1.0049638485312429,0.8108704035489839,0.4996087354356581,0.4841554142761022,,,,,,,,,,,,151609,0.1120536250527948,0.0990720000000067,100,2862,1481,256,0.0066981671843677,38219.41031831131,median 5 warm calls on training rows; end-to-end preprocessing,,,0.1120536250527948,0.0990720000000067,236912640.0
,,,29,1,regression,dominant_regression,catboost,complete,0.9932735470535036,0.9865923392762488,0.7841074120482804,0.5087562712017432,0.475304682294819,,,,,,,,,,,,44876,0.4812845420092344,0.4499749999999949,100,3100,1600,256,0.0049139589536935,52096.48725445318,median 5 warm calls on training rows; end-to-end preprocessing,,,0.4812845420092344,0.4499749999999949,237666304.0
100.0,10.0,0.1,29,2,regression,dominant_regression,random_subspace,complete,1.2929411081943454,1.6716967092588222,0.9940922784823862,0.0812619245061193,0.8976872636897842,-0.085427171802809,0.8331325296285533,0.8331325296285533,0.9410817964251104,1.268224348745142,0.0527210884353741,23.0,1.9377236734710783,8.0,equal,False,47740,0.0554539579898119,0.0498800000000017,8,116,62,256,0.0202597088646143,12635.91701690886,median 5 warm calls on training rows; end-to-end preprocessing,,,,,
100.0,10.0,0.1,29,2,regression,dominant_regression,random_subspace_affine,complete,1.2598708092345765,1.5872744559613858,0.973689953245657,0.1276590598798751,0.8523532140757833,-0.085427171802809,0.8331325296285533,0.8331325296285533,0.9410817964251104,1.268224348745142,0.0527210884353741,23.0,1.9377236734710783,8.0,affine_of_equal,True,47991,2.8725023749284446,2.5067849999999794,8,116,62,256,0.0225335001014173,11360.86266438023,median 5 warm calls on training rows; end-to-end preprocessing,1.9002878845290976,2.0,,,
100.0,10.0,0.1,29,2,regression,dominant_regression,top_no_cert,complete,0.9960760670870722,0.9921675314236496,0.8084088520851234,0.4547204146906365,0.5327857328859809,0.481606830431697,0.9611797023573112,0.9611797023573112,0.980727613777884,1.0714833434276847,0.1700680272108844,21.0,1.0415933902652657,8.0,equal,True,48029,2.8764220415614545,2.507253999999989,8,120,64,256,0.0208672920707613,12268.002917287968,median 5 warm calls on training rows; end-to-end preprocessing,,,,,
100.0,10.0,0.1,29,2,regression,dominant_regression,top_no_cert_affine,complete,0.9945899701959738,0.989209208814428,0.8075759038612277,0.4563462620142764,0.5311971381884648,0.481606830431697,0.9611797023573112,0.9611797023573112,0.980727613777884,1.0714833434276847,0.1700680272108844,21.0,1.0415933902652657,8.0,affine_of_equal,True,48280,2.8716243756935,2.5068299999999795,8,120,64,256,0.0241211249958723,10613.10366095308,median 5 warm calls on training rows; end-to-end preprocessing,1.0382287641250227,2.0,,,
100.0,10.0,0.1,29,2,regression,dominant_regression,coerror_no_cert,complete,0.9881335143063068,0.9764078420953324,0.7995101284309811,0.4633816907245524,0.5243229104664701,0.410627456577403,0.8637020704404329,0.8637020704404329,0.9752931617295388,1.3831337437709357,0.1360544217687074,22.0,1.0292921210391668,8.0,equal,True,48028,2.876869583968073,2.5070899999999767,8,120,64,256,0.0183908329345285,13919.978551888358,median 5 warm calls on training rows; end-to-end preprocessing,,,,,
100.0,10.0,0.1,29,2,regression,dominant_regression,coerror_no_cert_affine,complete,0.9952407434264976,0.9905041373761276,0.8019361509161388,0.4556345897545366,0.5318925040827609,0.410627456577403,0.8637020704404329,0.8637020704404329,0.9752931617295388,1.3831337437709357,0.1360544217687074,22.0,1.0292921210391668,8.0,affine_of_equal,True,48279,2.885730582755059,2.509274999999974,8,120,64,256,0.0235165420453995,10885.954214942938,median 5 warm calls on training rows; end-to-end preprocessing,1.020899345115192,2.0,,,
100.0,10.0,0.1,29,2,regression,dominant_regression,affine_profiled,complete,1.009723300222145,1.0195411430115002,0.8110308583738984,0.4396763106433843,0.5474851352042994,0.2803219426060074,0.765356880975591,0.765356880975591,0.9752931617295388,1.5692716963621347,0.1071428571428571,20.0,1.1326114660264452,8.0,affine_of_equal,True,48278,2.87392745888792,2.507817000000017,8,120,64,256,0.0192747910041362,13281.596669196808,median 5 warm calls on training rows; end-to-end preprocessing,1.0094022269274512,2.0,,,
,,,29,2,regression,dominant_regression,rf_shallow,complete,0.98383957938653,0.9679403179674644,0.7978715596765058,0.4680353080813064,0.5197759202603679,,,,,,,,,,,,14787,0.0384922090452164,0.0368330000000014,8,116,62,256,0.0051130410283803,50068.05120065514,median 5 warm calls on training rows; end-to-end preprocessing,,,0.0384922090452164,0.0368330000000014,235241472.0
,,,29,2,regression,dominant_regression,random_forest,complete,0.964924839245026,0.9310799453920392,0.7887144043656497,0.4882931859453768,0.4999822059983531,,,,,,,,,,,,9384483,2.007865374907851,1.8092510000000177,256,129176,64716,256,0.0334594168234616,7651.059830202824,median 5 warm calls on training rows; end-to-end preprocessing,,,2.007865374907851,1.8092510000000177,235241472.0
,,,29,2,regression,dominant_regression,extra_trees,complete,0.9750309357755168,0.9506853257192798,0.8103291330177285,0.4775183789535269,0.5105101325786244,,,,,,,,,,,,14810979,1.26262200018391,1.1438890000000017,256,204544,102400,256,0.0378861671779304,6757.083628906268,median 5 warm calls on training rows; end-to-end preprocessing,,,1.26262200018391,1.1438890000000017,235077632.0
,,,29,2,regression,dominant_regression,xgboost,complete,0.9781071838344894,0.9566936630686356,0.8020835121605042,0.4742162917611003,0.5137365598872358,,,,,,,,,,,,174037,0.4506271670106798,0.3864550000000122,100,2776,1438,256,0.0025531251449137,100269.2721545555,median 5 warm calls on training rows; end-to-end preprocessing,,,0.4506271670106798,0.3864550000000122,237535232.0
,,,29,2,regression,dominant_regression,lightgbm,complete,1.0241945813337985,1.0489745404335142,0.8333287041348396,0.4235001808747631,0.5632906254266116,,,,,,,,,,,,152808,0.1328047919087112,0.0999659999999948,100,2890,1495,256,0.0070063329767435,36538.37190578178,median 5 warm calls on training rows; end-to-end preprocessing,,,0.1328047919087112,0.0999659999999948,237535232.0
,,,29,2,regression,dominant_regression,catboost,complete,0.99206202444702,0.9841870603499192,0.8069773499230147,0.4591063553910069,0.5285002861291295,,,,,,,,,,,,44892,0.651193083031103,0.4560639999999978,100,3100,1600,256,0.0046989580150693,54480.163299824875,median 5 warm calls on training rows; end-to-end preprocessing,,,0.651193083031103,0.4560639999999978,237748224.0
100.0,0.0,0.0,11,0,regression,mixed_regression,random_subspace,complete,1.4626456297700323,2.139332238285375,1.2199113707865736,0.0347201436784582,0.9532723684602954,-0.1074821965823585,0.8685647878983529,0.8685647878983529,0.93996483611075,1.2734028932062604,0.0918367346938775,20.0,2.055152513719702,8.0,equal,False,47452,0.0499448759946972,0.0456639999999879,8,112,60,256,0.0210842909291386,12141.741017536708,median 5 warm calls on training rows; end-to-end preprocessing,,,,,
100.0,0.0,0.0,11,0,regression,mixed_regression,random_subspace_affine,complete,1.4706293767192888,2.1627507636697643,1.2267767968309586,0.0241535610720916,0.9637075092764392,-0.1074821965823585,0.8685647878983529,0.8685647878983529,0.93996483611075,1.2734028932062604,0.0918367346938775,20.0,2.055152513719702,8.0,affine_of_equal,True,47703,2.8704832068178803,2.539353000000034,8,112,60,256,0.0210869170259684,12140.228924158866,median 5 warm calls on training rows; end-to-end preprocessing,2.051105751042274,2.0,,,
100.0,0.0,0.0,11,0,regression,mixed_regression,top_no_cert,complete,1.4413264457724295,2.077421923282984,1.2079546372175674,0.0626544583682729,0.9256855394683884,-0.0141027983484152,0.8764227612789749,0.8764227612789749,0.9490375366456562,1.2540334676986955,0.0986394557823129,19.0,1.897021511886129,8.0,equal,True,46731,2.8638599996920675,2.540142000000003,8,102,55,256,0.0230056250002235,11127.713330870722,median 5 warm calls on training rows; end-to-end preprocessing,,,,,
100.0,0.0,0.0,11,0,regression,mixed_regression,top_no_cert_affine,complete,1.434867674939475,2.058845244586215,1.2005241872183623,0.0710363699865077,0.91740789367664,-0.0141027983484152,0.8764227612789749,0.8764227612789749,0.9490375366456562,1.2540334676986955,0.0986394557823129,19.0,1.897021511886129,8.0,affine_of_equal,True,46982,2.851821582764387,2.5325650000000337,8,102,55,256,0.024365667020902,10506.586984891115,median 5 warm calls on training rows; end-to-end preprocessing,1.8773398340956893,2.0,,,
100.0,0.0,0.0,11,0,regression,mixed_regression,coerror_no_cert,complete,1.4256139258367528,2.0323750655396786,1.1887396410047002,0.0829798774836531,0.9056129560686862,-0.0315752863776215,0.835884441083923,0.835884441083923,0.9490375366456562,1.3589348723646644,0.0952380952380952,21.0,1.8516269837361208,8.0,equal,True,47596,2.854953958885744,2.5342839999999853,8,114,61,256,0.0248603750951588,10297.51156288274,median 5 warm calls on training rows; end-to-end preprocessing,,,,,
100.0,0.0,0.0,11,0,regression,mixed_regression,coerror_no_cert_affine,complete,1.4148792647845774,2.0018833339173465,1.1753227670718642,0.0967379342233534,0.8920260410949874,-0.0315752863776215,0.835884441083923,0.835884441083923,0.9490375366456562,1.3589348723646644,0.0952380952380952,21.0,1.8516269837361208,8.0,affine_of_equal,True,47847,2.846965500153601,2.530766999999969,8,114,61,256,0.0250082921702414,10236.60465326082,median 5 warm calls on training rows; end-to-end preprocessing,1.8199538700677045,2.0,,,
100.0,0.0,0.0,11,0,regression,mixed_regression,affine_profiled,complete,1.4122765866627478,1.9945251572357816,1.171858009970161,0.1000579887725531,0.8887472859828752,-0.034748289954044,0.8338541087808639,0.8338541087808639,0.8880894471544726,1.364071241487668,0.0765306122448979,21.0,1.8539905796716356,8.0,affine_of_equal,True,47846,2.853074706858024,2.5354380000000276,8,114,61,256,0.0194215830415487,13181.211822555217,median 5 warm calls on training rows; end-to-end preprocessing,1.7919433296157323,2.0,,,
,,,11,0,regression,mixed_regression,rf_shallow,complete,1.397258348831749,1.9523308933800252,1.1478723149378238,0.1190962999910675,0.8699457996492457,,,,,,,,,,,,14355,0.0374300410039722,0.034796,8,110,59,256,0.004505124874413,56824.17405429966,median 5 warm calls on training rows; end-to-end preprocessing,,,0.0374300410039722,0.034796,235339776.0
,,,11,0,regression,mixed_regression,random_forest,complete,1.3503631841053918,1.8234807289872528,1.1189224644970182,0.1772342862029461,0.8125310142367462,,,,,,,,,,,,9397155,2.146231124876067,1.923169999999999,256,129352,64804,256,0.0342553330119699,7473.288901046307,median 5 warm calls on training rows; end-to-end preprocessing,,,2.146231124876067,1.923169999999999,235339776.0
,,,11,0,regression,mixed_regression,extra_trees,complete,1.3599131579897177,1.8493637972735664,1.1175645544740913,0.1655556866897642,0.8240643391531648,,,,,,,,,,,,14810979,1.2061030000913888,1.0935829999999953,256,204544,102400,256,0.0402925841044634,6353.526478626653,median 5 warm calls on training rows; end-to-end preprocessing,,,1.2061030000913888,1.0935829999999953,235339776.0
,,,11,0,regression,mixed_regression,xgboost,complete,1.3790552566902985,1.9017934010051447,1.1240003318377991,0.1418991272029707,0.8474266255863808,,,,,,,,,,,,163218,0.3871878329664469,0.3538819999999987,100,2458,1279,256,0.0034722089767456,73728.28125107288,median 5 warm calls on training rows; end-to-end preprocessing,,,0.3871878329664469,0.3538819999999987,237797376.0
,,,11,0,regression,mixed_regression,lightgbm,complete,1.2918563651968968,1.668892868299738,1.040741539083941,0.2469852791918123,0.7436476807107174,,,,,,,,,,,,151888,0.1130219579208642,0.099772999999999,100,2880,1490,256,0.006800791947171,37642.67485149104,median 5 warm calls on training rows; end-to-end preprocessing,,,0.1130219579208642,0.099772999999999,238616576.0
,,,11,0,regression,mixed_regression,catboost,complete,1.3413665967237745,1.799264346806321,1.1162049549555542,0.188160866700313,0.8017403536820031,,,,,,,,,,,,44948,0.4869765420444309,0.4516490000000033,100,3100,1600,256,0.0039757499471306,64390.367453757135,median 5 warm calls on training rows; end-to-end preprocessing,,,0.4869765420444309,0.4516490000000033,238813184.0
100.0,0.0,0.0,11,1,regression,mixed_regression,random_subspace,complete,1.415803212717987,2.0044987371425735,1.131957364626216,0.0084959047053752,0.9904928413506284,-0.0735639784990908,0.8548281596194777,0.8548281596194777,0.934859920842474,1.3074129246588977,0.0357142857142857,25.0,2.067876396577625,8.0,equal,False,47309,0.0491033757571131,0.0472969999999861,8,110,59,256,0.0240222918801009,10656.76835822894,median 5 warm calls on training rows; end-to-end preprocessing,,,,,
100.0,0.0,0.0,11,1,regression,mixed_regression,random_subspace_affine,complete,1.4233469421849712,2.0259165178273073,1.1437162413606417,-0.0020981739376013,1.0010761148906695,-0.0735639784990908,0.8548281596194777,0.8548281596194777,0.934859920842474,1.3074129246588977,0.0357142857142857,25.0,2.067876396577625,8.0,affine_of_equal,True,47560,2.8776745430659503,2.576512999999977,8,110,59,256,0.0252635001670569,10133.196045962732,median 5 warm calls on training rows; end-to-end preprocessing,2.054463467958739,2.0,,,
100.0,0.0,0.0,11,1,regression,mixed_regression,top_no_cert,complete,1.3869910353706736,1.923744132198613,1.107788181628569,0.0484403157604674,0.9505891703624828,-0.0012924287299211,0.8881034847077315,0.8881034847077315,0.9717653567833928,1.2237704616054812,0.1387755102040816,21.0,1.9940678182874272,8.0,equal,True,47164,2.8789027091115713,2.575306999999981,8,108,58,256,0.0196077919099479,13056.034110098786,median 5 warm calls on training rows; end-to-end preprocessing,,,,,
100.0,0.0,0.0,11,1,regression,mixed_regression,top_no_cert_affine,complete,1.3891940317992226,1.9298600579865792,1.112932329573433,0.0454151377681227,0.9536112629180749,-0.0012924287299211,0.8881034847077315,0.8881034847077315,0.9717653567833928,1.2237704616054812,0.1387755102040816,21.0,1.9940678182874272,8.0,affine_of_equal,True,47415,2.8883700422011316,2.5798519999999883,8,108,58,256,0.0214609999675303,11928.61471447359,median 5 warm calls on training rows; end-to-end preprocessing,1.9929314747439355,2.0,,,
100.0,0.0,0.0,11,1,regression,mixed_regression,coerror_no_cert,complete,1.3733147986021217,1.885993536059586,1.0871246937899868,0.067113248787612,0.9319352822159992,-0.0154099375596579,0.8397482730902436,0.8397482730902436,0.9415472528428602,1.3479051352938556,0.0799319727891156,19.0,1.9262280122560265,8.0,equal,True,47740,2.891232125228271,2.5821350000000223,8,116,62,256,0.0197895830497145,12936.098722084618,median 5 warm calls on training rows; end-to-end preprocessing,,,,,
100.0,0.0,0.0,11,1,regression,mixed_regression,coerror_no_cert_affine,complete,1.3796831946297885,1.9035257175438585,1.099362351955011,0.0584411406844735,0.9405985454706254,-0.0154099375596579,0.8397482730902436,0.8397482730902436,0.9415472528428602,1.3479051352938556,0.0799319727891156,19.0,1.9262280122560265,8.0,affine_of_equal,True,47991,2.8840592089109123,2.5813610000000153,8,116,62,256,0.0238479999825358,10734.652808934574,median 5 warm calls on training rows; end-to-end preprocessing,1.8432966661068793,2.0,,,
100.0,0.0,0.0,11,1,regression,mixed_regression,affine_profiled,complete,1.4060273241821672,1.976912836346865,1.127664234282732,0.0221409787104234,0.9768616842168966,-0.0240507755092273,0.8398265089869048,0.8398265089869048,0.8862190341876198,1.3478607493208148,0.0442176870748299,25.0,1.9427043212298356,8.0,affine_of_equal,True,47850,2.886026709107682,2.579039999999992,8,114,61,256,0.0190775000955909,13418.948956481192,median 5 warm calls on training rows; end-to-end preprocessing,1.8067523899498823,2.0,,,
,,,11,1,regression,mixed_regression,rf_shallow,complete,1.386082285025837,1.9212241008624455,1.1341938330756292,0.0496868226021942,0.9493439348568664,,,,,,,,,,,,14643,0.0366438748314976,0.0347910000000126,8,114,61,256,0.0035608750768005,71892.44061603356,median 5 warm calls on training rows; end-to-end preprocessing,,,0.0366438748314976,0.0347910000000126,236437504.0
,,,11,1,regression,mixed_regression,random_forest,complete,1.3416493107592078,1.8000228730606571,1.0774192393595436,0.1096377277803711,0.889454174750702,,,,,,,,,,,,9395139,2.0124402919318527,1.8592689999999832,256,129324,64790,256,0.033740916987881,7587.227107430101,median 5 warm calls on training rows; end-to-end preprocessing,,,2.0124402919318527,1.8592689999999832,236453888.0
,,,11,1,regression,mixed_regression,extra_trees,complete,1.328481880999154,1.76486410814305,1.0604490471074828,0.1270286389120998,0.8720810009410431,,,,,,,,,,,,14810979,1.1839803748298436,1.0941660000000013,256,204544,102400,256,0.0360792921856045,7095.482879293915,median 5 warm calls on training rows; end-to-end preprocessing,,,1.1839803748298436,1.0941660000000013,236453888.0
,,,11,1,regression,mixed_regression,xgboost,complete,1.4233036219971775,2.025793200390284,1.1610387657768095,-0.0020371762719184,1.0010151794376696,,,,,,,,,,,,167981,0.4013222081121057,0.3663329999999973,100,2598,1349,256,0.0032368749380111,79088.62866271067,median 5 warm calls on training rows; end-to-end preprocessing,,,0.4013222081121057,0.3663329999999973,238911488.0
,,,11,1,regression,mixed_regression,lightgbm,complete,1.3603233179948326,1.8504795294804703,1.0811432987103382,0.0846798764492031,0.914386571093119,,,,,,,,,,,,152333,0.1133530410006642,0.1009249999999895,100,2886,1493,256,0.006201250012964,41281.99951055347,median 5 warm calls on training rows; end-to-end preprocessing,,,0.1133530410006642,0.1009249999999895,238927872.0
,,,11,1,regression,mixed_regression,catboost,complete,1.2966978419829918,1.6814252934033478,1.0431433368494785,0.168300765947149,0.8308509681358002,,,,,,,,,,,,44932,0.50432866695337,0.4569620000000043,100,3100,1600,256,0.0049779170658439,51427.13239570587,median 5 warm calls on training rows; end-to-end preprocessing,,,0.50432866695337,0.4569620000000043,239042560.0
100.0,0.0,0.0,11,2,regression,mixed_regression,random_subspace,complete,1.4802741731912588,2.191211627817065,1.2173019161394194,-0.0144284935646186,1.0075257784204392,-0.1237347118275835,0.882912978350831,0.882912978350831,0.9067543989034212,1.238698028394989,0.0527210884353741,24.0,2.1413433606499708,8.0,equal,False,47021,0.0475469168741256,0.0438030000000253,8,106,57,256,0.0242066669743508,10575.598874114125,median 5 warm calls on training rows; end-to-end preprocessing,,,,,
100.0,0.0,0.0,11,2,regression,mixed_regression,random_subspace_affine,complete,1.4739057021719926,2.172398018895114,1.2057841484301717,-0.005718672607607,0.9988752237531708,-0.1237347118275835,0.882912978350831,0.882912978350831,0.9067543989034212,1.238698028394989,0.0527210884353741,24.0,2.1413433606499708,8.0,affine_of_equal,True,47272,2.7771728760562837,2.5193909999999846,8,106,57,256,0.0242571670096367,10553.581953667452,median 5 warm calls on training rows; end-to-end preprocessing,2.1207253405414033,2.0,,,
100.0,0.0,0.0,11,2,regression,mixed_regression,top_no_cert,complete,1.3982919351587526,1.955220335930009,1.149071193207364,0.0948244364966582,0.8990162638484395,-0.0074029829762371,0.8718680696551233,0.8718680696551233,0.959172910126574,1.2641173084449342,0.1037414965986394,18.0,1.8996222223841663,8.0,equal,True,47020,2.77422375138849,2.517433000000011,8,106,57,256,0.0196523340418934,13026.442531165863,median 5 warm calls on training rows; end-to-end preprocessing,,,,,
100.0,0.0,0.0,11,2,regression,mixed_regression,top_no_cert_affine,complete,1.377921317305356,1.8986671566845277,1.1385844758354975,0.1210059133106693,0.8730129398344015,-0.0074029829762371,0.8718680696551233,0.8718680696551233,0.959172910126574,1.2641173084449342,0.1037414965986394,18.0,1.8996222223841663,8.0,affine_of_equal,True,47271,2.766864666948095,2.514258999999982,8,106,57,256,0.0221598749049007,11552.41178475173,median 5 warm calls on training rows; end-to-end preprocessing,1.8733767480127812,2.0,,,
100.0,0.0,0.0,11,2,regression,mixed_regression,coerror_no_cert,complete,1.3802036542045328,1.9049621270795456,1.1371347849744695,0.1180916364540729,0.8759073863893848,-0.0235341222028406,0.8328233504543332,0.8328233504543332,0.9148464075879474,1.3654416532345477,0.096938775510204,20.0,1.8553101341100304,8.0,equal,True,47596,2.7692342509981245,2.5159860000000265,8,114,61,256,0.0204238328151404,12534.376006555607,median 5 warm calls on training rows; end-to-end preprocessing,,,,,
100.0,0.0,0.0,11,2,regression,mixed_regression,coerror_no_cert_affine,complete,1.3564582423954694,1.8399789633626065,1.116294172092006,0.1481758017804999,0.8460279298471808,-0.0235341222028406,0.8328233504543332,0.8328233504543332,0.9148464075879474,1.3654416532345477,0.096938775510204,20.0,1.8553101341100304,8.0,affine_of_equal,True,47847,2.7745679593645036,2.517645999999985,8,114,61,256,0.0213975419756025,11963.99101784174,median 5 warm calls on training rows; end-to-end preprocessing,1.8109203551068935,2.0,,,
100.0,0.0,0.0,11,2,regression,mixed_regression,affine_profiled,complete,1.3783894185064725,1.899957389050611,1.1364392921323934,0.1204085960735485,0.873606192604914,-0.0288952204183498,0.84454171849384,0.84454171849384,0.9112718434960556,1.332839368900545,0.0510204081632653,22.0,1.887824219766869,8.0,affine_of_equal,True,47417,2.770707374671474,2.5160849999999755,8,108,58,256,0.019797041080892,12931.22537625528,median 5 warm calls on training rows; end-to-end preprocessing,1.7498760016720525,2.0,,,
,,,11,2,regression,mixed_regression,rf_shallow,complete,1.391576113053947,1.9364840784223316,1.1418147008498614,0.1034984473668392,0.8904012755969786,,,,,,,,,,,,14643,0.0403627501800656,0.0344070000000158,8,114,61,256,0.0042680001351982,59981.2539575071,median 5 warm calls on training rows; end-to-end preprocessing,,,0.0403627501800656,0.0344070000000158,236322816.0
,,,11,2,regression,mixed_regression,random_forest,complete,1.3596900891175694,1.8487571384445436,1.1173570135556958,0.1441119173014423,0.8500641614782399,,,,,,,,,,,,9420627,2.1165140841621906,1.9381060000000048,256,129678,64967,256,0.0330485000740736,7746.191186474762,median 5 warm calls on training rows; end-to-end preprocessing,,,2.1165140841621906,1.9381060000000048,236322816.0
,,,11,2,regression,mixed_regression,extra_trees,complete,1.3685233256905984,1.8728560929592557,1.121124999037188,0.1329552285478344,0.8611449341422397,,,,,,,,,,,,14810979,1.20842641685158,1.0932069999999785,256,204544,102400,256,0.0397944999858737,6433.0497955967585,median 5 warm calls on training rows; end-to-end preprocessing,,,1.20842641685158,1.0932069999999785,236322816.0
,,,11,2,regression,mixed_regression,xgboost,complete,1.3677565872795427,1.8707580820465812,1.122390940960087,0.1339265094695894,0.8601802623364257,,,,,,,,,,,,170289,0.4056246669497341,0.3695799999999849,100,2666,1383,256,0.0033956659026443,75390.220162896,median 5 warm calls on training rows; end-to-end preprocessing,,,0.4056246669497341,0.3695799999999849,238780416.0
,,,11,2,regression,mixed_regression,lightgbm,complete,1.394194430227346,1.9437781092769535,1.1307955778482992,0.1001216522467625,0.8937550931932948,,,,,,,,,,,,151006,0.1090337089262902,0.1003129999999998,100,2858,1479,256,0.0070612919516861,36253.98889488921,median 5 warm calls on training rows; end-to-end preprocessing,,,0.1090337089262902,0.1003129999999998,238780416.0
,,,11,2,regression,mixed_regression,catboost,complete,1.2893377127296184,1.6623917374668442,1.053488681305229,0.2303903810364646,0.7643727826506491,,,,,,,,,,,,44924,0.491968291811645,0.4553480000000149,100,3100,1600,256,0.0041881669312715,61124.59321727103,median 5 warm calls on training rows; end-to-end preprocessing,,,0.491968291811645,0.4553480000000149,238911488.0
100.0,0.0,0.0,29,0,regression,mixed_regression,random_subspace,complete,1.327693196622352,1.7627692243572792,1.086561115666517,0.0234286011278422,0.9759587058838118,-0.0928397343159203,0.8775096060155928,0.8775096060155928,0.943988351389173,1.250951948060969,0.042517006802721,24.0,2.0708549003328818,8.0,equal,False,47307,0.056446166941896,0.0500340000000107,8,110,59,256,0.0227197080384939,11267.750429110238,median 5 warm calls on training rows; end-to-end preprocessing,,,,,
100.0,0.0,0.0,29,0,regression,mixed_regression,random_subspace_affine,complete,1.3276037258218452,1.762531652816045,1.0867029887439508,0.023560215390872,0.9758271741945052,-0.0928397343159203,0.8775096060155928,0.8775096060155928,0.943988351389173,1.250951948060969,0.042517006802721,24.0,2.0708549003328818,8.0,affine_of_equal,True,47558,2.8524154589977115,2.5378450000000043,8,110,59,256,0.0349277921486645,7329.40687777735,median 5 warm calls on training rows; end-to-end preprocessing,2.0708079373497053,2.0,,,
100.0,0.0,0.0,29,0,regression,mixed_regression,top_no_cert,complete,1.272825516720942,1.6200847960159328,1.038562953787788,0.1024755517196805,0.8969613487087312,0.0012738367025316,0.8621083403823311,0.8621083403823311,0.9549428994450956,1.2876287311460166,0.1105442176870748,20.0,1.865280381447623,8.0,equal,True,47740,2.8648080420680344,2.543385999999998,8,116,62,256,0.0216072499752044,11847.875148099569,median 5 warm calls on training rows; end-to-end preprocessing,,,,,
100.0,0.0,0.0,29,0,regression,mixed_regression,top_no_cert_affine,complete,1.2614021847954928,1.5911354718068424,1.0251653886731276,0.1185134321459076,0.8809335303188247,0.0012738367025316,0.8621083403823311,0.8621083403823311,0.9549428994450956,1.2876287311460166,0.1105442176870748,20.0,1.865280381447623,8.0,affine_of_equal,True,47991,2.8607227513566613,2.541589999999985,8,116,62,256,0.0188295000698417,13595.687567405055,median 5 warm calls on training rows; end-to-end preprocessing,1.8347654478039008,2.0,,,
100.0,0.0,0.0,29,0,regression,mixed_regression,coerror_no_cert,complete,1.2702071353605224,1.6134261667207843,1.0388037542653838,0.1061644219560581,0.893274792839671,-0.0085143577490459,0.8348441594611801,0.8348441594611801,0.91413659407348,1.360902293216196,0.0986394557823129,21.0,1.831018571165842,8.0,equal,True,47741,2.860857750289142,2.541577000000018,8,116,62,256,0.0227065000217407,11274.304703714251,median 5 warm calls on training rows; end-to-end preprocessing,,,,,
100.0,0.0,0.0,29,0,regression,mixed_regression,coerror_no_cert_affine,complete,1.2604836568145414,1.5888190490965588,1.023388577383031,0.1197967267118118,0.8796510408815403,-0.0085143577490459,0.8348441594611801,0.8348441594611801,0.91413659407348,1.360902293216196,0.0986394557823129,21.0,1.831018571165842,8.0,affine_of_equal,True,47992,2.86896050022915,2.5445809999999938,8,116,62,256,0.0223347079008817,11461.981107435626,median 5 warm calls on training rows; end-to-end preprocessing,1.786991649440157,2.0,,,
100.0,0.0,0.0,29,0,regression,mixed_regression,affine_profiled,complete,1.2754039293237374,1.6266551829344291,1.028621587670634,0.0988355676222347,0.9005990491096272,-0.0125008472790367,0.8403399119895738,0.8403399119895738,0.9255334949363956,1.346152313928254,0.064625850340136,22.0,1.8491998457801828,8.0,affine_of_equal,True,47704,2.8690152920316905,2.5486279999999795,8,112,60,256,0.0214647920802235,11926.507326193198,median 5 warm calls on training rows; end-to-end preprocessing,1.754585342223919,2.0,,,
,,,29,0,regression,mixed_regression,rf_shallow,complete,1.2761533236303235,1.628567305412722,1.0376999168429626,0.0977762547538007,0.9016576973737448,,,,,,,,,,,,14211,0.0363316249568015,0.0346519999999941,8,108,58,256,0.0038278331048786,66878.56888894188,median 5 warm calls on training rows; end-to-end preprocessing,,,0.0363316249568015,0.0346519999999941,236371968.0
,,,29,0,regression,mixed_regression,random_forest,complete,1.2552732318428237,1.5757108865811271,1.0012287205728037,0.1270586282854598,0.8723936953661399,,,,,,,,,,,,9376995,2.024853582959622,1.857941000000011,256,129072,64664,256,0.0347870839759707,7359.053152510069,median 5 warm calls on training rows; end-to-end preprocessing,,,2.024853582959622,1.857941000000011,236371968.0
,,,29,0,regression,mixed_regression,extra_trees,complete,1.2477481481272992,1.556875441155105,0.99826757982802,0.1374934356521348,0.8619654347131162,,,,,,,,,,,,14810979,1.2314683329313991,1.0903040000000033,256,204544,102400,256,0.0432502499315887,5919.0409397617095,median 5 warm calls on training rows; end-to-end preprocessing,,,1.2314683329313991,1.0903040000000033,236371968.0
,,,29,0,regression,mixed_regression,xgboost,complete,1.2933578694437289,1.6727745784520216,1.0473725414977064,0.0732854944910369,0.9261330923318218,,,,,,,,,,,,169946,0.4289528748486191,0.3767100000000027,100,2656,1378,256,0.0039121250156313,65437.58161539428,median 5 warm calls on training rows; end-to-end preprocessing,,,0.4289528748486191,0.3767100000000027,236994560.0
,,,29,0,regression,mixed_regression,lightgbm,complete,1.3202564745725611,1.7430771586507676,1.0630213864851918,0.0343379747928506,0.9650561766715076,,,,,,,,,,,,152121,0.1130346672143787,0.0998069999999984,100,2878,1489,256,0.007628290913999,33559.28646221408,median 5 warm calls on training rows; end-to-end preprocessing,,,0.1130346672143787,0.0998069999999984,237715456.0
,,,29,0,regression,mixed_regression,catboost,complete,1.2265561284210174,1.504439936167155,0.9937884847648506,0.1665426235713989,0.8329344720191411,,,,,,,,,,,,44884,0.4896921669133007,0.4488120000000037,100,3100,1600,256,0.0039942080620676,64092.80538767926,median 5 warm calls on training rows; end-to-end preprocessing,,,0.4896921669133007,0.4488120000000037,237764608.0
100.0,0.0,0.0,29,1,regression,mixed_regression,random_subspace,complete,1.4098852863546427,1.9877765206793128,1.1053310969571364,0.0403315252498154,0.9524777276330426,-0.1015242670719325,0.8845960685719574,0.8845960685719574,0.9344076400934505,1.2354197866599057,0.0459183673469387,23.0,1.971390358230825,8.0,equal,False,46876,0.0580741248559206,0.0498550000000364,8,104,56,256,0.0228023340459913,11226.920870629265,median 5 warm calls on training rows; end-to-end preprocessing,,,,,
100.0,0.0,0.0,29,1,regression,mixed_regression,random_subspace_affine,complete,1.4213323311172927,2.0201855954793175,1.1158244112655458,0.0246849135417968,0.9680071000745928,-0.1015242670719325,0.8845960685719574,0.8845960685719574,0.9344076400934505,1.2354197866599057,0.0459183673469387,23.0,1.971390358230825,8.0,affine_of_equal,True,47127,3.019195416243747,2.5656399999999735,8,104,56,256,0.0236575838644057,10821.054316758327,median 5 warm calls on training rows; end-to-end preprocessing,1.9654513460355765,2.0,,,
100.0,0.0,0.0,29,1,regression,mixed_regression,top_no_cert,complete,1.435144996932255,2.059641162219682,1.1339054110616231,0.0056363619766592,0.9869129218107774,-0.0292999918291049,0.880906755929675,0.880906755929675,0.9543477062470436,1.2439407422165838,0.0816326530612244,22.0,1.8350470256123612,8.0,equal,True,46733,3.015840666834265,2.564218000000011,8,102,55,256,0.0224580839276313,11399.013416502088,median 5 warm calls on training rows; end-to-end preprocessing,,,,,
100.0,0.0,0.0,29,1,regression,mixed_regression,top_no_cert_affine,complete,1.4404611503585762,2.074928325692353,1.1402325077189732,-0.0017440496040455,0.9942380323425328,-0.0292999918291049,0.880906755929675,0.880906755929675,0.9543477062470436,1.2439407422165838,0.0816326530612244,22.0,1.8350470256123612,8.0,affine_of_equal,True,46984,3.0285535000730306,2.567403999999982,8,102,55,256,0.0190756251104176,13420.26793450627,median 5 warm calls on training rows; end-to-end preprocessing,1.8231484564204488,2.0,,,
100.0,0.0,0.0,29,1,regression,mixed_regression,coerror_no_cert,complete,1.3892744007984394,1.930083360713863,1.103047858770953,0.0681849113078418,0.9248330455814197,-0.0363987462112539,0.8571016396711346,0.8571016396711346,0.9358412696609844,1.303503247573988,0.0629251700680272,23.0,1.804106176149035,8.0,equal,True,46878,3.029834584100172,2.567984999999993,8,104,56,256,0.0179004161618649,14301.34348191199,median 5 warm calls on training rows; end-to-end preprocessing,,,,,
100.0,0.0,0.0,29,1,regression,mixed_regression,coerror_no_cert_affine,complete,1.3789889271027722,1.901610461072055,1.1058572411315992,0.081931197113467,0.9111897599968384,-0.0363987462112539,0.8571016396711346,0.8571016396711346,0.9358412696609844,1.303503247573988,0.0629251700680272,23.0,1.804106176149035,8.0,affine_of_equal,True,47129,3.031700334046036,2.565263000000016,8,104,56,256,0.0219439999200403,11666.05910193282,median 5 warm calls on training rows; end-to-end preprocessing,1.7874106359937767,2.0,,,
100.0,0.0,0.0,29,1,regression,mixed_regression,affine_profiled,complete,1.3752038892470733,1.8911857370002767,1.1073303957128602,0.0869640964085226,0.906194571960461,-0.0380268865696014,0.8552533674446288,0.8552533674446288,0.9358412696609844,1.307332857699721,0.0680272108843537,22.0,1.804230112640646,8.0,affine_of_equal,True,47128,3.027657500002533,2.568139000000002,8,104,56,256,0.0219734171405434,11650.441001625131,median 5 warm calls on training rows; end-to-end preprocessing,1.7854385839795637,2.0,,,
,,,29,1,regression,mixed_regression,rf_shallow,complete,1.3597101953636537,1.8488118153758657,1.09752078522644,0.1074215856239529,0.8858903696722044,,,,,,,,,,,,14211,0.034713750006631,0.034323999999998,8,108,58,256,0.0032234590034931,79417.7930361697,median 5 warm calls on training rows; end-to-end preprocessing,,,0.034713750006631,0.034323999999998,234356736.0
,,,29,1,regression,mixed_regression,random_forest,complete,1.3034519895517718,1.6989870890664722,1.0521040594143918,0.1797547000769109,0.8140992435703402,,,,,,,,,,,,9398019,2.0705733329523355,1.8707489999999891,256,129364,64810,256,0.0377345411106944,6784.235145434076,median 5 warm calls on training rows; end-to-end preprocessing,,,2.0705733329523355,1.8707489999999891,234356736.0
,,,29,1,regression,mixed_regression,extra_trees,complete,1.3035375801240336,1.6992102227956212,1.0495776795667138,0.1796469744833695,0.814206161981483,,,,,,,,,,,,14810979,1.2034241249784827,1.0787669999999707,256,204544,102400,256,0.0365937920287251,6995.722110434656,median 5 warm calls on training rows; end-to-end preprocessing,,,1.2034241249784827,1.0787669999999707,234373120.0
,,,29,1,regression,mixed_regression,xgboost,complete,1.312609013496652,1.7229424223126537,1.0572986097503416,0.1681894270800055,0.8255778585643524,,,,,,,,,,,,167844,0.4083499589469284,0.3699439999999754,100,2594,1347,256,0.0034816248808056,73528.88629999803,median 5 warm calls on training rows; end-to-end preprocessing,,,0.4083499589469284,0.3699439999999754,236847104.0
,,,29,1,regression,mixed_regression,lightgbm,complete,1.291341659760021,1.6675632822317652,1.0283342923857537,0.1949256392957733,0.7990419794281555,,,,,,,,,,,,152321,0.1048622077796608,0.0985039999999912,100,2884,1492,256,0.0069456659257411,36857.51700945527,median 5 warm calls on training rows; end-to-end preprocessing,,,0.1048622077796608,0.0985039999999912,237191168.0
,,,29,1,regression,mixed_regression,catboost,complete,1.3177332948325855,1.7364210363103425,1.0569378205681537,0.1616821558639795,0.8320363711278143,,,,,,,,,,,,44892,0.4995010828133672,0.4531100000000378,100,3100,1600,256,0.0038431249558925,66612.45807464104,median 5 warm calls on training rows; end-to-end preprocessing,,,0.4995010828133672,0.4531100000000378,237387776.0
100.0,1.0,0.01,29,2,regression,mixed_regression,random_subspace,complete,1.4476840598971732,2.095789137280362,1.1818722820117715,0.0236513389890288,0.9650241752175645,-0.1580989970054422,0.8610255759202959,0.8610255759202959,0.9110847157110532,1.287926331346639,0.0527210884353741,23.0,1.975884645170664,8.0,equal,False,46732,0.0684788750950247,0.051351000000011,8,102,55,256,0.0189799999352544,13487.88202704322,median 5 warm calls on training rows; end-to-end preprocessing,,,,,
100.0,1.0,0.01,29,2,regression,mixed_regression,random_subspace_affine,complete,1.4706320799878458,2.162758714689378,1.199034193957646,-0.0075472468174668,0.9958608944533884,-0.1580989970054422,0.8610255759202959,0.8610255759202959,0.9110847157110532,1.287926331346639,0.0527210884353741,23.0,1.975884645170664,8.0,affine_of_equal,True,46983,2.9103399992454797,2.58320800000007,8,102,55,256,0.0235495420638471,10870.69970642896,median 5 warm calls on training rows; end-to-end preprocessing,1.9387616815923896,2.0,,,
100.0,1.0,0.01,29,2,regression,mixed_regression,top_no_cert,complete,1.4456992495131225,2.090046320042805,1.1675319955040409,0.0263266997018891,0.9623798455140092,0.0285410924817894,0.921693565616437,0.921693565616437,0.9897400558331249,1.1513086171398843,0.1931972789115646,19.0,1.758236143746541,8.0,equal,True,47886,2.907241709297523,2.582603000000006,8,118,63,256,0.0210387078113853,12168.047690717109,median 5 warm calls on training rows; end-to-end preprocessing,,,,,
100.0,1.0,0.01,29,2,regression,mixed_regression,top_no_cert_affine,complete,1.4400354085411442,2.0737019778522603,1.1651065545036083,0.0339409087503966,0.95485395225436,0.0285410924817894,0.921693565616437,0.921693565616437,0.9897400558331249,1.1513086171398843,0.1931972789115646,19.0,1.758236143746541,8.0,affine_of_equal,True,48137,2.907989375991747,2.580789999999979,8,118,63,256,0.0231942080426961,11037.23824192457,median 5 warm calls on training rows; end-to-end preprocessing,1.7530661814423092,2.0,,,
100.0,1.0,0.01,29,2,regression,mixed_regression,coerror_no_cert,complete,1.3935804435624597,1.9420664526797415,1.1350549717666885,0.0952649066934546,0.894241239911655,-0.0008103152013712,0.8390862723094512,0.8390862723094512,0.9477220045303932,1.3511831067471418,0.1207482993197278,18.0,1.6686508837363885,8.0,equal,True,47885,2.9055514184292406,2.5818830000000617,8,118,63,256,0.0209109159186482,12242.40970581784,median 5 warm calls on training rows; end-to-end preprocessing,,,,,
100.0,1.0,0.01,29,2,regression,mixed_regression,coerror_no_cert_affine,complete,1.3831596898771756,1.9131307277011245,1.1323557226434522,0.1087449633631422,0.8809175359019815,-0.0008103152013712,0.8390862723094512,0.8390862723094512,0.9477220045303932,1.3511831067471418,0.1207482993197278,18.0,1.6686508837363885,8.0,affine_of_equal,True,48136,2.901211416348815,2.580501999999967,8,118,63,256,0.0241135000251233,10616.45964846575,median 5 warm calls on training rows; end-to-end preprocessing,1.642707400053674,2.0,,,
100.0,1.0,0.01,29,2,regression,mixed_regression,affine_profiled,complete,1.3697572969712055,1.876235052605863,1.1176638807240606,0.1259332588531646,0.8639286042415649,-0.0114755698039413,0.8345730835503244,0.8345730835503244,0.905005902544413,1.362184390880956,0.1037414965986394,18.0,1.6792538225823077,8.0,affine_of_equal,True,47990,2.9045129590667784,2.583656000000019,8,116,62,256,0.0222589171025902,11501.00873371823,median 5 warm calls on training rows; end-to-end preprocessing,1.6340774311752038,2.0,,,
,,,29,2,regression,mixed_regression,rf_shallow,complete,1.3601673719567264,1.8500552797356675,1.1098537125907095,0.138129421975069,0.851873902138171,,,,,,,,,,,,14787,0.0360935828648507,0.0332520000000045,8,116,62,256,0.003775916993618,67798.10054953187,median 5 warm calls on training rows; end-to-end preprocessing,,,0.0360935828648507,0.0332520000000045,234930176.0
,,,29,2,regression,mixed_regression,random_forest,complete,1.348842943642905,1.8193772866152569,1.1118392425133934,0.1524211352838256,0.8377479557432145,,,,,,,,,,,,9384483,2.1016767078544945,1.882522999999992,256,129176,64716,256,0.0325558329932391,7863.414216836757,median 5 warm calls on training rows; end-to-end preprocessing,,,2.1016767078544945,1.882522999999992,234930176.0
,,,29,2,regression,mixed_regression,extra_trees,complete,1.3316842988393809,1.7733830717753327,1.1134508429972003,0.1738480953125832,0.8165695230225092,,,,,,,,,,,,14810979,1.1765979579649866,1.0799779999999828,256,204544,102400,256,0.0398145420476794,6429.8114918270385,median 5 warm calls on training rows; end-to-end preprocessing,,,1.1765979579649866,1.0799779999999828,233619456.0
,,,29,2,regression,mixed_regression,xgboost,complete,1.335329341518635,1.7831044503205908,1.1072204442973903,0.1693192738023429,0.8210458155777751,,,,,,,,,,,,165471,0.3975360840559006,0.3647829999999885,100,2524,1312,256,0.0029374579899013,87150.18253200664,median 5 warm calls on training rows; end-to-end preprocessing,,,0.3975360840559006,0.3647829999999885,236077056.0
,,,29,2,regression,mixed_regression,lightgbm,complete,1.3610159311082135,1.8523643647303576,1.111713249072942,0.137053706864888,0.8529371402296707,,,,,,,,,,,,151836,0.1094252918846905,0.0996599999999716,100,2874,1487,256,0.0071920419577509,35594.89801420123,median 5 warm calls on training rows; end-to-end preprocessing,,,0.1094252918846905,0.0996599999999716,236371968.0
,,,29,2,regression,mixed_regression,catboost,complete,1.334520152935515,1.7809440385910305,1.0939864700292126,0.1703257276778151,0.8200510353728568,,,,,,,,,,,,44908,0.4839865411631763,0.4481329999999843,100,3100,1600,256,0.0042222079355269,60631.7841065895,median 5 warm calls on training rows; end-to-end preprocessing,,,0.4839865411631763,0.4481329999999843,236371968.0
100.0,0.0,0.0,11,0,regression,null_regression,random_subspace,complete,1.03898347120112,1.079486653429129,0.8224289555058718,-0.0263056884574837,1.000511665506318,-0.1358689695164773,0.8952751380507075,0.8952751380507075,0.9418597263095202,1.2109912251066417,0.0918367346938775,20.0,1.1106423661317426,8.0,equal,False,46588,0.0631812501233071,0.0496299999999791,8,100,54,256,0.020981749985367,12201.079518082985,median 5 warm calls on training rows; end-to-end preprocessing,,,,,
100.0,0.0,0.0,11,0,regression,null_regression,random_subspace_affine,complete,1.0387177671585448,1.0789345998108328,0.8217448793644769,-0.0257808317888152,1.0,-0.1358689695164773,0.8952751380507075,0.8952751380507075,0.9418597263095202,1.2109912251066417,0.0918367346938775,20.0,1.1106423661317426,8.0,affine_of_equal,True,46839,2.8568886250723153,2.5621799999999553,8,100,54,256,0.0287200000602751,8913.649006362397,median 5 warm calls on training rows; end-to-end preprocessing,1.0765484736965103,2.0,,,
100.0,0.0,0.0,11,0,regression,null_regression,top_no_cert,complete,1.0529629658811226,1.10873100751717,0.8243641330718168,-0.0541093179516318,1.0276165095748726,-0.0542990248486256,0.8945646395569605,0.8945646395569605,0.9433123711976544,1.2117064338261867,0.086734693877551,21.0,1.0305130053232463,8.0,equal,True,46299,2.8497321251779795,2.56196900000009,8,96,52,256,0.0260576249565929,9824.379636534322,median 5 warm calls on training rows; end-to-end preprocessing,,,,,
100.0,0.0,0.0,11,0,regression,null_regression,top_no_cert_affine,complete,1.057775469940121,1.1188889448070436,0.8269260552701181,-0.063766823943461,1.0370312945782032,-0.0542990248486256,0.8945646395569605,0.8945646395569605,0.9433123711976544,1.2117064338261867,0.086734693877551,21.0,1.0305130053232463,8.0,affine_of_equal,True,46550,2.853997375117615,2.5647160000000326,8,96,52,256,0.0223022501450032,11478.662392160308,median 5 warm calls on training rows; end-to-end preprocessing,1.0289396851946384,2.0,,,
100.0,0.0,0.0,11,0,regression,null_regression,coerror_no_cert,complete,1.0493003337522533,1.1010311904125902,0.8250587052306411,-0.0467888327289478,1.0204800092662072,-0.0744542010845148,0.8593206634341588,0.8593206634341588,0.9182180168985612,1.2968050127465294,0.064625850340136,22.0,1.0145056070499066,8.0,equal,True,47596,2.847633416997269,2.560406999999998,8,114,61,256,0.0217885840684175,11749.271967198218,median 5 warm calls on training rows; end-to-end preprocessing,,,,,
100.0,0.0,0.0,11,0,regression,null_regression,coerror_no_cert_affine,complete,1.0620210033351547,1.1278886115250089,0.8322063032917949,-0.0723231216221111,1.0453725478103668,-0.0744542010845148,0.8593206634341588,0.8593206634341588,0.9182180168985612,1.2968050127465294,0.064625850340136,22.0,1.0145056070499066,8.0,affine_of_equal,True,47847,2.852610500296578,2.56307199999992,8,114,61,256,0.0219868749845772,11643.30993738634,median 5 warm calls on training rows; end-to-end preprocessing,1.0076332421339225,2.0,,,
100.0,0.0,0.0,11,0,regression,null_regression,affine_profiled,complete,1.0679473755491098,1.1405115969422313,0.8448407886285506,-0.0843242350197226,1.0570720386038177,-0.0699378732100173,0.8647571727525091,0.8647571727525091,0.928117136413162,1.2834733565255805,0.0510204081632653,23.0,1.0156157997827229,8.0,affine_of_equal,True,47559,2.866472916910425,2.564809000000025,8,110,59,256,0.0217557919677346,11766.981426356037,median 5 warm calls on training rows; end-to-end preprocessing,1.000899786654823,2.0,,,
,,,11,0,regression,null_regression,rf_shallow,complete,1.0627103876439548,1.1293533680063643,0.8431253838910097,-0.073715716800796,1.0467301430544276,,,,,,,,,,,,12915,0.0414808329660445,0.0380529999999907,8,90,49,256,0.0037265829741954,68695.63934914584,median 5 warm calls on training rows; end-to-end preprocessing,,,0.0414808329660445,0.0380529999999907,233914368.0
,,,11,0,regression,null_regression,random_forest,complete,1.0526242560884238,1.1080178245057075,0.8358183886861877,-0.0534312699375596,1.026955502863634,,,,,,,,,,,,9397155,2.3572934998665005,2.091177000000016,256,129352,64804,256,0.0366362910717725,6987.606892261049,median 5 warm calls on training rows; end-to-end preprocessing,,,2.3572934998665005,2.091177000000016,233914368.0
,,,11,0,regression,null_regression,extra_trees,complete,1.0692156003068696,1.1432219999395796,0.8487209909059358,-0.0869011098753351,1.0595841491597526,,,,,,,,,,,,14810979,1.254667959176004,1.1360240000000204,256,204544,102400,256,0.0395436252001673,6473.862694786944,median 5 warm calls on training rows; end-to-end preprocessing,,,1.254667959176004,1.1360240000000204,233914368.0
,,,11,0,regression,null_regression,xgboost,complete,1.0892316434318956,1.186425573053348,0.8722303365669828,-0.1279762567588074,1.0996269590959094,,,,,,,,,,,,166960,0.412097874796018,0.365854000000013,100,2568,1334,256,0.0044402920175343,57653.86577933962,median 5 warm calls on training rows; end-to-end preprocessing,,,0.412097874796018,0.365854000000013,237092864.0
,,,11,0,regression,null_regression,lightgbm,complete,1.080094562667332,1.166604264303535,0.8566602896941485,-0.1091314457942773,1.0812557726001863,,,,,,,,,,,,152614,0.1260117089841514,0.104438000000016,100,2876,1488,256,0.0073351671453565,34900.36354005356,median 5 warm calls on training rows; end-to-end preprocessing,,,0.1260117089841514,0.104438000000016,237125632.0
,,,11,0,regression,null_regression,catboost,complete,1.0488176404766367,1.1000184429749795,0.8333225485102278,-0.045825978345442,1.0195413541912952,,,,,,,,,,,,44932,0.4843873749487102,0.4520290000000386,100,3100,1600,256,0.0037247920408844,68728.6691955049,median 5 warm calls on training rows; end-to-end preprocessing,,,0.4843873749487102,0.4520290000000386,237355008.0
100.0,0.0,0.0,11,1,regression,null_regression,random_subspace,complete,1.0677664005195182,1.1401250860784082,0.8573621142979012,-0.0149053082757393,1.0109800007258416,-0.090031948146594,0.8992056975018498,0.8992056975018498,0.9277340224994556,1.2025372287782137,0.0357142857142857,25.0,1.0469280021875256,8.0,equal,False,47021,0.0563151251990348,0.0474969999999643,8,106,57,256,0.0304258749820292,8413.891142036322,median 5 warm calls on training rows; end-to-end preprocessing,,,,,
100.0,0.0,0.0,11,1,regression,null_regression,random_subspace_affine,complete,1.0630113279577496,1.129993083366498,0.8530049639567199,-0.0058861019962321,1.0019956776597874,-0.090031948146594,0.8992056975018498,0.8992056975018498,0.9277340224994556,1.2025372287782137,0.0357142857142857,25.0,1.0469280021875256,8.0,affine_of_equal,True,47272,2.809620749903843,2.5299719999999297,8,106,57,256,0.0207225829362869,12353.672357692592,median 5 warm calls on training rows; end-to-end preprocessing,1.0427431871303097,2.0,,,
100.0,0.0,0.0,11,1,regression,null_regression,top_no_cert,complete,1.0690508650943655,1.1428697521590112,0.852158306392565,-0.0173485280668497,1.013413770976178,-0.0441724755598172,0.8980456713191399,0.8980456713191399,0.9200064488383038,1.2033984997205198,0.0714285714285714,21.0,1.0025016146100063,8.0,equal,True,47164,2.826557334046811,2.5322210000000496,8,108,58,256,0.021631957963109,11834.342523990686,median 5 warm calls on training rows; end-to-end preprocessing,,,,,
100.0,0.0,0.0,11,1,regression,null_regression,top_no_cert_affine,complete,1.0827132945070432,1.1722680781022954,0.8566822633026757,-0.0435180400077592,1.0394820681712773,-0.0441724755598172,0.8980456713191399,0.8980456713191399,0.9200064488383038,1.2033984997205198,0.0714285714285714,21.0,1.0025016146100063,8.0,affine_of_equal,True,47415,2.8162077497690916,2.531404000000009,8,108,58,256,0.0230070000980049,11127.048242252113,median 5 warm calls on training rows; end-to-end preprocessing,0.9926766664476536,2.0,,,
100.0,0.0,0.0,11,1,regression,null_regression,coerror_no_cert,complete,1.059219540291317,1.1219460345349486,0.8397161887830606,0.001277140594267,0.9948601400482578,-0.0497326915413328,0.8832081620632256,0.8832081620632256,0.9438220121297636,1.238341731408345,0.0809523809523809,20.0,0.9932910709062388,8.0,equal,True,47164,2.8097456670366228,2.528656000000012,8,108,58,256,0.0242432078812271,10559.658657971377,median 5 warm calls on training rows; end-to-end preprocessing,,,,,
100.0,0.0,0.0,11,1,regression,null_regression,coerror_no_cert_affine,complete,1.0648755918812804,1.1339600261845073,0.8377835918191786,-0.0094173560426387,1.0055132740200472,-0.0497326915413328,0.8832081620632256,0.8832081620632256,0.9438220121297636,1.238341731408345,0.0809523809523809,20.0,0.9932910709062388,8.0,affine_of_equal,True,47415,2.811713249888271,2.5305230000000165,8,108,58,256,0.022635375149548,11309.730822160082,median 5 warm calls on training rows; end-to-end preprocessing,0.9840253703453912,2.0,,,
100.0,0.0,0.0,11,1,regression,null_regression,affine_profiled,complete,1.0707012443684345,1.1464011546921136,0.8491304551688955,-0.0204920771565657,1.0165451618902743,-0.0466305947542719,0.8877726874807418,0.8877726874807418,0.9200064488383038,1.2275624532967455,0.064625850340136,22.0,0.9948186869812972,8.0,affine_of_equal,True,47417,2.8187773760873824,2.529573999999968,8,108,58,256,0.0228462908416986,11205.320013380611,median 5 warm calls on training rows; end-to-end preprocessing,0.9822225930655052,2.0,,,
,,,11,1,regression,null_regression,rf_shallow,complete,1.0828835335642295,1.1726367472645518,0.8766941254817121,-0.0438462182877923,1.039808977169664,,,,,,,,,,,,13923,0.0368296671658754,0.0338700000000358,8,104,56,256,0.0038307080976665,66828.37571360341,median 5 warm calls on training rows; end-to-end preprocessing,,,0.0368296671658754,0.0338700000000358,234897408.0
,,,11,1,regression,null_regression,random_forest,complete,1.084251060290721,1.1756003617415525,0.8701150987821634,-0.0464843394037273,1.0424368949329816,,,,,,,,,,,,9395139,2.174236125079915,1.990886000000046,256,129324,64790,256,0.0334125410299748,7661.79380880787,median 5 warm calls on training rows; end-to-end preprocessing,,,2.174236125079915,1.990886000000046,234897408.0
,,,11,1,regression,null_regression,extra_trees,complete,1.0763590864986314,1.1585488830881685,0.8676574054995626,-0.0313056222519148,1.027316883881677,,,,,,,,,,,,14810979,1.226014125160873,1.1289990000000216,256,204544,102400,256,0.0372635838575661,6869.977965042698,median 5 warm calls on training rows; end-to-end preprocessing,,,1.226014125160873,1.1289990000000216,234897408.0
,,,11,1,regression,null_regression,xgboost,complete,1.1004771979672563,1.2110500632458645,0.8712470497345984,-0.07804060517915,1.0738711118361746,,,,,,,,,,,,168049,0.4101718747988343,0.3675350000000321,100,2600,1350,256,0.0029906670097261,85599.63351568185,median 5 warm calls on training rows; end-to-end preprocessing,,,0.4101718747988343,0.3675350000000321,237371392.0
,,,11,1,regression,null_regression,lightgbm,complete,1.0907134235599858,1.189655772333945,0.8662073655368923,-0.0589960462281777,1.054900210743157,,,,,,,,,,,,152673,0.1244011658709496,0.1024850000000014,100,2874,1487,256,0.0061790000181645,41430.6520873009,median 5 warm calls on training rows; end-to-end preprocessing,,,0.1244011658709496,0.1024850000000014,237371392.0
,,,11,1,regression,null_regression,catboost,complete,1.0562147991456896,1.1155897019343697,0.8456900246783922,0.006935358079581,0.9892238066181686,,,,,,,,,,,,44964,0.5028165830299258,0.4450130000000172,100,3100,1600,256,0.0051374998874962,49829.68478949436,median 5 warm calls on training rows; end-to-end preprocessing,,,0.5028165830299258,0.4450130000000172,237371392.0
100.0,0.0,0.0,11,2,regression,null_regression,random_subspace,complete,1.0168177367667752,1.0339183098035072,0.8088218330714417,-0.0043109740241491,0.9949100915480328,-0.1065144006848503,0.9065336886173448,0.9065336886173448,0.9304841380709562,1.1851081836940711,0.0527210884353741,24.0,1.117089653525028,8.0,equal,False,47453,0.0594078747089952,0.0509869999999068,8,112,60,256,0.019740791991353,12968.071398155376,median 5 warm calls on training rows; end-to-end preprocessing,,,,,
100.0,0.0,0.0,11,2,regression,null_regression,random_subspace_affine,complete,1.0194154120268506,1.0392077822778736,0.8102879164311352,-0.0094489769035202,1.0,-0.1065144006848503,0.9065336886173448,0.9065336886173448,0.9304841380709562,1.1851081836940711,0.0527210884353741,24.0,1.117089653525028,8.0,affine_of_equal,True,47704,2.7953497911803424,2.5446889999999485,8,112,60,256,0.0210097921080887,12184.794532138205,median 5 warm calls on training rows; end-to-end preprocessing,1.0935136817538198,2.0,,,
100.0,0.0,0.0,11,2,regression,null_regression,top_no_cert,complete,1.016893504988966,1.0340724004887445,0.8069488720376142,-0.0044606521609142,0.9950583686181864,-0.071718598799237,0.9113519344748569,0.9113519344748569,0.9279545564401596,1.1743319057630477,0.0527210884353741,23.0,1.0870655785155,8.0,equal,True,47164,2.807250957004726,2.5490010000000325,8,108,58,256,0.0204232078976929,12534.759538383718,median 5 warm calls on training rows; end-to-end preprocessing,,,,,
100.0,0.0,0.0,11,2,regression,null_regression,top_no_cert_affine,complete,1.0157385356194035,1.0317247727422505,0.8061843973223697,-0.002180251198506,0.9927993134162056,-0.071718598799237,0.9113519344748569,0.9113519344748569,0.9279545564401596,1.1743319057630477,0.0527210884353741,23.0,1.0870655785155,8.0,affine_of_equal,True,47415,2.810688458615914,2.5483820000000037,8,108,58,256,0.0213850419968366,11970.98420652474,median 5 warm calls on training rows; end-to-end preprocessing,1.08520285635366,2.0,,,
100.0,0.0,0.0,11,2,regression,null_regression,coerror_no_cert,complete,1.0262820703441238,1.053254887909821,0.8191781790300834,-0.0230938289248778,1.0135171289818068,-0.0877575222851872,0.8849176787906579,0.8849176787906579,0.9200861251365292,1.2359494954244674,0.0459183673469387,23.0,1.07501242820839,8.0,equal,True,47164,2.807922957930714,2.5482280000000515,8,108,58,256,0.0192873331252485,13272.959944103262,median 5 warm calls on training rows; end-to-end preprocessing,,,,,
100.0,0.0,0.0,11,2,regression,null_regression,coerror_no_cert_affine,complete,1.025130069655772,1.0508916597124476,0.8180481352800892,-0.0207982742468721,1.0112430619110298,-0.0877575222851872,0.8849176787906579,0.8849176787906579,0.9200861251365292,1.2359494954244674,0.0459183673469387,23.0,1.07501242820839,8.0,affine_of_equal,True,47415,2.813046917319298,2.5516210000000683,8,108,58,256,0.0218044160865247,11740.740911572024,median 5 warm calls on training rows; end-to-end preprocessing,1.0747358770031668,2.0,,,
100.0,0.0,0.0,11,2,regression,null_regression,affine_profiled,complete,1.025130069655772,1.0508916597124476,0.8180481352800892,-0.0207982742468721,1.0112430619110298,-0.0877575222851872,0.8849176787906577,0.8849176787906577,0.9200861251365292,1.235949495424467,0.0459183673469387,23.0,1.07501242820839,8.0,affine_of_equal,True,47416,2.799373916350305,2.5471030000000496,8,108,58,256,0.0204094159416854,12543.23008220583,median 5 warm calls on training rows; end-to-end preprocessing,1.0747358770031668,2.0,,,
,,,11,2,regression,null_regression,rf_shallow,complete,1.0333806040981686,1.0678754729262958,0.826097244338882,-0.0372957381467866,1.0275861008138183,,,,,,,,,,,,13779,0.0422065421007573,0.0330769999999915,8,102,55,256,0.0039382500108331,65003.491219655385,median 5 warm calls on training rows; end-to-end preprocessing,,,0.0422065421007573,0.0330769999999915,234930176.0
,,,11,2,regression,null_regression,random_forest,complete,1.0254088702743187,1.0514633512372544,0.8161182692677719,-0.0213535947849417,1.0117931843548338,,,,,,,,,,,,9420627,2.303202582988888,2.0705090000000155,256,129678,64967,256,0.0376367080025374,6801.870131222431,median 5 warm calls on training rows; end-to-end preprocessing,,,2.303202582988888,2.0705090000000155,234930176.0
,,,11,2,regression,null_regression,extra_trees,complete,1.0244631152949557,1.0495246745998457,0.8201821895163769,-0.0194704341874627,1.009927651137637,,,,,,,,,,,,14810979,1.2687687089201063,1.1535860000000184,256,204544,102400,256,0.0407992920372635,6274.618681279706,median 5 warm calls on training rows; end-to-end preprocessing,,,1.2687687089201063,1.1535860000000184,234930176.0
,,,11,2,regression,null_regression,xgboost,complete,1.0640982789832931,1.1323051473352068,0.8406727558377084,-0.0998804012174789,1.089584938301049,,,,,,,,,,,,168793,0.4227525831665844,0.3735159999999951,100,2622,1361,256,0.0039992909878492,64011.34620556163,median 5 warm calls on training rows; end-to-end preprocessing,,,0.4227525831665844,0.3735159999999951,237387776.0
,,,11,2,regression,null_regression,lightgbm,complete,1.0679251952487236,1.1404642226470243,0.8418884893545482,-0.1078058328457332,1.0974361836929314,,,,,,,,,,,,152224,0.1103614999447017,0.0951130000000262,100,2864,1482,256,0.0086434169206768,29617.91642696252,median 5 warm calls on training rows; end-to-end preprocessing,,,0.1103614999447017,0.0951130000000262,237387776.0
,,,11,2,regression,null_regression,catboost,complete,1.0160138580869733,1.0322841598247765,0.806558967110954,-0.0027236196449114,0.9933375956462518,,,,,,,,,,,,44964,0.4921314581297338,0.4480449999999791,100,3100,1600,256,0.0045573750976473,56172.6859244386,median 5 warm calls on training rows; end-to-end preprocessing,,,0.4921314581297338,0.4480449999999791,237420544.0
100.0,0.0,0.0,29,0,regression,null_regression,random_subspace,complete,1.0291197792709104,1.0590875200866074,0.8465095843163667,-0.0316131210395702,1.023619768154317,-0.1486366418876475,0.8932279200550249,0.8932279200550249,0.9441258958089794,1.2152947751980203,0.042517006802721,24.0,0.9010877717137876,8.0,equal,False,47019,0.0538980001583695,0.0493469999999547,8,106,57,256,0.0223057500552386,11476.86131898879,median 5 warm calls on training rows; end-to-end preprocessing,,,,,
100.0,0.0,0.0,29,0,regression,null_regression,random_subspace_affine,complete,1.0171771441080648,1.034649342495839,0.8364111984320785,-0.0078089082820917,1.0,-0.1486366418876475,0.8932279200550249,0.8932279200550249,0.9441258958089794,1.2152947751980203,0.042517006802721,24.0,0.9010877717137876,8.0,affine_of_equal,True,47270,2.809748832602054,2.512374999999963,8,106,57,256,0.0220798340160399,11594.290057344995,median 5 warm calls on training rows; end-to-end preprocessing,0.8617164086341578,2.0,,,
100.0,0.0,0.0,29,0,regression,null_regression,top_no_cert,complete,1.027366308978345,1.055481532823788,0.8442560654772905,-0.0281006787682065,1.0201345416967034,-0.0511031059993362,0.9041261332952136,0.9041261332952136,0.9487427076301264,1.190666218425686,0.0544217687074829,23.0,0.8333448024570808,8.0,equal,True,46734,2.8007870845030993,2.5097559999999817,8,102,55,256,0.0200482918880879,12769.167639269384,median 5 warm calls on training rows; end-to-end preprocessing,,,,,
100.0,0.0,0.0,29,0,regression,null_regression,top_no_cert_affine,complete,1.0321053808069682,1.0652415170906968,0.8478885186678238,-0.0376074736646845,1.0295676741272186,-0.0511031059993362,0.9041261332952136,0.9041261332952136,0.9487427076301264,1.190666218425686,0.0544217687074829,23.0,0.8333448024570808,8.0,affine_of_equal,True,46985,2.79976062476635,2.510440000000017,8,102,55,256,0.0183580839075148,13944.81043281469,median 5 warm calls on training rows; end-to-end preprocessing,0.8312829742225916,2.0,,,
100.0,0.0,0.0,29,0,regression,null_regression,coerror_no_cert,complete,1.0354847667899805,1.0722287022541002,0.8540523636122894,-0.0444134002354277,1.0363208656447895,-0.0564458942746949,0.8906019459399052,0.8906019459399052,0.9135525503519136,1.222278795450025,0.0493197278911564,24.0,0.8265917473301948,8.0,equal,True,46876,2.8069576665293425,2.512720999999999,8,104,56,256,0.0299373338930308,8551.195671421972,median 5 warm calls on training rows; end-to-end preprocessing,,,,,
100.0,0.0,0.0,29,0,regression,null_regression,coerror_no_cert_affine,complete,1.0470882578523284,1.0963938197322245,0.8638425671300269,-0.0679516364898373,1.0596767181888327,-0.0564458942746949,0.8906019459399052,0.8906019459399052,0.9135525503519136,1.222278795450025,0.0493197278911564,24.0,0.8265917473301948,8.0,affine_of_equal,True,47127,2.807984792860225,2.5129890000000046,8,104,56,256,0.0191234580706805,13386.700201073538,median 5 warm calls on training rows; end-to-end preprocessing,0.8223795227661782,2.0,,,
100.0,0.0,0.0,29,0,regression,null_regression,affine_profiled,complete,1.0524021560504635,1.1075502980596643,0.8677479245994028,-0.0788186981904981,1.0704595775298806,-0.0606760240649401,0.8874608073569675,0.8874608073569675,0.9135525503519136,1.2300659008814836,0.0544217687074829,23.0,0.827192393850561,8.0,affine_of_equal,True,47128,2.807311960030347,2.513153999999986,8,104,56,256,0.0198380840010941,12904.472023905191,median 5 warm calls on training rows; end-to-end preprocessing,0.8212172774824882,2.0,,,
,,,29,0,regression,null_regression,rf_shallow,complete,1.032364547373578,1.0657765586738526,0.8489133879047372,-0.0381286354261225,1.0300847977179657,,,,,,,,,,,,13347,0.0415697500575333,0.0345740000000205,8,96,52,256,0.0040675841737538,62936.62013237329,median 5 warm calls on training rows; end-to-end preprocessing,,,0.0415697500575333,0.0345740000000205,234504192.0
,,,29,0,regression,null_regression,random_forest,complete,1.050384728651125,1.1033080781834976,0.8733641935013339,-0.0746865281822719,1.0663594252348687,,,,,,,,,,,,9376995,2.22124629188329,2.0502970000000005,256,129072,64664,256,0.0381838749162852,6704.400759777709,median 5 warm calls on training rows; end-to-end preprocessing,,,2.22124629188329,2.0502970000000005,234504192.0
,,,29,0,regression,null_regression,extra_trees,complete,1.045773527561449,1.093642270948317,0.8747817082655359,-0.0652714672169265,1.0570173159441358,,,,,,,,,,,,14810979,1.3055171249434352,1.1650720000000092,256,204544,102400,256,0.0380034998524934,6736.221689940061,median 5 warm calls on training rows; end-to-end preprocessing,,,1.3055171249434352,1.1650720000000092,234504192.0
,,,29,0,regression,null_regression,xgboost,complete,1.098202775878717,1.2060493369477192,0.9133194271894702,-0.1747625168074851,1.1656599848973177,,,,,,,,,,,,163418,0.405531165888533,0.3568939999999543,100,2464,1282,256,0.0035859579220414,71389.5716473617,median 5 warm calls on training rows; end-to-end preprocessing,,,0.405531165888533,0.3568939999999543,236961792.0
,,,29,0,regression,null_regression,lightgbm,complete,1.1140379773631643,1.2410806150074103,0.9120920455663952,-0.2088850283164567,1.199518101479296,,,,,,,,,,,,152805,0.1050486250314861,0.0980839999999716,100,2868,1484,256,0.0075277911964803,34007.31945377183,median 5 warm calls on training rows; end-to-end preprocessing,,,0.1050486250314861,0.0980839999999716,236994560.0
,,,29,0,regression,null_regression,catboost,complete,1.0419920244330645,1.0857473789821157,0.8517485184927854,-0.0575813811880994,1.04938681579115,,,,,,,,,,,,44740,0.4723839168436825,0.4428669999999783,100,3076,1588,256,0.0039949589408934,64080.75872307952,median 5 warm calls on training rows; end-to-end preprocessing,,,0.4723839168436825,0.4428669999999783,236994560.0
100.0,0.0,0.0,29,1,regression,null_regression,random_subspace,complete,0.9462576967289886,0.8954036286188506,0.7515465340054486,-0.026681090767445,1.0248133812422968,-0.1382940414898603,0.8841791651749814,0.8841791651749814,0.913569878228658,1.2368858387547703,0.0459183673469387,23.0,0.9733755886799708,8.0,equal,False,46012,0.0601728328038007,0.0502779999999347,8,92,50,256,0.0228426249232143,11207.118308887277,median 5 warm calls on training rows; end-to-end preprocessing,,,,,
100.0,0.0,0.0,29,1,regression,null_regression,random_subspace_affine,complete,0.9347318289378164,0.8737235920294353,0.7481820649435861,-0.0018224874492605,1.0,-0.1382940414898603,0.8841791651749814,0.8841791651749814,0.913569878228658,1.2368858387547703,0.0459183673469387,23.0,0.9733755886799708,8.0,affine_of_equal,True,46263,2.7180001665838063,2.461176000000023,8,92,50,256,0.0180382919497787,14192.031081032555,median 5 warm calls on training rows; end-to-end preprocessing,0.9411080463294736,2.0,,,
100.0,0.0,0.0,29,1,regression,null_regression,top_no_cert,complete,0.946806772123936,0.8964430637397469,0.753930311700444,-0.0278729201833587,1.0260030425154711,-0.0402683842843397,0.9111227957512582,0.9111227957512582,0.9398034408134064,1.1748985432883388,0.1098639455782312,19.0,0.913195738071314,8.0,equal,True,47020,2.7198684588074684,2.462099999999964,8,106,57,256,0.0247115411330014,10359.531954003489,median 5 warm calls on training rows; end-to-end preprocessing,,,,,
100.0,0.0,0.0,29,1,regression,null_regression,top_no_cert_affine,complete,0.9501529822633412,0.9027906897039212,0.7558239753185467,-0.0351511881514423,1.0332680700620325,-0.0402683842843397,0.9111227957512582,0.9111227957512582,0.9398034408134064,1.1748985432883388,0.1098639455782312,19.0,0.913195738071314,8.0,affine_of_equal,True,47271,2.717837541829794,2.4620649999999387,8,106,57,256,0.0249858750030398,10245.788869465428,median 5 warm calls on training rows; end-to-end preprocessing,0.9126469001041952,2.0,,,
100.0,0.0,0.0,29,1,regression,null_regression,coerror_no_cert,complete,0.9473590567485376,0.8974891824034787,0.750000628236014,-0.0290724130337609,1.0272003532820284,-0.0514002848930489,0.8949392788577775,0.8949392788577775,0.9365817772450672,1.2117237105493104,0.1251700680272109,17.0,0.908611189336407,8.0,equal,True,47164,2.721737624844536,2.4641670000000886,8,108,58,256,0.0232683329377323,11002.077402153116,median 5 warm calls on training rows; end-to-end preprocessing,,,,,
100.0,0.0,0.0,29,1,regression,null_regression,coerror_no_cert_affine,complete,0.9524862800047786,0.9072301135973416,0.7526951215850162,-0.0402414875645753,1.0383491093448436,-0.0514002848930489,0.8949392788577775,0.8949392788577775,0.9365817772450672,1.2117237105493104,0.1251700680272109,17.0,0.908611189336407,8.0,affine_of_equal,True,47415,2.736852082889527,2.4678220000000124,8,108,58,256,0.0239215421024709,10701.651210586306,median 5 warm calls on training rows; end-to-end preprocessing,0.9075930267711414,2.0,,,
100.0,0.0,0.0,29,1,regression,null_regression,affine_profiled,complete,0.9548503184492572,0.911739130642648,0.7541527001497722,-0.0454115833631652,1.0435097998497584,-0.0514663774209256,0.8949136989539292,0.8949136989539292,0.9365817772450672,1.211533323917474,0.1251700680272108,17.0,0.9087390383794012,8.0,affine_of_equal,True,47704,2.7155580001417547,2.463156000000083,8,112,60,256,0.0237602919805794,10774.278372052077,median 5 warm calls on training rows; end-to-end preprocessing,0.9074614800295752,2.0,,,
,,,29,1,regression,null_regression,rf_shallow,complete,0.9596484576514764,0.9209251622728576,0.7537169648538838,-0.055944403057536,1.0540234585331332,,,,,,,,,,,,14211,0.0430161249823868,0.0361010000000305,8,108,58,256,0.0033782499376684,75778.88099560887,median 5 warm calls on training rows; end-to-end preprocessing,,,0.0430161249823868,0.0361010000000305,234602496.0
,,,29,1,regression,null_regression,random_forest,complete,0.9568885854348984,0.9156357649356008,0.7577717728627513,-0.0498795133763385,1.0479696019296152,,,,,,,,,,,,9398019,2.259991250000894,2.080079000000012,256,129364,64810,256,0.0332929580472409,7689.313747272001,median 5 warm calls on training rows; end-to-end preprocessing,,,2.259991250000894,2.080079000000012,234602496.0
,,,29,1,regression,null_regression,extra_trees,complete,0.9512238001253106,0.9048267179248368,0.7513735375103694,-0.0374857237819348,1.0355983587706004,,,,,,,,,,,,14810979,1.291306709172204,1.1710370000000123,256,204544,102400,256,0.0413449578918516,6191.8070075106525,median 5 warm calls on training rows; end-to-end preprocessing,,,1.291306709172204,1.1710370000000123,234602496.0
,,,29,1,regression,null_regression,xgboost,complete,0.991998505441457,0.9840610347980844,0.7738502695091214,-0.1283367905786128,1.1262841518475697,,,,,,,,,,,,153568,0.3654679169412702,0.3230710000000272,100,2174,1137,256,0.0026767079252749,95639.8707467129,median 5 warm calls on training rows; end-to-end preprocessing,,,0.3654679169412702,0.3230710000000272,237060096.0
,,,29,1,regression,null_regression,lightgbm,complete,1.0096350283676674,1.0193628905069807,0.7994039533829652,-0.1688143434574527,1.1666880690943262,,,,,,,,,,,,152633,0.1130460000131279,0.1007250000000112,100,2870,1485,256,0.0070429588668048,36348.35938153631,median 5 warm calls on training rows; end-to-end preprocessing,,,0.1130460000131279,0.1007250000000112,237092864.0
,,,29,1,regression,null_regression,catboost,complete,0.9432809464327564,0.8897789439030768,0.7459252600668816,-0.0202317563503833,1.0183757792740251,,,,,,,,,,,,44924,0.499625040916726,0.4454269999999951,100,3100,1600,256,0.0041045839898288,62369.29263339939,median 5 warm calls on training rows; end-to-end preprocessing,,,0.499625040916726,0.4454269999999951,237142016.0
100.0,0.0,0.0,29,2,regression,null_regression,random_subspace,complete,0.9213965189821344,0.8489715451923946,0.7639631889130419,-0.0047817755346855,0.9852550582665024,-0.1661709047293574,0.8986285438179066,0.8986285438179066,0.941697857057868,1.2035677623218657,0.0527210884353741,23.0,1.0113959483102404,8.0,equal,False,46876,0.0447415001690387,0.042957000000058,8,104,56,256,0.0238613330293446,10728.654584602256,median 5 warm calls on training rows; end-to-end preprocessing,,,,,
100.0,0.0,0.0,29,2,regression,null_regression,random_subspace_affine,complete,0.928265544544457,0.8616769211884173,0.7631691865669221,-0.0198189464792386,1.0,-0.1661709047293574,0.8986285438179066,0.8986285438179066,0.941697857057868,1.2035677623218657,0.0527210884353741,23.0,1.0113959483102404,8.0,affine_of_equal,True,47127,2.8062967089936137,2.5360730000001013,8,104,56,256,0.0194492919836193,13162.432864682654,median 5 warm calls on training rows; end-to-end preprocessing,0.9496574141110884,2.0,,,
100.0,0.0,0.0,29,2,regression,null_regression,top_no_cert,complete,0.928968481428911,0.8629824394883369,0.7631755146266244,-0.0213640642194201,1.0015150902476522,-0.0546641196945839,0.8986105437972702,0.8986105437972702,0.9328848616553856,1.2036153508348089,0.042517006802721,25.0,0.9156485189550778,8.0,equal,True,47308,2.812739042332396,2.540130999999974,8,110,59,256,0.0210846248082816,12141.548750701402,median 5 warm calls on training rows; end-to-end preprocessing,,,,,
100.0,0.0,0.0,29,2,regression,null_regression,top_no_cert_affine,complete,0.932510185856998,0.869575246727053,0.7669754764645663,-0.0291668375874887,1.0091662261625185,-0.0546641196945839,0.8986105437972702,0.8986105437972702,0.9328848616553856,1.2036153508348089,0.042517006802721,25.0,0.9156485189550778,8.0,affine_of_equal,True,47559,2.8186054590623826,2.5405170000000226,8,110,59,256,0.0233072920236736,10983.68698259652,median 5 warm calls on training rows; end-to-end preprocessing,0.911826903863326,2.0,,,
100.0,0.0,0.0,29,2,regression,null_regression,coerror_no_cert,complete,0.9343240801854964,0.8729614868144737,0.7681923240655254,-0.0331745482660066,1.0130960518363343,-0.0621195179393946,0.8875015682752031,0.8875015682752031,0.9213030062362983,1.229606075620299,0.0408163265306122,24.0,0.9121609644062164,8.0,equal,True,47308,2.824587543029338,2.545555000000036,8,110,59,256,0.0214706670958548,11923.243877663368,median 5 warm calls on training rows; end-to-end preprocessing,,,,,
100.0,0.0,0.0,29,2,regression,null_regression,coerror_no_cert_affine,complete,0.9404039542896684,0.8843595972436447,0.7741524113108721,-0.0466645335306685,1.0263238755703743,-0.0621195179393946,0.8875015682752031,0.8875015682752031,0.9213030062362983,1.229606075620299,0.0408163265306122,24.0,0.9121609644062164,8.0,affine_of_equal,True,47559,2.814660915872082,2.5400340000000483,8,110,59,256,0.0245028750505298,10447.753558391689,median 5 warm calls on training rows; end-to-end preprocessing,0.9071903926505396,2.0,,,
100.0,0.0,0.0,29,2,regression,null_regression,affine_profiled,complete,0.9404039542896684,0.8843595972436447,0.7741524113108721,-0.0466645335306685,1.0263238755703743,-0.0621195179393946,0.8875015682752031,0.8875015682752031,0.9213030062362983,1.229606075620299,0.0408163265306122,24.0,0.9121609644062164,8.0,affine_of_equal,True,47559,2.8212170428596437,2.540996000000007,8,110,59,256,0.0229669581167399,11146.44780988252,median 5 warm calls on training rows; end-to-end preprocessing,0.9071903926505396,2.0,,,
,,,29,2,regression,null_regression,rf_shallow,complete,0.9685959521185749,0.9381781184604884,0.791183729553525,-0.1103602717578629,1.0887817642447255,,,,,,,,,,,,13347,0.0426809159107506,0.035112999999967,8,96,52,256,0.0037966249510645,67428.30890583931,median 5 warm calls on training rows; end-to-end preprocessing,,,0.0426809159107506,0.035112999999967,234553344.0
,,,29,2,regression,null_regression,random_forest,complete,0.942097152966149,0.8875470456269235,0.774910716738238,-0.050436968618879,1.0300229979501208,,,,,,,,,,,,9384483,2.3854354170616716,2.163232999999991,256,129176,64716,256,0.0358495409600436,7140.956150186871,median 5 warm calls on training rows; end-to-end preprocessing,,,2.3854354170616716,2.163232999999991,234553344.0
,,,29,2,regression,null_regression,extra_trees,complete,0.952543012653222,0.9073381909544764,0.7925101637819688,-0.0738603474761494,1.0529911717991511,,,,,,,,,,,,14810979,1.36532049998641,1.2238509999999678,256,204544,102400,256,0.0392860418651253,6516.309300867857,median 5 warm calls on training rows; end-to-end preprocessing,,,1.36532049998641,1.2238509999999678,234405888.0
,,,29,2,regression,null_regression,xgboost,complete,0.9649417312853332,0.9311125447759362,0.7928661811379983,-0.1019979659631182,1.080581969738442,,,,,,,,,,,,164587,0.4031910831108689,0.3576850000000036,100,2498,1299,256,0.0033230420667678,77037.84509986683,median 5 warm calls on training rows; end-to-end preprocessing,,,0.4031910831108689,0.3576850000000036,235765760.0
,,,29,2,regression,null_regression,lightgbm,complete,0.9901106863518936,0.9803191712282175,0.8223892243227573,-0.1602353966223413,1.1376876264437603,,,,,,,,,,,,153115,0.1095195419620722,0.0993460000000254,100,2884,1492,256,0.0071939171757549,35585.61959300515,median 5 warm calls on training rows; end-to-end preprocessing,,,0.1095195419620722,0.0993460000000254,235765760.0
,,,29,2,regression,null_regression,catboost,complete,0.9456375589505608,0.8942303928979751,0.7799235712979303,-0.0583468986695974,1.0377792080872497,,,,,,,,,,,,44916,0.4886123330798,0.446514000000036,100,3100,1600,256,0.0058461669832468,43789.37528360241,median 5 warm calls on training rows; end-to-end preprocessing,,,0.4886123330798,0.446514000000036,235782144.0
