B,certified_count,certification_rate,seed,fold,task,dataset,method,status,reason,auroc,auprc,log_loss,brier,balanced_accuracy,ece_10,normalized_squared_loss,mean_selected_quality,mean_residual_correlation,mean_abs_residual_correlation,max_abs_residual_correlation,residual_effective_rank,mean_feature_jaccard,feature_coverage,oof_squared_loss,requested_K,aggregation,search_charged,model_bytes,train_wall_seconds,train_cpu_seconds,retained_count,nodes,leaves,inference_batch_rows,inference_batch_seconds,inference_rows_per_second,inference_timing_scope,wall_seconds,cpu_seconds,observed_peak_rss_bytes,rmse,mse,mae,r2,oof_calibrated_squared_loss,aggregation_scalar_parameters,pool_B
30.0,14.0,0.4666666666666667,11,0,binary,additive_binary,coerror_no_cert_affine,not_applicable,task restriction defined in config,,,,,,,,,,,,,,,,,,,,,,,,,,,,,,,,,,,,,,30
30.0,14.0,0.4666666666666667,11,0,binary,additive_binary,affine_profiled,not_applicable,task restriction defined in config,,,,,,,,,,,,,,,,,,,,,,,,,,,,,,,,,,,,,,30
30.0,14.0,0.4666666666666667,11,0,binary,additive_binary,random_subspace,complete,,0.6329196276648984,0.6364028196311439,0.668652810804397,0.2379737509210372,0.6266639975978381,0.078277096136455,0.9527286412452382,0.544047842401501,0.869294925890288,0.869294925890288,0.89019708359598,1.2722415445787862,0.0357142857142857,25.0,0.2382607897836485,8.0,equal,False,49020.0,0.0680124582722783,0.0544279999999997,8.0,112.0,60.0,256.0,0.0238878750242292,10716.7338970227,median 5 warm calls on training rows; end-to-end preprocessing,,,,,,,,,,30
30.0,14.0,0.4666666666666667,11,0,binary,additive_binary,top_no_cert,complete,,0.6789610649584625,0.6711428147644962,0.6556659225644637,0.2316295848133052,0.6521369232309078,0.0879703809794179,0.9273297527869094,0.5904205753595997,0.8386667704882989,0.8386667704882989,0.8861910653914793,1.3502210806976342,0.0578231292517006,23.0,0.2225358450836252,8.0,equal,True,49020.0,1.091821332462132,0.9635689999999996,8.0,112.0,60.0,256.0,0.0244892090559005,10453.583838319915,median 5 warm calls on training rows; end-to-end preprocessing,,,,,,,,,,30
30.0,14.0,0.4666666666666667,11,0,binary,additive_binary,coerror_no_cert,complete,,0.6857671904714242,0.6868329828486963,0.6552416632903083,0.2313937448091066,0.6215093584225804,0.0666424042502185,0.9263855666072078,0.5857410881801126,0.8396797940234676,0.8396797940234676,0.8861910653914793,1.3477750669375876,0.0476190476190476,24.0,0.2224296219810125,8.0,equal,True,49021.0,1.0972835414577276,0.9670960000000006,8.0,112.0,60.0,256.0,0.0216646250337362,11816.498074688849,median 5 warm calls on training rows; end-to-end preprocessing,,,,,,,,,,30
30.0,14.0,0.4666666666666667,11,0,binary,additive_binary,shrinkage_no_cert,complete,,0.6857671904714242,0.6868329828486963,0.6552416632903083,0.2313937448091066,0.6215093584225804,0.0666424042502185,0.9263855666072078,0.5857410881801126,0.8396797940234676,0.8396797940234676,0.8861910653914793,1.3477750669375876,0.0476190476190476,24.0,0.2224296219810125,8.0,equal,True,49021.0,1.101376833859831,0.9665439999999998,8.0,112.0,60.0,256.0,0.0191482091322541,13369.3964919561,median 5 warm calls on training rows; end-to-end preprocessing,,,,,,,,,,30
30.0,14.0,0.4666666666666667,11,0,binary,additive_binary,top_quality,complete,,0.6789610649584625,0.6711428147644962,0.6556659225644637,0.2316295848133052,0.6521369232309078,0.0879703809794179,0.9273297527869094,0.5904205753595997,0.8386667704882989,0.8386667704882989,0.8861910653914793,1.3502210806976342,0.0578231292517006,23.0,0.2225358450836252,8.0,equal,True,49020.0,1.0889687072485683,0.9625230000000008,8.0,112.0,60.0,256.0,0.0216731249820441,11811.863781161814,median 5 warm calls on training rows; end-to-end preprocessing,,,,,,,,,,30
30.0,14.0,0.4666666666666667,11,0,binary,additive_binary,coerror,complete,,0.6781102992693424,0.6949010659235088,0.656017281971647,0.2318346504479663,0.6163547192473227,0.0589288529570138,0.9281507336838384,0.5886694809255785,0.8369584226108768,0.8369584226108768,0.8861910653914793,1.354910321371199,0.0578231292517006,23.0,0.2225224468303098,8.0,equal,True,49020.0,1.091017332859337,0.9634390000000002,8.0,112.0,60.0,256.0,0.0196331669576466,13039.159731705671,median 5 warm calls on training rows; end-to-end preprocessing,,,,,,,,,,30
,,,11,0,binary,additive_binary,random_forest,complete,,0.8671804624161746,0.8609170193862157,0.5770119208456832,0.1939404296875,0.7874086678010208,0.1984765625,0.7764411047166269,,,,,,,,,,,,2451659.0,0.7079557089600712,0.6387099999999997,256.0,29366.0,14811.0,256.0,0.0268807078246027,9523.558742217889,median 5 warm calls on training rows; end-to-end preprocessing,0.7079557089600712,0.6387099999999997,176488448.0,,,,,,,30
30.0,16.0,0.5333333333333333,11,1,binary,additive_binary,coerror_no_cert_affine,not_applicable,task restriction defined in config,,,,,,,,,,,,,,,,,,,,,,,,,,,,,,,,,,,,,,30
30.0,16.0,0.5333333333333333,11,1,binary,additive_binary,affine_profiled,not_applicable,task restriction defined in config,,,,,,,,,,,,,,,,,,,,,,,,,,,,,,,,,,,,,,30
30.0,16.0,0.5333333333333333,11,1,binary,additive_binary,random_subspace,complete,,0.6949254328896007,0.7108671521746677,0.6490001891566644,0.2284334719822556,0.6360724652186969,0.0737137396668404,0.9145341052711344,0.5707754846779237,0.8540362826959388,0.8540362826959388,0.9134118707942932,1.311687992068537,0.0595238095238095,22.0,0.2327250966992869,8.0,equal,False,49019.0,0.0640288749709725,0.0528729999999999,8.0,112.0,60.0,256.0,0.0210465830750763,12163.494619853936,median 5 warm calls on training rows; end-to-end preprocessing,,,,,,,,,,30
30.0,16.0,0.5333333333333333,11,1,binary,additive_binary,top_no_cert,complete,,0.6546391752577321,0.677236285175668,0.6608178195719525,0.2341880920194486,0.6060454408968071,0.0367775588581003,0.9375727442289944,0.6031550969355848,0.828869342417522,0.828869342417522,0.8947644320133366,1.374911115064869,0.0748299319727891,22.0,0.2208894847406195,8.0,equal,True,49341.0,1.1531168753281236,0.9933119999999996,8.0,116.0,62.0,256.0,0.0209463750943541,12221.68508139634,median 5 warm calls on training rows; end-to-end preprocessing,,,,,,,,,,30
30.0,16.0,0.5333333333333333,11,1,binary,additive_binary,coerror_no_cert,complete,,0.7089380442398159,0.7459308830407126,0.646945200406902,0.2273747101999412,0.6630467420678611,0.0978810577085351,0.9102953492303412,0.6003111319574734,0.8283296401453776,0.8283296401453776,0.875489526397734,1.3779052175468658,0.0374149659863945,25.0,0.2177893203199476,8.0,equal,True,49501.0,1.150128958048299,0.995005,8.0,118.0,63.0,256.0,0.0211102918256074,12126.78640896211,median 5 warm calls on training rows; end-to-end preprocessing,,,,,,,,,,30
30.0,16.0,0.5333333333333333,11,1,binary,additive_binary,shrinkage_no_cert,complete,,0.7089380442398159,0.7459308830407126,0.646945200406902,0.2273747101999412,0.6630467420678611,0.0978810577085351,0.9102953492303412,0.6003111319574734,0.8283296401453776,0.8283296401453776,0.875489526397734,1.3779052175468658,0.0374149659863945,25.0,0.2177893203199476,8.0,equal,True,49501.0,1.1530191253405064,0.9974420000000012,8.0,118.0,63.0,256.0,0.0234108748845756,10935.08898160261,median 5 warm calls on training rows; end-to-end preprocessing,,,,,,,,,,30
30.0,16.0,0.5333333333333333,11,1,binary,additive_binary,top_quality,complete,,0.6546391752577321,0.677236285175668,0.6608178195719525,0.2341880920194486,0.6060454408968071,0.0367775588581003,0.9375727442289944,0.6031550969355848,0.828869342417522,0.828869342417522,0.8947644320133366,1.374911115064869,0.0748299319727891,22.0,0.2208894847406195,8.0,equal,True,49341.0,1.1531265412922949,0.9962470000000012,8.0,116.0,62.0,256.0,0.0217648749239742,11762.07080877882,median 5 warm calls on training rows; end-to-end preprocessing,,,,,,,,,,30
30.0,16.0,0.5333333333333333,11,1,binary,additive_binary,coerror,complete,,0.7089380442398159,0.7459308830407126,0.646945200406902,0.2273747101999412,0.6630467420678611,0.0978810577085351,0.9102953492303412,0.6003111319574734,0.8283296401453776,0.8283296401453776,0.875489526397734,1.3779052175468658,0.0374149659863945,25.0,0.2177893203199476,8.0,equal,True,49501.0,1.1550707493443042,0.9961280000000016,8.0,118.0,63.0,256.0,0.0242604580707848,10552.150303719249,median 5 warm calls on training rows; end-to-end preprocessing,,,,,,,,,,30
,,,11,1,binary,additive_binary,random_forest,complete,,0.8020218196376739,0.823067303730831,0.593204073533855,0.2020358276367187,0.7191472325092583,0.122421875,0.8088510552201925,,,,,,,,,,,,2393099.0,0.7288974579423666,0.6380169999999996,256.0,28634.0,14445.0,256.0,0.0304839578457176,8397.859664274612,median 5 warm calls on training rows; end-to-end preprocessing,0.7288974579423666,0.6380169999999996,177897472.0,,,,,,,30
30.0,14.0,0.4666666666666667,11,2,binary,additive_binary,coerror_no_cert_affine,not_applicable,task restriction defined in config,,,,,,,,,,,,,,,,,,,,,,,,,,,,,,,,,,,,,,30
30.0,14.0,0.4666666666666667,11,2,binary,additive_binary,affine_profiled,not_applicable,task restriction defined in config,,,,,,,,,,,,,,,,,,,,,,,,,,,,,,,,,,,,,,30
30.0,14.0,0.4666666666666667,11,2,binary,additive_binary,random_subspace,complete,,0.6678671468587436,0.6988283972465872,0.6607375335660806,0.2340744986082262,0.5937374949979992,0.0413826154105497,0.936578968123342,0.5566462941647483,0.85552616592477,0.85552616592477,0.8941975522577897,1.30759565219643,0.0408163265306122,24.0,0.2373312394765963,8.0,equal,False,49181.0,0.0657935829367488,0.0533349999999988,8.0,114.0,61.0,256.0,0.0227598340716213,11247.885164470525,median 5 warm calls on training rows; end-to-end preprocessing,,,,,,,,,,30
30.0,14.0,0.4666666666666667,11,2,binary,additive_binary,top_no_cert,complete,,0.6585134053621449,0.6446678602163356,0.6599490989061354,0.2337495677793852,0.6196478591436574,0.051087389673771,0.935278854773973,0.5906644104694225,0.8353666686442944,0.8353666686442944,0.8888670208642688,1.3599981889796935,0.0527210884353741,24.0,0.2260114232269558,8.0,equal,True,49643.0,1.098017167299986,0.9478030000000004,8.0,120.0,64.0,256.0,0.0203813749831169,12560.487219927943,median 5 warm calls on training rows; end-to-end preprocessing,,,,,,,,,,30
30.0,14.0,0.4666666666666667,11,2,binary,additive_binary,coerror_no_cert,complete,,0.6887755102040817,0.6421547652935601,0.6548963030361893,0.2310508678005023,0.6541616646658663,0.0934943669024864,0.9244808154466434,0.5849749149234311,0.8284558339962914,0.8284558339962914,0.8612308219812401,1.3791842782555663,0.0510204081632653,23.0,0.2241364267482485,8.0,equal,True,49645.0,1.0851763752289116,0.9458129999999992,8.0,120.0,64.0,256.0,0.0229970829095691,11131.846634925934,median 5 warm calls on training rows; end-to-end preprocessing,,,,,,,,,,30
30.0,14.0,0.4666666666666667,11,2,binary,additive_binary,shrinkage_no_cert,complete,,0.6887755102040817,0.6421547652935601,0.6548963030361893,0.2310508678005024,0.6541616646658663,0.0934943669024864,0.9244808154466436,0.5849749149234311,0.8284558339962913,0.8284558339962913,0.8612308219812401,1.3791842782555674,0.0510204081632653,23.0,0.2241364267482485,8.0,equal,True,49644.0,1.102330666501075,0.9508010000000002,8.0,120.0,64.0,256.0,0.0205365838482975,12465.559115919925,median 5 warm calls on training rows; end-to-end preprocessing,,,,,,,,,,30
30.0,14.0,0.4666666666666667,11,2,binary,additive_binary,top_quality,complete,,0.6585134053621449,0.6446678602163356,0.6599490989061354,0.2337495677793852,0.6196478591436574,0.051087389673771,0.935278854773973,0.5906644104694225,0.8353666686442944,0.8353666686442944,0.8888670208642688,1.3599981889796935,0.0527210884353741,24.0,0.2260114232269558,8.0,equal,True,49643.0,1.0850272492971271,0.9454480000000008,8.0,120.0,64.0,256.0,0.0262627089396119,9747.661621222802,median 5 warm calls on training rows; end-to-end preprocessing,,,,,,,,,,30
30.0,14.0,0.4666666666666667,11,2,binary,additive_binary,coerror,complete,,0.6797218887555021,0.6111688789817646,0.6563707929636162,0.2317704881361089,0.6445578231292517,0.0958740477644769,0.9273601605926136,0.5889628790911821,0.8306142840050675,0.8306142840050675,0.8626881729841268,1.3730409835256343,0.0561224489795918,22.0,0.2248090508222643,8.0,equal,True,49484.0,1.090774541022256,0.9485120000000008,8.0,118.0,63.0,256.0,0.0233514588326215,10962.912503024116,median 5 warm calls on training rows; end-to-end preprocessing,,,,,,,,,,30
,,,11,2,binary,additive_binary,random_forest,complete,,0.8003701480592237,0.7948731817558863,0.5923715770102786,0.2017897033691406,0.7255902360944377,0.1285546875,0.8074010337866985,,,,,,,,,,,,2392299.0,0.7432284581009299,0.6333739999999999,256.0,28624.0,14440.0,256.0,0.0282615830656141,9058.232845826513,median 5 warm calls on training rows; end-to-end preprocessing,0.7432284581009299,0.6333739999999999,178028544.0,,,,,,,30
30.0,8.0,0.2666666666666666,29,0,binary,additive_binary,coerror_no_cert_affine,not_applicable,task restriction defined in config,,,,,,,,,,,,,,,,,,,,,,,,,,,,,,,,,,,,,,30
30.0,8.0,0.2666666666666666,29,0,binary,additive_binary,affine_profiled,not_applicable,task restriction defined in config,,,,,,,,,,,,,,,,,,,,,,,,,,,,,,,,,,,,,,30
30.0,8.0,0.2666666666666666,29,0,binary,additive_binary,random_subspace,complete,,0.6104110411041104,0.6163999396445551,0.6723288824805767,0.2398458300474782,0.5497549754975497,0.0484741211054379,0.9594792681167246,0.5522239723972397,0.8467057106754945,0.8467057106754945,0.8989478862899785,1.3280472556264165,0.0731292517006802,22.0,0.2381785396198738,8.0,equal,False,49181.0,0.0505137920845299,0.047746,8.0,114.0,61.0,256.0,0.0294159578625112,8702.759270887294,median 5 warm calls on training rows; end-to-end preprocessing,,,,,,,,,,30
30.0,8.0,0.2666666666666666,29,0,binary,additive_binary,top_no_cert,complete,,0.6587158715871587,0.6514466393341083,0.6543197911205949,0.2311932719000269,0.6098609860986098,0.0186368531789063,0.9248655741575238,0.5931671292129213,0.8386063310453421,0.8386063310453421,0.8898922532362498,1.3487561953811404,0.1105442176870748,21.0,0.2283834593183688,8.0,equal,True,49502.0,1.049567248672247,0.9390929999999962,8.0,118.0,63.0,256.0,0.0203531668521463,12577.89521697961,median 5 warm calls on training rows; end-to-end preprocessing,,,,,,,,,,30
30.0,8.0,0.2666666666666666,29,0,binary,additive_binary,coerror_no_cert,complete,,0.6825182518251824,0.6799342413062855,0.649282665359657,0.228641794712054,0.63986398639864,0.0598347865632875,0.9146586447126877,0.5913263201320131,0.8346677737883972,0.8346677737883972,0.8712110855350387,1.3602758320247774,0.0901360544217686,21.0,0.225438669077586,8.0,equal,True,49340.0,1.052512540016323,0.9415899999999962,8.0,116.0,62.0,256.0,0.0215980419889092,11852.926303757438,median 5 warm calls on training rows; end-to-end preprocessing,,,,,,,,,,30
30.0,8.0,0.2666666666666666,29,0,binary,additive_binary,shrinkage_no_cert,complete,,0.6825182518251824,0.6799342413062855,0.649282665359657,0.228641794712054,0.63986398639864,0.0598347865632875,0.9146586447126877,0.5913263201320131,0.8346677737883971,0.8346677737883971,0.8712110855350387,1.3602758320247774,0.0901360544217686,21.0,0.225438669077586,8.0,equal,True,49340.0,1.048366748727858,0.9414729999999984,8.0,116.0,62.0,256.0,0.0194930417928844,13132.891352720922,median 5 warm calls on training rows; end-to-end preprocessing,,,,,,,,,,30
30.0,8.0,0.2666666666666666,29,0,binary,additive_binary,top_quality,complete,,0.6587158715871587,0.6514466393341083,0.6543197911205949,0.2311932719000269,0.6098609860986098,0.0186368531789063,0.9248655741575238,0.5931671292129213,0.8386063310453421,0.8386063310453421,0.8898922532362498,1.3487561953811404,0.1105442176870748,21.0,0.2283834593183688,8.0,equal,True,49502.0,1.0508553739637136,0.938349999999998,8.0,118.0,63.0,256.0,0.0246973340399563,10365.49125447439,median 5 warm calls on training rows; end-to-end preprocessing,,,,,,,,,,30
30.0,8.0,0.2666666666666666,29,0,binary,additive_binary,coerror,complete,,0.6587158715871587,0.6514466393341083,0.6543197911205948,0.2311932719000269,0.6098609860986098,0.0186368531789063,0.9248655741575238,0.5931671292129213,0.8386063310453421,0.8386063310453421,0.8898922532362498,1.3487561953811404,0.1105442176870748,21.0,0.2283834593183688,8.0,equal,True,49502.0,1.0409820827189833,0.9379539999999996,8.0,118.0,63.0,256.0,0.0243264168966561,10523.539125697918,median 5 warm calls on training rows; end-to-end preprocessing,,,,,,,,,,30
,,,29,0,binary,additive_binary,random_forest,complete,,0.8006800680068007,0.7644235233615855,0.594478790718075,0.202410659790039,0.7294729472947294,0.12986328125,0.8097236115213085,,,,,,,,,,,,2409259.0,0.6975318330805749,0.620989999999999,256.0,28836.0,14546.0,256.0,0.0284311668947339,9004.203061655446,median 5 warm calls on training rows; end-to-end preprocessing,0.6975318330805749,0.620989999999999,178126848.0,,,,,,,30
30.0,8.0,0.2666666666666666,29,1,binary,additive_binary,coerror_no_cert_affine,not_applicable,task restriction defined in config,,,,,,,,,,,,,,,,,,,,,,,,,,,,,,,,,,,,,,30
30.0,8.0,0.2666666666666666,29,1,binary,additive_binary,affine_profiled,not_applicable,task restriction defined in config,,,,,,,,,,,,,,,,,,,,,,,,,,,,,,,,,,,,,,30
30.0,8.0,0.2666666666666666,29,1,binary,additive_binary,random_subspace,complete,,0.6241624162416242,0.6311006387724928,0.6741281968010003,0.2405952358564758,0.6048104810481048,0.052797588990859,0.9624771911450176,0.5399055530553055,0.8635567288048243,0.8635567288048243,0.9136914498399616,1.2863625975296475,0.032312925170068,26.0,0.2402909209916445,8.0,equal,False,49022.0,0.0528852078132331,0.0504809999999977,8.0,112.0,60.0,256.0,0.0262626660987734,9747.677522045477,median 5 warm calls on training rows; end-to-end preprocessing,,,,,,,,,,30
30.0,8.0,0.2666666666666666,29,1,binary,additive_binary,top_no_cert,complete,,0.7206220622062206,0.7225408468684741,0.6480759063673198,0.2278961873556524,0.6447144714471447,0.0878810278548594,0.911675917014311,0.5746418391839183,0.8471788384706634,0.8471788384706634,0.9311195189705244,1.328052163288987,0.0595238095238095,23.0,0.2284690430679985,8.0,equal,True,49020.0,1.0922650818247348,0.9608359999999988,8.0,112.0,60.0,256.0,0.0236476249992847,10825.61145179455,median 5 warm calls on training rows; end-to-end preprocessing,,,,,,,,,,30
30.0,8.0,0.2666666666666666,29,1,binary,additive_binary,coerror_no_cert,complete,,0.7031203120312032,0.6926231529071127,0.6558115587249251,0.231602640759647,0.6495649564956496,0.0966107124748546,0.926503213359924,0.5716837308730873,0.8499156206095554,0.8499156206095554,0.8826359075576778,1.321230996751957,0.0544217687074829,24.0,0.2280136884544856,8.0,equal,True,49021.0,1.0987049576360732,0.9651160000000036,8.0,112.0,60.0,256.0,0.0222351250704377,11513.31504495826,median 5 warm calls on training rows; end-to-end preprocessing,,,,,,,,,,30
30.0,8.0,0.2666666666666666,29,1,binary,additive_binary,shrinkage_no_cert,complete,,0.7031203120312032,0.6926231529071127,0.6558115587249251,0.231602640759647,0.6495649564956496,0.0966107124748546,0.926503213359924,0.5716837308730873,0.8499156206095554,0.8499156206095554,0.8826359075576778,1.321230996751957,0.0544217687074829,24.0,0.2280136884544856,8.0,equal,True,49021.0,1.091845040908083,0.9630950000000044,8.0,112.0,60.0,256.0,0.0185293748509138,13815.900539535682,median 5 warm calls on training rows; end-to-end preprocessing,,,,,,,,,,30
30.0,8.0,0.2666666666666666,29,1,binary,additive_binary,top_quality,complete,,0.6888688868886889,0.6597730491896641,0.6575250203390192,0.2323924977779926,0.6446144614461446,0.0916780374472591,0.9296629574077112,0.5742699269926992,0.8459675725796956,0.8459675725796956,0.8869820052748092,1.331388336933038,0.0595238095238095,23.0,0.2285890255272016,8.0,equal,True,49181.0,1.091299332911149,0.9635250000000024,8.0,114.0,61.0,256.0,0.0218434170819818,11719.77804750925,median 5 warm calls on training rows; end-to-end preprocessing,,,,,,,,,,30
30.0,8.0,0.2666666666666666,29,1,binary,additive_binary,coerror,complete,,0.6888688868886889,0.6597730491896641,0.6575250203390192,0.2323924977779926,0.6446144614461446,0.0916780374472591,0.9296629574077112,0.5742699269926993,0.8459675725796955,0.8459675725796955,0.8869820052748092,1.331388336933038,0.0595238095238095,23.0,0.2285890255272016,8.0,equal,True,49181.0,1.09218733292073,0.9631980000000038,8.0,114.0,61.0,256.0,0.0228752500843256,11191.134481865774,median 5 warm calls on training rows; end-to-end preprocessing,,,,,,,,,,30
,,,29,1,binary,additive_binary,random_forest,complete,,0.8001300130013,0.7908788117576648,0.6017268520848386,0.2058584594726562,0.7102710271027103,0.1203515624999999,0.8235161895095758,,,,,,,,,,,,2402699.0,0.6869017500430346,0.6279350000000008,256.0,28754.0,14505.0,256.0,0.0298274999950081,8582.683766418366,median 5 warm calls on training rows; end-to-end preprocessing,0.6869017500430346,0.6279350000000008,178290688.0,,,,,,,30
30.0,18.0,0.6,29,2,binary,additive_binary,coerror_no_cert_affine,not_applicable,task restriction defined in config,,,,,,,,,,,,,,,,,,,,,,,,,,,,,,,,,,,,,,30
30.0,18.0,0.6,29,2,binary,additive_binary,affine_profiled,not_applicable,task restriction defined in config,,,,,,,,,,,,,,,,,,,,,,,,,,,,,,,,,,,,,,30
30.0,18.0,0.6,29,2,binary,additive_binary,random_subspace,complete,,0.6879687968796879,0.6655790972482463,0.6558988069961904,0.2316764643249809,0.6405640564056405,0.0814970788072058,0.9267985371536392,0.5584308430843085,0.8616279134081904,0.8616279134081904,0.9303077998081564,1.2908723981598278,0.0476190476190476,23.0,0.2348813459874346,8.0,equal,False,49021.0,0.0587287922389805,0.0509629999999958,8.0,112.0,60.0,256.0,0.0206194159109145,12415.48262598897,median 5 warm calls on training rows; end-to-end preprocessing,,,,,,,,,,30
30.0,18.0,0.6,29,2,binary,additive_binary,top_no_cert,complete,,0.6603160316031602,0.684966169064896,0.6580631043768487,0.2329210542746606,0.6092609260926093,0.0525087097508858,0.9317773948381264,0.598009800980098,0.8444340273818346,0.8444340273818346,0.9107117795860316,1.3361947081670364,0.0374149659863945,25.0,0.2218318159384831,8.0,equal,True,49341.0,1.1567905838601291,0.9674819999999968,8.0,116.0,62.0,256.0,0.0193511249963194,13229.205022896149,median 5 warm calls on training rows; end-to-end preprocessing,,,,,,,,,,30
30.0,18.0,0.6,29,2,binary,additive_binary,coerror_no_cert,complete,,0.6771177117711771,0.706142320493255,0.6526556214041734,0.2303150452250584,0.6046104610461046,0.0467027310055647,0.921352316131847,0.596658103310331,0.8366768723686648,0.8366768723686648,0.9107117795860316,1.357699688836992,0.0306122448979591,26.0,0.21999903937581,8.0,equal,True,49501.0,1.1578569579869509,0.966359999999998,8.0,118.0,63.0,256.0,0.0190109589602798,13465.917239360131,median 5 warm calls on training rows; end-to-end preprocessing,,,,,,,,,,30
30.0,18.0,0.6,29,2,binary,additive_binary,shrinkage_no_cert,complete,,0.6771177117711771,0.706142320493255,0.6526556214041734,0.2303150452250584,0.6046104610461046,0.0467027310055647,0.921352316131847,0.596658103310331,0.8366768723686648,0.8366768723686648,0.9107117795860316,1.357699688836992,0.0306122448979591,26.0,0.21999903937581,8.0,equal,True,49501.0,1.1493382090702653,0.9638129999999984,8.0,118.0,63.0,256.0,0.0252731249202042,10129.337025329383,median 5 warm calls on training rows; end-to-end preprocessing,,,,,,,,,,30
30.0,18.0,0.6,29,2,binary,additive_binary,top_quality,complete,,0.6603160316031602,0.684966169064896,0.6580631043768487,0.2329210542746606,0.6092609260926093,0.0525087097508858,0.9317773948381264,0.598009800980098,0.8444340273818346,0.8444340273818346,0.9107117795860316,1.3361947081670364,0.0374149659863945,25.0,0.2218318159384831,8.0,equal,True,49341.0,1.156689582625404,0.968193000000003,8.0,116.0,62.0,256.0,0.0209132500458508,12241.043330842287,median 5 warm calls on training rows; end-to-end preprocessing,,,,,,,,,,30
30.0,18.0,0.6,29,2,binary,additive_binary,coerror,complete,,0.6771177117711771,0.706142320493255,0.6526556214041734,0.2303150452250584,0.6046104610461046,0.0467027310055647,0.921352316131847,0.596658103310331,0.8366768723686648,0.8366768723686648,0.9107117795860316,1.357699688836992,0.0306122448979591,26.0,0.21999903937581,8.0,equal,True,49501.0,1.1652014579158276,0.9682869999999966,8.0,118.0,63.0,256.0,0.0226794588379561,11287.7472883771,median 5 warm calls on training rows; end-to-end preprocessing,,,,,,,,,,30
,,,29,2,binary,additive_binary,random_forest,complete,,0.7857285728572857,0.7747574074757744,0.6057018807590624,0.2078616333007812,0.7098709870987099,0.121171875,0.8315296861717423,,,,,,,,,,,,2432139.0,0.6931182909756899,0.6236180000000004,256.0,29122.0,14689.0,256.0,0.0292182078119367,8761.65990904529,median 5 warm calls on training rows; end-to-end preprocessing,0.6931182909756899,0.6236180000000004,178388992.0,,,,,,,30
30.0,0.0,0.0,11,0,regression,additive_regression,top_quality,infeasible,infeasible: 0 eligible < K=8,,,,,,,,,,,,,,,,8.0,,,,,,,,,,,,,,,,,,,,,,30
30.0,0.0,0.0,11,0,regression,additive_regression,coerror,infeasible,infeasible: 0 eligible < K=8,,,,,,,,,,,,,,,,8.0,,,,,,,,,,,,,,,,,,,,,,30
30.0,0.0,0.0,11,0,regression,additive_regression,random_subspace,complete,,,,,,,,0.8695539487430274,-0.0807374685748341,0.8522416563600592,0.8522416563600592,0.9047992446204628,1.3152014822073117,0.0357142857142857,25.0,1.8417001356156255,8.0,equal,False,47596.0,0.0525923331733793,0.0452390000000022,8.0,114.0,61.0,256.0,0.0227214170154184,11266.902932430768,median 5 warm calls on training rows; end-to-end preprocessing,,,,1.3654666478152273,1.8644991662957535,1.0707503250892958,0.1192452884102907,,,30
30.0,0.0,0.0,11,0,regression,additive_regression,top_no_cert,complete,,,,,,,,0.935386570294004,-0.0374201935611941,0.8610715887699129,0.8610715887699129,0.9397944547759894,1.2925483554796693,0.064625850340136,22.0,1.7836157439783218,8.0,equal,True,47163.0,0.936054333113134,0.8165600000000026,8.0,108.0,58.0,256.0,0.0235138339921832,10887.207934065667,median 5 warm calls on training rows; end-to-end preprocessing,,,,1.416212411242224,2.0056575937565135,1.099486142971865,0.0525646739514169,,,30
30.0,0.0,0.0,11,0,regression,additive_regression,coerror_no_cert,complete,,,,,,,,0.9028694600190996,-0.0508129645205051,0.8349070942040029,0.8349070942040029,0.891119001690886,1.3615169871726909,0.0527210884353741,23.0,1.759514671145075,8.0,equal,True,47597.0,0.8932729579973966,0.7727730000000044,8.0,114.0,61.0,256.0,0.0202319158706814,12653.275232869875,median 5 warm calls on training rows; end-to-end preprocessing,,,,1.3913785776952146,1.9359343464691583,1.081652377462346,0.0855006385609776,,,30
30.0,0.0,0.0,11,0,regression,additive_regression,shrinkage_no_cert,complete,,,,,,,,0.9028694600190996,-0.0508129645205051,0.8349070942040031,0.8349070942040031,0.891119001690886,1.3615169871726904,0.0527210884353741,23.0,1.759514671145075,8.0,equal,True,47596.0,0.892378207994625,0.7724330000000066,8.0,114.0,61.0,256.0,0.0213397501502186,11996.391625858729,median 5 warm calls on training rows; end-to-end preprocessing,,,,1.3913785776952146,1.9359343464691583,1.081652377462346,0.0855006385609776,,,30
30.0,0.0,0.0,11,0,regression,additive_regression,coerror_no_cert_affine,complete,,,,,,,,0.8419107725970734,-0.0508129645205051,0.8349070942040029,0.8349070942040029,0.891119001690886,1.3615169871726909,0.0527210884353741,23.0,1.759514671145075,8.0,affine_of_equal,True,47848.0,0.8848921668250114,0.7723960000000005,8.0,114.0,61.0,256.0,0.0230897499714046,11087.170728008805,median 5 warm calls on training rows; end-to-end preprocessing,,,,1.3435872198991925,1.8052266174764404,1.0429765477357602,0.1472445375299657,1.6899303004552173,2.0,30
30.0,0.0,0.0,11,0,regression,additive_regression,affine_profiled,complete,,,,,,,,0.7943818648444922,-0.0520280100452429,0.8368169017027959,0.8368169017027959,0.8874199876115401,1.3562977375507284,0.0306122448979591,26.0,1.7650682669235755,8.0,affine_of_equal,True,47991.0,0.8967522089369595,0.7756570000000025,8.0,116.0,62.0,256.0,0.0194870841223746,13136.906393607973,median 5 warm calls on training rows; end-to-end preprocessing,,,,1.3051111242336282,1.703315046598365,1.0352680217803636,0.1953856672440111,1.6646829234414384,2.0,30
,,,11,0,regression,additive_regression,random_forest,complete,,,,,,,,0.7641730280601253,,,,,,,,,,,,9397155.0,2.174007209017873,1.9037819999999996,256.0,129352.0,64804.0,256.0,0.0381346670910716,6713.051916478819,median 5 warm calls on training rows; end-to-end preprocessing,2.174007209017873,1.9037819999999996,188252160.0,1.280055156447785,1.6385412035485627,1.0150860604010434,0.2259836253901809,,,30
30.0,0.0,0.0,11,1,regression,additive_regression,top_quality,infeasible,infeasible: 0 eligible < K=8,,,,,,,,,,,,,,,,8.0,,,,,,,,,,,,,,,,,,,,,,30
30.0,0.0,0.0,11,1,regression,additive_regression,coerror,infeasible,infeasible: 0 eligible < K=8,,,,,,,,,,,,,,,,8.0,,,,,,,,,,,,,,,,,,,,,,30
30.0,0.0,0.0,11,1,regression,additive_regression,random_subspace,complete,,,,,,,,0.93846244536361,-0.0679029818922435,0.8401115123198594,0.8401115123198594,0.9321955817526952,1.3454925758385123,0.0595238095238095,22.0,1.7968688765071583,8.0,equal,False,47595.0,0.0614660831633955,0.0487889999999993,8.0,114.0,61.0,256.0,0.0217358749359846,11777.763754804357,median 5 warm calls on training rows; end-to-end preprocessing,,,,1.4192217129380853,2.0141902704749133,1.097046860657872,0.061521843753441,,,30
30.0,0.0,0.0,11,1,regression,additive_regression,top_no_cert,complete,,,,,,,,0.9435169395657732,-0.0178471090921371,0.835910531431954,0.835910531431954,0.9032062922279634,1.3560915825261717,0.0748299319727891,20.0,1.705600034766133,8.0,equal,True,47741.0,0.9364654999226332,0.8015219999999985,8.0,116.0,62.0,256.0,0.0259705421049147,9857.32215237638,median 5 warm calls on training rows; end-to-end preprocessing,,,,1.423038495886956,2.0250385607762103,1.1014949458101717,0.0564672649335423,,,30
30.0,0.0,0.0,11,1,regression,additive_regression,coerror_no_cert,complete,,,,,,,,0.9196000573550795,-0.0273910607981915,0.8249399187341923,0.8249399187341923,0.9032062922279634,1.38793690728919,0.0680272108843537,22.0,1.7011867496348827,8.0,equal,True,47741.0,0.934924583416432,0.8012209999999982,8.0,116.0,62.0,256.0,0.0224034579005092,11426.807465921636,median 5 warm calls on training rows; end-to-end preprocessing,,,,1.4048866729228082,1.9737065637561173,1.0946886195453254,0.0803845475388803,,,30
30.0,0.0,0.0,11,1,regression,additive_regression,shrinkage_no_cert,complete,,,,,,,,0.9434330717962606,-0.0203635908398634,0.8318720061144891,0.8318720061144891,0.9032062922279634,1.367980885066291,0.0731292517006802,20.0,1.7021406614562853,8.0,equal,True,47740.0,0.9519213340245188,0.804584000000002,8.0,116.0,62.0,256.0,0.0191472920123487,13370.036861342924,median 5 warm calls on training rows; end-to-end preprocessing,,,,1.4229752486298914,2.0248585582133014,1.107438298744463,0.0565511341070928,,,30
30.0,0.0,0.0,11,1,regression,additive_regression,coerror_no_cert_affine,complete,,,,,,,,0.9059214304413012,-0.0273910607981915,0.8249399187341923,0.8249399187341923,0.9032062922279634,1.38793690728919,0.0680272108843537,22.0,1.7011867496348827,8.0,affine_of_equal,True,47992.0,0.9449297930113972,0.8050569999999979,8.0,116.0,62.0,256.0,0.024896833114326,10282.432260538946,median 5 warm calls on training rows; end-to-end preprocessing,,,,1.3943990062055494,1.944348588507024,1.0849144597802023,0.0940634034477637,1.6318382563222056,2.0,30
30.0,0.0,0.0,11,1,regression,additive_regression,affine_profiled,complete,,,,,,,,0.9263105352351494,-0.0239173143775833,0.832093523056087,0.832093523056087,0.8743467505658402,1.3674955408149194,0.0748299319727891,21.0,1.7086665816248838,8.0,affine_of_equal,True,47847.0,0.9405525426845998,0.8025860000000051,8.0,114.0,61.0,256.0,0.0260917500127106,9811.53045983074,median 5 warm calls on training rows; end-to-end preprocessing,,,,1.410003204227117,1.988109035930736,1.0797177435946548,0.0736739573181057,1.591368708946483,2.0,30
,,,11,1,regression,additive_regression,random_forest,complete,,,,,,,,0.8437841736682236,,,,,,,,,,,,9395139.0,2.06454374990426,1.874417000000001,256.0,129324.0,64790.0,256.0,0.0353734171949327,7237.072929348551,median 5 warm calls on training rows; end-to-end preprocessing,2.06454374990426,1.874417000000001,189104128.0,1.3457286099431396,1.810985491619495,1.0309657348028052,0.1562017004661626,,,30
30.0,0.0,0.0,11,2,regression,additive_regression,top_quality,infeasible,infeasible: 0 eligible < K=8,,,,,,,,,,,,,,,,8.0,,,,,,,,,,,,,,,,,,,,,,30
30.0,0.0,0.0,11,2,regression,additive_regression,coerror,infeasible,infeasible: 0 eligible < K=8,,,,,,,,,,,,,,,,8.0,,,,,,,,,,,,,,,,,,,,,,30
30.0,0.0,0.0,11,2,regression,additive_regression,random_subspace,complete,,,,,,,,0.933403239135384,-0.0802856071093257,0.8626587084506402,0.8626587084506402,0.894853240105234,1.2890466895409232,0.0408163265306122,24.0,2.03383898323549,8.0,equal,False,47165.0,0.0686395831871777,0.0534700000000007,8.0,108.0,58.0,256.0,0.0229448748286813,11157.175705312506,median 5 warm calls on training rows; end-to-end preprocessing,,,,1.2925338223569711,1.6706436819367223,1.0702104808529809,0.0510711752052277,,,30
30.0,0.0,0.0,11,2,regression,additive_regression,top_no_cert,complete,,,,,,,,0.8990606813962977,0.0081274028822398,0.8298282083222378,0.8298282083222378,0.9203893185639078,1.3721165926362051,0.1105442176870748,19.0,1.8075795841535225,8.0,equal,True,47885.0,0.9228875820990652,0.8010329999999968,8.0,118.0,63.0,256.0,0.0237212080974131,10792.03044586574,median 5 warm calls on training rows; end-to-end preprocessing,,,,1.2685329925534343,1.6091759531965717,1.0606428026080172,0.0859849633617644,,,30
30.0,0.0,0.0,11,2,regression,additive_regression,coerror_no_cert,complete,,,,,,,,0.9001764358630915,0.0037005055359364,0.8212473623786425,0.8212473623786425,0.9203893185639078,1.3963276128612865,0.0884353741496598,20.0,1.799556283090458,8.0,equal,True,47885.0,0.9205768320243806,0.8012319999999988,8.0,118.0,63.0,256.0,0.0208873751107603,12256.207333018076,median 5 warm calls on training rows; end-to-end preprocessing,,,,1.26931988743571,1.6111729766398033,1.0593551694458805,0.0848506502047681,,,30
30.0,0.0,0.0,11,2,regression,additive_regression,shrinkage_no_cert,complete,,,,,,,,0.9001764358630915,0.0037005055359364,0.8212473623786424,0.8212473623786424,0.9203893185639078,1.3963276128612865,0.0884353741496598,20.0,1.799556283090458,8.0,equal,True,47885.0,0.9158389151562004,0.7989730000000037,8.0,118.0,63.0,256.0,0.0242787089664489,10544.217995848549,median 5 warm calls on training rows; end-to-end preprocessing,,,,1.26931988743571,1.6111729766398033,1.0593551694458805,0.0848506502047681,,,30
30.0,0.0,0.0,11,2,regression,additive_regression,coerror_no_cert_affine,complete,,,,,,,,0.9119795388745384,0.0037005055359364,0.8212473623786425,0.8212473623786425,0.9203893185639078,1.3963276128612865,0.0884353741496598,20.0,1.799556283090458,8.0,affine_of_equal,True,48136.0,0.9241960395593196,0.8035189999999979,8.0,118.0,63.0,256.0,0.0273319580592215,9366.324924299684,median 5 warm calls on training rows; end-to-end preprocessing,,,,1.2776144403016316,1.6322986580672512,1.057617756745687,0.0728512225190888,1.6819867338943704,2.0,30
30.0,0.0,0.0,11,2,regression,additive_regression,affine_profiled,complete,,,,,,,,0.8714733850347653,-0.009606596402636,0.8207748693047495,0.8207748693047495,0.8990212602314867,1.3979035728140912,0.0527210884353741,23.0,1.822509055639402,8.0,affine_of_equal,True,47847.0,0.9195745410397648,0.8014549999999936,8.0,114.0,61.0,256.0,0.0267513750586658,9569.601541550332,median 5 warm calls on training rows; end-to-end preprocessing,,,,1.2489191608629695,1.5597990703706646,1.0378544884450676,0.1140311277824741,1.6130096635169056,2.0,30
,,,11,2,regression,additive_regression,random_forest,complete,,,,,,,,0.7790846098513178,,,,,,,,,,,,9420627.0,2.027244333876297,1.828400000000002,256.0,129678.0,64967.0,256.0,0.0352529578376561,7261.80200761902,median 5 warm calls on training rows; end-to-end preprocessing,2.027244333876297,1.828400000000002,189169664.0,1.1808631687915163,1.394437823408341,0.986067363624628,0.2079566341266205,,,30
30.0,0.0,0.0,29,0,regression,additive_regression,top_quality,infeasible,infeasible: 0 eligible < K=8,,,,,,,,,,,,,,,,8.0,,,,,,,,,,,,,,,,,,,,,,30
30.0,0.0,0.0,29,0,regression,additive_regression,coerror,infeasible,infeasible: 0 eligible < K=8,,,,,,,,,,,,,,,,8.0,,,,,,,,,,,,,,,,,,,,,,30
30.0,0.0,0.0,29,0,regression,additive_regression,random_subspace,complete,,,,,,,,0.9624728424050328,-0.0757906009657588,0.8576043937619383,0.8576043937619383,0.9230793659158696,1.3007459719312238,0.0731292517006802,22.0,1.7417373368910485,8.0,equal,False,47453.0,0.0527462910395115,0.0482610000000036,8.0,112.0,60.0,256.0,0.024315291782841,10528.354020438082,median 5 warm calls on training rows; end-to-end preprocessing,,,,1.3552729367691574,1.8367647331388968,1.0915369841416231,0.0335112867707414,,,30
30.0,0.0,0.0,29,0,regression,additive_regression,top_no_cert,complete,,,,,,,,0.9404360708683148,-0.0237802920481179,0.8607995156346439,0.8607995156346439,0.904436136624714,1.2926067258524014,0.0748299319727891,22.0,1.6636243300104911,8.0,equal,True,47165.0,0.9741230842191726,0.8276090000000025,8.0,108.0,58.0,256.0,0.0230512500274926,11105.688398445867,median 5 warm calls on training rows; end-to-end preprocessing,,,,1.3396679366635849,1.7947101805244663,1.0741337563904425,0.05564000565805,,,30
30.0,0.0,0.0,29,0,regression,additive_regression,coerror_no_cert,complete,,,,,,,,0.9288035057792166,-0.0312411181807866,0.8354142267532814,0.8354142267532814,0.904436136624714,1.3603632705836353,0.0595238095238095,24.0,1.632576989651681,8.0,equal,True,47165.0,0.9740301661659032,0.8281789999999987,8.0,108.0,58.0,256.0,0.0202238329220563,12658.332423266997,median 5 warm calls on training rows; end-to-end preprocessing,,,,1.3313567576604557,1.7725108161681609,1.0708677758042244,0.0673211070555966,,,30
30.0,0.0,0.0,29,0,regression,additive_regression,shrinkage_no_cert,complete,,,,,,,,0.9288035057792166,-0.0312411181807866,0.8354142267532814,0.8354142267532814,0.904436136624714,1.3603632705836353,0.0595238095238095,24.0,1.632576989651681,8.0,equal,True,47165.0,0.9830042072571814,0.8279369999999915,8.0,108.0,58.0,256.0,0.0252354999538511,10144.439399582125,median 5 warm calls on training rows; end-to-end preprocessing,,,,1.3313567576604557,1.7725108161681609,1.0708677758042244,0.0673211070555966,,,30
30.0,0.0,0.0,29,0,regression,additive_regression,coerror_no_cert_affine,complete,,,,,,,,0.9293197292688116,-0.0312411181807866,0.8354142267532814,0.8354142267532814,0.904436136624714,1.3603632705836353,0.0595238095238095,24.0,1.632576989651681,8.0,affine_of_equal,True,47416.0,0.989291125908494,0.8335689999999971,8.0,108.0,58.0,256.0,0.019093417096883,13407.762408426684,median 5 warm calls on training rows; end-to-end preprocessing,,,,1.3317266863684,1.7734959671857593,1.0699663043284493,0.0668027296487592,1.547536162434563,2.0,30
30.0,0.0,0.0,29,0,regression,additive_regression,affine_profiled,complete,,,,,,,,0.882554447988101,-0.0365383065728748,0.8319321833448553,0.8319321833448553,0.8718340619535998,1.368993571587808,0.0493197278911564,24.0,1.6355289614199118,8.0,affine_of_equal,True,47271.0,0.9824478339869528,0.8311410000000095,8.0,106.0,57.0,256.0,0.0179987498559057,14223.210059003124,median 5 warm calls on training rows; end-to-end preprocessing,,,,1.2977865773428086,1.6842500003311616,1.0550387393342668,0.1137631367765666,1.518962115133008,2.0,30
,,,29,0,regression,additive_regression,random_forest,complete,,,,,,,,0.7986155346109428,,,,,,,,,,,,9376995.0,2.0076258750632405,1.818944000000002,256.0,129072.0,64664.0,256.0,0.0340082079637795,7527.594522847329,median 5 warm calls on training rows; end-to-end preprocessing,2.0076258750632405,1.818944000000002,189497344.0,1.2345292974109146,1.524062586165886,1.016305497216518,0.1980522811611849,,,30
30.0,0.0,0.0,29,1,regression,additive_regression,top_quality,infeasible,infeasible: 0 eligible < K=8,,,,,,,,,,,,,,,,8.0,,,,,,,,,,,,,,,,,,,,,,30
30.0,0.0,0.0,29,1,regression,additive_regression,coerror,infeasible,infeasible: 0 eligible < K=8,,,,,,,,,,,,,,,,8.0,,,,,,,,,,,,,,,,,,,,,,30
30.0,0.0,0.0,29,1,regression,additive_regression,random_subspace,complete,,,,,,,,0.94001584136912,-0.0679662913115968,0.8719507627421227,0.8719507627421227,0.9111420408400168,1.267353647495095,0.032312925170068,26.0,1.8251363397683484,8.0,equal,False,47310.0,0.0542993748094886,0.0490939999999966,8.0,110.0,59.0,256.0,0.019604249857366,13058.393045516646,median 5 warm calls on training rows; end-to-end preprocessing,,,,1.3179037656486894,1.7368703355109956,1.0319311461122889,0.0513674777018641,,,30
30.0,0.0,0.0,29,1,regression,additive_regression,top_no_cert,complete,,,,,,,,0.9240589403883016,-0.0173374002250311,0.8581735256417621,0.8581735256417621,0.9111420408400168,1.2975186470513125,0.0476190476190476,24.0,1.716833686876101,8.0,equal,True,47452.0,0.9511868329718708,0.823882999999995,8.0,112.0,60.0,256.0,0.0248401251155883,10305.906222644118,median 5 warm calls on training rows; end-to-end preprocessing,,,,1.306670087486859,1.707386717532916,1.0149414879786502,0.0674706480521086,,,30
30.0,0.0,0.0,29,1,regression,additive_regression,coerror_no_cert,complete,,,,,,,,0.924444425717195,-0.0265170260972851,0.8353617920443063,0.8353617920443063,0.9045776123455066,1.3588317183394611,0.0391156462585033,25.0,1.6922145186651294,8.0,equal,True,47451.0,0.9572710420470684,0.8281090000000049,8.0,112.0,60.0,256.0,0.0224262080155313,11415.215618383048,median 5 warm calls on training rows; end-to-end preprocessing,,,,1.3069426077805364,1.708098980032189,1.0189725864116483,0.067081629161401,,,30
30.0,0.0,0.0,29,1,regression,additive_regression,shrinkage_no_cert,complete,,,,,,,,0.924444425717195,-0.0265170260972851,0.8353617920443062,0.8353617920443062,0.9045776123455066,1.3588317183394611,0.0391156462585034,25.0,1.6922145186651294,8.0,equal,True,47454.0,0.956653791712597,0.8269559999999956,8.0,112.0,60.0,256.0,0.0175761668942868,14565.178035673563,median 5 warm calls on training rows; end-to-end preprocessing,,,,1.3069426077805364,1.708098980032189,1.0189725864116483,0.067081629161401,,,30
30.0,0.0,0.0,29,1,regression,additive_regression,coerror_no_cert_affine,complete,,,,,,,,0.8852457353476283,-0.0265170260972851,0.8353617920443063,0.8353617920443063,0.9045776123455066,1.3588317183394611,0.0391156462585033,25.0,1.6922145186651294,8.0,affine_of_equal,True,47702.0,0.9556904570199548,0.825882,8.0,112.0,60.0,256.0,0.0212557499762624,12043.79992641475,median 5 warm calls on training rows; end-to-end preprocessing,,,,1.2789337089968775,1.6356714320085102,0.9909941808100592,0.1066396353987279,1.623188772683565,2.0,30
30.0,0.0,0.0,29,1,regression,additive_regression,affine_profiled,complete,,,,,,,,0.8986227078930891,-0.0341470702762756,0.8314886190388744,0.8314886190388744,0.8802199966456473,1.3706034397151168,0.0544217687074829,24.0,1.697343590271977,8.0,affine_of_equal,True,47703.0,0.9597370829433204,0.8278059999999954,8.0,112.0,60.0,256.0,0.0200858749449253,12745.27501052068,median 5 warm calls on training rows; end-to-end preprocessing,,,,1.2885604789079064,1.660388107803373,1.0225476890868812,0.0931400424684312,1.6223121556867484,2.0,30
,,,29,1,regression,additive_regression,random_forest,complete,,,,,,,,0.7746659128003599,,,,,,,,,,,,9398019.0,2.0466762077994645,1.863589999999995,256.0,129364.0,64810.0,256.0,0.0347143330145627,7374.475548546692,median 5 warm calls on training rows; end-to-end preprocessing,2.0466762077994645,1.863589999999995,189513728.0,1.196391546812572,1.4313527332845783,0.9397936312158034,0.2182330909148718,,,30
30.0,0.0,0.0,29,2,regression,additive_regression,top_quality,infeasible,infeasible: 0 eligible < K=8,,,,,,,,,,,,,,,,8.0,,,,,,,,,,,,,,,,,,,,,,30
30.0,0.0,0.0,29,2,regression,additive_regression,coerror,infeasible,infeasible: 0 eligible < K=8,,,,,,,,,,,,,,,,8.0,,,,,,,,,,,,,,,,,,,,,,30
30.0,0.0,0.0,29,2,regression,additive_regression,random_subspace,complete,,,,,,,,0.9108287019594548,-0.0829731606187139,0.8443260202872341,0.8443260202872341,0.9406870948574516,1.3341759086382337,0.0476190476190476,23.0,1.74512212347468,8.0,equal,False,47597.0,0.0595445842482149,0.0471330000000023,8.0,114.0,61.0,256.0,0.0190572501160204,13433.207752507487,median 5 warm calls on training rows; end-to-end preprocessing,,,,1.3124361321210487,1.7224886008968587,1.0106602669460214,0.0655597893274302,,,30
30.0,0.0,0.0,29,2,regression,additive_regression,top_no_cert,complete,,,,,,,,0.9114507172450405,-0.0603193482339637,0.8322862708101326,0.8322862708101326,0.8956299828694416,1.3679779893799084,0.0680272108843537,23.0,1.6876793044564504,8.0,equal,True,47308.0,0.8781542910728604,0.7800750000000107,8.0,110.0,59.0,256.0,0.0245207089465111,10440.154913890618,median 5 warm calls on training rows; end-to-end preprocessing,,,,1.312884194422314,1.7236649079639286,1.012146017285843,0.0649216494738509,,,30
30.0,0.0,0.0,29,2,regression,additive_regression,coerror_no_cert,complete,,,,,,,,0.874773623390025,-0.0660253976306716,0.8153969386279666,0.8153969386279666,0.8717370854801979,1.4156592907125678,0.0476190476190476,24.0,1.667206914540941,8.0,equal,True,47596.0,0.8814565413631499,0.7817470000000029,8.0,114.0,61.0,256.0,0.0256114169023931,9995.542260533022,median 5 warm calls on training rows; end-to-end preprocessing,,,,1.286197509169856,1.6543040325947411,0.987325946018814,0.1025495275095431,,,30
30.0,0.0,0.0,29,2,regression,additive_regression,shrinkage_no_cert,complete,,,,,,,,0.874773623390025,-0.0660253976306716,0.8153969386279666,0.8153969386279666,0.8717370854801979,1.4156592907125678,0.0476190476190476,24.0,1.667206914540941,8.0,equal,True,47596.0,0.884962541051209,0.7818150000000017,8.0,114.0,61.0,256.0,0.0193043749313801,13261.24264111034,median 5 warm calls on training rows; end-to-end preprocessing,,,,1.286197509169856,1.6543040325947411,0.987325946018814,0.1025495275095431,,,30
30.0,0.0,0.0,29,2,regression,additive_regression,coerror_no_cert_affine,complete,,,,,,,,0.8093609777421918,-0.0660253976306716,0.8153969386279666,0.8153969386279666,0.8717370854801979,1.4156592907125678,0.0476190476190476,24.0,1.667206914540941,8.0,affine_of_equal,True,47847.0,0.890608583111316,0.7849650000000068,8.0,114.0,61.0,256.0,0.0193040419835597,13261.471365324536,median 5 warm calls on training rows; end-to-end preprocessing,,,,1.237174486598395,1.5306007102900017,0.9581584619212872,0.1696578720844512,1.6151452427896786,2.0,30
30.0,0.0,0.0,29,2,regression,additive_regression,affine_profiled,complete,,,,,,,,0.8125864593117981,-0.0656118588080456,0.8189293046630172,0.8189293046630172,0.8713119888209506,1.4057296003232191,0.042517006802721,25.0,1.6726620861994617,8.0,affine_of_equal,True,47847.0,0.9037038353271782,0.7893199999999965,8.0,114.0,61.0,256.0,0.0196157910395413,13050.70998584544,median 5 warm calls on training rows; end-to-end preprocessing,,,,1.2396372416473007,1.5367004908789283,0.9574235140591256,0.1663487760151911,1.6030839237628192,2.0,30
,,,29,2,regression,additive_regression,random_forest,complete,,,,,,,,0.7426795762415465,,,,,,,,,,,,9384483.0,2.157239750027657,1.8511379999999988,256.0,129176.0,64716.0,256.0,0.0325838329736143,7856.657017831608,median 5 warm calls on training rows; end-to-end preprocessing,2.157239750027657,1.8511379999999988,189710336.0,1.1851151907372033,1.4044980153160775,0.9232343084166296,0.2380678626042482,,,30
30.0,0.0,0.0,11,0,binary,null_binary,top_quality,infeasible,infeasible: 0 eligible < K=8,,,,,,,,,,,,,,,,8.0,,,,,,,,,,,,,,,,,,,,,,30
30.0,0.0,0.0,11,0,binary,null_binary,coerror,infeasible,infeasible: 0 eligible < K=8,,,,,,,,,,,,,,,,8.0,,,,,,,,,,,,,,,,,,,,,,30
30.0,0.0,0.0,11,0,binary,null_binary,coerror_no_cert_affine,not_applicable,task restriction defined in config,,,,,,,,,,,,,,,,,,,,,,,,,,,,,,,,,,,,,,30
30.0,0.0,0.0,11,0,binary,null_binary,affine_profiled,not_applicable,task restriction defined in config,,,,,,,,,,,,,,,,,,,,,,,,,,,,,,,,,,,,,,30
30.0,0.0,0.0,11,0,binary,null_binary,random_subspace,complete,,0.5111600440396357,0.5112900986623676,0.6990929593800864,0.2528268307047902,0.5311280152136924,0.030557423270673,1.0122183193065366,0.4901958637773996,0.8936826870026093,0.8936826870026093,0.9212076721434574,1.2144384228588274,0.0357142857142857,25.0,0.2568166353232425,8.0,equal,False,48540.0,0.0576636672485619,0.0528459999999952,8.0,106.0,57.0,256.0,0.0241060000844299,10619.76267748169,median 5 warm calls on training rows; end-to-end preprocessing,,,,,,,,,,30
30.0,0.0,0.0,11,0,binary,null_binary,top_no_cert,complete,,0.5151636472825543,0.5066841914798217,0.7057122824896379,0.2557678036779023,0.5326293664297868,0.0507467768764869,1.0239928082390244,0.5261704283855471,0.8902018810049132,0.8902018810049132,0.934754698495118,1.223931927832896,0.0493197278911564,24.0,0.2486613026672743,8.0,equal,True,49180.0,1.0409964579157531,0.943864000000012,8.0,114.0,61.0,256.0,0.0210779169574379,12145.41268555774,median 5 warm calls on training rows; end-to-end preprocessing,,,,,,,,,,30
30.0,0.0,0.0,11,0,binary,null_binary,coerror_no_cert,complete,,0.5222199979981985,0.526612584125942,0.7023629176582581,0.2542175432999911,0.511710539485537,0.0392579336366558,1.017786180762651,0.5219947953157842,0.895854156507321,0.895854156507321,0.9367839904594728,1.210595361398166,0.0493197278911564,24.0,0.2472619224193755,8.0,equal,True,49164.0,1.04279191698879,0.9452340000000063,8.0,114.0,61.0,256.0,0.0207747081294655,12322.676131218672,median 5 warm calls on training rows; end-to-end preprocessing,,,,,,,,,,30
30.0,0.0,0.0,11,0,binary,null_binary,shrinkage_no_cert,complete,,0.5222199979981985,0.526612584125942,0.7023629176582582,0.2542175432999911,0.511710539485537,0.0392579336366558,1.017786180762651,0.5219947953157842,0.8958541565073211,0.8958541565073211,0.9367839904594728,1.2105953613981657,0.0493197278911564,24.0,0.2472619224193755,8.0,equal,True,49164.0,1.0458889168221503,0.9453390000000113,8.0,114.0,61.0,256.0,0.0194772079121321,13143.567658922011,median 5 warm calls on training rows; end-to-end preprocessing,,,,,,,,,,30
,,,11,0,binary,null_binary,random_forest,complete,,0.5686617956160545,0.5447030175715138,0.6870631019359089,0.2468521881103515,0.5347813031728555,0.02603515625,0.9882982208401624,,,,,,,,,,,,2646859.0,0.756949249887839,0.6639410000000012,256.0,31806.0,16031.0,256.0,0.026486791903153,9665.19467272762,median 5 warm calls on training rows; end-to-end preprocessing,0.756949249887839,0.6639410000000012,190906368.0,,,,,,,30
30.0,2.0,0.0666666666666666,11,1,binary,null_binary,top_quality,infeasible,infeasible: 2 eligible < K=8,,,,,,,,,,,,,,,,8.0,,,,,,,,,,,,,,,,,,,,,,30
30.0,2.0,0.0666666666666666,11,1,binary,null_binary,coerror,infeasible,infeasible: 2 eligible < K=8,,,,,,,,,,,,,,,,8.0,,,,,,,,,,,,,,,,,,,,,,30
30.0,2.0,0.0666666666666666,11,1,binary,null_binary,coerror_no_cert_affine,not_applicable,task restriction defined in config,,,,,,,,,,,,,,,,,,,,,,,,,,,,,,,,,,,,,,30
30.0,2.0,0.0666666666666666,11,1,binary,null_binary,affine_profiled,not_applicable,task restriction defined in config,,,,,,,,,,,,,,,,,,,,,,,,,,,,,,,,,,,,,,30
30.0,2.0,0.0666666666666666,11,1,binary,null_binary,random_subspace,complete,,0.5405364828345511,0.5476654935197635,0.6911032446508579,0.2489602653387131,0.5296266639975978,0.0117986459541361,0.9967381256679538,0.5018594860374337,0.9073177262790564,0.9073177262790564,0.941459801356131,1.1846084108984232,0.0595238095238095,22.0,0.2527721422557068,8.0,equal,False,48059.0,0.0485936673358082,0.047271000000002,8.0,100.0,54.0,256.0,0.0198642080649733,12887.50093447752,median 5 warm calls on training rows; end-to-end preprocessing,,,,,,,,,,30
30.0,2.0,0.0666666666666666,11,1,binary,null_binary,top_no_cert,complete,,0.5279251326193575,0.5362553610965753,0.6996211801609484,0.2527003474335666,0.5083575217695926,0.0550157627452954,1.011711930471691,0.5379826218596737,0.8931050996856931,0.8931050996856931,0.946502392271332,1.2163808899134203,0.0901360544217686,20.0,0.244872315069436,8.0,equal,True,48060.0,1.0921557506080717,0.9454729999999998,8.0,100.0,54.0,256.0,0.027159292018041,9425.87162544398,median 5 warm calls on training rows; end-to-end preprocessing,,,,,,,,,,30
30.0,2.0,0.0666666666666666,11,1,binary,null_binary,coerror_no_cert,complete,,0.5230707636873186,0.5569045419618458,0.6964346639979325,0.2515867708553181,0.5020018016214594,0.0499310313693372,1.007253611671777,0.5325840131118006,0.8957636893023594,0.8957636893023594,0.9481865299943028,1.2097400867745265,0.0510204081632653,24.0,0.242645934962112,8.0,equal,True,48539.0,1.0758535820059478,0.9429030000000012,8.0,106.0,57.0,256.0,0.0250287079252302,10228.25472112919,median 5 warm calls on training rows; end-to-end preprocessing,,,,,,,,,,30
30.0,2.0,0.0666666666666666,11,1,binary,null_binary,shrinkage_no_cert,complete,,0.5230707636873186,0.5569045419618458,0.6964346639979325,0.2515867708553181,0.5020018016214594,0.0499310313693372,1.007253611671777,0.5325840131118006,0.8957636893023592,0.8957636893023592,0.9481865299943028,1.209740086774526,0.0510204081632653,24.0,0.242645934962112,8.0,equal,True,48542.0,1.0742040427867323,0.9436180000000078,8.0,106.0,57.0,256.0,0.0246673331130296,10378.097981932937,median 5 warm calls on training rows; end-to-end preprocessing,,,,,,,,,,30
,,,11,1,binary,null_binary,random_forest,complete,,0.5233710339305375,0.5451580471862815,0.6992136534934863,0.252902603149414,0.5174657191472325,0.0369335937499999,1.0125216821115566,,,,,,,,,,,,2663659.0,0.7663571250159293,0.6667670000000001,256.0,32016.0,16136.0,256.0,0.0273895419668406,9346.633116754145,median 5 warm calls on training rows; end-to-end preprocessing,0.7663571250159293,0.6667670000000001,191135744.0,,,,,,,30
30.0,5.0,0.1666666666666666,11,2,binary,null_binary,top_quality,infeasible,infeasible: 5 eligible < K=8,,,,,,,,,,,,,,,,8.0,,,,,,,,,,,,,,,,,,,,,,30
30.0,5.0,0.1666666666666666,11,2,binary,null_binary,coerror,infeasible,infeasible: 5 eligible < K=8,,,,,,,,,,,,,,,,8.0,,,,,,,,,,,,,,,,,,,,,,30
30.0,5.0,0.1666666666666666,11,2,binary,null_binary,coerror_no_cert_affine,not_applicable,task restriction defined in config,,,,,,,,,,,,,,,,,,,,,,,,,,,,,,,,,,,,,,30
30.0,5.0,0.1666666666666666,11,2,binary,null_binary,affine_profiled,not_applicable,task restriction defined in config,,,,,,,,,,,,,,,,,,,,,,,,,,,,,,,,,,,,,,30
30.0,5.0,0.1666666666666666,11,2,binary,null_binary,random_subspace,complete,,0.466619957962166,0.4869547304690549,0.7074069029631963,0.2570101465927923,0.4474026623961565,0.1060343220284432,1.028966656361895,0.5124330647582824,0.8839208228056533,0.8839208228056533,0.9418540850565488,1.235384317999748,0.0408163265306122,24.0,0.2503014973405401,8.0,equal,False,49341.0,0.0556652082595974,0.0493689999999986,8.0,116.0,62.0,256.0,0.0244901671539992,10453.174875868315,median 5 warm calls on training rows; end-to-end preprocessing,,,,,,,,,,30
30.0,5.0,0.1666666666666666,11,2,binary,null_binary,top_no_cert,complete,,0.5523971574416976,0.5780924696511469,0.6956130292504329,0.2509129068512856,0.5878290461415274,0.0965525404236789,1.0045557275599464,0.5665583400060055,0.8845991514623073,0.8845991514623073,0.926154924563047,1.235283796040014,0.0799319727891156,22.0,0.2365215956898658,8.0,equal,True,49503.0,1.0718994159251451,0.9498999999999852,8.0,118.0,63.0,256.0,0.0226065828464925,11324.13517506557,median 5 warm calls on training rows; end-to-end preprocessing,,,,,,,,,,30
30.0,5.0,0.1666666666666666,11,2,binary,null_binary,coerror_no_cert,complete,,0.5239715744169752,0.5755788311763562,0.6971087142268183,0.2519077668351854,0.4865378840956861,0.0711945620782418,1.0085387522177378,0.5629222550295265,0.8813939543756305,0.8813939543756305,0.926154924563047,1.243372494008918,0.0663265306122448,22.0,0.2348642324839513,8.0,equal,True,49500.0,1.066266999579966,0.9485519999999924,8.0,118.0,63.0,256.0,0.0197247078176587,12978.645988906,median 5 warm calls on training rows; end-to-end preprocessing,,,,,,,,,,30
30.0,5.0,0.1666666666666666,11,2,binary,null_binary,shrinkage_no_cert,complete,,0.5239715744169752,0.5755788311763562,0.6971087142268183,0.2519077668351854,0.4865378840956861,0.0711945620782418,1.0085387522177378,0.5629222550295265,0.8813939543756305,0.8813939543756305,0.926154924563047,1.243372494008918,0.0663265306122448,22.0,0.2348642324839513,8.0,equal,True,49500.0,1.07642624899745,0.9502700000000032,8.0,118.0,63.0,256.0,0.023283583112061,10994.871312027168,median 5 warm calls on training rows; end-to-end preprocessing,,,,,,,,,,30
,,,11,2,binary,null_binary,random_forest,complete,,0.5283755379841858,0.5669584607398843,0.6977414390419184,0.2521316528320312,0.4886397757982184,0.0798046874999999,1.0094351029207538,,,,,,,,,,,,2657579.0,0.7274064579978585,0.6496209999999962,256.0,31940.0,16098.0,256.0,0.0271667919587343,9423.269423524756,median 5 warm calls on training rows; end-to-end preprocessing,0.7274064579978585,0.6496209999999962,191201280.0,,,,,,,30
30.0,1.0,0.0333333333333333,29,0,binary,null_binary,top_quality,infeasible,infeasible: 1 eligible < K=8,,,,,,,,,,,,,,,,8.0,,,,,,,,,,,,,,,,,,,,,,30
30.0,1.0,0.0333333333333333,29,0,binary,null_binary,coerror,infeasible,infeasible: 1 eligible < K=8,,,,,,,,,,,,,,,,8.0,,,,,,,,,,,,,,,,,,,,,,30
30.0,1.0,0.0333333333333333,29,0,binary,null_binary,coerror_no_cert_affine,not_applicable,task restriction defined in config,,,,,,,,,,,,,,,,,,,,,,,,,,,,,,,,,,,,,,30
30.0,1.0,0.0333333333333333,29,0,binary,null_binary,affine_profiled,not_applicable,task restriction defined in config,,,,,,,,,,,,,,,,,,,,,,,,,,,,,,,,,,,,,,30
30.0,1.0,0.0333333333333333,29,0,binary,null_binary,random_subspace,complete,,0.5622,0.5494158087941976,0.6872374960450728,0.2470497415939957,0.53,0.0130722520034076,0.988198966375983,0.510259375,0.8986041070077386,0.8986041070077386,0.924532803761924,1.2050286558442187,0.0731292517006802,22.0,0.249766543568922,8.0,equal,False,47101.0,0.0584627089556306,0.0533480000000068,8.0,88.0,48.0,256.0,0.0232513339724391,11010.120980733756,median 5 warm calls on training rows; end-to-end preprocessing,,,,,,,,,,30
30.0,1.0,0.0333333333333333,29,0,binary,null_binary,top_no_cert,complete,,0.56845,0.5713705917634797,0.6848698744017667,0.2459195588348293,0.52,0.0546611824667604,0.9836782353393176,0.54016875,0.9008135921741308,0.9008135921741308,0.9544900828258648,1.200266150391443,0.0765306122448979,21.0,0.2462883090701637,8.0,equal,True,48059.0,1.143854415975511,0.9838159999999904,8.0,100.0,54.0,256.0,0.0228477499913424,11204.604396363084,median 5 warm calls on training rows; end-to-end preprocessing,,,,,,,,,,30
30.0,1.0,0.0333333333333333,29,0,binary,null_binary,coerror_no_cert,complete,,0.5697,0.5541640109061547,0.6844015620122237,0.2456713688960515,0.525,0.0674924018942578,0.982685475584206,0.5267359375,0.89764590007173,0.89764590007173,0.9372257933181422,1.208363111323275,0.0476190476190476,24.0,0.2446053540764925,8.0,equal,True,47740.0,1.1492182512301952,0.9843690000000008,8.0,96.0,52.0,256.0,0.0181718750391155,14087.704182917378,median 5 warm calls on training rows; end-to-end preprocessing,,,,,,,,,,30
30.0,1.0,0.0333333333333333,29,0,binary,null_binary,shrinkage_no_cert,complete,,0.5697,0.5541640109061547,0.6844015620122237,0.2456713688960514,0.525,0.0674924018942577,0.982685475584206,0.5267359375,0.8976459000717301,0.8976459000717301,0.9372257933181422,1.2083631113232751,0.0476190476190476,24.0,0.2446053540764925,8.0,equal,True,47740.0,1.154107291949913,0.986145999999998,8.0,96.0,52.0,256.0,0.0206593750044703,12391.4687614996,median 5 warm calls on training rows; end-to-end preprocessing,,,,,,,,,,30
,,,29,0,binary,null_binary,random_forest,complete,,0.4609,0.4965629385741666,0.7129001455393497,0.2596599578857422,0.4649999999999999,0.0936132812499999,1.0386398315429688,,,,,,,,,,,,2622859.0,0.74800999998115,0.669556,256.0,31506.0,15881.0,256.0,0.0266693748999387,9599.025135028132,median 5 warm calls on training rows; end-to-end preprocessing,0.74800999998115,0.669556,191250432.0,,,,,,,30
30.0,1.0,0.0333333333333333,29,1,binary,null_binary,top_quality,infeasible,infeasible: 1 eligible < K=8,,,,,,,,,,,,,,,,8.0,,,,,,,,,,,,,,,,,,,,,,30
30.0,1.0,0.0333333333333333,29,1,binary,null_binary,coerror,infeasible,infeasible: 1 eligible < K=8,,,,,,,,,,,,,,,,8.0,,,,,,,,,,,,,,,,,,,,,,30
30.0,1.0,0.0333333333333333,29,1,binary,null_binary,coerror_no_cert_affine,not_applicable,task restriction defined in config,,,,,,,,,,,,,,,,,,,,,,,,,,,,,,,,,,,,,,30
30.0,1.0,0.0333333333333333,29,1,binary,null_binary,affine_profiled,not_applicable,task restriction defined in config,,,,,,,,,,,,,,,,,,,,,,,,,,,,,,,,,,,,,,30
30.0,1.0,0.0333333333333333,29,1,binary,null_binary,random_subspace,complete,,0.44225,0.4515900661991964,0.7155899418600129,0.2609670862262941,0.455,0.0940219735083094,1.0438683449051769,0.5048468749999999,0.898371112987245,0.898371112987245,0.9353705140068118,1.203306818865626,0.032312925170068,26.0,0.2511977194849671,8.0,equal,False,48862.0,0.0560204572975635,0.0530769999999947,8.0,110.0,59.0,256.0,0.0265705410856753,9634.730402160085,median 5 warm calls on training rows; end-to-end preprocessing,,,,,,,,,,30
30.0,1.0,0.0333333333333333,29,1,binary,null_binary,top_no_cert,complete,,0.4694500000000001,0.5086020028524677,0.7054027612296723,0.2561292425816649,0.4599999999999999,0.0972637943194244,1.0245169703266597,0.5443296875,0.8948779775282747,0.8948779775282747,0.9256540709769416,1.2115645247540998,0.0850340136054421,20.0,0.2414324679593978,8.0,equal,True,49020.0,1.1255791692528874,0.9710120000000018,8.0,112.0,60.0,256.0,0.0261632918845862,9784.701448475576,median 5 warm calls on training rows; end-to-end preprocessing,,,,,,,,,,30
30.0,1.0,0.0333333333333333,29,1,binary,null_binary,coerror_no_cert,complete,,0.4740499999999999,0.4828174775158979,0.7059507799442062,0.2562057884180093,0.485,0.0634706007850767,1.0248231536720371,0.54248125,0.8952808937320106,0.8952808937320106,0.9256540709769416,1.2104243283861598,0.0612244897959183,23.0,0.2401665657991485,8.0,equal,True,49022.0,1.131452834000811,0.9726550000000032,8.0,112.0,60.0,256.0,0.0193528749514371,13228.008791582142,median 5 warm calls on training rows; end-to-end preprocessing,,,,,,,,,,30
30.0,1.0,0.0333333333333333,29,1,binary,null_binary,shrinkage_no_cert,complete,,0.5121,0.5453993414454115,0.6962953790189286,0.2515196507985868,0.505,0.0579724915888997,1.0060786031943472,0.5425046875,0.8960317222197964,0.8960317222197964,0.9256540709769416,1.2087677328810222,0.0561224489795918,23.0,0.2401779956589037,8.0,equal,True,49180.0,1.124218667857349,0.9721329999999924,8.0,114.0,61.0,256.0,0.0180175001733005,14208.408355081208,median 5 warm calls on training rows; end-to-end preprocessing,,,,,,,,,,30
,,,29,1,binary,null_binary,random_forest,complete,,0.4465,0.4720970753223923,0.7203507572336372,0.2632477569580078,0.47,0.09236328125,1.0529910278320314,,,,,,,,,,,,2659819.0,0.756120374891907,0.6794560000000018,256.0,31968.0,16112.0,256.0,0.0328049999661743,7803.688470171154,median 5 warm calls on training rows; end-to-end preprocessing,0.756120374891907,0.6794560000000018,191250432.0,,,,,,,30
30.0,2.0,0.0666666666666666,29,2,binary,null_binary,top_quality,infeasible,infeasible: 2 eligible < K=8,,,,,,,,,,,,,,,,8.0,,,,,,,,,,,,,,,,,,,,,,30
30.0,2.0,0.0666666666666666,29,2,binary,null_binary,coerror,infeasible,infeasible: 2 eligible < K=8,,,,,,,,,,,,,,,,8.0,,,,,,,,,,,,,,,,,,,,,,30
30.0,2.0,0.0666666666666666,29,2,binary,null_binary,coerror_no_cert_affine,not_applicable,task restriction defined in config,,,,,,,,,,,,,,,,,,,,,,,,,,,,,,,,,,,,,,30
30.0,2.0,0.0666666666666666,29,2,binary,null_binary,affine_profiled,not_applicable,task restriction defined in config,,,,,,,,,,,,,,,,,,,,,,,,,,,,,,,,,,,,,,30
30.0,2.0,0.0666666666666666,29,2,binary,null_binary,random_subspace,complete,,0.4872499999999999,0.4894209375641507,0.7042187859865452,0.2554299473324298,0.5,0.0477932212638621,1.0217197893297194,0.5058328125,0.8966265735672749,0.8966265735672749,0.9409466324299408,1.206579438413372,0.0476190476190476,23.0,0.2508172068784107,8.0,equal,False,49021.0,0.0538647079374641,0.0506930000000025,8.0,112.0,60.0,256.0,0.0277983748819679,9209.171438509547,median 5 warm calls on training rows; end-to-end preprocessing,,,,,,,,,,30
30.0,2.0,0.0666666666666666,29,2,binary,null_binary,top_no_cert,complete,,0.51375,0.5185685921772994,0.7001773768034184,0.2534155528935081,0.5,0.0521995868602143,1.0136622115740324,0.540784375,0.8897405299388801,0.8897405299388801,0.9326968146698926,1.2240348012045312,0.0595238095238095,23.0,0.2413439573992713,8.0,equal,True,49020.0,1.149750251090154,0.9996660000000048,8.0,112.0,60.0,256.0,0.0261667498853057,9783.408375977167,median 5 warm calls on training rows; end-to-end preprocessing,,,,,,,,,,30
30.0,2.0,0.0666666666666666,29,2,binary,null_binary,coerror_no_cert,complete,,0.5213000000000001,0.5395849439929494,0.695915461193298,0.2514094571836928,0.53,0.0226001151301758,1.0056378287347714,0.5388578125000001,0.8983050616117433,0.8983050616117433,0.9326968146698926,1.2039788839558667,0.0629251700680272,21.0,0.2400529669304261,8.0,equal,True,49022.0,1.1717658762354404,1.008305,8.0,112.0,60.0,256.0,0.0286047079134732,8949.575740272465,median 5 warm calls on training rows; end-to-end preprocessing,,,,,,,,,,30
30.0,2.0,0.0666666666666666,29,2,binary,null_binary,shrinkage_no_cert,complete,,0.5213000000000001,0.5395849439929494,0.695915461193298,0.2514094571836928,0.53,0.0226001151301758,1.0056378287347714,0.5388578125000001,0.8983050616117433,0.8983050616117433,0.9326968146698926,1.2039788839558667,0.0629251700680272,21.0,0.2400529669304261,8.0,equal,True,49022.0,1.1542009182740005,1.0025559999999911,8.0,112.0,60.0,256.0,0.028944042045623,8844.65271286159,median 5 warm calls on training rows; end-to-end preprocessing,,,,,,,,,,30
,,,29,2,binary,null_binary,random_forest,complete,,0.4700499999999999,0.4775993193750822,0.7071953154062931,0.2569674682617187,0.5,0.0592578124999999,1.027869873046875,,,,,,,,,,,,2658219.0,0.8369743749499321,0.7218820000000008,256.0,31948.0,16102.0,256.0,0.0355768748559057,7195.685428718985,median 5 warm calls on training rows; end-to-end preprocessing,0.8369743749499321,0.7218820000000008,188874752.0,,,,,,,30
30.0,0.0,0.0,11,0,regression,null_regression,top_quality,infeasible,infeasible: 0 eligible < K=8,,,,,,,,,,,,,,,,8.0,,,,,,,,,,,,,,,,,,,,,,30
30.0,0.0,0.0,11,0,regression,null_regression,coerror,infeasible,infeasible: 0 eligible < K=8,,,,,,,,,,,,,,,,8.0,,,,,,,,,,,,,,,,,,,,,,30
30.0,0.0,0.0,11,0,regression,null_regression,random_subspace,complete,,,,,,,,0.9862523972599322,-0.1266297066408359,0.8813432820443104,0.8813432820443104,0.9210310297501588,1.2450825618103978,0.0357142857142857,25.0,1.0855383010047146,8.0,equal,False,47164.0,0.0780914179049432,0.0551680000000089,8.0,108.0,58.0,256.0,0.0216283749323338,11836.303041764226,median 5 warm calls on training rows; end-to-end preprocessing,,,,1.0315531181427933,1.0641018355501195,0.816452401774201,-0.0116788044150062,,,30
30.0,0.0,0.0,11,0,regression,null_regression,top_no_cert,complete,,,,,,,,0.9980195716886172,-0.0741185109526536,0.8919343807283945,0.8919343807283945,0.9374146996801755,1.217802451263518,0.0697278911564625,21.0,1.0473311830555925,8.0,equal,True,47164.0,1.0851329998113215,0.8804250000000025,8.0,108.0,58.0,256.0,0.0214598751626908,11929.239944744388,median 5 warm calls on training rows; end-to-end preprocessing,,,,1.0376887043729623,1.0767978471832371,0.8188650950866,-0.0237493463882669,,,30
30.0,0.0,0.0,11,0,regression,null_regression,coerror_no_cert,complete,,,,,,,,0.99717510310566,-0.0854219969213807,0.8753975060713662,0.8753975060713662,0.925732405404703,1.257798837427878,0.0697278911564625,22.0,1.041064046902595,8.0,equal,True,47596.0,1.0793985829222947,0.8780780000000163,8.0,114.0,61.0,256.0,0.0261260829865932,9798.636869191909,median 5 warm calls on training rows; end-to-end preprocessing,,,,1.0372495942687234,1.0758867208106313,0.8202554631758011,-0.0228831067028216,,,30
30.0,0.0,0.0,11,0,regression,null_regression,shrinkage_no_cert,complete,,,,,,,,0.9942853650086998,-0.0788585535130147,0.8821080658419947,0.8821080658419947,0.9210310297501588,1.2412178684380577,0.0748299319727891,22.0,1.041829210359588,8.0,equal,True,47452.0,1.0756634168792516,0.8779699999999906,8.0,112.0,60.0,256.0,0.0232892499770969,10992.195981053714,median 5 warm calls on training rows; end-to-end preprocessing,,,,1.035745568367748,1.0727688823934294,0.8127752351553095,-0.0199188687540698,,,30
30.0,0.0,0.0,11,0,regression,null_regression,coerror_no_cert_affine,complete,,,,,,,,0.9996275780817374,-0.0854219969213807,0.8753975060713662,0.8753975060713662,0.925732405404703,1.257798837427878,0.0697278911564625,22.0,1.041064046902595,8.0,affine_of_equal,True,47847.0,1.0884698750451207,0.8815989999999942,8.0,114.0,61.0,256.0,0.0216192500665783,11841.29880600046,median 5 warm calls on training rows; end-to-end preprocessing,,,,1.0385243285149806,1.0785327809174914,0.8211677299323421,-0.0253988085237235,1.0403952298986234,2.0,30
30.0,0.0,0.0,11,0,regression,null_regression,affine_profiled,complete,,,,,,,,0.9996275780817374,-0.0854219969213807,0.8753975060713662,0.8753975060713662,0.925732405404703,1.2577988374278777,0.0697278911564625,22.0,1.041064046902595,8.0,affine_of_equal,True,47847.0,1.0725399169605223,0.87811200000003,8.0,114.0,61.0,256.0,0.029798915842548,8590.916574034334,median 5 warm calls on training rows; end-to-end preprocessing,,,,1.0385243285149806,1.0785327809174914,0.8211677299323421,-0.0253988085237235,1.0403952298986234,2.0,30
,,,11,0,regression,null_regression,random_forest,complete,,,,,,,,1.026955502863634,,,,,,,,,,,,9397155.0,2.7340609999373555,2.2978630000000067,256.0,129352.0,64804.0,256.0,0.0420217500068247,6092.083265414295,median 5 warm calls on training rows; end-to-end preprocessing,2.7340609999373555,2.2978630000000067,173981696.0,1.0526242560884238,1.1080178245057075,0.8358183886861877,-0.0534312699375596,,,30
30.0,0.0,0.0,11,1,regression,null_regression,top_quality,infeasible,infeasible: 0 eligible < K=8,,,,,,,,,,,,,,,,8.0,,,,,,,,,,,,,,,,,,,,,,30
30.0,0.0,0.0,11,1,regression,null_regression,coerror,infeasible,infeasible: 0 eligible < K=8,,,,,,,,,,,,,,,,8.0,,,,,,,,,,,,,,,,,,,,,,30
30.0,0.0,0.0,11,1,regression,null_regression,random_subspace,complete,,,,,,,,1.0146141149283447,-0.1103033749641769,0.9112020464418488,0.9112020464418488,0.9358064518865008,1.1750539615939444,0.0595238095238095,22.0,1.0790239121143044,8.0,equal,False,46155.0,0.0484224171377718,0.0462489999999888,8.0,94.0,51.0,256.0,0.0286189999897032,8945.106401065903,median 5 warm calls on training rows; end-to-end preprocessing,,,,1.0696837995482436,1.144223431015967,0.8477572545020025,-0.0185535325653916,,,30
30.0,0.0,0.0,11,1,regression,null_regression,top_no_cert,complete,,,,,,,,1.0221147263130956,-0.0639009438016159,0.9027486938827952,0.9027486938827952,0.9364505149619836,1.1934839885864843,0.0561224489795918,25.0,1.0257763619599205,8.0,equal,True,46015.0,0.9852518748957664,0.8306819999999817,8.0,92.0,50.0,256.0,0.0310887917876243,8234.478899945767,median 5 warm calls on training rows; end-to-end preprocessing,,,,1.073630378224891,1.152682189047323,0.8511498003176656,-0.0260832663922048,,,30
30.0,0.0,0.0,11,1,regression,null_regression,coerror_no_cert,complete,,,,,,,,1.006355199293714,-0.0724481897477654,0.8910065701166766,0.8910065701166766,0.9261488104484764,1.2215523321447233,0.0459183673469387,26.0,1.0218909173134227,8.0,equal,True,46302.0,1.0133302081376314,0.8380939999999981,8.0,96.0,52.0,256.0,0.0191662500146776,13356.812094382232,median 5 warm calls on training rows; end-to-end preprocessing,,,,1.0653213135362662,1.1349095010746355,0.8456357161863499,-0.0102625502391635,,,30
30.0,0.0,0.0,11,1,regression,null_regression,shrinkage_no_cert,complete,,,,,,,,1.006355199293714,-0.0724481897477654,0.8910065701166766,0.8910065701166766,0.9261488104484764,1.221552332144723,0.0459183673469387,26.0,1.0218909173134227,8.0,equal,True,46302.0,0.9981485840398818,0.835211000000001,8.0,96.0,52.0,256.0,0.019516791915521,13116.909844000136,median 5 warm calls on training rows; end-to-end preprocessing,,,,1.0653213135362662,1.1349095010746355,0.8456357161863499,-0.0102625502391635,,,30
30.0,0.0,0.0,11,1,regression,null_regression,coerror_no_cert_affine,complete,,,,,,,,1.009231156076358,-0.0724481897477654,0.8910065701166766,0.8910065701166766,0.9261488104484764,1.2215523321447233,0.0459183673469387,26.0,1.0218909173134227,8.0,affine_of_equal,True,46553.0,0.9928539590910076,0.8332690000000014,8.0,96.0,52.0,256.0,0.0229848749004304,11137.759118071415,median 5 warm calls on training rows; end-to-end preprocessing,,,,1.066842462451073,1.138152839688669,0.844799578307478,-0.0131496734295146,1.0213470438182133,2.0,30
30.0,0.0,0.0,11,1,regression,null_regression,affine_profiled,complete,,,,,,,,1.009231156076358,-0.0724481897477654,0.8910065701166766,0.8910065701166766,0.9261488104484764,1.221552332144723,0.0459183673469387,26.0,1.0218909173134227,8.0,affine_of_equal,True,46553.0,1.0035950411111116,0.8356019999999944,8.0,96.0,52.0,256.0,0.0225530830211937,11350.997988143345,median 5 warm calls on training rows; end-to-end preprocessing,,,,1.066842462451073,1.138152839688669,0.844799578307478,-0.0131496734295146,1.0213470438182133,2.0,30
,,,11,1,regression,null_regression,random_forest,complete,,,,,,,,1.0424368949329816,,,,,,,,,,,,9395139.0,2.2247990830801427,1.9962009999999992,256.0,129324.0,64790.0,256.0,0.0369561249390244,6927.133199770966,median 5 warm calls on training rows; end-to-end preprocessing,2.2247990830801427,1.9962009999999992,174112768.0,1.084251060290721,1.1756003617415525,0.8701150987821634,-0.0464843394037273,,,30
30.0,0.0,0.0,11,2,regression,null_regression,top_quality,infeasible,infeasible: 0 eligible < K=8,,,,,,,,,,,,,,,,8.0,,,,,,,,,,,,,,,,,,,,,,30
30.0,0.0,0.0,11,2,regression,null_regression,coerror,infeasible,infeasible: 0 eligible < K=8,,,,,,,,,,,,,,,,8.0,,,,,,,,,,,,,,,,,,,,,,30
30.0,0.0,0.0,11,2,regression,null_regression,random_subspace,complete,,,,,,,,1.0056828642180342,-0.1304293605424651,0.8992081758007486,0.8992081758007486,0.9260714034228316,1.2017863467380807,0.0408163265306122,24.0,1.1331973647188107,8.0,equal,False,47165.0,0.0627536240499466,0.0471150000000051,8.0,108.0,58.0,256.0,0.0226956659462302,11279.686641780218,median 5 warm calls on training rows; end-to-end preprocessing,,,,1.0223079081171598,1.045113458998883,0.8120106301534359,-0.0151855383742962,,,30
30.0,0.0,0.0,11,2,regression,null_regression,top_no_cert,complete,,,,,,,,0.9917760019292026,-0.0917259500384678,0.8994332965958367,0.8994332965958367,0.9307673841936362,1.2008831174936163,0.0527210884353741,22.0,1.0948289655739736,8.0,equal,True,47452.0,0.9146820418536664,0.8075170000000185,8.0,112.0,60.0,256.0,0.0189341669902205,13520.531435696295,median 5 warm calls on training rows; end-to-end preprocessing,,,,1.0152149228026854,1.0306613394812627,0.8149965106753203,-0.0011472704648971,,,30
30.0,0.0,0.0,11,2,regression,null_regression,coerror_no_cert,complete,,,,,,,,0.9888471359048632,-0.0994730870277741,0.8881793974766412,0.8881793974766412,0.9307673841936362,1.227490434825039,0.0306122448979591,26.0,1.0904212812289698,8.0,equal,True,47598.0,0.9163228760007768,0.8113840000000039,8.0,114.0,61.0,256.0,0.0197085000108927,12989.319322044326,median 5 warm calls on training rows; end-to-end preprocessing,,,,1.0137147720712765,1.0276176391155198,0.8088831748040161,0.0018092703468596,,,30
30.0,0.0,0.0,11,2,regression,null_regression,shrinkage_no_cert,complete,,,,,,,,0.9888471359048632,-0.0994730870277741,0.8881793974766412,0.8881793974766412,0.9307673841936362,1.227490434825039,0.0306122448979591,26.0,1.0904212812289698,8.0,equal,True,47598.0,0.905841626226902,0.8070820000000083,8.0,114.0,61.0,256.0,0.018687792122364,13698.782516616278,median 5 warm calls on training rows; end-to-end preprocessing,,,,1.0137147720712765,1.0276176391155198,0.8088831748040161,0.0018092703468596,,,30
30.0,0.0,0.0,11,2,regression,null_regression,coerror_no_cert_affine,complete,,,,,,,,0.9902805101084592,-0.0994730870277741,0.8881793974766412,0.8881793974766412,0.9307673841936362,1.227490434825039,0.0306122448979591,26.0,1.0904212812289698,8.0,affine_of_equal,True,47849.0,0.9781730419490486,0.8644210000000214,8.0,114.0,61.0,256.0,0.0177977080456912,14383.874560858216,median 5 warm calls on training rows; end-to-end preprocessing,,,,1.014449216443491,1.0291072127428131,0.808000593650526,0.0003623522235198,1.0871114369889048,2.0,30
30.0,0.0,0.0,11,2,regression,null_regression,affine_profiled,complete,,,,,,,,0.9902805101084592,-0.0994730870277741,0.8881793974766412,0.8881793974766412,0.9307673841936362,1.2274904348250388,0.0306122448979591,26.0,1.0904212812289698,8.0,affine_of_equal,True,47847.0,0.9152897500898688,0.8107469999999921,8.0,114.0,61.0,256.0,0.0205178749747574,12476.925622899527,median 5 warm calls on training rows; end-to-end preprocessing,,,,1.014449216443491,1.0291072127428131,0.808000593650526,0.0003623522235198,1.0871114369889048,2.0,30
,,,11,2,regression,null_regression,random_forest,complete,,,,,,,,1.0117931843548338,,,,,,,,,,,,9420627.0,2.322826499817893,2.0689390000000003,256.0,129678.0,64967.0,256.0,0.0352455419488251,7263.329937491103,median 5 warm calls on training rows; end-to-end preprocessing,2.322826499817893,2.0689390000000003,174899200.0,1.0254088702743187,1.0514633512372544,0.8161182692677719,-0.0213535947849417,,,30
30.0,0.0,0.0,29,0,regression,null_regression,top_quality,infeasible,infeasible: 0 eligible < K=8,,,,,,,,,,,,,,,,8.0,,,,,,,,,,,,,,,,,,,,,,30
30.0,0.0,0.0,29,0,regression,null_regression,coerror,infeasible,infeasible: 0 eligible < K=8,,,,,,,,,,,,,,,,8.0,,,,,,,,,,,,,,,,,,,,,,30
30.0,0.0,0.0,29,0,regression,null_regression,random_subspace,complete,,,,,,,,1.0340327827610665,-0.1117769386119723,0.8952974472689558,0.8952974472689558,0.9162030220704154,1.211065607549346,0.0731292517006802,22.0,0.8736777266647731,8.0,equal,False,47165.0,0.0589449168182909,0.0489040000000073,8.0,108.0,58.0,256.0,0.0269664581865072,9493.274876123354,median 5 warm calls on training rows; end-to-end preprocessing,,,,1.0343410166878622,1.06986133880288,0.8604997301263211,-0.0421074499223237,,,30
30.0,0.0,0.0,29,0,regression,null_regression,top_no_cert,complete,,,,,,,,1.0429803527006374,-0.0655786517635482,0.9119228834272636,0.9119228834272636,0.9638610108422124,1.172995976283221,0.0799319727891156,19.0,0.8511248645595295,8.0,equal,True,46875.0,0.9144188764039428,0.8030510000000106,8.0,104.0,56.0,256.0,0.0270261671394109,9472.30136924179,median 5 warm calls on training rows; end-to-end preprocessing,,,,1.0388064960125118,1.0791189361577926,0.8579422052692313,-0.0511248906149004,,,30
30.0,0.0,0.0,29,0,regression,null_regression,coerror_no_cert,complete,,,,,,,,1.026756646616955,-0.0787217659905431,0.8876527607520932,0.8876527607520932,0.9450931873104154,1.229075777749877,0.0357142857142857,25.0,0.8415595000367104,8.0,equal,True,47021.0,0.9169877923559396,0.8039739999999966,8.0,106.0,57.0,256.0,0.0181942919734865,14070.346918311168,median 5 warm calls on training rows; end-to-end preprocessing,,,,1.030695439654928,1.0623330893254652,0.8557983192333487,-0.0347744950984152,,,30
30.0,0.0,0.0,29,0,regression,null_regression,shrinkage_no_cert,complete,,,,,,,,1.027628895155761,-0.0716938470842131,0.8947370720610389,0.8947370720610389,0.9450931873104154,1.212547187085378,0.0527210884353741,23.0,0.8418630107163003,8.0,equal,True,47022.0,0.9187215024139732,0.8055119999999931,8.0,106.0,57.0,256.0,0.0185423749499022,13806.214181929749,median 5 warm calls on training rows; end-to-end preprocessing,,,,1.0311331440229403,1.0632355607026336,0.85680519894592,-0.0356535549460597,,,30
30.0,0.0,0.0,29,0,regression,null_regression,coerror_no_cert_affine,complete,,,,,,,,1.0303090007042996,-0.0787217659905431,0.8876527607520932,0.8876527607520932,0.9450931873104154,1.229075777749877,0.0357142857142857,25.0,0.8415595000367104,8.0,affine_of_equal,True,47272.0,0.9236809592694044,0.8059670000000096,8.0,106.0,57.0,256.0,0.0189294579904526,13523.894880092044,median 5 warm calls on training rows; end-to-end preprocessing,,,,1.0324768908533732,1.0660085301462483,0.858314133695576,-0.038354589193013,0.8411976744786182,2.0,30
30.0,0.0,0.0,29,0,regression,null_regression,affine_profiled,complete,,,,,,,,1.0303090007042996,-0.0787217659905431,0.8876527607520932,0.8876527607520932,0.9450931873104154,1.2290757777498769,0.0357142857142857,25.0,0.8415595000367104,8.0,affine_of_equal,True,47272.0,0.9349158762488514,0.8088580000000007,8.0,106.0,57.0,256.0,0.0246867910027503,10369.91806555492,median 5 warm calls on training rows; end-to-end preprocessing,,,,1.0324768908533732,1.0660085301462483,0.858314133695576,-0.038354589193013,0.8411976744786182,2.0,30
,,,29,0,regression,null_regression,random_forest,complete,,,,,,,,1.0663594252348687,,,,,,,,,,,,9376995.0,2.306823499966413,2.0589980000000025,256.0,129072.0,64664.0,256.0,0.0378635001834481,6761.128758822695,median 5 warm calls on training rows; end-to-end preprocessing,2.306823499966413,2.0589980000000025,174997504.0,1.050384728651125,1.1033080781834976,0.8733641935013339,-0.0746865281822719,,,30
30.0,0.0,0.0,29,1,regression,null_regression,top_quality,infeasible,infeasible: 0 eligible < K=8,,,,,,,,,,,,,,,,8.0,,,,,,,,,,,,,,,,,,,,,,30
30.0,0.0,0.0,29,1,regression,null_regression,coerror,infeasible,infeasible: 0 eligible < K=8,,,,,,,,,,,,,,,,8.0,,,,,,,,,,,,,,,,,,,,,,30
30.0,0.0,0.0,29,1,regression,null_regression,random_subspace,complete,,,,,,,,1.0147500501001894,-0.1220462578207729,0.8968924526433614,0.8968924526433614,0.942733577504456,1.2080668780034576,0.032312925170068,26.0,0.9708023516918028,8.0,equal,False,46158.0,0.0551742513198405,0.0477329999999938,8.0,94.0,51.0,256.0,0.0227491250261664,11253.180054421626,median 5 warm calls on training rows; end-to-end preprocessing,,,,0.9416002648606184,0.8866110587855869,0.7532182652204819,-0.0165994193306335,,,30
30.0,0.0,0.0,29,1,regression,null_regression,top_no_cert,complete,,,,,,,,1.027198600684888,-0.0712502313292078,0.90773630374181,0.90773630374181,0.935337867538161,1.1820039378276734,0.0612244897959183,22.0,0.9373905451037235,8.0,equal,True,46157.0,0.9230672079138458,0.8041470000000004,8.0,94.0,51.0,256.0,0.0265913750045001,9627.18174433162,median 5 warm calls on training rows; end-to-end preprocessing,,,,0.9473582485617624,0.8974876511180099,0.7575824801509486,-0.0290706572425343,,,30
30.0,0.0,0.0,29,1,regression,null_regression,coerror_no_cert,complete,,,,,,,,1.0324362026875606,-0.0776736878630224,0.8921015062350615,0.8921015062350615,0.9311913074624548,1.217986358258317,0.0374149659863945,25.0,0.9288516907698362,8.0,equal,True,46733.0,0.906492582987994,0.8034769999999867,8.0,102.0,55.0,256.0,0.0242400001734495,10561.05603004084,median 5 warm calls on training rows; end-to-end preprocessing,,,,0.9497704288686848,0.9020638675534056,0.7534961210350637,-0.0343178047091208,,,30
30.0,0.0,0.0,29,1,regression,null_regression,shrinkage_no_cert,complete,,,,,,,,1.0324362026875606,-0.0776736878630224,0.8921015062350615,0.8921015062350615,0.9311913074624548,1.2179863582583168,0.0374149659863945,25.0,0.9288516907698364,8.0,equal,True,46733.0,0.9026695403736084,0.8008799999999923,8.0,102.0,55.0,256.0,0.0242170831188559,10571.050144378154,median 5 warm calls on training rows; end-to-end preprocessing,,,,0.9497704288686848,0.9020638675534056,0.7534961210350637,-0.0343178047091208,,,30
30.0,0.0,0.0,29,1,regression,null_regression,coerror_no_cert_affine,complete,,,,,,,,1.023492282774989,-0.0776736878630224,0.8921015062350615,0.8921015062350615,0.9311913074624548,1.217986358258317,0.0374149659863945,25.0,0.9288516907698362,8.0,affine_of_equal,True,46984.0,0.9067662071902304,0.803401000000008,8.0,102.0,55.0,256.0,0.0236223749816417,10837.182975841824,median 5 warm calls on training rows; end-to-end preprocessing,,,,0.9456475843148808,0.8942493537205699,0.7513356501716868,-0.0253575846147615,0.9280914760156784,2.0,30
30.0,0.0,0.0,29,1,regression,null_regression,affine_profiled,complete,,,,,,,,1.023492282774989,-0.0776736878630224,0.8921015062350615,0.8921015062350615,0.9311913074624548,1.217986358258317,0.0374149659863945,25.0,0.9288516907698362,8.0,affine_of_equal,True,46984.0,0.9090861671138556,0.8042800000000057,8.0,102.0,55.0,256.0,0.020730708958581,12348.829965799774,median 5 warm calls on training rows; end-to-end preprocessing,,,,0.9456475843148808,0.8942493537205699,0.7513356501716868,-0.0253575846147615,0.9280914760156784,2.0,30
,,,29,1,regression,null_regression,random_forest,complete,,,,,,,,1.0479696019296152,,,,,,,,,,,,9398019.0,2.274094209074974,2.0756219999999956,256.0,129364.0,64810.0,256.0,0.0382707919925451,6689.1743460617945,median 5 warm calls on training rows; end-to-end preprocessing,2.274094209074974,2.0756219999999956,175079424.0,0.9568885854348984,0.9156357649356008,0.7577717728627513,-0.0498795133763385,,,30
30.0,0.0,0.0,29,2,regression,null_regression,top_quality,infeasible,infeasible: 0 eligible < K=8,,,,,,,,,,,,,,,,8.0,,,,,,,,,,,,,,,,,,,,,,30
30.0,0.0,0.0,29,2,regression,null_regression,coerror,infeasible,infeasible: 0 eligible < K=8,,,,,,,,,,,,,,,,8.0,,,,,,,,,,,,,,,,,,,,,,30
30.0,0.0,0.0,29,2,regression,null_regression,random_subspace,complete,,,,,,,,1.0056475771235758,-0.1420387317575535,0.901849392409793,0.901849392409793,0.961297088192276,1.1957741720136768,0.0476190476190476,23.0,0.9945444310709952,8.0,equal,False,46589.0,0.0661583330947905,0.050729000000004,8.0,100.0,54.0,256.0,0.0219572088681161,11659.041071096028,median 5 warm calls on training rows; end-to-end preprocessing,,,,0.93088307969177,0.8665433080564342,0.7673187659396189,-0.0255784526315638,,,30
30.0,0.0,0.0,29,2,regression,null_regression,top_no_cert,complete,,,,,,,,1.0061145777832698,-0.0772479171755276,0.8997616614472788,0.8997616614472788,0.945634756226168,1.20029198050554,0.0544217687074829,23.0,0.9364896071446092,8.0,equal,True,47164.0,0.86141312494874,0.7807679999999948,8.0,108.0,58.0,256.0,0.0264775000978261,9668.586500015472,median 5 warm calls on training rows; end-to-end preprocessing,,,,0.9310991954389566,0.8669457117470724,0.7634260061735836,-0.0260547087523381,,,30
30.0,0.0,0.0,29,2,regression,null_regression,coerror_no_cert,complete,,,,,,,,1.010859567131792,-0.0789854291070487,0.8970637820667846,0.8970637820667846,0.9343601102127984,1.2068915160158826,0.0476190476190476,24.0,0.9354308545501556,8.0,equal,True,47308.0,0.860527666984126,0.781283999999971,8.0,110.0,59.0,256.0,0.0238433328922837,10736.754008196856,median 5 warm calls on training rows; end-to-end preprocessing,,,,0.9332922155252228,0.871034359559979,0.7661077857564456,-0.0308937387908034,,,30
30.0,0.0,0.0,29,2,regression,null_regression,shrinkage_no_cert,complete,,,,,,,,1.010859567131792,-0.0789854291070487,0.8970637820667846,0.8970637820667846,0.9343601102127984,1.206891516015882,0.0476190476190476,24.0,0.9354308545501556,8.0,equal,True,47308.0,0.8656774580013007,0.7818379999999792,8.0,110.0,59.0,256.0,0.0197982089594006,12930.462574921212,median 5 warm calls on training rows; end-to-end preprocessing,,,,0.9332922155252228,0.871034359559979,0.7661077857564456,-0.0308937387908034,,,30
30.0,0.0,0.0,29,2,regression,null_regression,coerror_no_cert_affine,complete,,,,,,,,1.004590850787404,-0.0789854291070487,0.8970637820667846,0.8970637820667846,0.9343601102127984,1.2068915160158826,0.0476190476190476,24.0,0.9354308545501556,8.0,affine_of_equal,True,47559.0,0.865553333889693,0.7827999999999804,8.0,110.0,59.0,256.0,0.022277999902144,11491.157245914255,median 5 warm calls on training rows; end-to-end preprocessing,,,,0.930393868939678,0.865632751360543,0.7648336847492112,-0.0245007830926924,0.934974203144623,2.0,30
30.0,0.0,0.0,29,2,regression,null_regression,affine_profiled,complete,,,,,,,,1.004590850787404,-0.0789854291070487,0.8970637820667846,0.8970637820667846,0.9343601102127984,1.2068915160158822,0.0476190476190476,24.0,0.9354308545501556,8.0,affine_of_equal,True,47559.0,0.8652144998777658,0.7832429999999988,8.0,110.0,59.0,256.0,0.0194570419844239,13157.190091121582,median 5 warm calls on training rows; end-to-end preprocessing,,,,0.930393868939678,0.865632751360543,0.7648336847492111,-0.0245007830926924,0.934974203144623,2.0,30
,,,29,2,regression,null_regression,random_forest,complete,,,,,,,,1.0300229979501208,,,,,,,,,,,,9384483.0,2.339919000165537,2.107699999999994,256.0,129176.0,64716.0,256.0,0.0355344999115914,7204.266294359539,median 5 warm calls on training rows; end-to-end preprocessing,2.339919000165537,2.107699999999994,175276032.0,0.942097152966149,0.8875470456269235,0.774910716738238,-0.050436968618879,,,30
100.0,41.0,0.41,11,0,binary,additive_binary,coerror_no_cert_affine,not_applicable,task restriction defined in config,,,,,,,,,,,,,,,,,,,,,,,,,,,,,,,,,,,,,,100
100.0,41.0,0.41,11,0,binary,additive_binary,affine_profiled,not_applicable,task restriction defined in config,,,,,,,,,,,,,,,,,,,,,,,,,,,,,,,,,,,,,,100
100.0,41.0,0.41,11,0,binary,additive_binary,random_subspace,complete,,0.6970773696326694,0.684534553982706,0.6550445547586046,0.2311427437734419,0.6390751676508858,0.0830553196027305,0.9253806831915602,0.553531894934334,0.87246410143145,0.87246410143145,0.9200152797313736,1.2625411814164185,0.0918367346938775,20.0,0.2390477067713013,8.0,equal,False,49340.0,0.0592083751689642,0.0524029999999999,8.0,116.0,62.0,256.0,0.0200896249152719,12742.89595150134,median 5 warm calls on training rows; end-to-end preprocessing,,,,,,,,,,100
100.0,41.0,0.41,11,0,binary,additive_binary,top_no_cert,complete,,0.7023821439295367,0.7133947313451214,0.6426337153824627,0.2254099972259559,0.65153638274447,0.0792612978814526,0.9024296148167884,0.6041181988742965,0.8532767575421811,0.8532767575421811,0.9633536220220468,1.3107932625010985,0.0962585034013605,19.0,0.2226980512932268,8.0,equal,True,49340.0,3.3043279161211103,2.944855000000001,8.0,116.0,62.0,256.0,0.0203391248360276,12586.578924307278,median 5 warm calls on training rows; end-to-end preprocessing,,,,,,,,,,100
100.0,41.0,0.41,11,0,binary,additive_binary,coerror_no_cert,complete,,0.7158442598338505,0.7205481356165475,0.6433039475318487,0.2257294859604807,0.6254629166249625,0.0613799224819501,0.9037086889447496,0.5973092557848656,0.8406049382522959,0.8406049382522959,0.8965712077176531,1.3456514358920466,0.0748299319727891,20.0,0.2192402860487213,8.0,equal,True,49180.0,3.315556457033381,2.949726999999999,8.0,114.0,61.0,256.0,0.0221528329420834,11556.0840759865,median 5 warm calls on training rows; end-to-end preprocessing,,,,,,,,,,100
100.0,41.0,0.41,11,0,binary,additive_binary,shrinkage_no_cert,complete,,0.7158442598338505,0.7205481356165475,0.6433039475318487,0.2257294859604807,0.6254629166249625,0.0613799224819501,0.9037086889447496,0.5973092557848656,0.840604938252296,0.840604938252296,0.8965712077176531,1.3456514358920468,0.0748299319727891,20.0,0.2192402860487213,8.0,equal,True,49180.0,3.299972041277215,2.9434359999999997,8.0,114.0,61.0,256.0,0.0251475840341299,10179.904345982504,median 5 warm calls on training rows; end-to-end preprocessing,,,,,,,,,,100
100.0,41.0,0.41,11,0,binary,additive_binary,top_quality,complete,,0.7023821439295367,0.7133947313451214,0.6426337153824627,0.2254099972259559,0.65153638274447,0.0792612978814526,0.9024296148167884,0.6041181988742965,0.8532767575421811,0.8532767575421811,0.9633536220220468,1.3107932625010985,0.0962585034013605,19.0,0.2226980512932268,8.0,equal,True,49340.0,3.3171522081829607,2.9473669999999985,8.0,116.0,62.0,256.0,0.0276017081923782,9274.788292656822,median 5 warm calls on training rows; end-to-end preprocessing,,,,,,,,,,100
100.0,41.0,0.41,11,0,binary,additive_binary,coerror,complete,,0.7158442598338505,0.7205481356165475,0.6433039475318487,0.2257294859604807,0.6254629166249625,0.0613799224819501,0.9037086889447496,0.5973092557848656,0.8406049382522959,0.8406049382522959,0.8965712077176531,1.3456514358920466,0.0748299319727891,20.0,0.2192402860487213,8.0,equal,True,49180.0,3.402017831336707,3.007102,8.0,114.0,61.0,256.0,0.0206360830925405,12405.454991240002,median 5 warm calls on training rows; end-to-end preprocessing,,,,,,,,,,100
,,,11,0,binary,additive_binary,random_forest,complete,,0.8671804624161746,0.8609170193862157,0.5770119208456832,0.1939404296875,0.7874086678010208,0.1984765625,0.7764411047166269,,,,,,,,,,,,2451659.0,0.6973496249411255,0.6222630000000002,256.0,29366.0,14811.0,256.0,0.0281964999157935,9079.141055255875,median 5 warm calls on training rows; end-to-end preprocessing,0.6973496249411255,0.6222630000000002,176963584.0,,,,,,,100
100.0,42.0,0.42,11,1,binary,additive_binary,coerror_no_cert_affine,not_applicable,task restriction defined in config,,,,,,,,,,,,,,,,,,,,,,,,,,,,,,,,,,,,,,100
100.0,42.0,0.42,11,1,binary,additive_binary,affine_profiled,not_applicable,task restriction defined in config,,,,,,,,,,,,,,,,,,,,,,,,,,,,,,,,,,,,,,100
100.0,42.0,0.42,11,1,binary,additive_binary,random_subspace,complete,,0.6043939545591032,0.617695131790639,0.6755246122846421,0.241332869600311,0.5617555800220199,0.0317482503121023,0.9661768831740214,0.5500719199499687,0.8498903471344889,0.8498903471344889,0.9021857807106376,1.3191936888052906,0.0357142857142857,25.0,0.2364637132386373,8.0,equal,False,48845.0,0.0540440818294882,0.0501839999999997,8.0,110.0,59.0,256.0,0.024206583155319,10575.635493758118,median 5 warm calls on training rows; end-to-end preprocessing,,,,,,,,,,100
100.0,42.0,0.42,11,1,binary,additive_binary,top_no_cert,complete,,0.6787108397557803,0.7442636168489927,0.6576336678027478,0.2324891319376243,0.5905815233710339,0.0964144355869817,0.930770952333789,0.6187992495309569,0.8439874444655018,0.8439874444655018,0.9339786197922872,1.3359719311016902,0.1054421768707482,20.0,0.2176965787416662,8.0,equal,True,49181.0,3.3535867920145392,2.993635999999998,8.0,114.0,61.0,256.0,0.0184812077786773,13851.908547630715,median 5 warm calls on training rows; end-to-end preprocessing,,,,,,,,,,100
100.0,42.0,0.42,11,1,binary,additive_binary,coerror_no_cert,complete,,0.6390751676508858,0.6544362057998636,0.6648373362047877,0.2362301287249088,0.602091882694425,0.0345274563551627,0.9457480444385188,0.6110100062539087,0.8233064891893986,0.8233064891893986,0.8819291862550221,1.3940759054915983,0.0901360544217687,19.0,0.2134383456450216,8.0,equal,True,49660.0,3.3552921661175787,2.995267,8.0,120.0,64.0,256.0,0.0232570411171764,11007.419160081032,median 5 warm calls on training rows; end-to-end preprocessing,,,,,,,,,,100
100.0,42.0,0.42,11,1,binary,additive_binary,shrinkage_no_cert,complete,,0.670203182864578,0.708848694691576,0.6585504809866508,0.233082126885095,0.6169552597337604,0.0530891443519262,0.9331450094236255,0.6167073170731707,0.8256340072762166,0.8256340072762166,0.8819291862550221,1.3869647593202303,0.0748299319727891,21.0,0.213368632964075,8.0,equal,True,49340.0,3.362700710305944,2.9977850000000004,8.0,116.0,62.0,256.0,0.0231894580647349,11039.499038112868,median 5 warm calls on training rows; end-to-end preprocessing,,,,,,,,,,100
100.0,42.0,0.42,11,1,binary,additive_binary,top_quality,complete,,0.6787108397557803,0.7442636168489927,0.6576336678027478,0.2324891319376243,0.5905815233710339,0.0964144355869817,0.930770952333789,0.6187992495309569,0.8439874444655018,0.8439874444655018,0.9339786197922872,1.3359719311016902,0.1054421768707482,20.0,0.2176965787416662,8.0,equal,True,49181.0,3.38044375134632,3.0022819999999992,8.0,114.0,61.0,256.0,0.0208472909871488,12279.772952649282,median 5 warm calls on training rows; end-to-end preprocessing,,,,,,,,,,100
100.0,42.0,0.42,11,1,binary,additive_binary,coerror,complete,,0.6390751676508858,0.6544362057998636,0.6648373362047877,0.2362301287249088,0.602091882694425,0.0345274563551627,0.9457480444385188,0.6110100062539087,0.8233064891893986,0.8233064891893986,0.8819291862550221,1.3940759054915983,0.0901360544217687,19.0,0.2134383456450216,8.0,equal,True,49660.0,3.3552014601882547,2.9975430000000003,8.0,120.0,64.0,256.0,0.0229575419798493,11151.01957451283,median 5 warm calls on training rows; end-to-end preprocessing,,,,,,,,,,100
,,,11,1,binary,additive_binary,random_forest,complete,,0.8020218196376739,0.823067303730831,0.593204073533855,0.2020358276367187,0.7191472325092583,0.122421875,0.8088510552201925,,,,,,,,,,,,2393099.0,0.7066349999513477,0.6261489999999998,256.0,28634.0,14445.0,256.0,0.0308427498675882,8300.167822228546,median 5 warm calls on training rows; end-to-end preprocessing,0.7066349999513477,0.6261489999999998,178667520.0,,,,,,,100
100.0,48.0,0.48,11,2,binary,additive_binary,coerror_no_cert_affine,not_applicable,task restriction defined in config,,,,,,,,,,,,,,,,,,,,,,,,,,,,,,,,,,,,,,100
100.0,48.0,0.48,11,2,binary,additive_binary,affine_profiled,not_applicable,task restriction defined in config,,,,,,,,,,,,,,,,,,,,,,,,,,,,,,,,,,,,,,100
100.0,48.0,0.48,11,2,binary,additive_binary,random_subspace,complete,,0.6373049219687875,0.6469562310603705,0.6650150379726483,0.2362867901955287,0.5988395358143257,0.0405145788198296,0.9454307900191206,0.5466138274447002,0.8490864821885807,0.8490864821885807,0.8972100214560749,1.3214085103742836,0.0527210884353741,24.0,0.2377510882164729,8.0,equal,False,48861.0,0.0533365420997142,0.0500760000000006,8.0,110.0,59.0,256.0,0.0285210839938372,8975.81592815041,median 5 warm calls on training rows; end-to-end preprocessing,,,,,,,,,,100
100.0,48.0,0.48,11,2,binary,additive_binary,top_no_cert,complete,,0.6473589435774311,0.6415714543464492,0.6648952275666731,0.2359554985151728,0.6200480192076832,0.0530373186255102,0.9441052256283796,0.6061517866079471,0.8407141302989205,0.8407141302989205,0.9401943111723072,1.3445942581162071,0.0748299319727891,22.0,0.2210543070714263,8.0,equal,True,49662.0,3.362854876089841,2.9625120000000003,8.0,120.0,64.0,256.0,0.0211434580851346,12107.763969791982,median 5 warm calls on training rows; end-to-end preprocessing,,,,,,,,,,100
100.0,48.0,0.48,11,2,binary,additive_binary,coerror_no_cert,complete,,0.6628151260504201,0.6524107679647653,0.6618982225102659,0.2345692828858581,0.674969987995198,0.1189363714587533,0.9385586991531788,0.5992017816034432,0.8309023199464638,0.8309023199464638,0.8865928058939643,1.3719894634922678,0.0357142857142857,25.0,0.2182746197787816,8.0,equal,True,49661.0,3.374369375873357,2.967217999999999,8.0,120.0,64.0,256.0,0.0197808330412954,12941.820977183428,median 5 warm calls on training rows; end-to-end preprocessing,,,,,,,,,,100
100.0,48.0,0.48,11,2,binary,additive_binary,shrinkage_no_cert,complete,,0.6628151260504201,0.6524107679647653,0.6618982225102659,0.2345692828858581,0.674969987995198,0.1189363714587533,0.9385586991531788,0.5992017816034432,0.8309023199464639,0.8309023199464639,0.8865928058939643,1.3719894634922687,0.0357142857142857,25.0,0.2182746197787816,8.0,equal,True,49660.0,3.371432833140716,2.9660529999999987,8.0,120.0,64.0,256.0,0.0273639590013772,9355.371420747835,median 5 warm calls on training rows; end-to-end preprocessing,,,,,,,,,,100
100.0,48.0,0.48,11,2,binary,additive_binary,top_quality,complete,,0.6473589435774311,0.6415714543464492,0.6648952275666731,0.2359554985151728,0.6200480192076832,0.0530373186255102,0.9441052256283796,0.6061517866079471,0.8407141302989205,0.8407141302989205,0.9401943111723072,1.3445942581162071,0.0748299319727891,22.0,0.2210543070714263,8.0,equal,True,49662.0,3.3740405002608895,2.9689130000000006,8.0,120.0,64.0,256.0,0.0218134578317403,11735.874338432435,median 5 warm calls on training rows; end-to-end preprocessing,,,,,,,,,,100
100.0,48.0,0.48,11,2,binary,additive_binary,coerror,complete,,0.6628151260504201,0.6524107679647653,0.6618982225102659,0.2345692828858581,0.674969987995198,0.1189363714587533,0.9385586991531788,0.5992017816034432,0.8309023199464638,0.8309023199464638,0.8865928058939643,1.3719894634922678,0.0357142857142857,25.0,0.2182746197787816,8.0,equal,True,49661.0,3.3659147501457483,2.966196,8.0,120.0,64.0,256.0,0.0229769169818609,11141.616614713708,median 5 warm calls on training rows; end-to-end preprocessing,,,,,,,,,,100
,,,11,2,binary,additive_binary,random_forest,complete,,0.8003701480592237,0.7948731817558863,0.5923715770102786,0.2017897033691406,0.7255902360944377,0.1285546875,0.8074010337866985,,,,,,,,,,,,2392299.0,0.6991323330439627,0.6112280000000005,256.0,28624.0,14440.0,256.0,0.0278062089346349,9206.576869280836,median 5 warm calls on training rows; end-to-end preprocessing,0.6991323330439627,0.6112280000000005,179240960.0,,,,,,,100
100.0,33.0,0.33,29,0,binary,additive_binary,coerror_no_cert_affine,not_applicable,task restriction defined in config,,,,,,,,,,,,,,,,,,,,,,,,,,,,,,,,,,,,,,100
100.0,33.0,0.33,29,0,binary,additive_binary,affine_profiled,not_applicable,task restriction defined in config,,,,,,,,,,,,,,,,,,,,,,,,,,,,,,,,,,,,,,100
100.0,33.0,0.33,29,0,binary,additive_binary,random_subspace,complete,,0.7061706170617061,0.6704369585569008,0.6551426276629377,0.2312037861076153,0.6445144514451444,0.0902292433027804,0.9249076351939808,0.5322016576657667,0.8574968747202592,0.8574968747202592,0.8961444582987277,1.3013231265361649,0.042517006802721,24.0,0.2450974927750799,8.0,equal,False,48699.0,0.0594792929477989,0.0506349999999997,8.0,108.0,58.0,256.0,0.0251366251613944,10184.342502476104,median 5 warm calls on training rows; end-to-end preprocessing,,,,,,,,,,100
100.0,33.0,0.33,29,0,binary,additive_binary,top_no_cert,complete,,0.7038703870387039,0.6633764396228651,0.6449161979099277,0.2264108833925625,0.6642164216421642,0.0912647553570679,0.905734106980948,0.6137582508250825,0.8269625939587586,0.8269625939587586,0.942007646474566,1.379187906906677,0.0986394557823129,19.0,0.2193481480369891,8.0,equal,True,49661.0,3.4108010409399867,2.961908000000001,8.0,120.0,64.0,256.0,0.0248832500074058,10288.04516788635,median 5 warm calls on training rows; end-to-end preprocessing,,,,,,,,,,100
100.0,33.0,0.33,29,0,binary,additive_binary,coerror_no_cert,complete,,0.7179717971797179,0.6685909684280067,0.6398273650105059,0.2239502526409374,0.6842184218421843,0.1110841701290127,0.8958905996237124,0.6117408615861586,0.8228863363875664,0.8228863363875664,0.903019570769423,1.3927944848184697,0.086734693877551,19.0,0.2171950771259422,8.0,equal,True,49501.0,3.416719123488292,2.9643230000000003,8.0,118.0,63.0,256.0,0.0238701249472796,10724.702973503894,median 5 warm calls on training rows; end-to-end preprocessing,,,,,,,,,,100
100.0,33.0,0.33,29,0,binary,additive_binary,shrinkage_no_cert,complete,,0.7179717971797179,0.6685909684280067,0.6398273650105059,0.2239502526409374,0.6842184218421843,0.1110841701290127,0.8958905996237124,0.6117408615861586,0.8228863363875663,0.8228863363875663,0.903019570769423,1.39279448481847,0.086734693877551,19.0,0.2171950771259422,8.0,equal,True,49500.0,3.424387625651434,2.9647900000000007,8.0,118.0,63.0,256.0,0.0232179160229861,11025.96803892973,median 5 warm calls on training rows; end-to-end preprocessing,,,,,,,,,,100
100.0,33.0,0.33,29,0,binary,additive_binary,top_quality,complete,,0.7038703870387039,0.6633764396228651,0.6449161979099277,0.2264108833925625,0.6642164216421642,0.0912647553570679,0.905734106980948,0.6137582508250825,0.8269625939587586,0.8269625939587586,0.942007646474566,1.379187906906677,0.0986394557823129,19.0,0.2193481480369891,8.0,equal,True,49661.0,3.4061829578131437,2.959505,8.0,120.0,64.0,256.0,0.0265074160415679,9657.674652201124,median 5 warm calls on training rows; end-to-end preprocessing,,,,,,,,,,100
100.0,33.0,0.33,29,0,binary,additive_binary,coerror,complete,,0.7179717971797179,0.6685909684280067,0.6398273650105059,0.2239502526409374,0.6842184218421843,0.1110841701290127,0.8958905996237124,0.6117408615861586,0.8228863363875663,0.8228863363875663,0.903019570769423,1.39279448481847,0.086734693877551,19.0,0.2171950771259422,8.0,equal,True,49499.0,3.412289874861017,2.9635019999999983,8.0,118.0,63.0,256.0,0.0216027500573545,11850.343096148808,median 5 warm calls on training rows; end-to-end preprocessing,,,,,,,,,,100
,,,29,0,binary,additive_binary,random_forest,complete,,0.8006800680068007,0.7644235233615855,0.594478790718075,0.202410659790039,0.7294729472947294,0.12986328125,0.8097236115213085,,,,,,,,,,,,2409259.0,0.7553290829528123,0.6470340000000014,256.0,28836.0,14546.0,256.0,0.0272005000151693,9411.591693433282,median 5 warm calls on training rows; end-to-end preprocessing,0.7553290829528123,0.6470340000000014,179388416.0,,,,,,,100
100.0,34.0,0.34,29,1,binary,additive_binary,coerror_no_cert_affine,not_applicable,task restriction defined in config,,,,,,,,,,,,,,,,,,,,,,,,,,,,,,,,,,,,,,100
100.0,34.0,0.34,29,1,binary,additive_binary,affine_profiled,not_applicable,task restriction defined in config,,,,,,,,,,,,,,,,,,,,,,,,,,,,,,,,,,,,,,100
100.0,34.0,0.34,29,1,binary,additive_binary,random_subspace,complete,,0.6038603860386039,0.5925554316669522,0.6804535883779205,0.2436336635065492,0.5753075307530753,0.0459843394014613,0.9746321172379208,0.5563165691569156,0.8543689760534855,0.8543689760534855,0.9136990683634016,1.3079652063185956,0.0459183673469387,23.0,0.2350971617437656,8.0,equal,False,48860.0,0.0622546251397579,0.0530729999999977,8.0,110.0,59.0,256.0,0.0242512500844895,10556.15686235203,median 5 warm calls on training rows; end-to-end preprocessing,,,,,,,,,,100
100.0,34.0,0.34,29,1,binary,additive_binary,top_no_cert,complete,,0.7094709470947095,0.7183864979463486,0.6375580622885303,0.2230694947852565,0.6501650165016502,0.0736751217938448,0.8923672158626124,0.6180289903990398,0.8309216462645547,0.8309216462645547,0.8826744087940076,1.3715447034991115,0.0748299319727891,22.0,0.2148318310646026,8.0,equal,True,49003.0,3.360406959895045,2.978342999999999,8.0,112.0,60.0,256.0,0.0207281669136136,12350.344392097037,median 5 warm calls on training rows; end-to-end preprocessing,,,,,,,,,,100
100.0,34.0,0.34,29,1,binary,additive_binary,coerror_no_cert,complete,,0.7116211621162115,0.7079363181186646,0.6454674357747947,0.2266672264517625,0.7048204820482048,0.1390024809388568,0.9067595817652266,0.6151177617761776,0.8216250230902935,0.8216250230902935,0.8752156590769852,1.3963549615520772,0.0595238095238095,21.0,0.2130640328528255,8.0,equal,True,49165.0,3.3493331260979176,2.976106999999999,8.0,114.0,61.0,256.0,0.0184863749891519,13848.036737879878,median 5 warm calls on training rows; end-to-end preprocessing,,,,,,,,,,100
100.0,34.0,0.34,29,1,binary,additive_binary,shrinkage_no_cert,complete,,0.7116211621162115,0.7079363181186646,0.6454674357747947,0.2266672264517625,0.7048204820482048,0.1390024809388568,0.9067595817652266,0.6151177617761776,0.8216250230902935,0.8216250230902935,0.8752156590769852,1.3963549615520772,0.0595238095238095,21.0,0.2130640328528255,8.0,equal,True,49165.0,3.351155584212393,2.973767999999996,8.0,114.0,61.0,256.0,0.021016834070906,12180.711858708784,median 5 warm calls on training rows; end-to-end preprocessing,,,,,,,,,,100
100.0,34.0,0.34,29,1,binary,additive_binary,top_quality,complete,,0.7094709470947095,0.7183864979463486,0.6375580622885303,0.2230694947852565,0.6501650165016502,0.0736751217938448,0.8923672158626124,0.6180289903990398,0.8309216462645547,0.8309216462645547,0.8826744087940076,1.3715447034991115,0.0748299319727891,22.0,0.2148318310646026,8.0,equal,True,49003.0,3.3470030832104385,2.972822999999998,8.0,112.0,60.0,256.0,0.0201921670231968,12678.183560283873,median 5 warm calls on training rows; end-to-end preprocessing,,,,,,,,,,100
100.0,34.0,0.34,29,1,binary,additive_binary,coerror,complete,,0.7116211621162115,0.7079363181186646,0.6454674357747947,0.2266672264517625,0.7048204820482048,0.1390024809388568,0.9067595817652266,0.6151177617761776,0.8216250230902935,0.8216250230902935,0.8752156590769852,1.3963549615520772,0.0595238095238095,21.0,0.2130640328528255,8.0,equal,True,49165.0,3.3601019592024386,2.977312999999995,8.0,114.0,61.0,256.0,0.0234568328596651,10913.664326789867,median 5 warm calls on training rows; end-to-end preprocessing,,,,,,,,,,100
,,,29,1,binary,additive_binary,random_forest,complete,,0.8001300130013,0.7908788117576648,0.6017268520848386,0.2058584594726562,0.7102710271027103,0.1203515624999999,0.8235161895095758,,,,,,,,,,,,2402699.0,0.7035225830040872,0.6196519999999985,256.0,28754.0,14505.0,256.0,0.0287630418315529,8900.310387866162,median 5 warm calls on training rows; end-to-end preprocessing,0.7035225830040872,0.6196519999999985,179519488.0,,,,,,,100
100.0,56.0,0.56,29,2,binary,additive_binary,coerror_no_cert_affine,not_applicable,task restriction defined in config,,,,,,,,,,,,,,,,,,,,,,,,,,,,,,,,,,,,,,100
100.0,56.0,0.56,29,2,binary,additive_binary,affine_profiled,not_applicable,task restriction defined in config,,,,,,,,,,,,,,,,,,,,,,,,,,,,,,,,,,,,,,100
100.0,56.0,0.56,29,2,binary,additive_binary,random_subspace,complete,,0.6782678267826782,0.6613948259989649,0.6602598426058824,0.2337723232795668,0.6005600560056006,0.0428891435833334,0.9351828113994074,0.550226897689769,0.8699219228673452,0.8699219228673452,0.9362267836297048,1.2701543492007772,0.0527210884353741,23.0,0.2372659827032474,8.0,equal,False,48860.0,0.0834396260324865,0.0543320000000022,8.0,110.0,59.0,256.0,0.0212360001169145,12055.000875428304,median 5 warm calls on training rows; end-to-end preprocessing,,,,,,,,,,100
100.0,56.0,0.56,29,2,binary,additive_binary,top_no_cert,complete,,0.690869086908691,0.6899081195644927,0.6475909147018006,0.2276645391393567,0.6653165316531653,0.0908358512594531,0.9107492314805752,0.6106485648564857,0.8371830769345358,0.8371830769345358,0.8916467726422052,1.3546384805038485,0.0561224489795918,23.0,0.2191368075491259,8.0,equal,True,49500.0,3.328166540944949,2.9507619999999974,8.0,118.0,63.0,256.0,0.0245365831069648,10433.400562906136,median 5 warm calls on training rows; end-to-end preprocessing,,,,,,,,,,100
100.0,56.0,0.56,29,2,binary,additive_binary,coerror_no_cert,complete,,0.7130713071307131,0.7432917203926548,0.641561446348802,0.224846909037812,0.634913491349135,0.0715461698771341,0.8994775839096394,0.6038869511951195,0.835901443218284,0.835901443218284,0.883345479623624,1.359188138247457,0.0306122448979591,27.0,0.2167683268694018,8.0,equal,True,49341.0,3.3208681237883866,2.9512090000000057,8.0,116.0,62.0,256.0,0.0293501659762114,8722.267540411536,median 5 warm calls on training rows; end-to-end preprocessing,,,,,,,,,,100
100.0,56.0,0.56,29,2,binary,additive_binary,shrinkage_no_cert,complete,,0.6385638563856386,0.6832334481889656,0.659856204846401,0.2339350337748883,0.5753075307530753,0.0853345751785988,0.9358337184714006,0.6052245849584958,0.847454735055677,0.847454735055677,0.9107117795860316,1.3282515077344894,0.0476190476190476,24.0,0.2169991988393269,8.0,equal,True,49340.0,3.3279203751590103,2.9509260000000026,8.0,116.0,62.0,256.0,0.0256445419508963,9982.631021064182,median 5 warm calls on training rows; end-to-end preprocessing,,,,,,,,,,100
100.0,56.0,0.56,29,2,binary,additive_binary,top_quality,complete,,0.690869086908691,0.6899081195644927,0.6475909147018006,0.2276645391393567,0.6653165316531653,0.0908358512594531,0.9107492314805752,0.6106485648564857,0.8371830769345358,0.8371830769345358,0.8916467726422052,1.3546384805038485,0.0561224489795918,23.0,0.2191368075491259,8.0,equal,True,49500.0,3.358394206734374,2.959978999999997,8.0,118.0,63.0,256.0,0.0275644590146839,9287.321759648006,median 5 warm calls on training rows; end-to-end preprocessing,,,,,,,,,,100
100.0,56.0,0.56,29,2,binary,additive_binary,coerror,complete,,0.7130713071307131,0.7432917203926548,0.641561446348802,0.224846909037812,0.634913491349135,0.0715461698771341,0.8994775839096394,0.6038869511951195,0.835901443218284,0.835901443218284,0.883345479623624,1.359188138247457,0.0306122448979591,27.0,0.2167683268694018,8.0,equal,True,49341.0,3.3259589169174433,2.9529500000000013,8.0,116.0,62.0,256.0,0.0254822501447051,10046.208578373637,median 5 warm calls on training rows; end-to-end preprocessing,,,,,,,,,,100
,,,29,2,binary,additive_binary,random_forest,complete,,0.7857285728572857,0.7747574074757744,0.6057018807590624,0.2078616333007812,0.7098709870987099,0.121171875,0.8315296861717423,,,,,,,,,,,,2432139.0,0.6876952501479536,0.6226510000000047,256.0,29122.0,14689.0,256.0,0.0261907919775694,9774.427601091473,median 5 warm calls on training rows; end-to-end preprocessing,0.6876952501479536,0.6226510000000047,173785088.0,,,,,,,100
100.0,0.0,0.0,11,0,regression,additive_regression,top_quality,infeasible,infeasible: 0 eligible < K=8,,,,,,,,,,,,,,,,8.0,,,,,,,,,,,,,,,,,,,,,,100
100.0,0.0,0.0,11,0,regression,additive_regression,coerror,infeasible,infeasible: 0 eligible < K=8,,,,,,,,,,,,,,,,8.0,,,,,,,,,,,,,,,,,,,,,,100
100.0,0.0,0.0,11,0,regression,additive_regression,random_subspace,complete,,,,,,,,0.9498733249866508,-0.1110577250277377,0.8488555838571417,0.8488555838571417,0.918421327516629,1.323577444687989,0.0918367346938775,20.0,1.8871821997946088,8.0,equal,False,47020.0,0.0531541677191853,0.0487740000000016,8.0,106.0,57.0,256.0,0.0223068329505622,11476.304169550323,median 5 warm calls on training rows; end-to-end preprocessing,,,,1.4271370360437996,2.0367201196478812,1.1198270288871774,0.0378913147312821,,,100
100.0,0.0,0.0,11,0,regression,additive_regression,top_no_cert,complete,,,,,,,,0.9419616261529262,-0.0110863918730088,0.8491291466440446,0.8491291466440446,0.9236602652741812,1.3217659238356856,0.0850340136054421,19.0,1.7183963622196246,8.0,equal,True,47452.0,2.92373237432912,2.5941219999999987,8.0,112.0,60.0,256.0,0.0223765829578042,11440.53140207968,median 5 warm calls on training rows; end-to-end preprocessing,,,,1.4211811427637684,2.0197558405473304,1.1084453855768814,0.0459049245073688,,,100
100.0,0.0,0.0,11,0,regression,additive_regression,coerror_no_cert,complete,,,,,,,,0.8997990966518126,-0.0282278161178162,0.8140723609086037,0.8140723609086037,0.8853600782682867,1.418405055563397,0.0629251700680272,22.0,1.685481597461952,8.0,equal,True,47740.0,2.948052416089922,2.600313,8.0,116.0,62.0,256.0,0.02309066709131,11086.73036546196,median 5 warm calls on training rows; end-to-end preprocessing,,,,1.3890107514792334,1.9293508677249045,1.079342565405479,0.0886105514145041,,,100
100.0,0.0,0.0,11,0,regression,additive_regression,shrinkage_no_cert,complete,,,,,,,,0.8997990966518126,-0.0282278161178162,0.8140723609086037,0.8140723609086037,0.8853600782682867,1.4184050555633962,0.0629251700680272,22.0,1.685481597461952,8.0,equal,True,47740.0,2.9338224579114467,2.5992999999999995,8.0,116.0,62.0,256.0,0.0219914161134511,11640.905646063273,median 5 warm calls on training rows; end-to-end preprocessing,,,,1.3890107514792334,1.9293508677249045,1.079342565405479,0.0886105514145041,,,100
100.0,0.0,0.0,11,0,regression,additive_regression,coerror_no_cert_affine,complete,,,,,,,,0.8589587554188514,-0.0282278161178162,0.8140723609086037,0.8140723609086037,0.8853600782682867,1.418405055563397,0.0629251700680272,22.0,1.685481597461952,8.0,affine_of_equal,True,47991.0,2.935512625379488,2.598896000000003,8.0,116.0,62.0,256.0,0.0198753338772803,12880.286770560144,median 5 warm calls on training rows; end-to-end preprocessing,,,,1.3571222986171116,1.841780933403793,1.0457923565380312,0.1299769588879663,1.5943308617625531,2.0,100
100.0,0.0,0.0,11,0,regression,additive_regression,affine_profiled,complete,,,,,,,,0.8810279082556489,-0.0314091258736816,0.8263639580305452,0.8263639580305452,0.8853600782682867,1.3831086978341027,0.0408163265306122,24.0,1.7123576536599348,8.0,affine_of_equal,True,47560.0,2.9397624579723924,2.6010869999999997,8.0,110.0,59.0,256.0,0.0187622499652206,13644.419004892456,median 5 warm calls on training rows; end-to-end preprocessing,,,,1.3744459433732632,1.8891016512552192,1.0793846374313845,0.1076235323180558,1.5579961391011932,2.0,100
,,,11,0,regression,additive_regression,random_forest,complete,,,,,,,,0.7641730280601253,,,,,,,,,,,,9397155.0,2.119736625114456,1.897503999999998,256.0,129352.0,64804.0,256.0,0.0349309579469263,7328.742612468947,median 5 warm calls on training rows; end-to-end preprocessing,2.119736625114456,1.897503999999998,179322880.0,1.280055156447785,1.6385412035485627,1.0150860604010434,0.2259836253901809,,,100
100.0,0.0,0.0,11,1,regression,additive_regression,top_quality,infeasible,infeasible: 0 eligible < K=8,,,,,,,,,,,,,,,,8.0,,,,,,,,,,,,,,,,,,,,,,100
100.0,0.0,0.0,11,1,regression,additive_regression,coerror,infeasible,infeasible: 0 eligible < K=8,,,,,,,,,,,,,,,,8.0,,,,,,,,,,,,,,,,,,,,,,100
100.0,0.0,0.0,11,1,regression,additive_regression,random_subspace,complete,,,,,,,,0.9487463341409816,-0.075204036310132,0.8373744272836346,0.8373744272836346,0.8770297402715127,1.3543613923706264,0.0357142857142857,25.0,1.8033046683465153,8.0,equal,False,47741.0,0.0552359998691827,0.0497609999999966,8.0,116.0,62.0,256.0,0.0239903337787836,10670.9644959754,median 5 warm calls on training rows; end-to-end preprocessing,,,,1.4269766059206244,2.0362622338447447,1.1087043626501565,0.0512377828125762,,,100
100.0,0.0,0.0,11,1,regression,additive_regression,top_no_cert,complete,,,,,,,,0.9160124978322582,0.0020034223388793,0.8338449850278886,0.8338449850278886,0.9034889375096355,1.361657688060887,0.0816326530612244,20.0,1.6689987721020518,8.0,equal,True,47741.0,2.877265250077471,2.578561999999998,8.0,116.0,62.0,256.0,0.0196739169768989,13012.152094602969,median 5 warm calls on training rows; end-to-end preprocessing,,,,1.4021436109912249,1.9660067058435116,1.08206260064517,0.0839721671213535,,,100
100.0,0.0,0.0,11,1,regression,additive_regression,coerror_no_cert,complete,,,,,,,,0.9160569583203058,-0.0043678239695186,0.813790842482889,0.813790842482889,0.8728633293733701,1.4188005945555773,0.0697278911564625,21.0,1.6446913197976432,8.0,equal,True,48027.0,2.87095829192549,2.576923999999998,8.0,120.0,64.0,256.0,0.0257407501339912,9945.320111784396,median 5 warm calls on training rows; end-to-end preprocessing,,,,1.4021776384924731,1.966102129888329,1.0778040748538271,0.0839277058889891,,,100
100.0,0.0,0.0,11,1,regression,additive_regression,shrinkage_no_cert,complete,,,,,,,,0.9160569583203058,-0.0043678239695186,0.813790842482889,0.813790842482889,0.8728633293733701,1.4188005945555773,0.0697278911564625,21.0,1.6446913197976432,8.0,equal,True,48027.0,2.880673623876646,2.5790539999999993,8.0,120.0,64.0,256.0,0.0236293750349432,10833.972528745517,median 5 warm calls on training rows; end-to-end preprocessing,,,,1.4021776384924731,1.966102129888329,1.0778040748538271,0.0839277058889891,,,100
100.0,0.0,0.0,11,1,regression,additive_regression,coerror_no_cert_affine,complete,,,,,,,,0.9121788237287348,-0.0043678239695186,0.813790842482889,0.813790842482889,0.8728633293733701,1.4188005945555773,0.0697278911564625,21.0,1.6446913197976432,8.0,affine_of_equal,True,48278.0,2.8953014169819653,2.5806690000000003,8.0,120.0,64.0,256.0,0.0180821248795837,14157.628138551689,median 5 warm calls on training rows; end-to-end preprocessing,,,,1.3992064252687926,1.957778620513473,1.0633280950312816,0.0878059054047547,1.519130612997291,2.0,100
100.0,0.0,0.0,11,1,regression,additive_regression,affine_profiled,complete,,,,,,,,0.9573534347166888,-0.0099766033173083,0.8199463022736806,0.8199463022736806,0.8590106918208061,1.4009806134126306,0.064625850340136,21.0,1.6645340329938447,8.0,affine_of_equal,True,47846.0,2.8796005418989807,2.579160000000009,8.0,114.0,61.0,256.0,0.0226854998618364,11284.74142333826,median 5 warm calls on training rows; end-to-end preprocessing,,,,1.4334348130606185,2.05473536329413,1.0915524280895204,0.0426305381446358,1.4688086821097224,2.0,100
,,,11,1,regression,additive_regression,random_forest,complete,,,,,,,,0.8437841736682236,,,,,,,,,,,,9395139.0,2.027284874813631,1.8441639999999992,256.0,129324.0,64790.0,256.0,0.0322190420702099,7945.611773377333,median 5 warm calls on training rows; end-to-end preprocessing,2.027284874813631,1.8441639999999992,174292992.0,1.3457286099431396,1.810985491619495,1.0309657348028052,0.1562017004661626,,,100
100.0,0.0,0.0,11,2,regression,additive_regression,top_quality,infeasible,infeasible: 0 eligible < K=8,,,,,,,,,,,,,,,,8.0,,,,,,,,,,,,,,,,,,,,,,100
100.0,0.0,0.0,11,2,regression,additive_regression,coerror,infeasible,infeasible: 0 eligible < K=8,,,,,,,,,,,,,,,,8.0,,,,,,,,,,,,,,,,,,,,,,100
100.0,0.0,0.0,11,2,regression,additive_regression,random_subspace,complete,,,,,,,,0.9451221968025244,-0.0492641448451015,0.8641972001488741,0.8641972001488741,0.9023328762307592,1.2842736976096814,0.0527210884353741,24.0,1.978581494024156,8.0,equal,False,46733.0,0.0575546249747276,0.0503789999999995,8.0,102.0,55.0,256.0,0.026746624847874,9571.301106440282,median 5 warm calls on training rows; end-to-end preprocessing,,,,1.3006224496564625,1.691618756550377,1.0663122682396295,0.0391572924794725,,,100
100.0,0.0,0.0,11,2,regression,additive_regression,top_no_cert,complete,,,,,,,,0.8917813188065193,0.0209092764572848,0.837734963536106,0.837734963536106,0.8929618230695819,1.352779846682554,0.0629251700680272,22.0,1.7984977465408645,8.0,equal,True,47310.0,2.8545177069026977,2.5270420000000016,8.0,110.0,59.0,256.0,0.0204612920060753,12511.428893345948,median 5 warm calls on training rows; end-to-end preprocessing,,,,1.263387133573434,1.5961470492788985,1.044564053074884,0.0933854058478779,,,100
100.0,0.0,0.0,11,2,regression,additive_regression,coerror_no_cert,complete,,,,,,,,0.8861150998896199,0.0049242737821836,0.8101785965984897,0.8101785965984897,0.8990212602314867,1.4309967031958972,0.096938775510204,18.0,1.7753234278371124,8.0,equal,True,47884.0,2.860013083089143,2.5320370000000025,8.0,118.0,63.0,256.0,0.0215213340707123,11895.173373493695,median 5 warm calls on training rows; end-to-end preprocessing,,,,1.2593670698234347,1.586005416555664,1.049181276829315,0.0991458727419331,,,100
100.0,0.0,0.0,11,2,regression,additive_regression,shrinkage_no_cert,complete,,,,,,,,0.8888206531552724,0.0164287990296849,0.8219050812213066,0.8219050812213066,0.8990212602314867,1.3968346939556573,0.0901360544217687,18.0,1.7769670586309916,8.0,equal,True,47452.0,2.85341008217074,2.5282139999999984,8.0,112.0,60.0,256.0,0.0253879590891301,10083.520266487518,median 5 warm calls on training rows; end-to-end preprocessing,,,,1.2612882016308942,1.5908479275732952,1.0478181234360462,0.096395317169431,,,100
100.0,0.0,0.0,11,2,regression,additive_regression,coerror_no_cert_affine,complete,,,,,,,,0.8854699443790495,0.0049242737821836,0.8101785965984897,0.8101785965984897,0.8990212602314867,1.4309967031958972,0.096938775510204,18.0,1.7753234278371124,8.0,affine_of_equal,True,48135.0,2.859399958746508,2.5296459999999925,8.0,118.0,63.0,256.0,0.0248137081507593,10316.8780113248,median 5 warm calls on training rows; end-to-end preprocessing,,,,1.2589085314539614,1.5848506905675697,1.0303783909846624,0.0998017593242664,1.6606957470597892,2.0,100
100.0,0.0,0.0,11,2,regression,additive_regression,affine_profiled,complete,,,,,,,,0.9002639297845823,0.0018083025296783,0.8210967745827957,0.8210967745827957,0.8929618230695819,1.399030517602755,0.0408163265306122,24.0,1.8022348109924813,8.0,affine_of_equal,True,47702.0,2.858889997936785,2.531068999999995,8.0,112.0,60.0,256.0,0.0247363338712602,10349.148799993824,median 5 warm calls on training rows; end-to-end preprocessing,,,,1.2693815726074609,1.6113295768753904,1.0165702519923343,0.0847617009697369,1.5429586306086691,2.0,100
,,,11,2,regression,additive_regression,random_forest,complete,,,,,,,,0.7790846098513178,,,,,,,,,,,,9420627.0,2.1019289998803288,1.8605459999999991,256.0,129678.0,64967.0,256.0,0.0369338751770556,6931.30625402218,median 5 warm calls on training rows; end-to-end preprocessing,2.1019289998803288,1.8605459999999991,174161920.0,1.1808631687915163,1.394437823408341,0.986067363624628,0.2079566341266205,,,100
100.0,0.0,0.0,29,0,regression,additive_regression,top_quality,infeasible,infeasible: 0 eligible < K=8,,,,,,,,,,,,,,,,8.0,,,,,,,,,,,,,,,,,,,,,,100
100.0,0.0,0.0,29,0,regression,additive_regression,coerror,infeasible,infeasible: 0 eligible < K=8,,,,,,,,,,,,,,,,8.0,,,,,,,,,,,,,,,,,,,,,,100
100.0,0.0,0.0,29,0,regression,additive_regression,random_subspace,complete,,,,,,,,0.9028340678500654,-0.096490526747395,0.848949702302994,0.848949702302994,0.8800472004232979,1.324049654645179,0.042517006802721,24.0,1.759546235743906,8.0,equal,False,47595.0,0.0475467501673847,0.0439020000000027,8.0,114.0,61.0,256.0,0.0241655420977622,10593.596409480342,median 5 warm calls on training rows; end-to-end preprocessing,,,,1.3126123717051672,1.7229512383534642,1.058319589803596,0.0933989011933663,,,100
100.0,0.0,0.0,29,0,regression,additive_regression,top_no_cert,complete,,,,,,,,0.9549204918114672,-0.001773118681827,0.8893970348449293,0.8893970348449293,1.0,1.222538243582858,0.2,18.0,1.6746648295749065,8.0,equal,True,47452.0,2.8256118756253272,2.5221130000000045,8.0,112.0,60.0,256.0,0.0187707499135285,13638.24041017638,median 5 warm calls on training rows; end-to-end preprocessing,,,,1.3499451736852304,1.822351971956047,1.0778769452699912,0.0410951491774896,,,100
100.0,0.0,0.0,29,0,regression,additive_regression,coerror_no_cert,complete,,,,,,,,0.9001150302416778,-0.0330363741190191,0.8079059091758094,0.8079059091758094,0.8926943654971515,1.4382258943620994,0.0901360544217687,22.0,1.5890193258263474,8.0,equal,True,47884.0,2.8233368748333305,2.5250110000000063,8.0,118.0,63.0,256.0,0.0216448751743882,11827.280034532923,median 5 warm calls on training rows; end-to-end preprocessing,,,,1.31063430409617,1.7177622790736522,1.0584923523918297,0.0961292838530847,,,100
100.0,0.0,0.0,29,0,regression,additive_regression,shrinkage_no_cert,complete,,,,,,,,0.9001150302416778,-0.0330363741190191,0.8079059091758095,0.8079059091758095,0.8926943654971515,1.438225894362099,0.0901360544217686,22.0,1.5890193258263474,8.0,equal,True,47883.0,2.8192979600280523,2.5222320000000025,8.0,118.0,63.0,256.0,0.024220208870247,10569.685892117956,median 5 warm calls on training rows; end-to-end preprocessing,,,,1.31063430409617,1.7177622790736522,1.0584923523918297,0.0961292838530847,,,100
100.0,0.0,0.0,29,0,regression,additive_regression,coerror_no_cert_affine,complete,,,,,,,,0.8920747236296466,-0.0330363741190191,0.8079059091758094,0.8079059091758094,0.8926943654971515,1.4382258943620994,0.0901360544217687,22.0,1.5890193258263474,8.0,affine_of_equal,True,48135.0,2.8545848755165935,2.529899999999998,8.0,118.0,63.0,256.0,0.024144334020093,10602.90169059768,median 5 warm calls on training rows; end-to-end preprocessing,,,,1.304767531774742,1.7024183119735523,1.0515948301087177,0.1042031382509011,1.516854670250122,2.0,100
100.0,0.0,0.0,29,0,regression,additive_regression,affine_profiled,complete,,,,,,,,0.96588485422892,-0.04732649396813,0.816117860140607,0.816117860140607,0.8570462691514449,1.4135658302175544,0.0374149659863945,26.0,1.625568792347296,8.0,affine_of_equal,True,47559.0,2.8193554589524865,2.522063999999993,8.0,110.0,59.0,256.0,0.0244336249306797,10477.36472694056,median 5 warm calls on training rows; end-to-end preprocessing,,,,1.3576730648927915,1.8432761511353863,1.0857209672201424,0.030085038494529,1.4696115178984184,2.0,100
,,,29,0,regression,additive_regression,random_forest,complete,,,,,,,,0.7986155346109428,,,,,,,,,,,,9376995.0,2.0686332499608397,1.850227000000004,256.0,129072.0,64664.0,256.0,0.0381719579454511,6706.493818468301,median 5 warm calls on training rows; end-to-end preprocessing,2.0686332499608397,1.850227000000004,174555136.0,1.2345292974109146,1.524062586165886,1.016305497216518,0.1980522811611849,,,100
100.0,0.0,0.0,29,1,regression,additive_regression,top_quality,infeasible,infeasible: 0 eligible < K=8,,,,,,,,,,,,,,,,8.0,,,,,,,,,,,,,,,,,,,,,,100
100.0,0.0,0.0,29,1,regression,additive_regression,coerror,infeasible,infeasible: 0 eligible < K=8,,,,,,,,,,,,,,,,8.0,,,,,,,,,,,,,,,,,,,,,,100
100.0,0.0,0.0,29,1,regression,additive_regression,random_subspace,complete,,,,,,,,0.9498554674502871,-0.0750369501041934,0.8682056265298401,0.8682056265298401,0.9227492079733024,1.274229122956456,0.0459183673469387,23.0,1.830771101843861,8.0,equal,False,47020.0,0.054187208879739,0.049793000000001,8.0,106.0,57.0,256.0,0.0203324160538613,12590.731928849273,median 5 warm calls on training rows; end-to-end preprocessing,,,,1.324783395392777,1.755051044708415,1.0377241577810037,0.0414376564190088,,,100
100.0,0.0,0.0,29,1,regression,additive_regression,top_no_cert,complete,,,,,,,,0.8982201297657366,0.0127557977592626,0.8404975190792884,0.8404975190792884,0.9215845876084572,1.3439533496376186,0.0561224489795918,22.0,1.636517546022915,8.0,equal,True,47596.0,2.799752291990444,2.5214870000000005,8.0,114.0,61.0,256.0,0.0233161251526325,10979.525899958357,median 5 warm calls on training rows; end-to-end preprocessing,,,,1.2882718125010135,1.6596442628846473,1.0118543314436703,0.0935463108392028,,,100
100.0,0.0,0.0,29,1,regression,additive_regression,coerror_no_cert,complete,,,,,,,,0.8914394609560212,0.0022232764390744,0.819664572810545,0.819664572810545,0.9003924993974965,1.4024146565798283,0.0629251700680272,21.0,1.6184031581700111,8.0,equal,True,48027.0,2.796602207934484,2.51605700000001,8.0,120.0,64.0,256.0,0.0208778751548379,12261.784214217696,median 5 warm calls on training rows; end-to-end preprocessing,,,,1.283400015199088,1.6471155990130193,1.0076976759588434,0.1003891348350833,,,100
100.0,0.0,0.0,29,1,regression,additive_regression,shrinkage_no_cert,complete,,,,,,,,0.8914394609560212,0.0022232764390744,0.819664572810545,0.819664572810545,0.9003924993974965,1.4024146565798283,0.0629251700680272,21.0,1.6184031581700111,8.0,equal,True,48027.0,2.8152813320048153,2.5208940000000055,8.0,120.0,64.0,256.0,0.0185518751386553,13799.14418821146,median 5 warm calls on training rows; end-to-end preprocessing,,,,1.283400015199088,1.6471155990130193,1.0076976759588434,0.1003891348350833,,,100
100.0,0.0,0.0,29,1,regression,additive_regression,coerror_no_cert_affine,complete,,,,,,,,0.8583033549882588,0.0022232764390744,0.819664572810545,0.819664572810545,0.9003924993974965,1.4024146565798283,0.0629251700680272,21.0,1.6184031581700111,8.0,affine_of_equal,True,48278.0,2.888264666777104,2.531929000000005,8.0,120.0,64.0,256.0,0.0240879170596599,10627.73503271162,median 5 warm calls on training rows; end-to-end preprocessing,,,,1.2593212092070798,1.5858899079587814,1.002424645517032,0.1338289838248126,1.5323585211566422,2.0,100
100.0,0.0,0.0,29,1,regression,additive_regression,affine_profiled,complete,,,,,,,,0.8597001962489018,-0.0005033030083802,0.8233220472022532,0.8233220472022532,0.9003924993974965,1.3912966640554052,0.0374149659863945,25.0,1.6293215781036048,8.0,affine_of_equal,True,47991.0,2.816006291890517,2.527093000000008,8.0,116.0,62.0,256.0,0.0282972499262541,9046.815526850314,median 5 warm calls on training rows; end-to-end preprocessing,,,,1.2603455304444109,1.5884708561112029,1.0056950406499785,0.1324193383805361,1.506831489668142,2.0,100
,,,29,1,regression,additive_regression,random_forest,complete,,,,,,,,0.7746659128003599,,,,,,,,,,,,9398019.0,2.231953250011429,1.8548370000000032,256.0,129364.0,64810.0,256.0,0.0384886669926345,6651.308553995647,median 5 warm calls on training rows; end-to-end preprocessing,2.231953250011429,1.8548370000000032,174489600.0,1.196391546812572,1.4313527332845783,0.9397936312158034,0.2182330909148718,,,100
100.0,0.0,0.0,29,2,regression,additive_regression,top_quality,infeasible,infeasible: 0 eligible < K=8,,,,,,,,,,,,,,,,8.0,,,,,,,,,,,,,,,,,,,,,,100
100.0,0.0,0.0,29,2,regression,additive_regression,coerror,infeasible,infeasible: 0 eligible < K=8,,,,,,,,,,,,,,,,8.0,,,,,,,,,,,,,,,,,,,,,,100
100.0,0.0,0.0,29,2,regression,additive_regression,random_subspace,complete,,,,,,,,0.901354107917984,-0.1083284394937616,0.8543427406860331,0.8543427406860331,0.920400197906972,1.3079247430566734,0.0527210884353741,23.0,1.804294171898401,8.0,equal,False,47308.0,0.0652222498320043,0.0529519999999905,8.0,110.0,59.0,256.0,0.0246097499039024,10402.381210684536,median 5 warm calls on training rows; end-to-end preprocessing,,,,1.305592196460071,1.7045709834574323,1.0008320754975166,0.0752799942716779,,,100
100.0,0.0,0.0,29,2,regression,additive_regression,top_no_cert,complete,,,,,,,,0.9159852519631236,-0.0107888026160749,0.8533796955032775,0.8533796955032775,0.9189144908567692,1.3115220910856231,0.0697278911564625,22.0,1.644141928475326,8.0,equal,True,47452.0,2.937720083165914,2.5911430000000024,8.0,112.0,60.0,256.0,0.021633124910295,11833.704148685976,median 5 warm calls on training rows; end-to-end preprocessing,,,,1.316145990512566,1.732240268342303,1.0187248611460011,0.0602695655329824,,,100
100.0,0.0,0.0,29,2,regression,additive_regression,coerror_no_cert,complete,,,,,,,,0.9022782111678762,-0.0265609623090682,0.8181205623296595,0.8181205623296595,0.8632476408243306,1.4081737078161007,0.0306122448979591,26.0,1.6099072367424834,8.0,equal,True,47596.0,2.932187583995983,2.588608999999991,8.0,114.0,61.0,256.0,0.0233969590626657,10941.592850350227,median 5 warm calls on training rows; end-to-end preprocessing,,,,1.3062612969287035,1.7063185758538588,1.0027244993480793,0.0743319353955633,,,100
100.0,0.0,0.0,29,2,regression,additive_regression,shrinkage_no_cert,complete,,,,,,,,0.9022782111678762,-0.0265609623090682,0.8181205623296595,0.8181205623296595,0.8632476408243306,1.4081737078161007,0.0306122448979591,26.0,1.6099072367424834,8.0,equal,True,47596.0,2.930073999101296,2.59010099999999,8.0,114.0,61.0,256.0,0.0237472499720752,10780.19561427258,median 5 warm calls on training rows; end-to-end preprocessing,,,,1.3062612969287035,1.7063185758538588,1.0027244993480793,0.0743319353955633,,,100
100.0,0.0,0.0,29,2,regression,additive_regression,coerror_no_cert_affine,complete,,,,,,,,0.8616935313166725,-0.0265609623090682,0.8181205623296595,0.8181205623296595,0.8632476408243306,1.4081737078161007,0.0306122448979591,26.0,1.6099072367424834,8.0,affine_of_equal,True,47847.0,2.959420792758465,2.5956469999999996,8.0,114.0,61.0,256.0,0.0221083750948309,11579.322265970311,median 5 warm calls on training rows; end-to-end preprocessing,,,,1.2765453289662287,1.6295679769054972,0.9807649769033538,0.1159686961922449,1.4769415576989582,2.0,100
100.0,0.0,0.0,29,2,regression,additive_regression,affine_profiled,complete,,,,,,,,0.856363497113455,-0.0327373737928872,0.8249813279131644,0.8249813279131644,0.8703384267710571,1.3895774264384462,0.0255102040816326,27.0,1.6305180472106855,8.0,affine_of_equal,True,47848.0,2.9428407920058817,2.592958999999979,8.0,114.0,61.0,256.0,0.0218762499280273,11702.188484874558,median 5 warm calls on training rows; end-to-end preprocessing,,,,1.272591147854098,1.6194882295966109,0.986528401157152,0.121436901435483,1.4474559719705655,2.0,100
,,,29,2,regression,additive_regression,random_forest,complete,,,,,,,,0.7426795762415465,,,,,,,,,,,,9384483.0,2.04306804202497,1.853129999999993,256.0,129176.0,64716.0,256.0,0.0349267080891877,7329.634368812728,median 5 warm calls on training rows; end-to-end preprocessing,2.04306804202497,1.853129999999993,174555136.0,1.1851151907372033,1.4044980153160775,0.9232343084166296,0.2380678626042482,,,100
100.0,3.0,0.03,11,0,binary,null_binary,top_quality,infeasible,infeasible: 3 eligible < K=8,,,,,,,,,,,,,,,,8.0,,,,,,,,,,,,,,,,,,,,,,100
100.0,3.0,0.03,11,0,binary,null_binary,coerror,infeasible,infeasible: 3 eligible < K=8,,,,,,,,,,,,,,,,8.0,,,,,,,,,,,,,,,,,,,,,,100
100.0,3.0,0.03,11,0,binary,null_binary,coerror_no_cert_affine,not_applicable,task restriction defined in config,,,,,,,,,,,,,,,,,,,,,,,,,,,,,,,,,,,,,,100
100.0,3.0,0.03,11,0,binary,null_binary,affine_profiled,not_applicable,task restriction defined in config,,,,,,,,,,,,,,,,,,,,,,,,,,,,,,,,,,,,,,100
100.0,3.0,0.03,11,0,binary,null_binary,random_subspace,complete,,0.485286758082274,0.52509481749994,0.7061608667020155,0.2561937100845594,0.4710739665699129,0.0747571343897761,1.0256979685098964,0.5013699829846862,0.8994811627546834,0.8994811627546834,0.9387309990770696,1.201018346907691,0.0918367346938775,20.0,0.253797718910693,8.0,equal,False,49020.0,0.0691488350275904,0.0533260000000126,8.0,112.0,60.0,256.0,0.0219068748410791,11685.829305052515,median 5 warm calls on training rows; end-to-end preprocessing,,,,,,,,,,100
100.0,3.0,0.03,11,0,binary,null_binary,top_no_cert,complete,,0.5505454909418476,0.5448741719679014,0.6912910403669497,0.2490167037674973,0.5651085977379642,0.0409940616050231,0.9969640827444594,0.552467533279952,0.8833770736291134,0.8833770736291134,0.9299645623070188,1.2396677204110045,0.0578231292517006,22.0,0.24003036949943,8.0,equal,True,49021.0,3.272205875022337,2.9598670000000027,8.0,112.0,60.0,256.0,0.0188089169096201,13610.565734865047,median 5 warm calls on training rows; end-to-end preprocessing,,,,,,,,,,100
100.0,3.0,0.03,11,0,binary,null_binary,coerror_no_cert,complete,,0.5122109898909019,0.5521644712941945,0.7016763604064673,0.2540264303317551,0.5059553598238415,0.0448993859568394,1.0170210402632571,0.5440380717645881,0.893329076003601,0.893329076003601,0.9332479139796416,1.2150866016859367,0.0612244897959183,22.0,0.2397848029079658,8.0,equal,True,48699.0,3.2696301247924566,2.958940999999996,8.0,108.0,58.0,256.0,0.0201518749818205,12703.532561160826,median 5 warm calls on training rows; end-to-end preprocessing,,,,,,,,,,100
100.0,3.0,0.03,11,0,binary,null_binary,shrinkage_no_cert,complete,,0.5122109898909019,0.5521644712941945,0.7016763604064673,0.2540264303317551,0.5059553598238415,0.0448993859568394,1.0170210402632571,0.5440380717645881,0.893329076003601,0.893329076003601,0.9332479139796416,1.2150866016859367,0.0612244897959183,22.0,0.2397848029079658,8.0,equal,True,48699.0,3.2809053340461105,2.960940000000008,8.0,108.0,58.0,256.0,0.0224313330836594,11412.607491727218,median 5 warm calls on training rows; end-to-end preprocessing,,,,,,,,,,100
,,,11,0,binary,null_binary,random_forest,complete,,0.5686617956160545,0.5447030175715138,0.6870631019359089,0.2468521881103515,0.5347813031728555,0.02603515625,0.9882982208401624,,,,,,,,,,,,2646859.0,0.7377809169702232,0.6517709999999965,256.0,31806.0,16031.0,256.0,0.0290468330495059,8813.3532341955,median 5 warm calls on training rows; end-to-end preprocessing,0.7377809169702232,0.6517709999999965,176717824.0,,,,,,,100
100.0,5.0,0.05,11,1,binary,null_binary,top_quality,infeasible,infeasible: 5 eligible < K=8,,,,,,,,,,,,,,,,8.0,,,,,,,,,,,,,,,,,,,,,,100
100.0,5.0,0.05,11,1,binary,null_binary,coerror,infeasible,infeasible: 5 eligible < K=8,,,,,,,,,,,,,,,,8.0,,,,,,,,,,,,,,,,,,,,,,100
100.0,5.0,0.05,11,1,binary,null_binary,coerror_no_cert_affine,not_applicable,task restriction defined in config,,,,,,,,,,,,,,,,,,,,,,,,,,,,,,,,,,,,,,100
100.0,5.0,0.05,11,1,binary,null_binary,affine_profiled,not_applicable,task restriction defined in config,,,,,,,,,,,,,,,,,,,,,,,,,,,,,,,,,,,,,,100
100.0,5.0,0.05,11,1,binary,null_binary,random_subspace,complete,,0.5546491842658392,0.5442754536543937,0.6929144149088377,0.249814995004474,0.5456911220098088,0.0537745498277496,1.0001601241296123,0.5015607797017316,0.9033666848823534,0.9033666848823534,0.938435643134802,1.1930273121219086,0.0357142857142857,25.0,0.2523499194053005,8.0,equal,False,48365.0,0.0738814580254256,0.0511079999999708,8.0,104.0,56.0,256.0,0.0217412081547081,11774.87461498602,median 5 warm calls on training rows; end-to-end preprocessing,,,,,,,,,,100
100.0,5.0,0.05,11,1,binary,null_binary,top_no_cert,complete,,0.53358022219998,0.546405743948596,0.7225472627339681,0.2594264919011544,0.5223200880792713,0.0769611442146627,1.038640744274465,0.5642797267540787,0.8956388606773071,0.8956388606773071,0.9322107674904596,1.210375802029161,0.1649659863945578,18.0,0.240536603412759,8.0,equal,True,48220.0,3.328531543025747,2.9588330000000127,8.0,102.0,55.0,256.0,0.0230984580703079,11082.990874143088,median 5 warm calls on training rows; end-to-end preprocessing,,,,,,,,,,100
100.0,5.0,0.05,11,1,binary,null_binary,coerror_no_cert,complete,,0.5553998598738865,0.5796395464960131,0.6880747102701147,0.2474214340146664,0.5174657191472325,0.0714379871981474,0.9905772555886956,0.5544834100690622,0.8884091542797653,0.8884091542797653,0.9322107674904596,1.226980861411617,0.0918367346938775,20.0,0.2362757269689722,8.0,equal,True,48540.0,3.3361887091305107,2.9590220000000045,8.0,106.0,57.0,256.0,0.0206841249018907,12376.6415651744,median 5 warm calls on training rows; end-to-end preprocessing,,,,,,,,,,100
100.0,5.0,0.05,11,1,binary,null_binary,shrinkage_no_cert,complete,,0.5553998598738865,0.5796395464960131,0.6880747102701147,0.2474214340146664,0.5174657191472325,0.0714379871981474,0.9905772555886956,0.5544834100690622,0.8884091542797653,0.8884091542797653,0.9322107674904596,1.226980861411617,0.0918367346938775,20.0,0.2362757269689722,8.0,equal,True,48540.0,3.322522916132584,2.9569469999999995,8.0,106.0,57.0,256.0,0.0198256250005215,12912.58157022871,median 5 warm calls on training rows; end-to-end preprocessing,,,,,,,,,,100
,,,11,1,binary,null_binary,random_forest,complete,,0.5233710339305375,0.5451580471862815,0.6992136534934863,0.252902603149414,0.5174657191472325,0.0369335937499999,1.0125216821115566,,,,,,,,,,,,2663659.0,0.7165512919891626,0.6543539999999979,256.0,32016.0,16136.0,256.0,0.0292098748032003,8764.159440079198,median 5 warm calls on training rows; end-to-end preprocessing,0.7165512919891626,0.6543539999999979,176947200.0,,,,,,,100
100.0,13.0,0.13,11,2,binary,null_binary,coerror_no_cert_affine,not_applicable,task restriction defined in config,,,,,,,,,,,,,,,,,,,,,,,,,,,,,,,,,,,,,,100
100.0,13.0,0.13,11,2,binary,null_binary,affine_profiled,not_applicable,task restriction defined in config,,,,,,,,,,,,,,,,,,,,,,,,,,,,,,,,,,,,,,100
100.0,13.0,0.13,11,2,binary,null_binary,random_subspace,complete,,0.4967470723651286,0.511743439298121,0.7000435484231737,0.2533704633147397,0.527474727254529,0.0394206159273454,1.014394808586687,0.4932642503252927,0.8999869684282249,0.8999869684282249,0.9279448474631472,1.1996840204471246,0.0527210884353741,24.0,0.2564652638633131,8.0,equal,False,49181.0,0.0574788749217987,0.0503420000000005,8.0,114.0,61.0,256.0,0.0216905830893665,11802.356762160982,median 5 warm calls on training rows; end-to-end preprocessing,,,,,,,,,,100
100.0,13.0,0.13,11,2,binary,null_binary,top_no_cert,complete,,0.5266239615654089,0.5526117852075437,0.6968981875897866,0.2518404466222548,0.5174657191472325,0.0477647291483261,1.0082692287949349,0.583045053047743,0.8799814450029185,0.8799814450029185,0.9273577141029378,1.2466805197880977,0.0799319727891156,21.0,0.2303600404260417,8.0,equal,True,49181.0,3.3019896671175957,2.969949000000014,8.0,114.0,61.0,256.0,0.0214067501947283,11958.84464812611,median 5 warm calls on training rows; end-to-end preprocessing,,,,,,,,,,100
100.0,13.0,0.13,11,2,binary,null_binary,coerror_no_cert,complete,,0.5375337804023621,0.5554449525683187,0.6923057939529343,0.249542920331506,0.5265739165248724,0.0393572451399248,0.9990708450866024,0.5768879491542388,0.8802852174585218,0.8802852174585218,0.9273577141029378,1.2458803433905368,0.0629251700680272,22.0,0.2290312873106244,8.0,equal,True,49341.0,3.3002521658781916,2.967273000000006,8.0,116.0,62.0,256.0,0.0232316670008003,11019.44169530238,median 5 warm calls on training rows; end-to-end preprocessing,,,,,,,,,,100
100.0,13.0,0.13,11,2,binary,null_binary,shrinkage_no_cert,complete,,0.5375337804023621,0.5554449525683187,0.6923057939529343,0.249542920331506,0.5265739165248724,0.0393572451399248,0.9990708450866024,0.5768879491542388,0.8802852174585218,0.8802852174585218,0.9273577141029378,1.2458803433905368,0.0629251700680272,22.0,0.2290312873106244,8.0,equal,True,49341.0,3.3089941670186818,2.9717310000000197,8.0,116.0,62.0,256.0,0.0241949579212814,10580.716892870763,median 5 warm calls on training rows; end-to-end preprocessing,,,,,,,,,,100
100.0,13.0,0.13,11,2,binary,null_binary,top_quality,complete,,0.5266239615654089,0.5526117852075437,0.6968981875897866,0.2518404466222548,0.5174657191472325,0.0477647291483261,1.0082692287949349,0.583045053047743,0.8799814450029185,0.8799814450029185,0.9273577141029378,1.2466805197880977,0.0799319727891156,21.0,0.2303600404260417,8.0,equal,True,49181.0,3.313205915968865,2.971497999999997,8.0,114.0,61.0,256.0,0.0217218750622123,11785.354591480036,median 5 warm calls on training rows; end-to-end preprocessing,,,,,,,,,,100
100.0,13.0,0.13,11,2,binary,null_binary,coerror,complete,,0.5094084676208588,0.5275282408364053,0.6992640239057928,0.2529950220355452,0.4565108597737964,0.1021187994837115,1.0128916906637784,0.5796904714242819,0.8770900963871116,0.8770900963871116,0.9273577141029378,1.253813297534841,0.0731292517006802,21.0,0.2293464831840867,8.0,equal,True,49180.0,3.309807207202539,2.9732970000000165,8.0,114.0,61.0,256.0,0.0238855420611798,10717.780628310107,median 5 warm calls on training rows; end-to-end preprocessing,,,,,,,,,,100
,,,11,2,binary,null_binary,random_forest,complete,,0.5283755379841858,0.5669584607398843,0.6977414390419184,0.2521316528320312,0.4886397757982184,0.0798046874999999,1.0094351029207538,,,,,,,,,,,,2657579.0,0.7261240410152823,0.6395530000000065,256.0,31940.0,16098.0,256.0,0.0290300829801708,8818.438451411323,median 5 warm calls on training rows; end-to-end preprocessing,0.7261240410152823,0.6395530000000065,177061888.0,,,,,,,100
100.0,7.0,0.07,29,0,binary,null_binary,top_quality,infeasible,infeasible: 7 eligible < K=8,,,,,,,,,,,,,,,,8.0,,,,,,,,,,,,,,,,,,,,,,100
100.0,7.0,0.07,29,0,binary,null_binary,coerror,infeasible,infeasible: 7 eligible < K=8,,,,,,,,,,,,,,,,8.0,,,,,,,,,,,,,,,,,,,,,,100
100.0,7.0,0.07,29,0,binary,null_binary,coerror_no_cert_affine,not_applicable,task restriction defined in config,,,,,,,,,,,,,,,,,,,,,,,,,,,,,,,,,,,,,,100
100.0,7.0,0.07,29,0,binary,null_binary,affine_profiled,not_applicable,task restriction defined in config,,,,,,,,,,,,,,,,,,,,,,,,,,,,,,,,,,,,,,100
100.0,7.0,0.07,29,0,binary,null_binary,random_subspace,complete,,0.51745,0.539054584017255,0.6966845565558623,0.2517079061378274,0.51,0.0351708073668501,1.0068316245513096,0.484334375,0.9081262170803862,0.9081262170803862,0.9500735310878184,1.181213481283505,0.042517006802721,24.0,0.2586570851777919,8.0,equal,False,48219.0,0.0679092910140752,0.0559499999999815,8.0,102.0,55.0,256.0,0.0216701249592006,11813.499021440044,median 5 warm calls on training rows; end-to-end preprocessing,,,,,,,,,,100
100.0,7.0,0.07,29,0,binary,null_binary,top_no_cert,complete,,0.5166999999999999,0.5112118363041807,0.7100645779268931,0.2574400063529133,0.525,0.0757299420015258,1.0297600254116532,0.5602796875,0.9200501332173484,0.9200501332173484,0.96377487616945,1.153951074997142,0.1343537414965986,18.0,0.2448182379198182,8.0,equal,True,48059.0,3.307566460222006,2.960211000000001,8.0,100.0,54.0,256.0,0.020531749818474,12468.494028193172,median 5 warm calls on training rows; end-to-end preprocessing,,,,,,,,,,100
100.0,7.0,0.07,29,0,binary,null_binary,coerror_no_cert,complete,,0.5806500000000001,0.5649547456364856,0.6850419070649838,0.245885227340162,0.53,0.0212828524926165,0.9835409093606484,0.5476484374999999,0.901412686622246,0.901412686622246,0.9424183075942676,1.1970282764712314,0.0629251700680272,23.0,0.2382903189953031,8.0,equal,True,47420.0,3.3134053759276867,2.9630599999999845,8.0,92.0,50.0,256.0,0.0185592079069465,13793.692127570896,median 5 warm calls on training rows; end-to-end preprocessing,,,,,,,,,,100
100.0,7.0,0.07,29,0,binary,null_binary,shrinkage_no_cert,complete,,0.5806500000000001,0.5649547456364856,0.6850419070649838,0.245885227340162,0.53,0.0212828524926165,0.9835409093606484,0.5476484375,0.901412686622246,0.901412686622246,0.9424183075942676,1.1970282764712314,0.0629251700680272,23.0,0.2382903189953031,8.0,equal,True,47420.0,3.3322680841665715,2.9667890000000057,8.0,92.0,50.0,256.0,0.0220140418969094,11628.941254806075,median 5 warm calls on training rows; end-to-end preprocessing,,,,,,,,,,100
,,,29,0,binary,null_binary,random_forest,complete,,0.4609,0.4965629385741666,0.7129001455393497,0.2596599578857422,0.4649999999999999,0.0936132812499999,1.0386398315429688,,,,,,,,,,,,2622859.0,0.7535032080486417,0.668098999999998,256.0,31506.0,15881.0,256.0,0.0284424999263137,9000.615299752888,median 5 warm calls on training rows; end-to-end preprocessing,0.7535032080486417,0.668098999999998,177143808.0,,,,,,,100
100.0,4.0,0.04,29,1,binary,null_binary,top_quality,infeasible,infeasible: 4 eligible < K=8,,,,,,,,,,,,,,,,8.0,,,,,,,,,,,,,,,,,,,,,,100
100.0,4.0,0.04,29,1,binary,null_binary,coerror,infeasible,infeasible: 4 eligible < K=8,,,,,,,,,,,,,,,,8.0,,,,,,,,,,,,,,,,,,,,,,100
100.0,4.0,0.04,29,1,binary,null_binary,coerror_no_cert_affine,not_applicable,task restriction defined in config,,,,,,,,,,,,,,,,,,,,,,,,,,,,,,,,,,,,,,100
100.0,4.0,0.04,29,1,binary,null_binary,affine_profiled,not_applicable,task restriction defined in config,,,,,,,,,,,,,,,,,,,,,,,,,,,,,,,,,,,,,,100
100.0,4.0,0.04,29,1,binary,null_binary,random_subspace,complete,,0.4486,0.4734867051891094,0.7129197916446777,0.2597008590863066,0.48,0.0716844276174075,1.0388034363452263,0.5000875,0.8957958234203517,0.8957958234203517,0.9324769843825969,1.209080819477978,0.0459183673469387,23.0,0.2547893545680657,8.0,equal,False,48860.0,0.0593690013047307,0.0533570000000054,8.0,110.0,59.0,256.0,0.0256837091874331,9967.40767199074,median 5 warm calls on training rows; end-to-end preprocessing,,,,,,,,,,100
100.0,4.0,0.04,29,1,binary,null_binary,top_no_cert,complete,,0.4927999999999999,0.4897892379748594,0.711751441687214,0.2588951522403072,0.485,0.079209328157942,1.0355806089612287,0.557203125,0.902674625559668,0.902674625559668,0.9652790304163528,1.193364371473442,0.1122448979591836,18.0,0.2376690296556265,8.0,equal,True,48700.0,3.2697608747985214,2.9570449999999937,8.0,108.0,58.0,256.0,0.023627458140254,10834.851488482956,median 5 warm calls on training rows; end-to-end preprocessing,,,,,,,,,,100
100.0,4.0,0.04,29,1,binary,null_binary,coerror_no_cert,complete,,0.46665,0.4970700337479852,0.702894578079148,0.2547849697484118,0.4549999999999999,0.0986675186980919,1.0191398789936472,0.5480421875,0.8954119399320095,0.8954119399320095,0.9354536748095824,1.2103232552827796,0.0680272108843537,22.0,0.2361525048593785,8.0,equal,True,48859.0,3.280024959007278,2.9602259999999916,8.0,110.0,59.0,256.0,0.0225361669436097,11359.518264155857,median 5 warm calls on training rows; end-to-end preprocessing,,,,,,,,,,100
100.0,4.0,0.04,29,1,binary,null_binary,shrinkage_no_cert,complete,,0.5051,0.5077535957168189,0.7021131967415118,0.254320424327129,0.515,0.0412135427136753,1.017281697308516,0.5510265625,0.8977417817273051,0.8977417817273051,0.9626840379904648,1.2050285679777195,0.0629251700680272,22.0,0.2361353331745396,8.0,equal,True,48862.0,3.272896250942722,2.9578409999999877,8.0,110.0,59.0,256.0,0.0198674579150974,12885.392841600691,median 5 warm calls on training rows; end-to-end preprocessing,,,,,,,,,,100
,,,29,1,binary,null_binary,random_forest,complete,,0.4465,0.4720970753223923,0.7203507572336372,0.2632477569580078,0.47,0.09236328125,1.0529910278320314,,,,,,,,,,,,2659819.0,0.7720934578683227,0.6764919999999961,256.0,31968.0,16112.0,256.0,0.026921666925773,9509.069431169675,median 5 warm calls on training rows; end-to-end preprocessing,0.7720934578683227,0.6764919999999961,177012736.0,,,,,,,100
100.0,3.0,0.03,29,2,binary,null_binary,top_quality,infeasible,infeasible: 3 eligible < K=8,,,,,,,,,,,,,,,,8.0,,,,,,,,,,,,,,,,,,,,,,100
100.0,3.0,0.03,29,2,binary,null_binary,coerror,infeasible,infeasible: 3 eligible < K=8,,,,,,,,,,,,,,,,8.0,,,,,,,,,,,,,,,,,,,,,,100
100.0,3.0,0.03,29,2,binary,null_binary,coerror_no_cert_affine,not_applicable,task restriction defined in config,,,,,,,,,,,,,,,,,,,,,,,,,,,,,,,,,,,,,,100
100.0,3.0,0.03,29,2,binary,null_binary,affine_profiled,not_applicable,task restriction defined in config,,,,,,,,,,,,,,,,,,,,,,,,,,,,,,,,,,,,,,100
100.0,3.0,0.03,29,2,binary,null_binary,random_subspace,complete,,0.53255,0.5222456461298174,0.6969685639560202,0.2517547055346832,0.505,0.0376703977923877,1.007018822138733,0.4915484375,0.9024836109350894,0.9024836109350894,0.940971206247202,1.1965114252621123,0.0527210884353741,23.0,0.2561796037063996,8.0,equal,False,48860.0,0.0568843339569866,0.0504190000000051,8.0,110.0,59.0,256.0,0.0212924170773476,12023.059621180852,median 5 warm calls on training rows; end-to-end preprocessing,,,,,,,,,,100
100.0,3.0,0.03,29,2,binary,null_binary,top_no_cert,complete,,0.4968,0.5155574360944846,0.7065663850020704,0.2564075789681846,0.495,0.0662646359799957,1.0256303158727385,0.5484984374999999,0.905568804047196,0.905568804047196,0.9594199930498192,1.1878246143361515,0.1088435374149659,18.0,0.2398431010168286,8.0,equal,True,49181.0,3.229932500049472,2.915477999999993,8.0,114.0,61.0,256.0,0.0186521247960627,13724.977867081356,median 5 warm calls on training rows; end-to-end preprocessing,,,,,,,,,,100
100.0,3.0,0.03,29,2,binary,null_binary,coerror_no_cert,complete,,0.5205499999999998,0.5213942905138397,0.6997300105066715,0.2532431367514032,0.49,0.0845602670924323,1.0129725470056128,0.5417000000000001,0.9021740653972224,0.9021740653972224,0.9594199930498192,1.1954054815213782,0.0748299319727891,21.0,0.2392001814567267,8.0,equal,True,49021.0,3.2509970406536013,2.925499000000002,8.0,112.0,60.0,256.0,0.0215991670265793,11852.30891936587,median 5 warm calls on training rows; end-to-end preprocessing,,,,,,,,,,100
100.0,3.0,0.03,29,2,binary,null_binary,shrinkage_no_cert,complete,,0.54905,0.5453054083691014,0.693934087917619,0.2503440348765783,0.55,0.0259794938669857,1.0013761395063132,0.5435578125,0.9096377531653664,0.9096377531653664,0.9594199930498192,1.1787286044577492,0.0816326530612244,20.0,0.2392083165652593,8.0,equal,True,49182.0,3.241088747512549,2.9194559999999967,8.0,114.0,61.0,256.0,0.0207864579278975,12315.710588499138,median 5 warm calls on training rows; end-to-end preprocessing,,,,,,,,,,100
,,,29,2,binary,null_binary,random_forest,complete,,0.4700499999999999,0.4775993193750822,0.7071953154062931,0.2569674682617187,0.5,0.0592578124999999,1.027869873046875,,,,,,,,,,,,2658219.0,0.8960102079436183,0.683985000000007,256.0,31948.0,16102.0,256.0,0.0311505829449743,8218.144759994031,median 5 warm calls on training rows; end-to-end preprocessing,0.8960102079436183,0.683985000000007,177160192.0,,,,,,,100
100.0,0.0,0.0,11,0,regression,null_regression,top_quality,infeasible,infeasible: 0 eligible < K=8,,,,,,,,,,,,,,,,8.0,,,,,,,,,,,,,,,,,,,,,,100
100.0,0.0,0.0,11,0,regression,null_regression,coerror,infeasible,infeasible: 0 eligible < K=8,,,,,,,,,,,,,,,,8.0,,,,,,,,,,,,,,,,,,,,,,100
100.0,0.0,0.0,11,0,regression,null_regression,random_subspace,complete,,,,,,,,1.000511665506318,-0.1358689695164773,0.8952751380507075,0.8952751380507075,0.9418597263095202,1.2109912251066417,0.0918367346938775,20.0,1.1106423661317426,8.0,equal,False,46588.0,0.0495101672131568,0.0477130000000016,8.0,100.0,54.0,256.0,0.0255148338619619,10033.379068230974,median 5 warm calls on training rows; end-to-end preprocessing,,,,1.03898347120112,1.079486653429129,0.8224289555058718,-0.0263056884574837,,,100
100.0,0.0,0.0,11,0,regression,null_regression,top_no_cert,complete,,,,,,,,1.0276165095748726,-0.0542990248486256,0.8945646395569605,0.8945646395569605,0.9433123711976544,1.2117064338261867,0.086734693877551,21.0,1.0305130053232463,8.0,equal,True,46299.0,3.0957419578917325,2.553194999999974,8.0,96.0,52.0,256.0,0.0227286659646779,11263.309531577586,median 5 warm calls on training rows; end-to-end preprocessing,,,,1.0529629658811226,1.10873100751717,0.8243641330718168,-0.0541093179516318,,,100
100.0,0.0,0.0,11,0,regression,null_regression,coerror_no_cert,complete,,,,,,,,1.0204800092662072,-0.0744542010845148,0.8593206634341588,0.8593206634341588,0.9182180168985612,1.2968050127465294,0.064625850340136,22.0,1.0145056070499066,8.0,equal,True,47596.0,3.096090958919376,2.552971000000028,8.0,114.0,61.0,256.0,0.0236077909357845,10843.877798492207,median 5 warm calls on training rows; end-to-end preprocessing,,,,1.0493003337522533,1.1010311904125902,0.8250587052306411,-0.0467888327289478,,,100
100.0,0.0,0.0,11,0,regression,null_regression,shrinkage_no_cert,complete,,,,,,,,1.014002037840922,-0.0700050714483576,0.8634591272122255,0.8634591272122255,0.9182180168985612,1.2868129716961052,0.0510204081632653,23.0,1.0143755030346593,8.0,equal,True,47452.0,3.096100082853809,2.552708999999993,8.0,112.0,60.0,256.0,0.022949457867071,11154.947601935331,median 5 warm calls on training rows; end-to-end preprocessing,,,,1.0459645705784035,1.0940418829052645,0.8271753733017438,-0.0401438538120149,,,100
100.0,0.0,0.0,11,0,regression,null_regression,coerror_no_cert_affine,complete,,,,,,,,1.0453725478103668,-0.0744542010845148,0.8593206634341588,0.8593206634341588,0.9182180168985612,1.2968050127465294,0.064625850340136,22.0,1.0145056070499066,8.0,affine_of_equal,True,47847.0,3.1231716668698937,2.558932999999996,8.0,114.0,61.0,256.0,0.024081541923806,10630.548525920112,median 5 warm calls on training rows; end-to-end preprocessing,,,,1.0620210033351547,1.1278886115250089,0.8322063032917949,-0.0723231216221111,1.0076332421339225,2.0,100
100.0,0.0,0.0,11,0,regression,null_regression,affine_profiled,complete,,,,,,,,1.0570720386038177,-0.0699378732100173,0.8647571727525091,0.8647571727525091,0.928117136413162,1.2834733565255805,0.0510204081632653,23.0,1.0156157997827229,8.0,affine_of_equal,True,47559.0,3.100071459077298,2.5546250000000157,8.0,110.0,59.0,256.0,0.0218402501195669,11721.477483018696,median 5 warm calls on training rows; end-to-end preprocessing,,,,1.0679473755491098,1.1405115969422313,0.8448407886285506,-0.0843242350197226,1.000899786654823,2.0,100
,,,11,0,regression,null_regression,random_forest,complete,,,,,,,,1.026955502863634,,,,,,,,,,,,9397155.0,2.2953107918147,2.077750000000009,256.0,129352.0,64804.0,256.0,0.0370859580580145,6902.882206778443,median 5 warm calls on training rows; end-to-end preprocessing,2.2953107918147,2.077750000000009,177356800.0,1.0526242560884238,1.1080178245057075,0.8358183886861877,-0.0534312699375596,,,100
100.0,0.0,0.0,11,1,regression,null_regression,top_quality,infeasible,infeasible: 0 eligible < K=8,,,,,,,,,,,,,,,,8.0,,,,,,,,,,,,,,,,,,,,,,100
100.0,0.0,0.0,11,1,regression,null_regression,coerror,infeasible,infeasible: 0 eligible < K=8,,,,,,,,,,,,,,,,8.0,,,,,,,,,,,,,,,,,,,,,,100
100.0,0.0,0.0,11,1,regression,null_regression,random_subspace,complete,,,,,,,,1.0109800007258416,-0.090031948146594,0.8992056975018498,0.8992056975018498,0.9277340224994556,1.2025372287782137,0.0357142857142857,25.0,1.0469280021875256,8.0,equal,False,47021.0,0.048001040937379,0.0465430000000139,8.0,106.0,57.0,256.0,0.028328499989584,9036.83569882369,median 5 warm calls on training rows; end-to-end preprocessing,,,,1.0677664005195182,1.1401250860784082,0.8573621142979012,-0.0149053082757393,,,100
100.0,0.0,0.0,11,1,regression,null_regression,top_no_cert,complete,,,,,,,,1.013413770976178,-0.0441724755598172,0.8980456713191399,0.8980456713191399,0.9200064488383038,1.2033984997205198,0.0714285714285714,21.0,1.0025016146100063,8.0,equal,True,47164.0,2.89082995778881,2.558573999999993,8.0,108.0,58.0,256.0,0.0235876250080764,10853.148628246605,median 5 warm calls on training rows; end-to-end preprocessing,,,,1.0690508650943655,1.1428697521590112,0.852158306392565,-0.0173485280668497,,,100
100.0,0.0,0.0,11,1,regression,null_regression,coerror_no_cert,complete,,,,,,,,0.9948601400482578,-0.0497326915413328,0.8832081620632256,0.8832081620632256,0.9438220121297636,1.238341731408345,0.0809523809523809,20.0,0.9932910709062388,8.0,equal,True,47164.0,2.8984186658635736,2.561582999999999,8.0,108.0,58.0,256.0,0.0222875839099288,11486.215869543206,median 5 warm calls on training rows; end-to-end preprocessing,,,,1.059219540291317,1.1219460345349486,0.8397161887830606,0.001277140594267,,,100
100.0,0.0,0.0,11,1,regression,null_regression,shrinkage_no_cert,complete,,,,,,,,0.9948601400482578,-0.0497326915413328,0.8832081620632256,0.8832081620632256,0.9438220121297636,1.238341731408345,0.0809523809523809,20.0,0.9932910709062388,8.0,equal,True,47164.0,2.890331249916926,2.557996999999986,8.0,108.0,58.0,256.0,0.0213715829886496,11978.523075991186,median 5 warm calls on training rows; end-to-end preprocessing,,,,1.059219540291317,1.1219460345349486,0.8397161887830606,0.001277140594267,,,100
100.0,0.0,0.0,11,1,regression,null_regression,coerror_no_cert_affine,complete,,,,,,,,1.0055132740200472,-0.0497326915413328,0.8832081620632256,0.8832081620632256,0.9438220121297636,1.238341731408345,0.0809523809523809,20.0,0.9932910709062388,8.0,affine_of_equal,True,47415.0,2.8953374580014497,2.562968000000012,8.0,108.0,58.0,256.0,0.0263767081778496,9705.532558265968,median 5 warm calls on training rows; end-to-end preprocessing,,,,1.0648755918812804,1.1339600261845073,0.8377835918191786,-0.0094173560426387,0.9840253703453912,2.0,100
100.0,0.0,0.0,11,1,regression,null_regression,affine_profiled,complete,,,,,,,,1.0165451618902743,-0.0466305947542719,0.8877726874807418,0.8877726874807418,0.9200064488383038,1.2275624532967455,0.064625850340136,22.0,0.9948186869812972,8.0,affine_of_equal,True,47417.0,2.90128945815377,2.561271000000005,8.0,108.0,58.0,256.0,0.0210992500651627,12133.132656818198,median 5 warm calls on training rows; end-to-end preprocessing,,,,1.0707012443684345,1.1464011546921136,0.8491304551688955,-0.0204920771565657,0.9822225930655052,2.0,100
,,,11,1,regression,null_regression,random_forest,complete,,,,,,,,1.0424368949329816,,,,,,,,,,,,9395139.0,2.2707366249524057,2.0127749999999907,256.0,129324.0,64790.0,256.0,0.0343140829354524,7460.493712787153,median 5 warm calls on training rows; end-to-end preprocessing,2.2707366249524057,2.0127749999999907,177356800.0,1.084251060290721,1.1756003617415525,0.8701150987821634,-0.0464843394037273,,,100
100.0,0.0,0.0,11,2,regression,null_regression,top_quality,infeasible,infeasible: 0 eligible < K=8,,,,,,,,,,,,,,,,8.0,,,,,,,,,,,,,,,,,,,,,,100
100.0,0.0,0.0,11,2,regression,null_regression,coerror,infeasible,infeasible: 0 eligible < K=8,,,,,,,,,,,,,,,,8.0,,,,,,,,,,,,,,,,,,,,,,100
100.0,0.0,0.0,11,2,regression,null_regression,random_subspace,complete,,,,,,,,0.9949100915480328,-0.1065144006848503,0.9065336886173448,0.9065336886173448,0.9304841380709562,1.1851081836940711,0.0527210884353741,24.0,1.117089653525028,8.0,equal,False,47453.0,0.0548825408332049,0.0489829999999926,8.0,112.0,60.0,256.0,0.0214681657962501,11924.633079027,median 5 warm calls on training rows; end-to-end preprocessing,,,,1.0168177367667752,1.0339183098035072,0.8088218330714417,-0.0043109740241491,,,100
100.0,0.0,0.0,11,2,regression,null_regression,top_no_cert,complete,,,,,,,,0.9950583686181864,-0.071718598799237,0.9113519344748569,0.9113519344748569,0.9279545564401596,1.1743319057630477,0.0527210884353741,23.0,1.0870655785155,8.0,equal,True,47164.0,2.7814395821187645,2.5130100000000084,8.0,108.0,58.0,256.0,0.0254082500468939,10075.467595270098,median 5 warm calls on training rows; end-to-end preprocessing,,,,1.016893504988966,1.0340724004887445,0.8069488720376142,-0.0044606521609142,,,100
100.0,0.0,0.0,11,2,regression,null_regression,coerror_no_cert,complete,,,,,,,,1.0135171289818068,-0.0877575222851872,0.8849176787906579,0.8849176787906579,0.9200861251365292,1.2359494954244674,0.0459183673469387,23.0,1.07501242820839,8.0,equal,True,47164.0,2.7863723328337073,2.5135950000000093,8.0,108.0,58.0,256.0,0.0206492089200764,12397.569368921457,median 5 warm calls on training rows; end-to-end preprocessing,,,,1.0262820703441238,1.053254887909821,0.8191781790300834,-0.0230938289248778,,,100
100.0,0.0,0.0,11,2,regression,null_regression,shrinkage_no_cert,complete,,,,,,,,1.0135171289818068,-0.0877575222851872,0.8849176787906579,0.8849176787906579,0.9200861251365292,1.2359494954244674,0.0459183673469387,23.0,1.07501242820839,8.0,equal,True,47164.0,2.782410124083981,2.5117680000000178,8.0,108.0,58.0,256.0,0.0235290410928428,10880.171401369662,median 5 warm calls on training rows; end-to-end preprocessing,,,,1.0262820703441238,1.053254887909821,0.8191781790300834,-0.0230938289248778,,,100
100.0,0.0,0.0,11,2,regression,null_regression,coerror_no_cert_affine,complete,,,,,,,,1.0112430619110298,-0.0877575222851872,0.8849176787906579,0.8849176787906579,0.9200861251365292,1.2359494954244674,0.0459183673469387,23.0,1.07501242820839,8.0,affine_of_equal,True,47415.0,2.789629332954064,2.5135790000000213,8.0,108.0,58.0,256.0,0.0224305419251322,11413.01003134325,median 5 warm calls on training rows; end-to-end preprocessing,,,,1.025130069655772,1.0508916597124476,0.8180481352800892,-0.0207982742468721,1.0747358770031668,2.0,100
100.0,0.0,0.0,11,2,regression,null_regression,affine_profiled,complete,,,,,,,,1.0112430619110298,-0.0877575222851872,0.8849176787906577,0.8849176787906577,0.9200861251365292,1.235949495424467,0.0459183673469387,23.0,1.07501242820839,8.0,affine_of_equal,True,47416.0,2.779271373990923,2.512668000000005,8.0,108.0,58.0,256.0,0.0285662079695612,8961.637479947682,median 5 warm calls on training rows; end-to-end preprocessing,,,,1.025130069655772,1.0508916597124476,0.8180481352800892,-0.0207982742468721,1.0747358770031668,2.0,100
,,,11,2,regression,null_regression,random_forest,complete,,,,,,,,1.0117931843548338,,,,,,,,,,,,9420627.0,2.2984651669394225,2.058250000000001,256.0,129678.0,64967.0,256.0,0.0371190828736871,6896.722121910841,median 5 warm calls on training rows; end-to-end preprocessing,2.2984651669394225,2.058250000000001,177340416.0,1.0254088702743187,1.0514633512372544,0.8161182692677719,-0.0213535947849417,,,100
100.0,0.0,0.0,29,0,regression,null_regression,top_quality,infeasible,infeasible: 0 eligible < K=8,,,,,,,,,,,,,,,,8.0,,,,,,,,,,,,,,,,,,,,,,100
100.0,0.0,0.0,29,0,regression,null_regression,coerror,infeasible,infeasible: 0 eligible < K=8,,,,,,,,,,,,,,,,8.0,,,,,,,,,,,,,,,,,,,,,,100
100.0,0.0,0.0,29,0,regression,null_regression,random_subspace,complete,,,,,,,,1.023619768154317,-0.1486366418876475,0.8932279200550249,0.8932279200550249,0.9441258958089794,1.2152947751980203,0.042517006802721,24.0,0.9010877717137876,8.0,equal,False,47019.0,0.059955331729725,0.0497450000000014,8.0,106.0,57.0,256.0,0.0197280410211533,12976.45314735025,median 5 warm calls on training rows; end-to-end preprocessing,,,,1.0291197792709104,1.0590875200866074,0.8465095843163667,-0.0316131210395702,,,100
100.0,0.0,0.0,29,0,regression,null_regression,top_no_cert,complete,,,,,,,,1.0201345416967034,-0.0511031059993362,0.9041261332952136,0.9041261332952136,0.9487427076301264,1.190666218425686,0.0544217687074829,23.0,0.8333448024570808,8.0,equal,True,46734.0,2.8418408315628767,2.5374980000000136,8.0,102.0,55.0,256.0,0.0227314999792724,11261.905295885945,median 5 warm calls on training rows; end-to-end preprocessing,,,,1.027366308978345,1.055481532823788,0.8442560654772905,-0.0281006787682065,,,100
100.0,0.0,0.0,29,0,regression,null_regression,coerror_no_cert,complete,,,,,,,,1.0363208656447895,-0.0564458942746949,0.8906019459399052,0.8906019459399052,0.9135525503519136,1.222278795450025,0.0493197278911564,24.0,0.8265917473301948,8.0,equal,True,46876.0,2.839652626076713,2.5374670000000066,8.0,104.0,56.0,256.0,0.0245240840595215,10438.71809355535,median 5 warm calls on training rows; end-to-end preprocessing,,,,1.0354847667899805,1.0722287022541002,0.8540523636122894,-0.0444134002354277,,,100
100.0,0.0,0.0,29,0,regression,null_regression,shrinkage_no_cert,complete,,,,,,,,1.0363208656447895,-0.0564458942746949,0.8906019459399052,0.8906019459399052,0.9135525503519136,1.222278795450025,0.0493197278911564,24.0,0.8265917473301948,8.0,equal,True,46876.0,2.845411542104557,2.5393820000000176,8.0,104.0,56.0,256.0,0.0193405000027269,13236.472684982566,median 5 warm calls on training rows; end-to-end preprocessing,,,,1.0354847667899805,1.0722287022541002,0.8540523636122894,-0.0444134002354277,,,100
100.0,0.0,0.0,29,0,regression,null_regression,coerror_no_cert_affine,complete,,,,,,,,1.0596767181888327,-0.0564458942746949,0.8906019459399052,0.8906019459399052,0.9135525503519136,1.222278795450025,0.0493197278911564,24.0,0.8265917473301948,8.0,affine_of_equal,True,47127.0,2.846319792093709,2.5382450000000034,8.0,104.0,56.0,256.0,0.0197197499219328,12981.909051253748,median 5 warm calls on training rows; end-to-end preprocessing,,,,1.0470882578523284,1.0963938197322245,0.8638425671300269,-0.0679516364898373,0.8223795227661782,2.0,100
100.0,0.0,0.0,29,0,regression,null_regression,affine_profiled,complete,,,,,,,,1.0704595775298806,-0.0606760240649401,0.8874608073569675,0.8874608073569675,0.9135525503519136,1.2300659008814836,0.0544217687074829,23.0,0.827192393850561,8.0,affine_of_equal,True,47128.0,2.8627203761134297,2.544852000000006,8.0,104.0,56.0,256.0,0.0184120831545442,13903.912873477186,median 5 warm calls on training rows; end-to-end preprocessing,,,,1.0524021560504635,1.1075502980596643,0.8677479245994028,-0.0788186981904981,0.8212172774824882,2.0,100
,,,29,0,regression,null_regression,random_forest,complete,,,,,,,,1.0663594252348687,,,,,,,,,,,,9376995.0,2.245344917057082,2.0547660000000008,256.0,129072.0,64664.0,256.0,0.0328518340829759,7792.563403108769,median 5 warm calls on training rows; end-to-end preprocessing,2.245344917057082,2.0547660000000008,177373184.0,1.050384728651125,1.1033080781834976,0.8733641935013339,-0.0746865281822719,,,100
100.0,0.0,0.0,29,1,regression,null_regression,top_quality,infeasible,infeasible: 0 eligible < K=8,,,,,,,,,,,,,,,,8.0,,,,,,,,,,,,,,,,,,,,,,100
100.0,0.0,0.0,29,1,regression,null_regression,coerror,infeasible,infeasible: 0 eligible < K=8,,,,,,,,,,,,,,,,8.0,,,,,,,,,,,,,,,,,,,,,,100
100.0,0.0,0.0,29,1,regression,null_regression,random_subspace,complete,,,,,,,,1.0248133812422968,-0.1382940414898603,0.8841791651749814,0.8841791651749814,0.913569878228658,1.2368858387547703,0.0459183673469387,23.0,0.9733755886799708,8.0,equal,False,46012.0,0.0493723328690975,0.0476180000000141,8.0,92.0,50.0,256.0,0.0246276669204235,10394.81331411468,median 5 warm calls on training rows; end-to-end preprocessing,,,,0.9462576967289886,0.8954036286188506,0.7515465340054486,-0.026681090767445,,,100
100.0,0.0,0.0,29,1,regression,null_regression,top_no_cert,complete,,,,,,,,1.0260030425154711,-0.0402683842843397,0.9111227957512582,0.9111227957512582,0.9398034408134064,1.1748985432883388,0.1098639455782312,19.0,0.913195738071314,8.0,equal,True,47020.0,2.899271332193166,2.5551439999999985,8.0,106.0,57.0,256.0,0.0203299589920789,12592.253634143804,median 5 warm calls on training rows; end-to-end preprocessing,,,,0.946806772123936,0.8964430637397469,0.753930311700444,-0.0278729201833587,,,100
100.0,0.0,0.0,29,1,regression,null_regression,coerror_no_cert,complete,,,,,,,,1.0272003532820284,-0.0514002848930489,0.8949392788577775,0.8949392788577775,0.9365817772450672,1.2117237105493104,0.1251700680272109,17.0,0.908611189336407,8.0,equal,True,47164.0,2.898405165877193,2.5558379999999943,8.0,108.0,58.0,256.0,0.0258456668816506,9904.94852279277,median 5 warm calls on training rows; end-to-end preprocessing,,,,0.9473590567485376,0.8974891824034787,0.750000628236014,-0.0290724130337609,,,100
100.0,0.0,0.0,29,1,regression,null_regression,shrinkage_no_cert,complete,,,,,,,,1.028217571447958,-0.0449170176668044,0.9016331730783396,0.9016331730783396,0.9365817772450672,1.1961343448769866,0.1200680272108843,18.0,0.9089730131347752,8.0,equal,True,47452.0,2.904046749928966,2.557373000000013,8.0,112.0,60.0,256.0,0.0225148331373929,11370.281913163775,median 5 warm calls on training rows; end-to-end preprocessing,,,,0.9478280170544088,0.8983779499132925,0.7503236513914624,-0.0300914850670313,,,100
100.0,0.0,0.0,29,1,regression,null_regression,coerror_no_cert_affine,complete,,,,,,,,1.0383491093448436,-0.0514002848930489,0.8949392788577775,0.8949392788577775,0.9365817772450672,1.2117237105493104,0.1251700680272109,17.0,0.908611189336407,8.0,affine_of_equal,True,47415.0,2.901190248550847,2.557024999999996,8.0,108.0,58.0,256.0,0.0224492920096963,11403.477663768985,median 5 warm calls on training rows; end-to-end preprocessing,,,,0.9524862800047786,0.9072301135973416,0.7526951215850162,-0.0402414875645753,0.9075930267711414,2.0,100
100.0,0.0,0.0,29,1,regression,null_regression,affine_profiled,complete,,,,,,,,1.0435097998497584,-0.0514663774209256,0.8949136989539292,0.8949136989539292,0.9365817772450672,1.211533323917474,0.1251700680272108,17.0,0.9087390383794012,8.0,affine_of_equal,True,47704.0,2.9209103749599308,2.561345000000003,8.0,112.0,60.0,256.0,0.0235951670911163,10849.679470860166,median 5 warm calls on training rows; end-to-end preprocessing,,,,0.9548503184492572,0.911739130642648,0.7541527001497722,-0.0454115833631652,0.9074614800295752,2.0,100
,,,29,1,regression,null_regression,random_forest,complete,,,,,,,,1.0479696019296152,,,,,,,,,,,,9398019.0,2.368331416975707,2.07402900000001,256.0,129364.0,64810.0,256.0,0.0357679170556366,7157.252115123017,median 5 warm calls on training rows; end-to-end preprocessing,2.368331416975707,2.07402900000001,177209344.0,0.9568885854348984,0.9156357649356008,0.7577717728627513,-0.0498795133763385,,,100
100.0,0.0,0.0,29,2,regression,null_regression,top_quality,infeasible,infeasible: 0 eligible < K=8,,,,,,,,,,,,,,,,8.0,,,,,,,,,,,,,,,,,,,,,,100
100.0,0.0,0.0,29,2,regression,null_regression,coerror,infeasible,infeasible: 0 eligible < K=8,,,,,,,,,,,,,,,,8.0,,,,,,,,,,,,,,,,,,,,,,100
100.0,0.0,0.0,29,2,regression,null_regression,random_subspace,complete,,,,,,,,0.9852550582665024,-0.1661709047293574,0.8986285438179066,0.8986285438179066,0.941697857057868,1.2035677623218657,0.0527210884353741,23.0,1.0113959483102404,8.0,equal,False,46876.0,0.0543451670091599,0.0493750000000261,8.0,104.0,56.0,256.0,0.0213501248508691,11990.56219990105,median 5 warm calls on training rows; end-to-end preprocessing,,,,0.9213965189821344,0.8489715451923946,0.7639631889130419,-0.0047817755346855,,,100
100.0,0.0,0.0,29,2,regression,null_regression,top_no_cert,complete,,,,,,,,1.0015150902476522,-0.0546641196945839,0.8986105437972702,0.8986105437972702,0.9328848616553856,1.2036153508348089,0.042517006802721,25.0,0.9156485189550778,8.0,equal,True,47308.0,2.8964963748585433,2.5566900000000317,8.0,110.0,59.0,256.0,0.0230610410217195,11100.973271713605,median 5 warm calls on training rows; end-to-end preprocessing,,,,0.928968481428911,0.8629824394883369,0.7631755146266244,-0.0213640642194201,,,100
100.0,0.0,0.0,29,2,regression,null_regression,coerror_no_cert,complete,,,,,,,,1.0130960518363343,-0.0621195179393946,0.8875015682752031,0.8875015682752031,0.9213030062362983,1.229606075620299,0.0408163265306122,24.0,0.9121609644062164,8.0,equal,True,47308.0,2.92269329004921,2.5630769999999927,8.0,110.0,59.0,256.0,0.0185820001643151,13776.77309957314,median 5 warm calls on training rows; end-to-end preprocessing,,,,0.9343240801854964,0.8729614868144737,0.7681923240655254,-0.0331745482660066,,,100
100.0,0.0,0.0,29,2,regression,null_regression,shrinkage_no_cert,complete,,,,,,,,1.0130960518363343,-0.0621195179393946,0.8875015682752031,0.8875015682752031,0.9213030062362983,1.229606075620299,0.0408163265306122,24.0,0.9121609644062164,8.0,equal,True,47308.0,2.9181868326850235,2.5651850000000422,8.0,110.0,59.0,256.0,0.0239084579516202,10707.5077998768,median 5 warm calls on training rows; end-to-end preprocessing,,,,0.9343240801854964,0.8729614868144737,0.7681923240655254,-0.0331745482660066,,,100
100.0,0.0,0.0,29,2,regression,null_regression,coerror_no_cert_affine,complete,,,,,,,,1.0263238755703743,-0.0621195179393946,0.8875015682752031,0.8875015682752031,0.9213030062362983,1.229606075620299,0.0408163265306122,24.0,0.9121609644062164,8.0,affine_of_equal,True,47559.0,2.894904915941879,2.555873000000048,8.0,110.0,59.0,256.0,0.0292585410643368,8749.581854989934,median 5 warm calls on training rows; end-to-end preprocessing,,,,0.9404039542896684,0.8843595972436447,0.7741524113108721,-0.0466645335306685,0.9071903926505396,2.0,100
100.0,0.0,0.0,29,2,regression,null_regression,affine_profiled,complete,,,,,,,,1.0263238755703743,-0.0621195179393946,0.8875015682752031,0.8875015682752031,0.9213030062362983,1.229606075620299,0.0408163265306122,24.0,0.9121609644062164,8.0,affine_of_equal,True,47559.0,2.9120227489620447,2.5612070000000244,8.0,110.0,59.0,256.0,0.0201232081744819,12721.629562259894,median 5 warm calls on training rows; end-to-end preprocessing,,,,0.9404039542896684,0.8843595972436447,0.7741524113108721,-0.0466645335306685,0.9071903926505396,2.0,100
,,,29,2,regression,null_regression,random_forest,complete,,,,,,,,1.0300229979501208,,,,,,,,,,,,9384483.0,2.3251893329434097,2.118477000000013,256.0,129176.0,64716.0,256.0,0.0344767910428345,7425.285018026808,median 5 warm calls on training rows; end-to-end preprocessing,2.3251893329434097,2.118477000000013,120455168.0,0.942097152966149,0.8875470456269235,0.774910716738238,-0.050436968618879,,,100
300.0,114.0,0.38,11,0,binary,additive_binary,coerror_no_cert_affine,not_applicable,task restriction defined in config,,,,,,,,,,,,,,,,,,,,,,,,,,,,,,,,,,,,,,300
300.0,114.0,0.38,11,0,binary,additive_binary,affine_profiled,not_applicable,task restriction defined in config,,,,,,,,,,,,,,,,,,,,,,,,,,,,,,,,,,,,,,300
300.0,114.0,0.38,11,0,binary,additive_binary,random_subspace,complete,,0.6332699429486537,0.6313620679770102,0.6680901819042796,0.2377746903543232,0.5984385947352617,0.0449231455637324,0.951931701656242,0.5466604127579737,0.8588289582312154,0.8588289582312154,0.9129362047609236,1.2982458093045366,0.0561224489795918,22.0,0.2365701344041931,8.0,equal,False,49197.0,0.0666365837678313,0.0522770000000001,8.0,114.0,61.0,256.0,0.0215927911922335,11855.808622466437,median 5 warm calls on training rows; end-to-end preprocessing,,,,,,,,,,300
300.0,114.0,0.38,11,0,binary,additive_binary,top_no_cert,complete,,0.707086377739966,0.7183667037277968,0.6320355925553223,0.2206589209095057,0.6278650785707136,0.0799235651090773,0.8834086662209659,0.631661976235147,0.8580834627988362,0.8580834627988362,0.9818637255439576,1.2989675696770315,0.1772108843537415,17.0,0.218137530612644,8.0,equal,True,49324.0,9.738867665175349,8.692273000000002,8.0,116.0,62.0,256.0,0.0201048338785767,12733.256168447511,median 5 warm calls on training rows; end-to-end preprocessing,,,,,,,,,,300
300.0,114.0,0.38,11,0,binary,additive_binary,coerror_no_cert,complete,,0.7600840756681013,0.7385045561358564,0.6242213600069574,0.2162695903330289,0.7142928635772194,0.1330126062464389,0.8658359678039439,0.6173983739837399,0.8306025067289389,0.8306025067289389,0.9818637255439576,1.3716276466190884,0.0775510204081632,21.0,0.2141624282099911,8.0,equal,True,49022.0,9.728770457906649,8.690162,8.0,112.0,60.0,256.0,0.0187662921380251,13641.480059946443,median 5 warm calls on training rows; end-to-end preprocessing,,,,,,,,,,300
300.0,114.0,0.38,11,0,binary,additive_binary,shrinkage_no_cert,complete,,0.7445200680612551,0.7268120550159932,0.6281876350963101,0.2182385863268994,0.6979281353217897,0.1327175882578773,0.8737188493007356,0.6226766729205753,0.8373221042590933,0.8373221042590933,0.9818637255439576,1.35384343062786,0.0945578231292516,20.0,0.2142612980595657,8.0,equal,True,49021.0,9.74176233401522,8.693304000000001,8.0,112.0,60.0,256.0,0.0255320828873664,10026.600694088766,median 5 warm calls on training rows; end-to-end preprocessing,,,,,,,,,,300
300.0,114.0,0.38,11,0,binary,additive_binary,top_quality,complete,,0.707086377739966,0.7183667037277968,0.6320355925553223,0.2206589209095057,0.6278650785707136,0.0799235651090773,0.8834086662209659,0.631661976235147,0.8580834627988362,0.8580834627988362,0.9818637255439576,1.2989675696770315,0.1772108843537415,17.0,0.218137530612644,8.0,equal,True,49324.0,9.725135665852576,8.688580000000004,8.0,116.0,62.0,256.0,0.0231683331076055,11049.56488716755,median 5 warm calls on training rows; end-to-end preprocessing,,,,,,,,,,300
300.0,114.0,0.38,11,0,binary,additive_binary,coerror,complete,,0.7600840756681013,0.7385045561358564,0.6242213600069574,0.2162695903330289,0.7142928635772194,0.1330126062464389,0.8658359678039439,0.6173983739837399,0.8306025067289389,0.8306025067289389,0.9818637255439576,1.3716276466190884,0.0775510204081632,21.0,0.2141624282099911,8.0,equal,True,49022.0,9.726222374709325,8.689752,8.0,112.0,60.0,256.0,0.0290035409852862,8826.508464255146,median 5 warm calls on training rows; end-to-end preprocessing,,,,,,,,,,300
,,,11,0,binary,additive_binary,random_forest,complete,,0.8671804624161746,0.8609170193862157,0.5770119208456832,0.1939404296875,0.7874086678010208,0.1984765625,0.7764411047166269,,,,,,,,,,,,2451659.0,0.7101678748149425,0.6283919999999998,256.0,29366.0,14811.0,256.0,0.0321613328997045,7959.869101145107,median 5 warm calls on training rows; end-to-end preprocessing,0.7101678748149425,0.6283919999999998,185466880.0,,,,,,,300
300.0,119.0,0.3966666666666666,11,1,binary,additive_binary,coerror_no_cert_affine,not_applicable,task restriction defined in config,,,,,,,,,,,,,,,,,,,,,,,,,,,,,,,,,,,,,,300
300.0,119.0,0.3966666666666666,11,1,binary,additive_binary,affine_profiled,not_applicable,task restriction defined in config,,,,,,,,,,,,,,,,,,,,,,,,,,,,,,,,,,,,,,300
300.0,119.0,0.3966666666666666,11,1,binary,additive_binary,random_subspace,complete,,0.7330597537784005,0.7484552372345339,0.6493699976760108,0.2283074122693214,0.6575918326493844,0.1095115663601661,0.9140294248240064,0.5386757348342714,0.8657565523545019,0.8657565523545019,0.9106469332211748,1.2799179130327067,0.042517006802721,25.0,0.2415292656500554,8.0,equal,False,49197.0,0.0694105001166462,0.0536889999999985,8.0,114.0,61.0,256.0,0.0199877910781651,12807.818482736518,median 5 warm calls on training rows; end-to-end preprocessing,,,,,,,,,,300
300.0,119.0,0.3966666666666666,11,1,binary,additive_binary,top_no_cert,complete,,0.6084976478830948,0.6231125602563392,0.69225123078404,0.2484015504538349,0.5848263437093384,0.0846076679861008,0.9944763686378976,0.637163852407755,0.8703186955477692,0.8703186955477692,0.930151606433638,1.2688667425610545,0.1445578231292517,20.0,0.218544862047158,8.0,equal,True,49501.0,9.68839650042355,8.701338999999997,8.0,118.0,63.0,256.0,0.021604083944112,11849.611428202665,median 5 warm calls on training rows; end-to-end preprocessing,,,,,,,,,,300
300.0,119.0,0.3966666666666666,11,1,binary,additive_binary,coerror_no_cert,complete,,0.6063457111400261,0.6598039697419575,0.6748268748262457,0.2411688982547308,0.5462916624962466,0.0711685349694924,0.9655204233893888,0.6177564102564101,0.8316489114138068,0.8316489114138068,0.9114332721838908,1.369453943610967,0.0527210884353741,24.0,0.2115583675512539,8.0,equal,True,49675.0,9.685264331987128,8.701647999999999,8.0,120.0,64.0,256.0,0.0247121250722557,10359.287161726566,median 5 warm calls on training rows; end-to-end preprocessing,,,,,,,,,,300
300.0,119.0,0.3966666666666666,11,1,binary,additive_binary,shrinkage_no_cert,complete,,0.5972875588029226,0.6450382609144867,0.6806232846414544,0.2437185440621867,0.5757181463316985,0.0466882550711567,0.9757279381946672,0.6225906816760476,0.8392095250314343,0.8392095250314343,0.9114332721838908,1.3490346371493482,0.0799319727891156,22.0,0.2117093558494782,8.0,equal,True,49676.0,9.69363329000771,8.703662000000001,8.0,120.0,64.0,256.0,0.0231155001092702,11074.819873671437,median 5 warm calls on training rows; end-to-end preprocessing,,,,,,,,,,300
300.0,119.0,0.3966666666666666,11,1,binary,additive_binary,top_quality,complete,,0.6084976478830948,0.6231125602563392,0.69225123078404,0.2484015504538349,0.5848263437093384,0.0846076679861008,0.9944763686378976,0.637163852407755,0.8703186955477692,0.8703186955477692,0.930151606433638,1.2688667425610545,0.1445578231292517,20.0,0.218544862047158,8.0,equal,True,49501.0,9.683091165265068,8.698565000000002,8.0,118.0,63.0,256.0,0.0229207081720232,11168.939374764612,median 5 warm calls on training rows; end-to-end preprocessing,,,,,,,,,,300
300.0,119.0,0.3966666666666666,11,1,binary,additive_binary,coerror,complete,,0.6063457111400261,0.6598039697419575,0.6748268748262457,0.2411688982547308,0.5462916624962466,0.0711685349694924,0.9655204233893888,0.6177564102564101,0.8316489114138068,0.8316489114138068,0.9114332721838908,1.369453943610967,0.0527210884353741,24.0,0.2115583675512539,8.0,equal,True,49675.0,9.673373248893768,8.697216999999998,8.0,120.0,64.0,256.0,0.0264508749824017,9678.31877661218,median 5 warm calls on training rows; end-to-end preprocessing,,,,,,,,,,300
,,,11,1,binary,additive_binary,random_forest,complete,,0.8020218196376739,0.823067303730831,0.593204073533855,0.2020358276367187,0.7191472325092583,0.122421875,0.8088510552201925,,,,,,,,,,,,2393099.0,0.7045009159483016,0.6276779999999995,256.0,28634.0,14445.0,256.0,0.0268028748687356,9551.21423555248,median 5 warm calls on training rows; end-to-end preprocessing,0.7045009159483016,0.6276779999999995,185909248.0,,,,,,,300
300.0,153.0,0.51,11,2,binary,additive_binary,coerror_no_cert_affine,not_applicable,task restriction defined in config,,,,,,,,,,,,,,,,,,,,,,,,,,,,,,,,,,,,,,300
300.0,153.0,0.51,11,2,binary,additive_binary,affine_profiled,not_applicable,task restriction defined in config,,,,,,,,,,,,,,,,,,,,,,,,,,,,,,,,,,,,,,300
300.0,153.0,0.51,11,2,binary,additive_binary,random_subspace,complete,,0.6348039215686274,0.6561981501585836,0.6671735917070076,0.2372681182409349,0.5829331732693077,0.0478047490308347,0.949357280147784,0.5645143128815935,0.8559951794449409,0.8559951794449409,0.903078922446953,1.303231764706479,0.0374149659863945,26.0,0.2341382118013474,8.0,equal,False,48861.0,0.0630008759908378,0.051366999999999,8.0,110.0,59.0,256.0,0.0217792920302599,11754.284741869282,median 5 warm calls on training rows; end-to-end preprocessing,,,,,,,,,,300
300.0,153.0,0.51,11,2,binary,additive_binary,top_no_cert,complete,,0.626750700280112,0.6341168428349784,0.6651962407059715,0.2366550640174063,0.5692276910764306,0.0571646818216856,0.9469043273678356,0.6258492017816034,0.8559728535413731,0.8559728535413731,0.98087805436247,1.3034708916333524,0.1404761904761904,19.0,0.2185496023417296,8.0,equal,True,49340.0,9.796250791056082,8.788681000000008,8.0,116.0,62.0,256.0,0.0202792910858988,12623.715440329595,median 5 warm calls on training rows; end-to-end preprocessing,,,,,,,,,,300
300.0,153.0,0.51,11,2,binary,additive_binary,coerror_no_cert,complete,,0.6863745498199278,0.6595685966224731,0.6463299219038047,0.2272603118787383,0.6251500600240096,0.0713259444189892,0.9093140417274715,0.6202097512761485,0.817784802904668,0.817784802904668,0.9300322158342708,1.407582249365254,0.0894557823129251,19.0,0.2119147773228872,8.0,equal,True,49661.0,9.791891498724,8.786597000000004,8.0,120.0,64.0,256.0,0.0267141249496489,9582.945370005984,median 5 warm calls on training rows; end-to-end preprocessing,,,,,,,,,,300
300.0,153.0,0.51,11,2,binary,additive_binary,shrinkage_no_cert,complete,,0.6863745498199278,0.6595685966224731,0.6463299219038047,0.2272603118787383,0.6251500600240096,0.0713259444189891,0.9093140417274715,0.6202097512761486,0.8177848029046683,0.8177848029046683,0.9300322158342708,1.407582249365254,0.0894557823129251,19.0,0.2119147773228872,8.0,equal,True,49677.0,9.793512708041815,8.786374000000006,8.0,120.0,64.0,256.0,0.0245407079346478,10431.646906101125,median 5 warm calls on training rows; end-to-end preprocessing,,,,,,,,,,300
300.0,153.0,0.51,11,2,binary,additive_binary,top_quality,complete,,0.626750700280112,0.6341168428349784,0.6651962407059715,0.2366550640174063,0.5692276910764306,0.0571646818216856,0.9469043273678356,0.6258492017816034,0.8559728535413731,0.8559728535413731,0.98087805436247,1.3034708916333524,0.1404761904761904,19.0,0.2185496023417296,8.0,equal,True,49340.0,9.788077540695667,8.783647000000006,8.0,116.0,62.0,256.0,0.0242572920396924,10553.527557037494,median 5 warm calls on training rows; end-to-end preprocessing,,,,,,,,,,300
300.0,153.0,0.51,11,2,binary,additive_binary,coerror,complete,,0.6863745498199278,0.6595685966224731,0.6463299219038047,0.2272603118787383,0.6251500600240096,0.0713259444189892,0.9093140417274715,0.6202097512761485,0.817784802904668,0.817784802904668,0.9300322158342708,1.407582249365254,0.0894557823129251,19.0,0.2119147773228872,8.0,equal,True,49661.0,9.81004470679909,8.790854000000007,8.0,120.0,64.0,256.0,0.0231932499445974,11037.694183071197,median 5 warm calls on training rows; end-to-end preprocessing,,,,,,,,,,300
,,,11,2,binary,additive_binary,random_forest,complete,,0.8003701480592237,0.7948731817558863,0.5923715770102786,0.2017897033691406,0.7255902360944377,0.1285546875,0.8074010337866985,,,,,,,,,,,,2392299.0,0.707443084102124,0.620984,256.0,28624.0,14440.0,256.0,0.0263894160743802,9700.858832133588,median 5 warm calls on training rows; end-to-end preprocessing,0.707443084102124,0.620984,173457408.0,,,,,,,300
300.0,122.0,0.4066666666666667,29,0,binary,additive_binary,coerror_no_cert_affine,not_applicable,task restriction defined in config,,,,,,,,,,,,,,,,,,,,,,,,,,,,,,,,,,,,,,300
300.0,122.0,0.4066666666666667,29,0,binary,additive_binary,affine_profiled,not_applicable,task restriction defined in config,,,,,,,,,,,,,,,,,,,,,,,,,,,,,,,,,,,,,,300
300.0,122.0,0.4066666666666667,29,0,binary,additive_binary,random_subspace,complete,,0.717121712171217,0.6706363410581511,0.652146940262704,0.2297241157628908,0.6892689268926893,0.1413007075591907,0.9189883618877522,0.5363333208320833,0.8561512020490529,0.8561512020490529,0.9046823544182196,1.301706256215099,0.0588435374149659,25.0,0.2397950740466443,8.0,equal,False,48716.0,0.0983922500163316,0.055022000000001,8.0,108.0,58.0,256.0,0.0237284169998019,10788.751731821649,median 5 warm calls on training rows; end-to-end preprocessing,,,,,,,,,,300
300.0,122.0,0.4066666666666667,29,0,binary,additive_binary,top_no_cert,complete,,0.6943694369436945,0.6531535114787521,0.6434116708628739,0.2257326623061747,0.6304630463046305,0.0852215795404449,0.9030209513198312,0.6428080308030804,0.860955273753609,0.860955273753609,0.9718352944331424,1.2887015891916476,0.2027210884353741,17.0,0.217968990144807,8.0,equal,True,49677.0,10.193998957052829,8.712041,8.0,120.0,64.0,256.0,0.0261778340209275,9779.265916169532,median 5 warm calls on training rows; end-to-end preprocessing,,,,,,,,,,300
300.0,122.0,0.4066666666666667,29,0,binary,additive_binary,coerror_no_cert,complete,,0.7174717471747175,0.7117379584963407,0.6352838976024635,0.2218949260892481,0.6697669766976697,0.0905021452051349,0.8876684712041131,0.6349447444744475,0.8102139752065941,0.8102139752065941,0.9327176803008618,1.429546674425712,0.1088435374149659,19.0,0.207796356703295,8.0,equal,True,49675.0,10.234407457057388,8.71556799999999,8.0,120.0,64.0,256.0,0.019205915974453,13329.22628322026,median 5 warm calls on training rows; end-to-end preprocessing,,,,,,,,,,300
300.0,122.0,0.4066666666666667,29,0,binary,additive_binary,shrinkage_no_cert,complete,,0.7174717471747175,0.7117379584963407,0.6352838976024635,0.2218949260892481,0.6697669766976697,0.0905021452051349,0.8876684712041131,0.6349447444744474,0.810213975206594,0.810213975206594,0.9327176803008618,1.4295466744257117,0.108843537414966,19.0,0.207796356703295,8.0,equal,True,49675.0,10.149428873555737,8.708787000000001,8.0,120.0,64.0,256.0,0.0208523750770837,12276.778978589267,median 5 warm calls on training rows; end-to-end preprocessing,,,,,,,,,,300
300.0,122.0,0.4066666666666667,29,0,binary,additive_binary,top_quality,complete,,0.6943694369436945,0.6531535114787521,0.6434116708628739,0.2257326623061747,0.6304630463046305,0.0852215795404449,0.9030209513198312,0.6428080308030804,0.860955273753609,0.860955273753609,0.9718352944331424,1.2887015891916476,0.2027210884353741,17.0,0.217968990144807,8.0,equal,True,49677.0,10.135600874433294,8.705824999999997,8.0,120.0,64.0,256.0,0.0285650831647217,8961.990361581147,median 5 warm calls on training rows; end-to-end preprocessing,,,,,,,,,,300
300.0,122.0,0.4066666666666667,29,0,binary,additive_binary,coerror,complete,,0.7174717471747175,0.7117379584963407,0.6352838976024635,0.2218949260892481,0.6697669766976697,0.0905021452051349,0.8876684712041131,0.6349447444744475,0.8102139752065941,0.8102139752065941,0.9327176803008618,1.429546674425712,0.1088435374149659,19.0,0.207796356703295,8.0,equal,True,49675.0,10.133122582919896,8.703056000000004,8.0,120.0,64.0,256.0,0.0212508339900523,12046.58603609794,median 5 warm calls on training rows; end-to-end preprocessing,,,,,,,,,,300
,,,29,0,binary,additive_binary,random_forest,complete,,0.8006800680068007,0.7644235233615855,0.594478790718075,0.202410659790039,0.7294729472947294,0.12986328125,0.8097236115213085,,,,,,,,,,,,2409259.0,0.7274650000035763,0.612487999999999,256.0,28836.0,14546.0,256.0,0.0283446249086409,9031.694750772916,median 5 warm calls on training rows; end-to-end preprocessing,0.7274650000035763,0.612487999999999,173064192.0,,,,,,,300
300.0,124.0,0.4133333333333333,29,1,binary,additive_binary,coerror_no_cert_affine,not_applicable,task restriction defined in config,,,,,,,,,,,,,,,,,,,,,,,,,,,,,,,,,,,,,,300
300.0,124.0,0.4133333333333333,29,1,binary,additive_binary,affine_profiled,not_applicable,task restriction defined in config,,,,,,,,,,,,,,,,,,,,,,,,,,,,,,,,,,,,,,300
300.0,124.0,0.4133333333333333,29,1,binary,additive_binary,random_subspace,complete,,0.6881688168816881,0.6914407171042677,0.6544784009828776,0.2309908607927577,0.6401640164016402,0.0812719147788699,0.9240558487559064,0.55252400240024,0.8491299367670099,0.8491299367670099,0.8900450997383311,1.321785221450544,0.0510204081632653,24.0,0.2382254887198133,8.0,equal,False,49036.0,0.0805160000454634,0.0566890000000057,8.0,112.0,60.0,256.0,0.0225613340735435,11346.846740778388,median 5 warm calls on training rows; end-to-end preprocessing,,,,,,,,,,300
300.0,124.0,0.4133333333333333,29,1,binary,additive_binary,top_no_cert,complete,,0.7145714571457147,0.6970475068203994,0.6370326661119109,0.2227445639948114,0.6451145114511452,0.0608100184856278,0.8910673627155173,0.6442878662866287,0.8306544498675384,0.8306544498675384,0.92421730615299,1.3713439817534738,0.119047619047619,20.0,0.2071624391145947,8.0,equal,True,49021.0,10.768943001050502,8.790174,8.0,112.0,60.0,256.0,0.0213542080018669,11988.26947726737,median 5 warm calls on training rows; end-to-end preprocessing,,,,,,,,,,300
300.0,124.0,0.4133333333333333,29,1,binary,additive_binary,coerror_no_cert,complete,,0.721022102210221,0.7117634253633516,0.637917124247928,0.2230972198810009,0.6702670267026702,0.0941712562335569,0.8924781273367374,0.640487486248625,0.8119176023245862,0.8119176023245862,0.8740437861892381,1.4246392709396636,0.0884353741496598,20.0,0.2046146675856981,8.0,equal,True,49180.0,10.751086541917177,8.785466999999997,8.0,114.0,61.0,256.0,0.0194361249450594,13171.34977901416,median 5 warm calls on training rows; end-to-end preprocessing,,,,,,,,,,300
300.0,124.0,0.4133333333333333,29,1,binary,additive_binary,shrinkage_no_cert,complete,,0.721022102210221,0.7117634253633516,0.637917124247928,0.2230972198810009,0.6702670267026702,0.0941712562335569,0.8924781273367374,0.6404874862486248,0.8119176023245861,0.8119176023245861,0.8740437861892381,1.4246392709396634,0.0884353741496598,20.0,0.2046146675856981,8.0,equal,True,49180.0,10.77022770815529,8.791434000000002,8.0,114.0,61.0,256.0,0.0222250409424304,11518.538960765767,median 5 warm calls on training rows; end-to-end preprocessing,,,,,,,,,,300
300.0,124.0,0.4133333333333333,29,1,binary,additive_binary,top_quality,complete,,0.7145714571457147,0.6970475068203994,0.6370326661119109,0.2227445639948114,0.6451145114511452,0.0608100184856278,0.8910673627155173,0.6442878662866287,0.8306544498675384,0.8306544498675384,0.92421730615299,1.3713439817534738,0.119047619047619,20.0,0.2071624391145947,8.0,equal,True,49021.0,10.75813158415258,8.789301000000002,8.0,112.0,60.0,256.0,0.0272608329541981,9390.762212956388,median 5 warm calls on training rows; end-to-end preprocessing,,,,,,,,,,300
300.0,124.0,0.4133333333333333,29,1,binary,additive_binary,coerror,complete,,0.721022102210221,0.7117634253633516,0.637917124247928,0.2230972198810009,0.6702670267026702,0.0941712562335569,0.8924781273367374,0.640487486248625,0.8119176023245862,0.8119176023245862,0.8740437861892381,1.4246392709396636,0.0884353741496598,20.0,0.2046146675856981,8.0,equal,True,49180.0,10.749576709000394,8.785076999999994,8.0,114.0,61.0,256.0,0.0226417081430554,11306.567436632167,median 5 warm calls on training rows; end-to-end preprocessing,,,,,,,,,,300
,,,29,1,binary,additive_binary,random_forest,complete,,0.8001300130013,0.7908788117576648,0.6017268520848386,0.2058584594726562,0.7102710271027103,0.1203515624999999,0.8235161895095758,,,,,,,,,,,,2402699.0,0.7252018328290433,0.6402450000000002,256.0,28754.0,14505.0,256.0,0.0285464159678667,8967.850825412406,median 5 warm calls on training rows; end-to-end preprocessing,0.7252018328290433,0.6402450000000002,172654592.0,,,,,,,300
300.0,170.0,0.5666666666666667,29,2,binary,additive_binary,coerror_no_cert_affine,not_applicable,task restriction defined in config,,,,,,,,,,,,,,,,,,,,,,,,,,,,,,,,,,,,,,300
300.0,170.0,0.5666666666666667,29,2,binary,additive_binary,affine_profiled,not_applicable,task restriction defined in config,,,,,,,,,,,,,,,,,,,,,,,,,,,,,,,,,,,,,,300
300.0,170.0,0.5666666666666667,29,2,binary,additive_binary,random_subspace,complete,,0.6402640264026402,0.6223657744742604,0.6694571563542834,0.2382411055017658,0.5898589858985899,0.0349100735957607,0.9530597279798612,0.5685849834983498,0.8688747720034717,0.8688747720034717,0.9131432975311984,1.272856452168627,0.0799319727891156,21.0,0.234440141231589,8.0,equal,False,48396.0,0.0719214149285107,0.0511680000000041,8.0,104.0,56.0,256.0,0.0207843340467661,12316.969089506674,median 5 warm calls on training rows; end-to-end preprocessing,,,,,,,,,,300
300.0,170.0,0.5666666666666667,29,2,binary,additive_binary,top_no_cert,complete,,0.7024702470247025,0.7423339339337863,0.639215512308551,0.2239700858421487,0.6097609760976097,0.0807483154287171,0.8959699403626314,0.6381669416941694,0.8544670794632104,0.8544670794632104,0.9993903219079724,1.306601049582288,0.1687074829931973,16.0,0.2143359593302003,8.0,equal,True,49355.0,9.87066446035169,8.49946,8.0,116.0,62.0,256.0,0.0242904999759048,10539.099658464893,median 5 warm calls on training rows; end-to-end preprocessing,,,,,,,,,,300
300.0,170.0,0.5666666666666667,29,2,binary,additive_binary,coerror_no_cert,complete,,0.7706270627062706,0.7966569876613964,0.6222458487039058,0.2154956611518773,0.7147214721472147,0.1412334315142678,0.8620688514926589,0.6309115286528653,0.8325080077528385,0.8325080077528385,0.9606434071933632,1.366827482125298,0.0537414965986394,24.0,0.2102471866250301,8.0,equal,True,49356.0,9.862174168229105,8.49748799999999,8.0,116.0,62.0,256.0,0.0212733340449631,12033.84478704282,median 5 warm calls on training rows; end-to-end preprocessing,,,,,,,,,,300
300.0,170.0,0.5666666666666667,29,2,binary,additive_binary,shrinkage_no_cert,complete,,0.7706270627062706,0.7966569876613964,0.6222458487039058,0.2154956611518773,0.7147214721472147,0.1412334315142678,0.8620688514926589,0.6309115286528653,0.8325080077528385,0.8325080077528385,0.9606434071933632,1.366827482125298,0.0537414965986394,24.0,0.2102471866250301,8.0,equal,True,49356.0,9.866201918106526,8.498762999999983,8.0,116.0,62.0,256.0,0.0244882919359952,10453.975339280682,median 5 warm calls on training rows; end-to-end preprocessing,,,,,,,,,,300
300.0,170.0,0.5666666666666667,29,2,binary,additive_binary,top_quality,complete,,0.7024702470247025,0.7423339339337863,0.639215512308551,0.2239700858421487,0.6097609760976097,0.0807483154287171,0.8959699403626314,0.6381669416941694,0.8544670794632104,0.8544670794632104,0.9993903219079724,1.306601049582288,0.1687074829931973,16.0,0.2143359593302003,8.0,equal,True,49355.0,9.864480083342642,8.49807199999998,8.0,116.0,62.0,256.0,0.0270136250182986,9476.699251825308,median 5 warm calls on training rows; end-to-end preprocessing,,,,,,,,,,300
300.0,170.0,0.5666666666666667,29,2,binary,additive_binary,coerror,complete,,0.7706270627062706,0.7966569876613964,0.6222458487039058,0.2154956611518773,0.7147214721472147,0.1412334315142678,0.8620688514926589,0.6309115286528653,0.8325080077528385,0.8325080077528385,0.9606434071933632,1.366827482125298,0.0537414965986394,24.0,0.2102471866250301,8.0,equal,True,49356.0,9.878378083463758,8.505475999999987,8.0,116.0,62.0,256.0,0.0251010828651487,10198.76319182386,median 5 warm calls on training rows; end-to-end preprocessing,,,,,,,,,,300
,,,29,2,binary,additive_binary,random_forest,complete,,0.7857285728572857,0.7747574074757744,0.6057018807590624,0.2078616333007812,0.7098709870987099,0.121171875,0.8315296861717423,,,,,,,,,,,,2432139.0,0.7098934999667108,0.638779999999997,256.0,29122.0,14689.0,256.0,0.0304244589060544,8414.282758174402,median 5 warm calls on training rows; end-to-end preprocessing,0.7098934999667108,0.638779999999997,172146688.0,,,,,,,300
300.0,0.0,0.0,11,0,regression,additive_regression,top_quality,infeasible,infeasible: 0 eligible < K=8,,,,,,,,,,,,,,,,8.0,,,,,,,,,,,,,,,,,,,,,,300
300.0,0.0,0.0,11,0,regression,additive_regression,coerror,infeasible,infeasible: 0 eligible < K=8,,,,,,,,,,,,,,,,8.0,,,,,,,,,,,,,,,,,,,,,,300
300.0,0.0,0.0,11,0,regression,additive_regression,random_subspace,complete,,,,,,,,0.9226264113774254,-0.096623955215013,0.8549141930311829,0.8549141930311829,0.8958192358741283,1.3073968129839637,0.0561224489795918,22.0,1.8736655788452397,8.0,equal,False,47181.0,0.0623204582370817,0.0478490000000135,8.0,108.0,58.0,256.0,0.0195569160860031,13089.998385953002,median 5 warm calls on training rows; end-to-end preprocessing,,,,1.406519547565594,1.9782972376841237,1.0962430355002684,0.065489197038979,,,300
300.0,0.0,0.0,11,0,regression,additive_regression,top_no_cert,complete,,,,,,,,0.9406675080565728,0.0086558211909169,0.8422945627997531,0.8422945627997531,0.909112348323202,1.3401529150000833,0.0782312925170067,21.0,1.673267387175236,8.0,equal,True,47613.0,8.169591834302992,7.333337,8.0,114.0,61.0,256.0,0.0226291250437498,11312.854540556242,median 5 warm calls on training rows; end-to-end preprocessing,,,,1.4202045592659165,2.0169809901596953,1.113807566708739,0.0472157121961193,,,300
300.0,0.0,0.0,11,0,regression,additive_regression,coerror_no_cert,complete,,,,,,,,0.9027528740472304,-0.0082205209499524,0.8146709733728051,0.8146709733728051,0.8844318541038967,1.4178077689594406,0.0663265306122448,22.0,1.6532394943290705,8.0,equal,True,47900.0,8.165591458091512,7.330929999999995,8.0,118.0,63.0,256.0,0.0193407079204916,13236.33038937345,median 5 warm calls on training rows; end-to-end preprocessing,,,,1.3912887416403457,1.9356843626151763,1.0873036062342378,0.0856187262819034,,,300
300.0,0.0,0.0,11,0,regression,additive_regression,shrinkage_no_cert,complete,,,,,,,,0.9034584034500676,-0.003858663477066,0.8191013682107661,0.8191013682107661,0.8844318541038967,1.4050370412512974,0.0714285714285714,21.0,1.6538049063893272,8.0,equal,True,47901.0,8.158572334097698,7.331074000000015,8.0,118.0,63.0,256.0,0.0261400840245187,9793.388565999963,median 5 warm calls on training rows; end-to-end preprocessing,,,,1.3918323031350908,1.9371971600503313,1.0889509981763006,0.084904108923645,,,300
300.0,0.0,0.0,11,0,regression,additive_regression,coerror_no_cert_affine,complete,,,,,,,,0.8634713206120658,-0.0082205209499524,0.8146709733728051,0.8146709733728051,0.8844318541038967,1.4178077689594406,0.0663265306122448,22.0,1.6532394943290705,8.0,affine_of_equal,True,48135.0,8.16445529134944,7.334446999999997,8.0,118.0,63.0,256.0,0.0264578328933566,9675.773561344067,median 5 warm calls on training rows; end-to-end preprocessing,,,,1.3606824699169555,1.8514567839393063,1.0656643581272838,0.1254062671430497,1.5331312869314804,2.0,300
300.0,0.0,0.0,11,0,regression,additive_regression,affine_profiled,complete,,,,,,,,0.8853662523582061,-0.0239898248338984,0.8148715153317806,0.8148715153317806,0.8683952806435261,1.4161543240540293,0.0255102040816326,27.0,1.679628229843733,8.0,affine_of_equal,True,47849.0,8.16352904168889,7.332056000000009,8.0,114.0,61.0,256.0,0.0226908749900758,11282.068237208356,median 5 warm calls on training rows; end-to-end preprocessing,,,,1.377825800531293,1.8984039366096983,1.0840187444457698,0.1032293058133657,1.484501564512887,2.0,300
,,,11,0,regression,additive_regression,random_forest,complete,,,,,,,,0.7641730280601253,,,,,,,,,,,,9397155.0,2.149188415845856,1.9230149999999924,256.0,129352.0,64804.0,256.0,0.0331612080335617,7719.863514649654,median 5 warm calls on training rows; end-to-end preprocessing,2.149188415845856,1.9230149999999924,179601408.0,1.280055156447785,1.6385412035485627,1.0150860604010434,0.2259836253901809,,,300
300.0,0.0,0.0,11,1,regression,additive_regression,top_quality,infeasible,infeasible: 0 eligible < K=8,,,,,,,,,,,,,,,,8.0,,,,,,,,,,,,,,,,,,,,,,300
300.0,0.0,0.0,11,1,regression,additive_regression,coerror,infeasible,infeasible: 0 eligible < K=8,,,,,,,,,,,,,,,,8.0,,,,,,,,,,,,,,,,,,,,,,300
300.0,0.0,0.0,11,1,regression,additive_regression,random_subspace,complete,,,,,,,,0.9779909931589716,-0.0816528723149402,0.8652701794738169,0.8652701794738169,0.9212764201894889,1.2801653800195982,0.042517006802721,25.0,1.866095054828188,8.0,equal,False,47037.0,0.05546470801346,0.050145999999998,8.0,106.0,57.0,256.0,0.022400917019695,11428.10358053302,median 5 warm calls on training rows; end-to-end preprocessing,,,,1.4488026292070977,2.0990290583973983,1.1231832073233083,0.0219926342071585,,,300
300.0,0.0,0.0,11,1,regression,additive_regression,top_no_cert,complete,,,,,,,,0.9380463490752254,0.0268864014667217,0.833744598226141,0.833744598226141,0.8962835174734507,1.3623008873683191,0.1241496598639455,18.0,1.6270178481759907,8.0,equal,True,48043.0,8.233321792911738,7.412946000000019,8.0,120.0,64.0,256.0,0.0216142500285059,11844.038061111294,median 5 warm calls on training rows; end-to-end preprocessing,,,,1.4189070501818255,2.01329721705569,1.1155631528614842,0.0619379470077303,,,300
300.0,0.0,0.0,11,1,regression,additive_regression,coerror_no_cert,complete,,,,,,,,0.9178568090037548,0.0097788914415436,0.8045655744332224,0.8045655744332224,0.8643601483041595,1.446233593356745,0.0731292517006802,21.0,1.6054763835935495,8.0,equal,True,47901.0,8.239764291094616,7.417038000000019,8.0,118.0,63.0,256.0,0.019176207948476,13349.876090613849,median 5 warm calls on training rows; end-to-end preprocessing,,,,1.4035544480566795,1.9699650886596904,1.0869897504154098,0.0821278250740804,,,300
300.0,0.0,0.0,11,1,regression,additive_regression,shrinkage_no_cert,complete,,,,,,,,0.9205854885180316,0.020106660693145,0.8146046371079743,0.8146046371079743,0.8667701756263394,1.416616261724306,0.1020408163265306,17.0,1.6059481537766025,8.0,equal,True,47899.0,8.23393183387816,7.413196000000013,8.0,118.0,63.0,256.0,0.0202730419114232,12627.606706409078,median 5 warm calls on training rows; end-to-end preprocessing,,,,1.4056392002928109,1.975821561399813,1.091697614610702,0.0793990998787379,,,300
300.0,0.0,0.0,11,1,regression,additive_regression,coerror_no_cert_affine,complete,,,,,,,,0.9101508631609276,0.0097788914415436,0.8045655744332224,0.8045655744332224,0.8643601483041595,1.446233593356745,0.0731292517006802,21.0,1.6054763835935495,8.0,affine_of_equal,True,48136.0,8.238564916420728,7.413029000000009,8.0,118.0,63.0,256.0,0.0219364999793469,11670.047648486388,median 5 warm calls on training rows; end-to-end preprocessing,,,,1.397650198439054,1.9534260771967271,1.074451093806893,0.0898338999228295,1.4467122759093138,2.0,300
300.0,0.0,0.0,11,1,regression,additive_regression,affine_profiled,complete,,,,,,,,0.9923074399171729,-0.0037237622180478,0.812374650589302,0.812374650589302,0.8564145395602549,1.4216563508147897,0.0408163265306122,24.0,1.641264043809466,8.0,affine_of_equal,True,47990.0,8.249927958939224,7.418455000000023,8.0,116.0,62.0,256.0,0.0210971659980714,12134.331218866168,median 5 warm calls on training rows; end-to-end preprocessing,,,,1.4593683444731096,2.129755964850185,1.1006102997931757,0.0076759477760535,1.371985434230394,2.0,300
,,,11,1,regression,additive_regression,random_forest,complete,,,,,,,,0.8437841736682236,,,,,,,,,,,,9395139.0,2.0684867079835385,1.8452659999999952,256.0,129324.0,64790.0,256.0,0.037750291172415,6781.404647471035,median 5 warm calls on training rows; end-to-end preprocessing,2.0684867079835385,1.8452659999999952,124420096.0,1.3457286099431396,1.810985491619495,1.0309657348028052,0.1562017004661626,,,300
300.0,0.0,0.0,11,2,regression,additive_regression,top_quality,infeasible,infeasible: 0 eligible < K=8,,,,,,,,,,,,,,,,8.0,,,,,,,,,,,,,,,,,,,,,,300
300.0,0.0,0.0,11,2,regression,additive_regression,coerror,infeasible,infeasible: 0 eligible < K=8,,,,,,,,,,,,,,,,8.0,,,,,,,,,,,,,,,,,,,,,,300
300.0,0.0,0.0,11,2,regression,additive_regression,random_subspace,complete,,,,,,,,0.9487525648123624,-0.0735881007349404,0.8599670646051119,0.8599670646051119,0.925938295969154,1.2943467192849676,0.0374149659863945,26.0,2.0166546250595303,8.0,equal,False,46877.0,0.0622434178367257,0.0483250000000055,8.0,104.0,56.0,256.0,0.0204571660142391,12513.952314891096,median 5 warm calls on training rows; end-to-end preprocessing,,,,1.3031180066313417,1.6981165392068407,1.080891706938898,0.0354665394322266,,,300
300.0,0.0,0.0,11,2,regression,additive_regression,top_no_cert,complete,,,,,,,,0.9179935130922088,0.0369675159919404,0.8528125550987126,0.8528125550987126,0.9196640942797204,1.312825460282827,0.1156462585034013,20.0,1.7965048066316882,8.0,equal,True,47612.0,8.447335042059422,7.50382900000001,8.0,114.0,61.0,256.0,0.0196492499671876,13028.48711413898,median 5 warm calls on training rows; end-to-end preprocessing,,,,1.281820080040752,1.6430627175956796,1.0587580844652031,0.066737216002456,,,300
300.0,0.0,0.0,11,2,regression,additive_regression,coerror_no_cert,complete,,,,,,,,0.8663974164087651,0.0127556068366074,0.8005003704974479,0.8005003704974479,0.8755006393371223,1.458909561377661,0.1020408163265306,19.0,1.7436931542974776,8.0,equal,True,47899.0,8.430021583335474,7.501956000000007,8.0,118.0,63.0,256.0,0.0259311669506132,9872.289993256383,median 5 warm calls on training rows; end-to-end preprocessing,,,,1.2452766327225813,1.5507138920048904,1.0360023271863192,0.1191915265694198,,,300
300.0,0.0,0.0,11,2,regression,additive_regression,shrinkage_no_cert,complete,,,,,,,,0.8779257847503272,0.0199031036427767,0.8070625824291422,0.8070625824291422,0.9196640942797204,1.438964766865631,0.086734693877551,20.0,1.7429378674372622,8.0,equal,True,47612.0,8.435655790846795,7.506188000000023,8.0,114.0,61.0,256.0,0.0202984160277992,12611.821515994196,median 5 warm calls on training rows; end-to-end preprocessing,,,,1.2535341407274188,1.571347841969228,1.038288292257063,0.1074714033006243,,,300
300.0,0.0,0.0,11,2,regression,additive_regression,coerror_no_cert_affine,complete,,,,,,,,0.8687229716655416,0.0127556068366074,0.8005003704974479,0.8005003704974479,0.8755006393371223,1.458909561377661,0.1020408163265306,19.0,1.7436931542974776,8.0,affine_of_equal,True,48134.0,8.437095708446577,7.505125000000021,8.0,118.0,63.0,256.0,0.0211647078394889,12095.60755298293,median 5 warm calls on training rows; end-to-end preprocessing,,,,1.2469467778883827,1.5548762668862195,1.0196465641210255,0.1168272896305676,1.5826100433371255,2.0,300
300.0,0.0,0.0,11,2,regression,additive_regression,affine_profiled,complete,,,,,,,,0.8504279184722461,0.0064887772871493,0.8137740156773179,0.8137740156773179,0.8778484404667768,1.4190923485283478,0.0476190476190476,23.0,1.7801348129065004,8.0,affine_of_equal,True,47704.0,8.429239541990682,7.5023570000000035,8.0,112.0,60.0,256.0,0.0201776248868554,12687.32080388553,median 5 warm calls on training rows; end-to-end preprocessing,,,,1.2337467425697948,1.5221310248015794,1.0253240553036556,0.1354266501195595,1.490344034504112,2.0,300
,,,11,2,regression,additive_regression,random_forest,complete,,,,,,,,0.7790846098513178,,,,,,,,,,,,9420627.0,2.0262181248981506,1.8419510000000088,256.0,129678.0,64967.0,256.0,0.0391395420301705,6540.69993467638,median 5 warm calls on training rows; end-to-end preprocessing,2.0262181248981506,1.8419510000000088,173948928.0,1.1808631687915163,1.394437823408341,0.986067363624628,0.2079566341266205,,,300
300.0,0.0,0.0,29,0,regression,additive_regression,top_quality,infeasible,infeasible: 0 eligible < K=8,,,,,,,,,,,,,,,,8.0,,,,,,,,,,,,,,,,,,,,,,300
300.0,0.0,0.0,29,0,regression,additive_regression,coerror,infeasible,infeasible: 0 eligible < K=8,,,,,,,,,,,,,,,,8.0,,,,,,,,,,,,,,,,,,,,,,300
300.0,0.0,0.0,29,0,regression,additive_regression,random_subspace,complete,,,,,,,,0.9489361222029812,-0.0942317263233836,0.8540172050397297,0.8540172050397297,0.9415094730217898,1.308336413490219,0.0588435374149659,25.0,1.7652264424607005,8.0,equal,False,47324.0,0.0464413750451058,0.0454190000000096,8.0,110.0,59.0,256.0,0.0235188328661024,10884.893883019644,median 5 warm calls on training rows; end-to-end preprocessing,,,,1.3457085552397046,1.8109315156453332,1.0814569666691056,0.0471044882752468,,,300
300.0,0.0,0.0,29,0,regression,additive_regression,top_no_cert,complete,,,,,,,,0.9204727573417136,0.0386715118557794,0.8266672187386159,0.8266672187386159,0.942212760810136,1.3799182195958049,0.1608843537414966,19.0,1.5089945429759877,8.0,equal,True,47901.0,8.513370166067034,7.481155000000015,8.0,118.0,63.0,256.0,0.022509166970849,11373.144120861429,median 5 warm calls on training rows; end-to-end preprocessing,,,,1.3253726175882357,1.7566125754526916,1.0728875858553906,0.075686615133185,,,300
300.0,0.0,0.0,29,0,regression,additive_regression,coerror_no_cert,complete,,,,,,,,0.9197330316225488,0.0235688741871957,0.791824331145376,0.791824331145376,0.9259395432954652,1.4832701717267425,0.0952380952380952,20.0,1.4771584845172143,8.0,equal,True,48045.0,8.52883599861525,7.486213000000035,8.0,120.0,64.0,256.0,0.0238104171585291,10751.59659301886,median 5 warm calls on training rows; end-to-end preprocessing,,,,1.3248399514892717,1.755200897062096,1.082173331874766,0.0764294273217056,,,300
300.0,0.0,0.0,29,0,regression,additive_regression,shrinkage_no_cert,complete,,,,,,,,0.902874638474776,0.0294727510704938,0.7988684802131701,0.7988684802131701,0.940545639598428,1.4620225082666365,0.1115646258503401,19.0,1.4790154244639673,8.0,equal,True,47756.0,8.522603624965996,7.48635400000002,8.0,116.0,62.0,256.0,0.0256439170334488,9982.87428812395,median 5 warm calls on training rows; end-to-end preprocessing,,,,1.3126418637832633,1.7230286625563993,1.0744268823981866,0.0933581612897098,,,300
300.0,0.0,0.0,29,0,regression,additive_regression,coerror_no_cert_affine,complete,,,,,,,,0.9643243045898752,0.0235688741871957,0.791824331145376,0.791824331145376,0.9259395432954652,1.4832701717267425,0.0952380952380952,20.0,1.4771584845172143,8.0,affine_of_equal,True,48280.0,8.518997123930603,7.48608200000001,8.0,120.0,64.0,256.0,0.0296777500770986,8625.990829323251,median 5 warm calls on training rows; end-to-end preprocessing,,,,1.3565758467928184,1.8402980281016523,1.1236240906686226,0.0316520994505575,1.3370681517168796,2.0,300
300.0,0.0,0.0,29,0,regression,additive_regression,affine_profiled,complete,,,,,,,,0.9003917987364823,0.0013309561821655,0.8001711106557134,0.8001711106557134,0.8564118233252347,1.4576046833852403,0.042517006802721,24.0,1.52476741946672,8.0,affine_of_equal,True,48134.0,8.547177373897284,7.491377,8.0,118.0,63.0,256.0,0.0208467910997569,12280.067410613838,median 5 warm calls on training rows; end-to-end preprocessing,,,,1.3108357863465332,1.7182904587667338,1.0492550104067246,0.0958513605552827,1.2589397911287612,2.0,300
,,,29,0,regression,additive_regression,random_forest,complete,,,,,,,,0.7986155346109428,,,,,,,,,,,,9376995.0,2.066390542080626,1.836888999999999,256.0,129072.0,64664.0,256.0,0.0361399590037763,7083.57195350582,median 5 warm calls on training rows; end-to-end preprocessing,2.066390542080626,1.836888999999999,175931392.0,1.2345292974109146,1.524062586165886,1.016305497216518,0.1980522811611849,,,300
300.0,0.0,0.0,29,1,regression,additive_regression,top_quality,infeasible,infeasible: 0 eligible < K=8,,,,,,,,,,,,,,,,8.0,,,,,,,,,,,,,,,,,,,,,,300
300.0,0.0,0.0,29,1,regression,additive_regression,coerror,infeasible,infeasible: 0 eligible < K=8,,,,,,,,,,,,,,,,8.0,,,,,,,,,,,,,,,,,,,,,,300
300.0,0.0,0.0,29,1,regression,additive_regression,random_subspace,complete,,,,,,,,0.9184861033293572,-0.0966029306536678,0.8537218264743348,0.8537218264743348,0.8992473060495099,1.310133360530645,0.0510204081632653,24.0,1.841161184083458,8.0,equal,False,47324.0,0.0662800841964781,0.0487779999999986,8.0,110.0,59.0,256.0,0.024641458177939,10388.995576129948,median 5 warm calls on training rows; end-to-end preprocessing,,,,1.3027239800993744,1.6970897683259552,1.0214229743840684,0.0730945686744282,,,300
300.0,0.0,0.0,29,1,regression,additive_regression,top_no_cert,complete,,,,,,,,0.905905398975938,0.0267089060465855,0.8328709499413558,0.8328709499413558,0.9735080202224538,1.3643911772528414,0.0578231292517006,24.0,1.6008321959162846,8.0,equal,True,47885.0,8.165159459924325,7.387562000000017,8.0,118.0,63.0,256.0,0.0230554998852312,11103.641268866471,median 5 warm calls on training rows; end-to-end preprocessing,,,,1.293771370786267,1.6738443598661763,1.0176240601958968,0.0857905943985146,,,300
300.0,0.0,0.0,29,1,regression,additive_regression,coerror_no_cert,complete,,,,,,,,0.8811911423967907,0.02349556123557,0.8154809269049146,0.8154809269049146,0.8734593558004333,1.4143021022965678,0.0799319727891156,21.0,1.5773676747905447,8.0,equal,True,48029.0,8.125573043012992,7.381865000000019,8.0,120.0,64.0,256.0,0.0239824159070849,10674.487549203575,median 5 warm calls on training rows; end-to-end preprocessing,,,,1.276001468412606,1.6281797473911268,1.0079037244849829,0.1107313948867839,,,300
300.0,0.0,0.0,29,1,regression,additive_regression,shrinkage_no_cert,complete,,,,,,,,0.8811911423967907,0.02349556123557,0.8154809269049146,0.8154809269049146,0.8734593558004333,1.4143021022965678,0.0799319727891156,21.0,1.5773676747905447,8.0,equal,True,48029.0,8.129688166780397,7.385052000000016,8.0,120.0,64.0,256.0,0.0195909170433878,13067.28007846893,median 5 warm calls on training rows; end-to-end preprocessing,,,,1.276001468412606,1.6281797473911268,1.0079037244849829,0.1107313948867839,,,300
300.0,0.0,0.0,29,1,regression,additive_regression,coerror_no_cert_affine,complete,,,,,,,,0.849607300984229,0.02349556123557,0.8154809269049146,0.8154809269049146,0.8734593558004333,1.4143021022965678,0.0799319727891156,21.0,1.5773676747905447,8.0,affine_of_equal,True,48280.0,8.14768583397381,7.390162000000004,8.0,120.0,64.0,256.0,0.0194465420208871,13164.294182741363,median 5 warm calls on training rows; end-to-end preprocessing,,,,1.252925448946386,1.5698221806175032,0.9954014727019094,0.1426047504457971,1.481754217319074,2.0,300
300.0,0.0,0.0,29,1,regression,additive_regression,affine_profiled,complete,,,,,,,,0.8519195442697215,0.0178438378271807,0.8249740323240492,0.8249740323240492,0.8854006077055434,1.3883487409812565,0.032312925170068,26.0,1.6017042905909773,8.0,affine_of_equal,True,48136.0,8.136138291098177,7.385528000000022,8.0,118.0,63.0,256.0,0.0205259169451892,12472.03721439592,median 5 warm calls on training rows; end-to-end preprocessing,,,,1.2546292360998077,1.5740945200763865,0.9944951229932952,0.1402713119189644,1.4276537456956464,2.0,300
,,,29,1,regression,additive_regression,random_forest,complete,,,,,,,,0.7746659128003599,,,,,,,,,,,,9398019.0,2.042959125014022,1.827545999999998,256.0,129364.0,64810.0,256.0,0.033953458070755,7539.732756131236,median 5 warm calls on training rows; end-to-end preprocessing,2.042959125014022,1.827545999999998,175882240.0,1.196391546812572,1.4313527332845783,0.9397936312158034,0.2182330909148718,,,300
300.0,0.0,0.0,29,2,regression,additive_regression,top_quality,infeasible,infeasible: 0 eligible < K=8,,,,,,,,,,,,,,,,8.0,,,,,,,,,,,,,,,,,,,,,,300
300.0,0.0,0.0,29,2,regression,additive_regression,coerror,infeasible,infeasible: 0 eligible < K=8,,,,,,,,,,,,,,,,8.0,,,,,,,,,,,,,,,,,,,,,,300
300.0,0.0,0.0,29,2,regression,additive_regression,random_subspace,complete,,,,,,,,0.9312509087926736,-0.0848919795831676,0.8681829458596579,0.8681829458596579,0.90157654174548,1.2756756506011602,0.0799319727891156,21.0,1.7897031279742197,8.0,equal,False,47036.0,0.0664537919219583,0.0507259999999973,8.0,106.0,57.0,256.0,0.0186106250621378,13755.583122289432,median 5 warm calls on training rows; end-to-end preprocessing,,,,1.327068006770853,1.7611094945947643,1.02423819754377,0.0446081754678997,,,300
300.0,0.0,0.0,29,2,regression,additive_regression,top_no_cert,complete,,,,,,,,0.9572906619466808,0.0161215523302419,0.8635091366737485,0.8635091366737485,0.939254502962855,1.2859259472891271,0.0833333333333333,19.0,1.6164766230848528,8.0,equal,True,47323.0,8.19313099887222,7.392016999999967,8.0,110.0,59.0,256.0,0.0239338339306414,10696.15510585852,median 5 warm calls on training rows; end-to-end preprocessing,,,,1.3454939079089177,1.8103538562200108,1.039689874840684,0.0178933910405473,,,300
300.0,0.0,0.0,29,2,regression,additive_regression,coerror_no_cert,complete,,,,,,,,0.9282781457319712,-0.0091508660064499,0.8119645223341048,0.8119645223341048,0.8826104096982711,1.4253144420757144,0.0663265306122449,22.0,1.5721693735004751,8.0,equal,True,47900.0,8.20642208098434,7.397964999999928,8.0,118.0,63.0,256.0,0.0226977078709751,11278.671901816217,median 5 warm calls on training rows; end-to-end preprocessing,,,,1.324948163382264,1.7554876356500346,1.014659173245981,0.0476580017796381,,,300
300.0,0.0,0.0,29,2,regression,additive_regression,shrinkage_no_cert,complete,,,,,,,,0.9282781457319712,-0.0091508660064499,0.8119645223341048,0.8119645223341048,0.8826104096982711,1.4253144420757144,0.0663265306122448,22.0,1.5721693735004751,8.0,equal,True,47900.0,8.207176541211084,7.396924999999996,8.0,118.0,63.0,256.0,0.0192425418645143,13303.855686139676,median 5 warm calls on training rows; end-to-end preprocessing,,,,1.324948163382264,1.7554876356500346,1.014659173245981,0.0476580017796381,,,300
300.0,0.0,0.0,29,2,regression,additive_regression,coerror_no_cert_affine,complete,,,,,,,,0.9071521985835956,-0.0091508660064499,0.8119645223341048,0.8119645223341048,0.8826104096982711,1.4253144420757144,0.0663265306122449,22.0,1.5721693735004751,8.0,affine_of_equal,True,48135.0,8.233757665148005,7.398009999999985,8.0,118.0,63.0,256.0,0.0203989159781485,12549.686477174986,median 5 warm calls on training rows; end-to-end preprocessing,,,,1.309784670412432,1.7155358828474028,1.0182041085225644,0.0693315990888986,1.4157884116938146,2.0,300
300.0,0.0,0.0,29,2,regression,additive_regression,affine_profiled,complete,,,,,,,,0.898254664813249,-0.0007168015104362,0.8231329830169569,0.8231329830169569,0.8833057132194808,1.3939012837364329,0.042517006802721,24.0,1.5775451583909268,8.0,affine_of_equal,True,47847.0,8.193798081949353,7.393336999999988,8.0,114.0,61.0,256.0,0.0223037919495254,11477.868901366188,median 5 warm calls on training rows; end-to-end preprocessing,,,,1.3033455248084556,1.698709557038229,1.0147895430442089,0.07845978456762,1.3435845041798005,2.0,300
,,,29,2,regression,additive_regression,random_forest,complete,,,,,,,,0.7426795762415465,,,,,,,,,,,,9384483.0,2.0358252089936286,1.859255999999988,256.0,129176.0,64716.0,256.0,0.0376661668997257,6796.5503546330765,median 5 warm calls on training rows; end-to-end preprocessing,2.0358252089936286,1.859255999999988,174915584.0,1.1851151907372033,1.4044980153160775,0.9232343084166296,0.2380678626042482,,,300
300.0,7.0,0.0233333333333333,11,0,binary,null_binary,top_quality,infeasible,infeasible: 7 eligible < K=8,,,,,,,,,,,,,,,,8.0,,,,,,,,,,,,,,,,,,,,,,300
300.0,7.0,0.0233333333333333,11,0,binary,null_binary,coerror,infeasible,infeasible: 7 eligible < K=8,,,,,,,,,,,,,,,,8.0,,,,,,,,,,,,,,,,,,,,,,300
300.0,7.0,0.0233333333333333,11,0,binary,null_binary,coerror_no_cert_affine,not_applicable,task restriction defined in config,,,,,,,,,,,,,,,,,,,,,,,,,,,,,,,,,,,,,,300
300.0,7.0,0.0233333333333333,11,0,binary,null_binary,affine_profiled,not_applicable,task restriction defined in config,,,,,,,,,,,,,,,,,,,,,,,,,,,,,,,,,,,,,,300
300.0,7.0,0.0233333333333333,11,0,binary,null_binary,random_subspace,complete,,0.5558002201981784,0.5327165195502461,0.6945608773752909,0.2505736009663494,0.5563006706035432,0.0617978600878318,1.0031972814186745,0.508495145631068,0.8979910512133521,0.8979910512133521,0.9242785454210488,1.2040959246442606,0.0561224489795918,22.0,0.2517958320484251,8.0,equal,False,48557.0,0.0524919582530856,0.0512479999999584,8.0,106.0,57.0,256.0,0.023722416954115,10791.480501129658,median 5 warm calls on training rows; end-to-end preprocessing,,,,,,,,,,300
300.0,7.0,0.0233333333333333,11,0,binary,null_binary,top_no_cert,complete,,0.537834050645581,0.5647419097222688,0.7025936154518653,0.2541362279670464,0.5220198178360524,0.0533204494743514,1.0174606264319743,0.5718912646381743,0.8822887392826567,0.8822887392826567,0.9539450621473312,1.2403949675629955,0.1071428571428571,19.0,0.2330588163578483,8.0,equal,True,49499.0,9.438309750286862,8.590577000000053,8.0,118.0,63.0,256.0,0.0203271249774843,12594.009250376645,median 5 warm calls on training rows; end-to-end preprocessing,,,,,,,,,,300
300.0,7.0,0.0233333333333333,11,0,binary,null_binary,coerror_no_cert,complete,,0.5256731057952156,0.5664052306559757,0.697511284186329,0.2521040446741815,0.5102091882694425,0.0613941629497425,1.0093245708104557,0.5670744294865379,0.8754223355412941,0.8754223355412941,0.91694542204107,1.257047997572709,0.0697278911564625,21.0,0.2324039606525652,8.0,equal,True,49501.0,9.448336124420166,8.594297000000068,8.0,118.0,63.0,256.0,0.0200430408585816,12772.513003703758,median 5 warm calls on training rows; end-to-end preprocessing,,,,,,,,,,300
300.0,7.0,0.0233333333333333,11,0,binary,null_binary,shrinkage_no_cert,complete,,0.5256731057952156,0.5664052306559757,0.697511284186329,0.2521040446741815,0.5102091882694425,0.0613941629497426,1.0093245708104557,0.5670744294865379,0.8754223355412941,0.8754223355412941,0.91694542204107,1.257047997572709,0.0697278911564625,21.0,0.2324039606525652,8.0,equal,True,49501.0,9.441584333078936,8.59426700000003,8.0,118.0,63.0,256.0,0.0355584579519927,7199.412312694324,median 5 warm calls on training rows; end-to-end preprocessing,,,,,,,,,,300
,,,11,0,binary,null_binary,random_forest,complete,,0.5686617956160545,0.5447030175715138,0.6870631019359089,0.2468521881103515,0.5347813031728555,0.02603515625,0.9882982208401624,,,,,,,,,,,,2646859.0,0.8090364581439644,0.6815049999999871,256.0,31806.0,16031.0,256.0,0.0307374170515686,8328.611332907542,median 5 warm calls on training rows; end-to-end preprocessing,0.8090364581439644,0.6815049999999871,180371456.0,,,,,,,300
300.0,14.0,0.0466666666666666,11,1,binary,null_binary,coerror_no_cert_affine,not_applicable,task restriction defined in config,,,,,,,,,,,,,,,,,,,,,,,,,,,,,,,,,,,,,,300
300.0,14.0,0.0466666666666666,11,1,binary,null_binary,affine_profiled,not_applicable,task restriction defined in config,,,,,,,,,,,,,,,,,,,,,,,,,,,,,,,,,,,,,,300
300.0,14.0,0.0466666666666666,11,1,binary,null_binary,random_subspace,complete,,0.5504454008607746,0.5464815907098513,0.693481786313528,0.2499691221152502,0.5502452206986288,0.0441064870243528,1.000777187930138,0.518780965368832,0.901941437260372,0.901941437260372,0.9476637391112716,1.19609628008188,0.042517006802721,25.0,0.2487531142965618,8.0,equal,False,48077.0,0.0578787091653794,0.053370000000001,8.0,100.0,54.0,256.0,0.0238697919994592,10724.852567035328,median 5 warm calls on training rows; end-to-end preprocessing,,,,,,,,,,300
300.0,14.0,0.0466666666666666,11,1,binary,null_binary,top_no_cert,complete,,0.5378840956861176,0.5590646415317102,0.7235311123216082,0.2596888485249872,0.5374837353618256,0.0488892683680811,1.0396911161044429,0.5783971199079172,0.9053154951944828,0.9053154951944828,0.9598232154762836,1.1876853926912092,0.173469387755102,18.0,0.2397242363030766,8.0,equal,True,48395.0,9.564997626235709,8.59299900000002,8.0,104.0,56.0,256.0,0.0204808749258518,12499.46601045183,median 5 warm calls on training rows; end-to-end preprocessing,,,,,,,,,,300
300.0,14.0,0.0466666666666666,11,1,binary,null_binary,coerror_no_cert,complete,,0.5410369332399159,0.5679857395094725,0.6951021893019366,0.2508934219307527,0.5068561705534982,0.047917259697252,1.004477717668913,0.5640654714242819,0.879553298166999,0.879553298166999,0.9583418700678482,1.2481512399698829,0.0765306122448979,22.0,0.233375188178468,8.0,equal,True,48395.0,9.543696875218302,8.588322000000005,8.0,104.0,56.0,256.0,0.020098750013858,12737.110508040952,median 5 warm calls on training rows; end-to-end preprocessing,,,,,,,,,,300
300.0,14.0,0.0466666666666666,11,1,binary,null_binary,shrinkage_no_cert,complete,,0.5410369332399159,0.5679857395094725,0.6951021893019366,0.2508934219307527,0.5068561705534982,0.047917259697252,1.004477717668913,0.5640654714242819,0.879553298166999,0.879553298166999,0.9583418700678482,1.2481512399698829,0.0765306122448979,22.0,0.233375188178468,8.0,equal,True,48395.0,9.542576290899888,8.587809000000021,8.0,104.0,56.0,256.0,0.0222428750712424,11509.303504158028,median 5 warm calls on training rows; end-to-end preprocessing,,,,,,,,,,300
300.0,14.0,0.0466666666666666,11,1,binary,null_binary,top_quality,complete,,0.5378840956861176,0.5590646415317102,0.7235311123216082,0.2596888485249872,0.5374837353618256,0.0488892683680811,1.0396911161044429,0.5783971199079172,0.9053154951944828,0.9053154951944828,0.9598232154762836,1.1876853926912092,0.173469387755102,18.0,0.2397242363030766,8.0,equal,True,48395.0,9.535568083869292,8.583389000000011,8.0,104.0,56.0,256.0,0.0218447500374168,11719.06291266826,median 5 warm calls on training rows; end-to-end preprocessing,,,,,,,,,,300
300.0,14.0,0.0466666666666666,11,1,binary,null_binary,coerror,complete,,0.5392853568211391,0.5611651344517554,0.7097423933407074,0.2557452227660801,0.5168651786607947,0.0764804235532949,1.023902403227225,0.5693264563106796,0.8884361026903278,0.8884361026903278,0.9322107674904596,1.2263217033983325,0.1353741496598639,20.0,0.2357973893078432,8.0,equal,True,48541.0,9.536667834036052,8.584884000000017,8.0,106.0,57.0,256.0,0.020950665930286,12219.181998884782,median 5 warm calls on training rows; end-to-end preprocessing,,,,,,,,,,300
,,,11,1,binary,null_binary,random_forest,complete,,0.5233710339305375,0.5451580471862815,0.6992136534934863,0.252902603149414,0.5174657191472325,0.0369335937499999,1.0125216821115566,,,,,,,,,,,,2663659.0,0.7834389579948038,0.6751930000000073,256.0,32016.0,16136.0,256.0,0.0282406669575721,9064.941716306008,median 5 warm calls on training rows; end-to-end preprocessing,0.7834389579948038,0.6751930000000073,180912128.0,,,,,,,300
300.0,39.0,0.13,11,2,binary,null_binary,coerror_no_cert_affine,not_applicable,task restriction defined in config,,,,,,,,,,,,,,,,,,,,,,,,,,,,,,,,,,,,,,300
300.0,39.0,0.13,11,2,binary,null_binary,affine_profiled,not_applicable,task restriction defined in config,,,,,,,,,,,,,,,,,,,,,,,,,,,,,,,,,,,,,,300
300.0,39.0,0.13,11,2,binary,null_binary,random_subspace,complete,,0.5814232809528576,0.5661227089038812,0.6854635496124627,0.2461223744495933,0.5914823341006906,0.0903689778381886,0.9853763365012244,0.5145615428885998,0.8910879059335226,0.8910879059335226,0.913506442053726,1.2199793262355143,0.0374149659863945,26.0,0.2507807948813195,8.0,equal,False,49021.0,0.0684455409646034,0.0532989999999813,8.0,112.0,60.0,256.0,0.0256814579479396,9968.281416068838,median 5 warm calls on training rows; end-to-end preprocessing,,,,,,,,,,300
300.0,39.0,0.13,11,2,binary,null_binary,top_no_cert,complete,,0.5240216194575117,0.5561563389440388,0.7010014639575259,0.2537805751002089,0.5256230607546792,0.0576231013486229,1.0160367334609508,0.5903062756480832,0.8854234728144386,0.8854234728144386,0.9426515565871112,1.2324631965283583,0.1683673469387755,17.0,0.2323729229385625,8.0,equal,True,49195.0,9.45143329189159,8.622079999999954,8.0,114.0,61.0,256.0,0.0223530419170856,11452.579964265413,median 5 warm calls on training rows; end-to-end preprocessing,,,,,,,,,,300
300.0,39.0,0.13,11,2,binary,null_binary,coerror_no_cert,complete,,0.5271744570113102,0.5375614733451,0.6982482373596278,0.2523918877151329,0.507456711039936,0.0493802434281065,1.01047698014266,0.5767956786107497,0.8703053733067635,0.8703053733067635,0.9298536008215184,1.269909086364616,0.0629251700680272,21.0,0.2275706973201705,8.0,equal,True,49357.0,9.446349916048348,8.620195999999964,8.0,116.0,62.0,256.0,0.0222846670076251,11487.719332418335,median 5 warm calls on training rows; end-to-end preprocessing,,,,,,,,,,300
300.0,39.0,0.13,11,2,binary,null_binary,shrinkage_no_cert,complete,,0.5616054449004103,0.5630098582288556,0.6884067204612719,0.2475589962177256,0.5578020218196377,0.0318664701607355,0.9911280000709662,0.5787552547292563,0.8782806236414485,0.8782806236414485,0.9298536008215184,1.2503584459478985,0.096938775510204,18.0,0.2277108062909141,8.0,equal,True,49340.0,9.445712834130973,8.619250999999963,8.0,116.0,62.0,256.0,0.0232849169988185,10994.241465966554,median 5 warm calls on training rows; end-to-end preprocessing,,,,,,,,,,300
300.0,39.0,0.13,11,2,binary,null_binary,top_quality,complete,,0.5240216194575117,0.5561563389440388,0.7010014639575259,0.2537805751002089,0.5256230607546792,0.0576231013486229,1.0160367334609508,0.5903062756480832,0.8854234728144386,0.8854234728144386,0.9426515565871112,1.2324631965283583,0.1683673469387755,17.0,0.2323729229385625,8.0,equal,True,49195.0,9.448914958862588,8.619527999999974,8.0,114.0,61.0,256.0,0.0191259998828172,13384.921131887568,median 5 warm calls on training rows; end-to-end preprocessing,,,,,,,,,,300
300.0,39.0,0.13,11,2,binary,null_binary,coerror,complete,,0.5170653588229407,0.5249928015667444,0.7020426102297638,0.254158840486331,0.5377840056050445,0.0320960495561861,1.017551157987513,0.5786817510759683,0.8648124171622342,0.8648124171622342,0.9298536008215184,1.28373177819537,0.0561224489795918,22.0,0.2277371107605332,8.0,equal,True,49356.0,9.446257417090235,8.619816999999983,8.0,116.0,62.0,256.0,0.022128416923806,11568.834810075885,median 5 warm calls on training rows; end-to-end preprocessing,,,,,,,,,,300
,,,11,2,binary,null_binary,random_forest,complete,,0.5283755379841858,0.5669584607398843,0.6977414390419184,0.2521316528320312,0.4886397757982184,0.0798046874999999,1.0094351029207538,,,,,,,,,,,,2657579.0,0.7422414580360055,0.649723999999992,256.0,31940.0,16098.0,256.0,0.0280925421975553,9112.738825832495,median 5 warm calls on training rows; end-to-end preprocessing,0.7422414580360055,0.649723999999992,180502528.0,,,,,,,300
300.0,15.0,0.05,29,0,binary,null_binary,coerror_no_cert_affine,not_applicable,task restriction defined in config,,,,,,,,,,,,,,,,,,,,,,,,,,,,,,,,,,,,,,300
300.0,15.0,0.05,29,0,binary,null_binary,affine_profiled,not_applicable,task restriction defined in config,,,,,,,,,,,,,,,,,,,,,,,,,,,,,,,,,,,,,,300
300.0,15.0,0.05,29,0,binary,null_binary,random_subspace,complete,,0.52075,0.5163855043790229,0.6944735080629969,0.250623919504171,0.495,0.0479620814820505,1.0024956780166845,0.4990859375000001,0.9082603331188313,0.9082603331188313,0.9419297235564116,1.1811548656816389,0.0588435374149659,25.0,0.2554416429650244,8.0,equal,False,48076.0,0.0688100000843405,0.0535160000000018,8.0,100.0,54.0,256.0,0.0226374170742928,11308.71066958934,median 5 warm calls on training rows; end-to-end preprocessing,,,,,,,,,,300
300.0,15.0,0.05,29,0,binary,null_binary,top_no_cert,complete,,0.5231,0.5138309530689728,0.7118545703365089,0.2578845530132138,0.5349999999999999,0.1035301101662479,1.0315382120528551,0.5650531249999999,0.9192922234319796,0.9192922234319796,0.9652473131081974,1.1551973817727823,0.1513605442176871,17.0,0.2468624533485311,8.0,equal,True,48541.0,9.551686499267817,8.605482000000023,8.0,106.0,57.0,256.0,0.0226594170089811,11297.731088956694,median 5 warm calls on training rows; end-to-end preprocessing,,,,,,,,,,300
300.0,15.0,0.05,29,0,binary,null_binary,coerror_no_cert,complete,,0.5870000000000001,0.5726347694507934,0.6841765819377137,0.2453924758703205,0.595,0.0731434156865642,0.981569903481282,0.54363125,0.8900053371395253,0.8900053371395253,0.9369303351259328,1.2228079481205931,0.0578231292517006,23.0,0.2368822334052794,8.0,equal,True,47756.0,9.566144415875897,8.603957999999949,8.0,96.0,52.0,256.0,0.0244558749254792,10467.83240346421,median 5 warm calls on training rows; end-to-end preprocessing,,,,,,,,,,300
300.0,15.0,0.05,29,0,binary,null_binary,shrinkage_no_cert,complete,,0.54705,0.5461718677426414,0.6897179615473168,0.2481762757774489,0.53,0.0320317667756834,0.9927051031097958,0.5457609375,0.9009479473341664,0.9009479473341664,0.9424183075942676,1.1979796688014606,0.0697278911564625,21.0,0.2370241853487907,8.0,equal,True,47596.0,9.551917873090131,8.604631000000012,8.0,94.0,51.0,256.0,0.0215404159389436,11884.635873589108,median 5 warm calls on training rows; end-to-end preprocessing,,,,,,,,,,300
300.0,15.0,0.05,29,0,binary,null_binary,top_quality,complete,,0.5231,0.5138309530689728,0.7118545703365089,0.2578845530132138,0.5349999999999999,0.1035301101662479,1.0315382120528551,0.5650531249999999,0.9192922234319796,0.9192922234319796,0.9652473131081974,1.1551973817727823,0.1513605442176871,17.0,0.2468624533485311,8.0,equal,True,48541.0,9.547839832026511,8.60143499999998,8.0,106.0,57.0,256.0,0.0205949589144438,12430.226302634654,median 5 warm calls on training rows; end-to-end preprocessing,,,,,,,,,,300
300.0,15.0,0.05,29,0,binary,null_binary,coerror,complete,,0.4955499999999999,0.4950624026651511,0.7060552786360261,0.2561498630618283,0.49,0.07441140961795,1.0245994522473134,0.557725,0.9066970443168588,0.9066970443168588,0.943009909895621,1.1849488808378978,0.0731292517006802,21.0,0.2387338593119297,8.0,equal,True,47596.0,9.55009204079397,8.60328199999995,8.0,94.0,51.0,256.0,0.020527834072709,12470.87243073255,median 5 warm calls on training rows; end-to-end preprocessing,,,,,,,,,,300
,,,29,0,binary,null_binary,random_forest,complete,,0.4609,0.4965629385741666,0.7129001455393497,0.2596599578857422,0.4649999999999999,0.0936132812499999,1.0386398315429688,,,,,,,,,,,,2622859.0,0.7532757089938968,0.6707029999999747,256.0,31506.0,15881.0,256.0,0.0295459169428795,8664.47978226294,median 5 warm calls on training rows; end-to-end preprocessing,0.7532757089938968,0.6707029999999747,180355072.0,,,,,,,300
300.0,12.0,0.04,29,1,binary,null_binary,coerror_no_cert_affine,not_applicable,task restriction defined in config,,,,,,,,,,,,,,,,,,,,,,,,,,,,,,,,,,,,,,300
300.0,12.0,0.04,29,1,binary,null_binary,affine_profiled,not_applicable,task restriction defined in config,,,,,,,,,,,,,,,,,,,,,,,,,,,,,,,,,,,,,,300
300.0,12.0,0.04,29,1,binary,null_binary,random_subspace,complete,,0.4864,0.5212857189702744,0.6990743056684923,0.2529515329774272,0.475,0.0689046654308266,1.0118061319097087,0.509046875,0.9018152270495192,0.9018152270495192,0.939890754969559,1.195177964205881,0.0510204081632653,24.0,0.25210211914511,8.0,equal,False,48236.0,0.0702455840073525,0.0495609999999544,8.0,102.0,55.0,256.0,0.0205360420513898,12465.887991433809,median 5 warm calls on training rows; end-to-end preprocessing,,,,,,,,,,300
300.0,12.0,0.04,29,1,binary,null_binary,top_no_cert,complete,,0.49185,0.5006412296898952,0.7182954672154287,0.2615393727252858,0.495,0.0988949302531803,1.0461574909011433,0.56456875,0.9155093830757242,0.9155093830757242,0.975349843511575,1.163818004507431,0.151360544217687,18.0,0.2384690139247936,8.0,equal,True,49196.0,9.62618854106404,8.738785000000007,8.0,114.0,61.0,256.0,0.0259236248675733,9875.162185370848,median 5 warm calls on training rows; end-to-end preprocessing,,,,,,,,,,300
300.0,12.0,0.04,29,1,binary,null_binary,coerror_no_cert,complete,,0.5224000000000001,0.5161592925015925,0.6968471418464661,0.2518060749524965,0.52,0.0330514690920498,1.007224299809986,0.5580734375,0.8876916242806867,0.8876916242806867,0.9626840379904648,1.228686498507895,0.0850340136054421,19.0,0.2330198111597649,8.0,equal,True,49038.0,9.694583624834197,8.750372999999968,8.0,112.0,60.0,256.0,0.0244487081654369,10470.90088636691,median 5 warm calls on training rows; end-to-end preprocessing,,,,,,,,,,300
300.0,12.0,0.04,29,1,binary,null_binary,shrinkage_no_cert,complete,,0.50005,0.4940068388225732,0.7006797850238038,0.2536291406670555,0.505,0.0461309137972666,1.014516562668222,0.553703125,0.9010801265394264,0.9010801265394264,0.9617344562222148,1.1979745767602803,0.1071428571428571,18.0,0.2332741165696883,8.0,equal,True,48875.0,9.626999708125368,8.744720999999998,8.0,110.0,59.0,256.0,0.0268963749986141,9518.011256654108,median 5 warm calls on training rows; end-to-end preprocessing,,,,,,,,,,300
300.0,12.0,0.04,29,1,binary,null_binary,top_quality,complete,,0.5121,0.5021702851776076,0.7054591886438675,0.2558019868506397,0.51,0.053298402232779,1.023207947402559,0.5634296875,0.8929427599231428,0.8929427599231428,0.9636550433758604,1.2161571485357623,0.0935374149659864,19.0,0.2354609293568249,8.0,equal,True,48876.0,9.63217337615788,8.742494000000022,8.0,110.0,59.0,256.0,0.0288802918512374,8864.176349694033,median 5 warm calls on training rows; end-to-end preprocessing,,,,,,,,,,300
300.0,12.0,0.04,29,1,binary,null_binary,coerror,complete,,0.5197499999999999,0.5206077908062385,0.6977754789774147,0.2522513466368202,0.505,0.0522840292174446,1.0090053865472808,0.5625671875,0.8955676245678976,0.8955676245678976,0.9636550433758604,1.2097571373109617,0.0816326530612244,20.0,0.2338966592260089,8.0,equal,True,49035.0,9.636423250893133,8.74364,8.0,112.0,60.0,256.0,0.0290791250299662,8803.566122989954,median 5 warm calls on training rows; end-to-end preprocessing,,,,,,,,,,300
,,,29,1,binary,null_binary,random_forest,complete,,0.4465,0.4720970753223923,0.7203507572336372,0.2632477569580078,0.47,0.09236328125,1.0529910278320314,,,,,,,,,,,,2659819.0,0.7262699999846518,0.6672289999999919,256.0,31968.0,16112.0,256.0,0.0259067080914974,9881.610550281344,median 5 warm calls on training rows; end-to-end preprocessing,0.7262699999846518,0.6672289999999919,173211648.0,,,,,,,300
300.0,9.0,0.03,29,2,binary,null_binary,coerror_no_cert_affine,not_applicable,task restriction defined in config,,,,,,,,,,,,,,,,,,,,,,,,,,,,,,,,,,,,,,300
300.0,9.0,0.03,29,2,binary,null_binary,affine_profiled,not_applicable,task restriction defined in config,,,,,,,,,,,,,,,,,,,,,,,,,,,,,,,,,,,,,,300
300.0,9.0,0.03,29,2,binary,null_binary,random_subspace,complete,,0.56465,0.5240351567515514,0.6898164754641671,0.2482124074021878,0.5800000000000001,0.0513971846770924,0.9928496296087512,0.4884734375,0.9017675178661864,0.9017675178661864,0.928761116328847,1.1967900752385652,0.0799319727891156,21.0,0.2608339016354409,8.0,equal,False,49356.0,0.0515840840525925,0.0494209999999952,8.0,116.0,62.0,256.0,0.0232868341263383,10993.336346672111,median 5 warm calls on training rows; end-to-end preprocessing,,,,,,,,,,300
300.0,9.0,0.03,29,2,binary,null_binary,top_no_cert,complete,,0.4947,0.5042505736778611,0.7067164633586984,0.256348620490762,0.485,0.073028651978772,1.025394481963048,0.5632765625,0.9050854193307536,0.9050854193307536,0.9532368013407884,1.188178042069329,0.0527210884353741,24.0,0.2368275462016699,8.0,equal,True,49661.0,9.58798624901101,8.632228999999995,8.0,120.0,64.0,256.0,0.0219065421260893,11686.006788589417,median 5 warm calls on training rows; end-to-end preprocessing,,,,,,,,,,300
300.0,9.0,0.03,29,2,binary,null_binary,coerror_no_cert,complete,,0.4897,0.5034258754526523,0.7056608870684417,0.2559256873042747,0.47,0.0852012615119174,1.0237027492170987,0.5572171874999999,0.8930379308463356,0.8930379308463356,0.9426073442953472,1.2174664555489474,0.0459183673469387,25.0,0.2354089629005734,8.0,equal,True,49516.0,9.587885167216882,8.632127999999994,8.0,118.0,63.0,256.0,0.0229215410072356,11168.533560600854,median 5 warm calls on training rows; end-to-end preprocessing,,,,,,,,,,300
300.0,9.0,0.03,29,2,binary,null_binary,shrinkage_no_cert,complete,,0.485,0.4784365028248065,0.7124495614590167,0.2589143955290833,0.4649999999999999,0.1020741961037865,1.0356575821163332,0.5593484375,0.8928660478922555,0.8928660478922555,0.9416385513166536,1.2176869879790646,0.0595238095238095,24.0,0.2354542116975096,8.0,equal,True,49517.0,9.59122333303094,8.634400999999968,8.0,118.0,63.0,256.0,0.0217385420110076,11776.318755433102,median 5 warm calls on training rows; end-to-end preprocessing,,,,,,,,,,300
300.0,9.0,0.03,29,2,binary,null_binary,top_quality,complete,,0.4947,0.5042505736778611,0.7067164633586984,0.256348620490762,0.485,0.073028651978772,1.025394481963048,0.5632765625,0.9050854193307536,0.9050854193307536,0.9532368013407884,1.188178042069329,0.0527210884353741,24.0,0.2368275462016699,8.0,equal,True,49661.0,9.587007959373295,8.633342000000027,8.0,120.0,64.0,256.0,0.0241857911460101,10584.72714225151,median 5 warm calls on training rows; end-to-end preprocessing,,,,,,,,,,300
300.0,9.0,0.03,29,2,binary,null_binary,coerror,complete,,0.4947,0.5042505736778611,0.7067164633586984,0.256348620490762,0.485,0.073028651978772,1.025394481963048,0.5632765625,0.9050854193307536,0.9050854193307536,0.9532368013407884,1.188178042069329,0.0527210884353741,24.0,0.2368275462016699,8.0,equal,True,49660.0,9.593015749240294,8.635692000000006,8.0,120.0,64.0,256.0,0.0243127499707043,10529.454722664756,median 5 warm calls on training rows; end-to-end preprocessing,,,,,,,,,,300
,,,29,2,binary,null_binary,random_forest,complete,,0.4700499999999999,0.4775993193750822,0.7071953154062931,0.2569674682617187,0.5,0.0592578124999999,1.027869873046875,,,,,,,,,,,,2658219.0,0.7531072089914232,0.6661949999999877,256.0,31948.0,16102.0,256.0,0.0289757919963449,8834.961268092084,median 5 warm calls on training rows; end-to-end preprocessing,0.7531072089914232,0.6661949999999877,173096960.0,,,,,,,300
300.0,0.0,0.0,11,0,regression,null_regression,top_quality,infeasible,infeasible: 0 eligible < K=8,,,,,,,,,,,,,,,,8.0,,,,,,,,,,,,,,,,,,,,,,300
300.0,0.0,0.0,11,0,regression,null_regression,coerror,infeasible,infeasible: 0 eligible < K=8,,,,,,,,,,,,,,,,8.0,,,,,,,,,,,,,,,,,,,,,,300
300.0,0.0,0.0,11,0,regression,null_regression,random_subspace,complete,,,,,,,,0.9836591920428456,-0.1414743438656849,0.8895975454882249,0.8895975454882249,0.918673219718619,1.223007705099452,0.0561224489795918,22.0,1.1101750206698666,8.0,equal,False,47325.0,0.0517080840654671,0.0469610000000102,8.0,110.0,59.0,256.0,0.0192858749069273,13273.9635217714,median 5 warm calls on training rows; end-to-end preprocessing,,,,1.03019606712363,1.0613039367169947,0.8193860862355088,-0.0090187442104239,,,300
300.0,0.0,0.0,11,0,regression,null_regression,top_no_cert,complete,,,,,,,,1.0237141262341674,-0.0320170460596237,0.9043209707288924,0.9043209707288924,0.9725811802665676,1.1898652445165456,0.0996598639455782,20.0,1.01807527751818,8.0,equal,True,47308.0,8.233487959951162,7.4417700000000195,8.0,110.0,59.0,256.0,0.0230781661812216,11092.735791473058,median 5 warm calls on training rows; end-to-end preprocessing,,,,1.0509617457877132,1.1045205911091578,0.833513400869887,-0.0501063279224442,,,300
300.0,0.0,0.0,11,0,regression,null_regression,coerror_no_cert,complete,,,,,,,,1.026249185425784,-0.0496747409913142,0.871544356278544,0.871544356278544,0.9725811802665676,1.2673569585024185,0.1030612244897959,20.0,1.0027465044905874,8.0,equal,True,47596.0,8.237150250002742,7.443717000000021,8.0,114.0,61.0,256.0,0.0265800831839442,9631.27158889546,median 5 warm calls on training rows; end-to-end preprocessing,,,,1.0522622079042665,1.1072557541835617,0.8314040155381468,-0.0527067430486547,,,300
300.0,0.0,0.0,11,0,regression,null_regression,shrinkage_no_cert,complete,,,,,,,,1.0346872306717962,-0.0410588046061736,0.8808539693215033,0.8808539693215033,0.9380090810055252,1.2440878762668075,0.1003401360544217,19.0,1.0040048412598903,8.0,equal,True,47596.0,8.244639542186633,7.445275000000009,8.0,114.0,61.0,256.0,0.0206742091104388,12382.577666332129,median 5 warm calls on training rows; end-to-end preprocessing,,,,1.0565793170199071,1.1163598531542531,0.8400032052492414,-0.0613623281197808,,,300
300.0,0.0,0.0,11,0,regression,null_regression,coerror_no_cert_affine,complete,,,,,,,,1.066475251620416,-0.0496747409913142,0.871544356278544,0.871544356278544,0.9725811802665676,1.2673569585024185,0.1030612244897959,20.0,1.0027465044905874,8.0,affine_of_equal,True,47847.0,8.264251918066293,7.447881999999964,8.0,114.0,61.0,256.0,0.0198581251315772,12891.44862890019,median 5 warm calls on training rows; end-to-end preprocessing,,,,1.0726868363204756,1.1506570488152308,0.8457475048418714,-0.0939698706893763,0.9898530244101088,2.0,300
300.0,0.0,0.0,11,0,regression,null_regression,affine_profiled,complete,,,,,,,,1.062532281425167,-0.0538226069449966,0.8725889618393821,0.8725889618393821,0.9123213078124024,1.2646268430395848,0.0748299319727891,22.0,1.008002730684933,8.0,affine_of_equal,True,47848.0,8.23242041724734,7.441921000000008,8.0,114.0,61.0,256.0,0.0204467079602181,12520.352933982444,median 5 warm calls on training rows; end-to-end preprocessing,,,,1.070702032241255,1.1464028418455536,0.8501294746607513,-0.0899252474427751,0.9809706511722476,2.0,300
,,,11,0,regression,null_regression,random_forest,complete,,,,,,,,1.026955502863634,,,,,,,,,,,,9397155.0,2.303106165956706,2.116135000000014,256.0,129352.0,64804.0,256.0,0.034674041904509,7383.044662200438,median 5 warm calls on training rows; end-to-end preprocessing,2.303106165956706,2.116135000000014,179716096.0,1.0526242560884238,1.1080178245057075,0.8358183886861877,-0.0534312699375596,,,300
300.0,0.0,0.0,11,1,regression,null_regression,top_quality,infeasible,infeasible: 0 eligible < K=8,,,,,,,,,,,,,,,,8.0,,,,,,,,,,,,,,,,,,,,,,300
300.0,0.0,0.0,11,1,regression,null_regression,coerror,infeasible,infeasible: 0 eligible < K=8,,,,,,,,,,,,,,,,8.0,,,,,,,,,,,,,,,,,,,,,,300
300.0,0.0,0.0,11,1,regression,null_regression,random_subspace,complete,,,,,,,,0.9911182605797249,-0.1055532420895339,0.898459802282491,0.898459802282491,0.9271756510513351,1.2035277821576251,0.042517006802721,25.0,1.061444635328413,8.0,equal,False,46749.0,0.0553456253837794,0.0477229999999622,8.0,102.0,55.0,256.0,0.0235032499767839,10892.110676305248,median 5 warm calls on training rows; end-to-end preprocessing,,,,1.057225689306585,1.117726158129784,0.8457972888408807,0.0050335485675363,,,300
300.0,0.0,0.0,11,1,regression,null_regression,top_no_cert,complete,,,,,,,,1.0123282531152993,-0.0238448346374013,0.9018870468275793,0.9018870468275793,0.938551234680178,1.1952956804882084,0.1054421768707482,20.0,0.9864577148878836,8.0,equal,True,46891.0,8.199693750124425,7.393850999999984,8.0,104.0,56.0,256.0,0.0194248750340193,13178.977962620596,median 5 warm calls on training rows; end-to-end preprocessing,,,,1.068478154929804,1.1416455675621986,0.8547480434214126,-0.0162587954920776,,,300
300.0,0.0,0.0,11,1,regression,null_regression,coerror_no_cert,complete,,,,,,,,0.9980385010724112,-0.0315564409455866,0.882786110448136,0.882786110448136,0.920575446843058,1.2398710132888942,0.0663265306122448,22.0,0.9756099825655572,8.0,equal,True,46732.0,8.19785225042142,7.394782000000021,8.0,102.0,55.0,256.0,0.0224646250717341,11395.69430527058,median 5 warm calls on training rows; end-to-end preprocessing,,,,1.0609101786938042,1.1255304072561196,0.8477304365119249,-0.0019135609752141,,,300
300.0,0.0,0.0,11,1,regression,null_regression,shrinkage_no_cert,complete,,,,,,,,0.9980385010724112,-0.0315564409455866,0.882786110448136,0.882786110448136,0.920575446843058,1.2398710132888942,0.0663265306122448,22.0,0.9756099825655572,8.0,equal,True,46732.0,8.188188542146236,7.393923000000001,8.0,102.0,55.0,256.0,0.0239240829832851,10700.514631171322,median 5 warm calls on training rows; end-to-end preprocessing,,,,1.0609101786938042,1.1255304072561196,0.8477304365119249,-0.0019135609752141,,,300
300.0,0.0,0.0,11,1,regression,null_regression,coerror_no_cert_affine,complete,,,,,,,,1.0228235519603193,-0.0315564409455866,0.882786110448136,0.882786110448136,0.920575446843058,1.2398710132888942,0.0663265306122448,22.0,0.9756099825655572,8.0,affine_of_equal,True,46983.0,8.188965375069529,7.39340500000003,8.0,102.0,55.0,256.0,0.0252478749025613,10139.4672220128,median 5 warm calls on training rows; end-to-end preprocessing,,,,1.0740025893058092,1.1534815618355827,0.8541213406592366,-0.0267948441795922,0.9517714436135276,2.0,300
300.0,0.0,0.0,11,1,regression,null_regression,affine_profiled,complete,,,,,,,,1.0394578047685206,-0.03230090122902,0.883573855869276,0.883573855869276,0.920575446843058,1.238175792529434,0.0629251700680272,22.0,0.9769835354644032,8.0,affine_of_equal,True,47415.0,8.1906395831611,7.396781000000004,8.0,108.0,58.0,256.0,0.0259558330290019,9862.908260889042,median 5 warm calls on training rows; end-to-end preprocessing,,,,1.082700658184186,1.1722407152324694,0.8553723932188672,-0.0434936823980767,0.9466843959701202,2.0,300
,,,11,1,regression,null_regression,random_forest,complete,,,,,,,,1.0424368949329816,,,,,,,,,,,,9395139.0,2.2313100828323513,2.0252539999999897,256.0,129324.0,64790.0,256.0,0.0368877500295639,6939.9732918062855,median 5 warm calls on training rows; end-to-end preprocessing,2.2313100828323513,2.0252539999999897,179191808.0,1.084251060290721,1.1756003617415525,0.8701150987821634,-0.0464843394037273,,,300
300.0,0.0,0.0,11,2,regression,null_regression,top_quality,infeasible,infeasible: 0 eligible < K=8,,,,,,,,,,,,,,,,8.0,,,,,,,,,,,,,,,,,,,,,,300
300.0,0.0,0.0,11,2,regression,null_regression,coerror,infeasible,infeasible: 0 eligible < K=8,,,,,,,,,,,,,,,,8.0,,,,,,,,,,,,,,,,,,,,,,300
300.0,0.0,0.0,11,2,regression,null_regression,random_subspace,complete,,,,,,,,1.000476619738872,-0.1386544380629502,0.8909272929025761,0.8909272929025761,0.9210446973092684,1.2216859764707035,0.0374149659863945,26.0,1.1315635190993956,8.0,equal,False,47309.0,0.0481475421693176,0.0467249999999808,8.0,110.0,59.0,256.0,0.0204305830411613,12530.234672414354,median 5 warm calls on training rows; end-to-end preprocessing,,,,1.019658319840375,1.0397030892196966,0.8165438394934594,-0.0099301002112965,,,300
300.0,0.0,0.0,11,2,regression,null_regression,top_no_cert,complete,,,,,,,,1.0139028185537735,-0.0482677599904885,0.9161892264412264,0.9161892264412264,0.9803900241850768,1.1635318386218214,0.1404761904761904,18.0,1.06802292215696,8.0,equal,True,47613.0,7.994077709969133,7.343981000000014,8.0,114.0,61.0,256.0,0.0220107499044388,11630.68051345098,median 5 warm calls on training rows; end-to-end preprocessing,,,,1.026477325377698,1.0536556995145523,0.8132553989038627,-0.0234831628687024,,,300
300.0,0.0,0.0,11,2,regression,null_regression,coerror_no_cert,complete,,,,,,,,0.9967294875861142,-0.0676017712290807,0.8788457982454655,0.8788457982454655,0.9456134274568718,1.2489826673020172,0.0374149659863945,25.0,1.0493800786886347,8.0,equal,True,47613.0,7.995886876946315,7.347432000000026,8.0,114.0,61.0,256.0,0.0260320410598069,9834.034888461356,median 5 warm calls on training rows; end-to-end preprocessing,,,,1.0177470414230283,1.035809040325327,0.8053970409228615,-0.006147561493373,,,300
300.0,0.0,0.0,11,2,regression,null_regression,shrinkage_no_cert,complete,,,,,,,,0.9967923020496076,-0.0623219932700712,0.8839140331855513,0.8839140331855513,0.9456134274568718,1.2368146272084406,0.0476190476190476,23.0,1.0494124130337674,8.0,equal,True,47613.0,8.001211208989844,7.346419999999966,8.0,114.0,61.0,256.0,0.0215627918951213,11872.30305079005,median 5 warm calls on training rows; end-to-end preprocessing,,,,1.0177791104186749,1.035874317604629,0.8051952547681668,-0.0062109694892809,,,300
300.0,0.0,0.0,11,2,regression,null_regression,coerror_no_cert_affine,complete,,,,,,,,1.0076562884062863,-0.0676017712290807,0.8788457982454655,0.8788457982454655,0.9456134274568718,1.2489826673020172,0.0374149659863945,25.0,1.0493800786886347,8.0,affine_of_equal,True,47848.0,8.007424166891724,7.350246000000027,8.0,114.0,61.0,256.0,0.0245298750232905,10436.25374189368,median 5 warm calls on training rows; end-to-end preprocessing,,,,1.0233104400782054,1.0471642567730504,0.8062484913864513,-0.0171776094021243,1.042588101204198,2.0,300
300.0,0.0,0.0,11,2,regression,null_regression,affine_profiled,complete,,,,,,,,1.023610476101736,-0.0662366597752154,0.8805384953058869,0.8805384953058869,0.9052962421169491,1.2450734716358265,0.042517006802721,25.0,1.0498488926693923,8.0,affine_of_equal,True,47846.0,7.999597208807245,7.349598999999984,8.0,114.0,61.0,256.0,0.0224673750344663,11394.299494590698,median 5 warm calls on training rows; end-to-end preprocessing,,,,1.0313796453227508,1.0637439727860831,0.8146920753256296,-0.0332825478486227,1.0416477567670313,2.0,300
,,,11,2,regression,null_regression,random_forest,complete,,,,,,,,1.0117931843548338,,,,,,,,,,,,9420627.0,2.33759762509726,2.062306000000006,256.0,129678.0,64967.0,256.0,0.0337419158313423,7587.0025068999075,median 5 warm calls on training rows; end-to-end preprocessing,2.33759762509726,2.062306000000006,179208192.0,1.0254088702743187,1.0514633512372544,0.8161182692677719,-0.0213535947849417,,,300
300.0,0.0,0.0,29,0,regression,null_regression,top_quality,infeasible,infeasible: 0 eligible < K=8,,,,,,,,,,,,,,,,8.0,,,,,,,,,,,,,,,,,,,,,,300
300.0,0.0,0.0,29,0,regression,null_regression,coerror,infeasible,infeasible: 0 eligible < K=8,,,,,,,,,,,,,,,,8.0,,,,,,,,,,,,,,,,,,,,,,300
300.0,0.0,0.0,29,0,regression,null_regression,random_subspace,complete,,,,,,,,1.0193399932522478,-0.1071362017114739,0.90225394732483,0.90225394732483,0.9302666990500656,1.1945617429149091,0.0588435374149659,25.0,0.8761616136382969,8.0,equal,False,46460.0,0.066170334117487,0.050737999999967,8.0,98.0,53.0,256.0,0.0258956248871982,9885.839832602627,median 5 warm calls on training rows; end-to-end preprocessing,,,,1.0269661405314934,1.054659453798151,0.843860300496141,-0.0272999257678225,,,300
300.0,0.0,0.0,29,0,regression,null_regression,top_no_cert,complete,,,,,,,,1.0257059412333596,-0.0331287532398786,0.8970174585261247,0.8970174585261247,0.954485683618308,1.205380104135918,0.0697278911564625,22.0,0.813770696796341,8.0,equal,True,46892.0,8.262000708142295,7.446259000000026,8.0,104.0,56.0,256.0,0.0226649581454694,11294.96901591114,median 5 warm calls on training rows; end-to-end preprocessing,,,,1.0301679366448808,1.0612459776911711,0.8495254326706843,-0.0337155848528476,,,300
300.0,0.0,0.0,29,0,regression,null_regression,coerror_no_cert,complete,,,,,,,,1.0239843369263224,-0.0417861660016168,0.8767038167003419,0.8767038167003419,0.9607232024059794,1.2539392570710055,0.0663265306122448,23.0,0.8042323351728581,8.0,equal,True,47181.0,8.251137708080932,7.448180000000036,8.0,108.0,58.0,256.0,0.0234683330636471,10908.316296079349,median 5 warm calls on training rows; end-to-end preprocessing,,,,1.029303026774359,1.059464720926857,0.8498230882125322,-0.0319805366956784,,,300
300.0,0.0,0.0,29,0,regression,null_regression,shrinkage_no_cert,complete,,,,,,,,1.0239843369263224,-0.0417861660016168,0.8767038167003419,0.8767038167003419,0.9607232024059794,1.2539392570710055,0.0663265306122448,23.0,0.8042323351728581,8.0,equal,True,47181.0,8.241707209032029,7.445107000000036,8.0,108.0,58.0,256.0,0.0242705000564456,10547.784322721987,median 5 warm calls on training rows; end-to-end preprocessing,,,,1.029303026774359,1.059464720926857,0.8498230882125322,-0.0319805366956784,,,300
300.0,0.0,0.0,29,0,regression,null_regression,coerror_no_cert_affine,complete,,,,,,,,1.05206632889595,-0.0417861660016168,0.8767038167003419,0.8767038167003419,0.9607232024059794,1.2539392570710055,0.0663265306122448,23.0,0.8042323351728581,8.0,affine_of_equal,True,47416.0,8.25360454292968,7.448755000000006,8.0,108.0,58.0,256.0,0.0235882080160081,10852.880381005018,median 5 warm calls on training rows; end-to-end preprocessing,,,,1.0433214918970115,1.0885197354542058,0.8622376874740447,-0.0602818183649755,0.7925541217325073,2.0,300
300.0,0.0,0.0,29,0,regression,null_regression,affine_profiled,complete,,,,,,,,1.070752373460629,-0.046571812377251,0.8773522125667955,0.8773522125667955,0.9060214121593604,1.2530085150205783,0.042517006802721,25.0,0.8084227717810222,8.0,affine_of_equal,True,47417.0,8.24615120771341,7.447379000000012,8.0,108.0,58.0,256.0,0.0202482501044869,12643.06785420787,median 5 warm calls on training rows; end-to-end preprocessing,,,,1.05254607460999,1.1078532391768987,0.8637534900497377,-0.079113780537815,0.7854219724540965,2.0,300
,,,29,0,regression,null_regression,random_forest,complete,,,,,,,,1.0663594252348687,,,,,,,,,,,,9376995.0,2.2368401249404997,2.0330089999999927,256.0,129072.0,64664.0,256.0,0.0336389169096946,7610.233132274877,median 5 warm calls on training rows; end-to-end preprocessing,2.2368401249404997,2.0330089999999927,179044352.0,1.050384728651125,1.1033080781834976,0.8733641935013339,-0.0746865281822719,,,300
300.0,0.0,0.0,29,1,regression,null_regression,top_quality,infeasible,infeasible: 0 eligible < K=8,,,,,,,,,,,,,,,,8.0,,,,,,,,,,,,,,,,,,,,,,300
300.0,0.0,0.0,29,1,regression,null_regression,coerror,infeasible,infeasible: 0 eligible < K=8,,,,,,,,,,,,,,,,8.0,,,,,,,,,,,,,,,,,,,,,,300
300.0,0.0,0.0,29,1,regression,null_regression,random_subspace,complete,,,,,,,,1.0116076646756649,-0.1206678533875743,0.8904749710876668,0.8904749710876668,0.9405643827157522,1.2221806656325975,0.0510204081632653,24.0,0.9640848779086518,8.0,equal,False,46316.0,0.0519309167284518,0.0487530000000049,8.0,96.0,52.0,256.0,0.0207821249496191,12318.27835799299,median 5 warm calls on training rows; end-to-end preprocessing,,,,0.9401412034928212,0.8838654825049304,0.7469310332268201,-0.0134513069481121,,,300
300.0,0.0,0.0,29,1,regression,null_regression,top_no_cert,complete,,,,,,,,1.023325854392274,-0.0337268939986584,0.918772058644965,0.918772058644965,0.9637682342903412,1.1579548493987928,0.1030612244897959,19.0,0.91412537439299,8.0,equal,True,46878.0,8.625682626152411,7.5432039999999745,8.0,104.0,56.0,256.0,0.0226210001856088,11316.917815281364,median 5 warm calls on training rows; end-to-end preprocessing,,,,0.9455706960963884,0.8941039413162085,0.7534367116103476,-0.0251908529184077,,,300
300.0,0.0,0.0,29,1,regression,null_regression,coerror_no_cert,complete,,,,,,,,1.024316459817051,-0.0403120009461443,0.8952098820854405,0.8952098820854405,0.9266920475989908,1.2107458757738596,0.0775510204081632,20.0,0.8994670809212328,8.0,equal,True,46603.0,8.626995709957555,7.542821999999973,8.0,100.0,54.0,256.0,0.0223209999967366,11469.020206864723,median 5 warm calls on training rows; end-to-end preprocessing,,,,0.94602825361943,0.8949694566462287,0.7535681632797535,-0.0261832637091388,,,300
300.0,0.0,0.0,29,1,regression,null_regression,shrinkage_no_cert,complete,,,,,,,,1.024316459817051,-0.0403120009461443,0.8952098820854405,0.8952098820854405,0.9266920475989908,1.2107458757738596,0.0775510204081632,20.0,0.8994670809212328,8.0,equal,True,46603.0,8.639820167096332,7.546562000000051,8.0,100.0,54.0,256.0,0.019659416982904,13021.749333798598,median 5 warm calls on training rows; end-to-end preprocessing,,,,0.94602825361943,0.8949694566462287,0.7535681632797535,-0.0261832637091388,,,300
300.0,0.0,0.0,29,1,regression,null_regression,coerror_no_cert_affine,complete,,,,,,,,1.0507393381522878,-0.0403120009461443,0.8952098820854405,0.8952098820854405,0.9266920475989908,1.2107458757738596,0.0775510204081632,20.0,0.8994670809212328,8.0,affine_of_equal,True,46838.0,8.627157709095627,7.542488999999961,8.0,100.0,54.0,256.0,0.0213027501013129,12017.22776554664,median 5 warm calls on training rows; end-to-end preprocessing,,,,0.9581522576381316,0.9180557488170484,0.7614200800202983,-0.0526542974085149,0.8938105451812893,2.0,300
300.0,0.0,0.0,29,1,regression,null_regression,affine_profiled,complete,,,,,,,,1.0561220715711443,-0.043254899988271,0.8932656490419187,0.8932656490419187,0.9266920475989908,1.2149723681194249,0.0612244897959183,22.0,0.9004076040553253,8.0,affine_of_equal,True,46983.0,8.622644415823743,7.541907999999978,8.0,102.0,55.0,256.0,0.028543708147481,8968.70156733968,median 5 warm calls on training rows; end-to-end preprocessing,,,,0.9606033364478328,0.9227587699947084,0.7598097402072534,-0.0580468407914698,0.8937758313782629,2.0,300
,,,29,1,regression,null_regression,random_forest,complete,,,,,,,,1.0479696019296152,,,,,,,,,,,,9398019.0,2.2894914159551263,2.0638309999999933,256.0,129364.0,64810.0,256.0,0.0347928330302238,7357.837166568697,median 5 warm calls on training rows; end-to-end preprocessing,2.2894914159551263,2.0638309999999933,176963584.0,0.9568885854348984,0.9156357649356008,0.7577717728627513,-0.0498795133763385,,,300
300.0,0.0,0.0,29,2,regression,null_regression,top_quality,infeasible,infeasible: 0 eligible < K=8,,,,,,,,,,,,,,,,8.0,,,,,,,,,,,,,,,,,,,,,,300
300.0,0.0,0.0,29,2,regression,null_regression,coerror,infeasible,infeasible: 0 eligible < K=8,,,,,,,,,,,,,,,,8.0,,,,,,,,,,,,,,,,,,,,,,300
300.0,0.0,0.0,29,2,regression,null_regression,random_subspace,complete,,,,,,,,1.0080886791274173,-0.1339405196455336,0.902775176084796,0.902775176084796,0.9326228505127424,1.193774946098468,0.0799319727891156,21.0,0.9884184910773702,8.0,equal,False,46892.0,0.0629243759904056,0.0498420000000123,8.0,104.0,56.0,256.0,0.0219436660408973,11666.236604352329,median 5 warm calls on training rows; end-to-end preprocessing,,,,0.9320122044884452,0.8686467493154112,0.7721429031435241,-0.0280679347053698,,,300
300.0,0.0,0.0,29,2,regression,null_regression,top_no_cert,complete,,,,,,,,0.987889128150892,-0.0434474936708058,0.9125178338510492,0.9125178338510492,0.9825861183723928,1.1718141307121104,0.0928571428571428,19.0,0.9182751776083724,8.0,equal,True,46875.0,8.288769999984652,7.450881000000067,8.0,104.0,56.0,256.0,0.0194006250239908,13195.45116115742,median 5 warm calls on training rows; end-to-end preprocessing,,,,0.9226273692128206,0.8512412624205704,0.7568353837399582,-0.0074680499091361,,,300
300.0,0.0,0.0,29,2,regression,null_regression,coerror_no_cert,complete,,,,,,,,0.983503088771314,-0.0558301020890346,0.8780126819293833,0.8780126819293833,0.9325754315211372,1.2516413895580298,0.0629251700680272,21.0,0.8986236956902386,8.0,equal,True,47020.0,8.296870208811015,7.453593999999981,8.0,106.0,57.0,256.0,0.023356958059594,10960.331364505157,median 5 warm calls on training rows; end-to-end preprocessing,,,,0.920576946002758,0.8474619135117646,0.7632861578639019,-0.0029950838498387,,,300
300.0,0.0,0.0,29,2,regression,null_regression,shrinkage_no_cert,complete,,,,,,,,0.983503088771314,-0.0558301020890346,0.8780126819293833,0.8780126819293833,0.9325754315211372,1.2516413895580298,0.0629251700680272,21.0,0.8986236956902386,8.0,equal,True,47020.0,8.285317541100085,7.449099999999959,8.0,106.0,57.0,256.0,0.0258654998615384,9897.353670735278,median 5 warm calls on training rows; end-to-end preprocessing,,,,0.920576946002758,0.8474619135117646,0.7632861578639019,-0.0029950838498387,,,300
300.0,0.0,0.0,29,2,regression,null_regression,coerror_no_cert_affine,complete,,,,,,,,0.9933321293142916,-0.0558301020890346,0.8780126819293833,0.8780126819293833,0.9325754315211372,1.2516413895580298,0.0629251700680272,21.0,0.8986236956902386,8.0,affine_of_equal,True,47271.0,8.310752083081752,7.456081000000069,8.0,106.0,57.0,256.0,0.0205759168602526,12441.7298990222,median 5 warm calls on training rows; end-to-end preprocessing,,,,0.9251655910727948,0.8559313709050735,0.7716153371368998,-0.0130189256212795,0.8880298200906601,2.0,300
300.0,0.0,0.0,29,2,regression,null_regression,affine_profiled,complete,,,,,,,,0.9933321293142916,-0.0558301020890346,0.8780126819293834,0.8780126819293834,0.9325754315211372,1.2516413895580294,0.0629251700680272,21.0,0.8986236956902386,8.0,affine_of_equal,True,47270.0,8.298200459219515,7.453733999999969,8.0,106.0,57.0,256.0,0.0216724160127341,11812.25018242455,median 5 warm calls on training rows; end-to-end preprocessing,,,,0.9251655910727948,0.8559313709050737,0.7716153371368998,-0.0130189256212798,0.88802982009066,2.0,300
,,,29,2,regression,null_regression,random_forest,complete,,,,,,,,1.0300229979501208,,,,,,,,,,,,9384483.0,2.4699983750469983,2.174191999999948,256.0,129176.0,64716.0,256.0,0.0353208330925554,7247.847165132617,median 5 warm calls on training rows; end-to-end preprocessing,2.4699983750469983,2.174191999999948,176537600.0,0.942097152966149,0.8875470456269235,0.774910716738238,-0.050436968618879,,,300
