B,certified_count,certification_rate,seed,fold,task,dataset,method,status,reason,auroc,auprc,log_loss,brier,balanced_accuracy,ece_10,normalized_squared_loss,mean_selected_quality,mean_residual_correlation,mean_abs_residual_correlation,max_abs_residual_correlation,residual_effective_rank,mean_feature_jaccard,feature_coverage,oof_squared_loss,requested_K,aggregation,search_charged,model_bytes,train_wall_seconds,train_cpu_seconds,retained_count,nodes,leaves,inference_batch_rows,inference_batch_seconds,inference_rows_per_second,inference_timing_scope,wall_seconds,cpu_seconds,observed_peak_rss_bytes,coefficient_count,auroc_macro_ovr,rmse,mse,mae,r2,oof_calibrated_squared_loss,aggregation_scalar_parameters
100.0,100.0,1.0,11,0,binary,breast_cancer,coerror_no_cert_affine,not_applicable,task restriction defined in config,,,,,,,,,,,,,,,,,,,,,,,,,,,,,,,,,,,,,,,
100.0,100.0,1.0,11,0,binary,breast_cancer,affine_profiled,not_applicable,task restriction defined in config,,,,,,,,,,,,,,,,,,,,,,,,,,,,,,,,,,,,,,,
100.0,100.0,1.0,11,0,binary,breast_cancer,random_subspace,complete,,0.983370813113978,0.9892624459063422,0.178020140018418,0.0510312788046832,0.9268552491419104,0.0265826324362742,0.2180385453057551,0.9228816526610644,0.7027512896798612,0.7027512896798612,0.9731895128910512,1.7850922477543922,0.333278212470759,30.0,0.0600577942678565,8.0,equal,False,52774.0,0.0849778749980032,0.0674929999999998,8.0,100.0,54.0,256.0,0.0219246670603752,11676.346066968228,median 5 warm calls on training rows; end-to-end preprocessing,,,,,,,,,,,
100.0,100.0,1.0,11,0,binary,breast_cancer,certified_random,complete,,0.983370813113978,0.9892624459063422,0.178020140018418,0.0510312788046832,0.9268552491419104,0.0265826324362742,0.2180385453057551,0.9228816526610644,0.7027512896798612,0.7027512896798612,0.9731895128910512,1.7850922477543922,0.333278212470759,30.0,0.0600577942678565,8.0,equal,True,52774.0,3.64507837430574,3.299678000000001,8.0,100.0,54.0,256.0,0.0242448749486356,10558.932580281493,median 5 warm calls on training rows; end-to-end preprocessing,,,,,,,,,,,
100.0,100.0,1.0,11,0,binary,breast_cancer,top_quality,complete,,0.9554976920345604,0.9602638825505374,0.4383912512113734,0.0605851272941523,0.9268552491419104,0.0624991060368006,0.2588587496100271,0.9543327969485668,0.8274780846244086,0.8274780846244086,0.952173971421292,1.3720544460294484,0.3644584534458677,30.0,0.0524896902637466,8.0,equal,True,52106.0,3.6414724171627313,3.3002739999999986,8.0,90.0,49.0,256.0,0.0202659170608967,12632.046170461934,median 5 warm calls on training rows; end-to-end preprocessing,,,,,,,,,,,
100.0,100.0,1.0,11,0,binary,breast_cancer,top_no_cert,complete,,0.9554976920345604,0.9602638825505374,0.4383912512113734,0.0605851272941523,0.9268552491419104,0.0624991060368006,0.2588587496100271,0.9543327969485668,0.8274780846244086,0.8274780846244086,0.952173971421292,1.3720544460294484,0.3644584534458677,30.0,0.0524896902637466,8.0,equal,True,52106.0,3.644870876101777,3.2986120000000008,8.0,90.0,49.0,256.0,0.0192223750054836,13317.813221673705,median 5 warm calls on training rows; end-to-end preprocessing,,,,,,,,,,,
100.0,100.0,1.0,11,0,binary,breast_cancer,abs_correlation,complete,,0.9836667061190674,0.9895518455982945,0.1683621142513779,0.0479047436364519,0.935258610486448,0.0431616794034998,0.2046799700182813,0.9222856695869838,0.5768927220585928,0.5768927220585928,0.8406299678306389,2.3332726560900876,0.3568345474401375,29.0,0.0513897356725781,8.0,equal,True,53114.0,3.7416974182706326,3.390489,8.0,104.0,56.0,256.0,0.0221049168612808,11581.13380866916,median 5 warm calls on training rows; end-to-end preprocessing,,,,,,,,,,,
100.0,100.0,1.0,11,0,binary,breast_cancer,signed_correlation,complete,,0.9836667061190674,0.9895518455982945,0.1683621142513779,0.0479047436364519,0.935258610486448,0.0431616794034998,0.2046799700182813,0.9222856695869838,0.5768927220585928,0.5768927220585928,0.8406299678306389,2.3332726560900876,0.3568345474401375,29.0,0.0513897356725781,8.0,equal,True,53114.0,3.765118543291464,3.4003990000000006,8.0,104.0,56.0,256.0,0.0229344170074909,11162.263244641605,median 5 warm calls on training rows; end-to-end preprocessing,,,,,,,,,,,
100.0,100.0,1.0,11,0,binary,breast_cancer,minimax,complete,,0.977867203219316,0.9818986648102458,0.1705050226386751,0.0491886622883001,0.9240146762930525,0.0542541569779036,0.2101656988045686,0.9199706478336016,0.6193457125306107,0.6193457125306107,0.689329857021959,2.149718251490054,0.3244403888037429,30.0,0.0543771379084808,8.0,equal,True,52954.0,3.740601166384294,3.391338999999999,8.0,102.0,55.0,256.0,0.0229538751300424,11152.80093446804,median 5 warm calls on training rows; end-to-end preprocessing,,,,,,,,,,,
100.0,100.0,1.0,11,0,binary,breast_cancer,quality_diversity,complete,,0.9853828855485856,0.9914797707783524,0.1705614676336933,0.0500865318219889,0.9240146762930525,0.0424247701225046,0.2140019767028581,0.9483785535490792,0.6500963205278429,0.6500963205278429,0.9143046180268418,1.9980513409129093,0.3479214190516903,29.0,0.0492752322454774,8.0,equal,True,52986.0,3.7568093752488494,3.4097309999999994,8.0,102.0,55.0,256.0,0.0195622919127345,13086.401181517544,median 5 warm calls on training rows; end-to-end preprocessing,,,,,,,,,,,
100.0,100.0,1.0,11,0,binary,breast_cancer,prediction_correlation,complete,,0.9834891703160138,0.9894931073652566,0.1696163062268791,0.0487275575107055,0.935258610486448,0.04919112642672,0.2081955617181541,0.9114033911436916,0.5974153868258433,0.5974153868258433,0.8349600625427497,2.2147685973503908,0.3244326407492475,30.0,0.0575276707775122,8.0,equal,True,53210.0,3.761892125243321,3.3958869999999988,8.0,106.0,57.0,256.0,0.0198854580521583,12873.729100357028,median 5 warm calls on training rows; end-to-end preprocessing,,,,,,,,,,,
100.0,100.0,1.0,11,0,binary,breast_cancer,coerror_greedy,complete,,0.9707657710971712,0.9788359616253168,0.1770538849321783,0.0486587631623614,0.9310569298141792,0.0304773933447566,0.2079016278801327,0.9438919184695156,0.6376449004652823,0.6376449004652823,0.952173971421292,2.1203139776883546,0.3395485113121595,30.0,0.0441664979168779,8.0,equal,True,52858.0,3.6343556670472026,3.296677000000001,8.0,100.0,54.0,256.0,0.0177930830977857,14387.613354756846,median 5 warm calls on training rows; end-to-end preprocessing,,,,,,,,,,,
100.0,100.0,1.0,11,0,binary,breast_cancer,direct_squared,complete,,0.9707657710971712,0.9788359616253168,0.1770538849321783,0.0486587631623614,0.9310569298141792,0.0304773933447566,0.2079016278801327,0.9438919184695156,0.6376449004652823,0.6376449004652823,0.952173971421292,2.120313977688354,0.3395485113121595,30.0,0.0441664979168779,8.0,equal,True,52858.0,3.644325458211824,3.3048120000000005,8.0,100.0,54.0,256.0,0.0194202079437673,13182.145152166624,median 5 warm calls on training rows; end-to-end preprocessing,,,,,,,,,,,
100.0,100.0,1.0,11,0,binary,breast_cancer,coerror,complete,,0.9707657710971712,0.9788359616253168,0.1770538849321783,0.0486587631623614,0.9310569298141792,0.0304773933447566,0.2079016278801327,0.9438919184695156,0.6376449004652823,0.6376449004652823,0.952173971421292,2.1203139776883546,0.3395485113121595,30.0,0.0441664979168779,8.0,equal,True,52858.0,3.635247374186292,3.297856999999999,8.0,100.0,54.0,256.0,0.0216465000994503,11826.392203074916,median 5 warm calls on training rows; end-to-end preprocessing,,,,,,,,,,,
100.0,100.0,1.0,11,0,binary,breast_cancer,coerror_no_cert,complete,,0.9707657710971712,0.9788359616253168,0.1770538849321783,0.0486587631623614,0.9310569298141792,0.0304773933447566,0.2079016278801327,0.9438919184695156,0.6376449004652823,0.6376449004652823,0.952173971421292,2.1203139776883546,0.3395485113121595,30.0,0.0441664979168779,8.0,equal,True,52858.0,3.651544709457085,3.303231999999998,8.0,100.0,54.0,256.0,0.0215081658679991,11902.456098355098,median 5 warm calls on training rows; end-to-end preprocessing,,,,,,,,,,,
100.0,100.0,1.0,11,0,binary,breast_cancer,covariance_only,complete,,0.9707657710971712,0.9788359616253168,0.1770538849321783,0.0486587631623614,0.9310569298141792,0.0304773933447566,0.2079016278801327,0.9438919184695156,0.6376449004652823,0.6376449004652823,0.952173971421292,2.1203139776883546,0.3395485113121595,30.0,0.0441664979168779,8.0,equal,True,52858.0,3.6350432918407023,3.299830999999998,8.0,100.0,54.0,256.0,0.0208700420334935,12266.386411160818,median 5 warm calls on training rows; end-to-end preprocessing,,,,,,,,,,,
100.0,100.0,1.0,11,0,binary,breast_cancer,shrinkage,complete,,0.9707657710971712,0.9788359616253168,0.1770538849321783,0.0486587631623614,0.9310569298141792,0.0304773933447566,0.2079016278801327,0.9438919184695156,0.6376449004652823,0.6376449004652823,0.952173971421292,2.120313977688355,0.3395485113121595,30.0,0.0441664979168779,8.0,equal,True,52858.0,3.6496327922213823,3.3054740000000007,8.0,100.0,54.0,256.0,0.0259810420684516,9853.33841981868,median 5 warm calls on training rows; end-to-end preprocessing,,,,,,,,,,,
100.0,100.0,1.0,11,0,binary,breast_cancer,caruana,complete,,0.9717718073144752,0.9790684030472606,0.1765131316822439,0.049108642906977,0.9310569298141792,0.0273297987856887,0.2098238043839579,0.942433001569422,0.6029179016995801,0.6029179016995801,0.952173971421292,2.144006136901897,0.3292496062290112,30.0,0.0435759937775831,8.0,frequency_weighted,True,40314.0,3.637413542252034,3.297576,6.0,76.0,41.0,256.0,0.0176889998838305,14472.270997865102,median 5 warm calls on training rows; end-to-end preprocessing,,,,,,,,,,,
100.0,100.0,1.0,11,0,binary,breast_cancer,direct_auroc,complete,,0.9552609776304888,0.9601402959020086,0.4452252868515975,0.0627189370327233,0.9268552491419104,0.0602898654103574,0.2679757614164133,0.945670555456225,0.8015662420948606,0.8015662420948606,0.9397339681351018,1.4508232515988366,0.3488696862144067,30.0,0.0523413369530155,8.0,equal,True,52090.0,3.794279501074925,3.431652,8.0,90.0,49.0,256.0,0.0202487078495323,12642.78204329528,median 5 warm calls on training rows; end-to-end preprocessing,,,,,,,,,,,
,,,11,0,binary,breast_cancer,rf_shallow,complete,,0.9920108888625871,0.9952842941758762,0.1257239748167247,0.0385491825780064,0.9240146762930525,0.0228349669530421,0.1647069775422349,,,,,,,,,,,,15771.0,0.029712124960497,0.0236780000000003,8.0,100.0,54.0,256.0,0.0043261249084025,59175.360263587245,median 5 warm calls on training rows; end-to-end preprocessing,0.029712124960497,0.0236780000000003,176340992.0,,,,,,,,
,,,11,0,binary,breast_cancer,et_shallow,complete,,0.9891703160137294,0.9935578683381824,0.2126060579704296,0.0555717230143096,0.9253757841164636,0.1051289004878675,0.2374382521854903,,,,,,,,,,,,15771.0,0.0231188749894499,0.0173629999999995,8.0,100.0,54.0,256.0,0.0070304172113537,36413.20170680234,median 5 warm calls on training rows; end-to-end preprocessing,0.0231188749894499,0.0173629999999995,176422912.0,,,,,,,,
,,,11,0,binary,breast_cancer,random_patches,complete,,0.9701148064859748,0.9690041085164816,0.1838661378643514,0.0465619307126933,0.9324180376375902,0.0393983683266367,0.1989426069074195,,,,,,,,,,,,39962.0,0.0568752498365938,0.0545580000000001,8.0,92.0,50.0,256.0,0.0228154170326888,11220.483045881443,median 5 warm calls on training rows; end-to-end preprocessing,0.0568752498365938,0.0545580000000001,176553984.0,,,,,,,,
,,,11,0,binary,breast_cancer,random_forest,complete,,0.9895253876198368,0.993280438517154,0.125669058433845,0.0366727327045641,0.9394602911587172,0.044140625,0.1566895731124838,,,,,,,,,,,,748811.0,0.5465342497918755,0.4876319999999996,256.0,8074.0,4165.0,256.0,0.0226214579306542,11316.688817527316,median 5 warm calls on training rows; end-to-end preprocessing,0.5465342497918755,0.4876319999999996,177651712.0,,,,,,,,
,,,11,0,binary,breast_cancer,extra_trees,complete,,0.9938454254941412,0.9962549265821662,0.1112447208678517,0.0310917904502467,0.9423008640075748,0.0284950657894737,0.1328441873202877,,,,,,,,,,,,2061771.0,0.3415751249995082,0.3044420000000016,256.0,24486.0,12371.0,256.0,0.0268065840937197,9549.89263477162,median 5 warm calls on training rows; end-to-end preprocessing,0.3415751249995082,0.3044420000000016,181338112.0,,,,,,,,
,,,11,0,binary,breast_cancer,xgboost,complete,,0.9913599242513906,0.994855496132584,0.1387665867805481,0.0418093305002643,0.935258610486448,0.036625340228018,0.1786364327136671,,,,,,,,,,,,124835.0,0.2275330000557005,0.2010940000000012,100.0,1314.0,707.0,256.0,0.0034182500094175,74892.12295610353,median 5 warm calls on training rows; end-to-end preprocessing,0.2275330000557005,0.2010940000000012,190398464.0,,,,,,,,
,,,11,0,binary,breast_cancer,lightgbm,complete,,0.9859154929577464,0.9904078748740408,0.1496316343151039,0.0379717213367535,0.9394602911587172,0.0326001455251305,0.1622396905770161,,,,,,,,,,,,181791.0,0.126540333032608,0.112490000000001,100.0,2876.0,1488.0,256.0,0.0065876659937202,38860.50085782014,median 5 warm calls on training rows; end-to-end preprocessing,0.126540333032608,0.112490000000001,195428352.0,,,,,,,,
,,,11,0,binary,breast_cancer,catboost,complete,,0.99360871109007,0.9962182930362647,0.1108521941013914,0.0338998559750535,0.9394602911587172,0.0334615137093109,0.1448420548339652,,,,,,,,,,,,45632.0,0.4817957079503685,0.4055119999999999,100.0,3100.0,1600.0,256.0,0.0033752918243408,75845.29377693014,median 5 warm calls on training rows; end-to-end preprocessing,0.4817957079503685,0.4055119999999999,217645056.0,,,,,,,,
,,,11,0,binary,breast_cancer,linear,complete,,0.9976328559592852,0.9985960622653456,0.0632973538961001,0.0186543901307851,0.970469878092082,0.0237450976229956,0.0797035893074494,,,,,,,,,,,,5290.0,0.0134631250984966,0.0128080000000014,1.0,,,256.0,0.0026399169582873,96972.74726629264,median 5 warm calls on training rows; end-to-end preprocessing,0.0134631250984966,0.0128080000000014,218169344.0,31.0,,,,,,,
100.0,100.0,1.0,11,1,binary,breast_cancer,coerror_no_cert_affine,not_applicable,task restriction defined in config,,,,,,,,,,,,,,,,,,,,,,,,,,,,,,,,,,,,,,,
100.0,100.0,1.0,11,1,binary,breast_cancer,affine_profiled,not_applicable,task restriction defined in config,,,,,,,,,,,,,,,,,,,,,,,,,,,,,,,,,,,,,,,
100.0,100.0,1.0,11,1,binary,breast_cancer,random_subspace,complete,,0.952893833589774,0.9662219596360464,0.4132147354177148,0.0602448897209065,0.9227719256716772,0.0398783523884053,0.2574050351967,0.954308585136182,0.6893937834684716,0.6893937834684716,0.923226432990105,1.779219136357045,0.3472293747261057,30.0,0.0389908041850341,8.0,equal,False,51866.0,0.0629665008746087,0.0622929999999968,8.0,88.0,48.0,256.0,0.0227752921637147,11240.25097723467,median 5 warm calls on training rows; end-to-end preprocessing,,,,,,,,,,,
100.0,100.0,1.0,11,1,binary,breast_cancer,certified_random,complete,,0.952893833589774,0.9662219596360464,0.4132147354177148,0.0602448897209065,0.9227719256716772,0.0398783523884053,0.2574050351967,0.954308585136182,0.6893937834684716,0.6893937834684716,0.923226432990105,1.779219136357045,0.3472293747261057,30.0,0.0389908041850341,8.0,equal,True,51866.0,3.589468958089128,3.2567299999999992,8.0,88.0,48.0,256.0,0.0214064170140773,11959.030781828134,median 5 warm calls on training rows; end-to-end preprocessing,,,,,,,,,,,
100.0,100.0,1.0,11,1,binary,breast_cancer,top_quality,complete,,0.9631909101668836,0.9735242187504992,0.3244886143149307,0.0541203083906082,0.9298141791928038,0.046895945138254,0.2312368725493148,0.969180225281602,0.6144656915806749,0.6144656915806749,0.868435541856147,2.169894657359688,0.3363972289560717,30.0,0.0293195000172202,8.0,equal,True,52362.0,3.5884187491610646,3.2566919999999993,8.0,94.0,51.0,256.0,0.0215399579610675,11884.888562118262,median 5 warm calls on training rows; end-to-end preprocessing,,,,,,,,,,,
100.0,100.0,1.0,11,1,binary,breast_cancer,top_no_cert,complete,,0.9631909101668836,0.9735242187504992,0.3244886143149307,0.0541203083906082,0.9298141791928038,0.046895945138254,0.2312368725493148,0.969180225281602,0.6144656915806749,0.6144656915806749,0.868435541856147,2.169894657359688,0.3363972289560717,30.0,0.0293195000172202,8.0,equal,True,52362.0,3.580608416115865,3.256287000000002,8.0,94.0,51.0,256.0,0.0219779999461025,11648.011676576518,median 5 warm calls on training rows; end-to-end preprocessing,,,,,,,,,,,
100.0,100.0,1.0,11,1,binary,breast_cancer,abs_correlation,complete,,0.9826014913007456,0.9879042072591964,0.1700818903285949,0.049967878214052,0.9424192212096104,0.0441351742195201,0.2134950119417192,0.9548263454317898,0.4756548364150665,0.4756548364150665,0.8009902886175637,2.934219848397662,0.3142685730418649,30.0,0.0284274969631106,8.0,equal,True,52458.0,3.706240125233307,3.356086999999997,8.0,96.0,52.0,256.0,0.0234613339416682,10911.570528619164,median 5 warm calls on training rows; end-to-end preprocessing,,,,,,,,,,,
100.0,100.0,1.0,11,1,binary,breast_cancer,signed_correlation,complete,,0.9826014913007456,0.9879042072591964,0.1700818903285949,0.049967878214052,0.9424192212096104,0.0441351742195201,0.2134950119417192,0.9548263454317898,0.4756548364150665,0.4756548364150665,0.8009902886175637,2.934219848397662,0.3142685730418649,30.0,0.0284274969631106,8.0,equal,True,52458.0,3.693737875204534,3.351798999999998,8.0,96.0,52.0,256.0,0.0211505840998142,12103.684644919462,median 5 warm calls on training rows; end-to-end preprocessing,,,,,,,,,,,
100.0,100.0,1.0,11,1,binary,breast_cancer,minimax,complete,,0.978695703633566,0.981121517667958,0.17447910974025,0.0480015375054124,0.9382175405373416,0.0569275978359671,0.2050935358719501,0.9570333452529948,0.5454156354384326,0.5454156354384326,0.6589124185540418,2.5392162350881353,0.3310286762926515,30.0,0.0311686450287725,8.0,equal,True,52442.0,3.694263166282326,3.3499839999999974,8.0,96.0,52.0,256.0,0.0227568328846246,11249.36854341289,median 5 warm calls on training rows; end-to-end preprocessing,,,,,,,,,,,
100.0,100.0,1.0,11,1,binary,breast_cancer,quality_diversity,complete,,0.9804118830630844,0.9867315523067688,0.1762792806217524,0.0519009775721129,0.9298141791928038,0.0381573734233901,0.221754459516535,0.9651126408010012,0.5116365256566529,0.5116365256566529,0.822789732084648,2.7321250735527185,0.3313583931596353,30.0,0.0277846960294503,8.0,equal,True,52442.0,3.635014540981502,3.2969109999999997,8.0,96.0,52.0,256.0,0.0236379581037908,10830.038655451574,median 5 warm calls on training rows; end-to-end preprocessing,,,,,,,,,,,
100.0,100.0,1.0,11,1,binary,breast_cancer,prediction_correlation,complete,,0.975973487986744,0.9768621158209037,0.1792110335076664,0.0500359594946007,0.9353769676884838,0.0438421464358156,0.2137858990940911,0.9428936468204304,0.5146698039977977,0.5146698039977977,0.7843219344058431,2.667682574454334,0.3308754134064693,30.0,0.0357810800159344,8.0,equal,True,52698.0,3.655494458042085,3.320235000000002,8.0,98.0,53.0,256.0,0.0204392080195248,12524.94713862948,median 5 warm calls on training rows; end-to-end preprocessing,,,,,,,,,,,
100.0,100.0,1.0,11,1,binary,breast_cancer,coerror_greedy,complete,,0.975026630370458,0.9775393770396776,0.1852897174933037,0.0532470409176186,0.926973606343946,0.0393815729930369,0.227505710526073,0.9627696823410216,0.5204994132618075,0.5204994132618075,0.8536645349165652,2.684329763351587,0.339607924856372,30.0,0.0261969707868611,8.0,equal,True,52282.0,3.577383083291352,3.253268000000004,8.0,94.0,51.0,256.0,0.0238743750378489,10722.79377341411,median 5 warm calls on training rows; end-to-end preprocessing,,,,,,,,,,,
100.0,100.0,1.0,11,1,binary,breast_cancer,direct_squared,complete,,0.975026630370458,0.9775393770396776,0.1852897174933036,0.0532470409176186,0.926973606343946,0.0393815729930369,0.227505710526073,0.9627696823410214,0.5204994132618074,0.5204994132618074,0.8536645349165652,2.6843297633515872,0.339607924856372,30.0,0.0261969707868611,8.0,equal,True,52279.0,3.6064517912454903,3.265990999999998,8.0,94.0,51.0,256.0,0.021768125006929,11760.314676551716,median 5 warm calls on training rows; end-to-end preprocessing,,,,,,,,,,,
100.0,100.0,1.0,11,1,binary,breast_cancer,coerror,complete,,0.9738430583501008,0.9768637313751818,0.191851841142489,0.0569408152630859,0.9128890993016924,0.0535957345395457,0.2432878975266367,0.9607321652065082,0.5006940467343391,0.5006940467343391,0.8536645349165652,2.809243105700573,0.3506746613235662,30.0,0.0260806884940617,8.0,equal,True,52111.0,3.5906204991042614,3.258455999999997,8.0,92.0,50.0,256.0,0.0250344590749591,10225.904990935684,median 5 warm calls on training rows; end-to-end preprocessing,,,,,,,,,,,
100.0,100.0,1.0,11,1,binary,breast_cancer,coerror_no_cert,complete,,0.9738430583501008,0.9768637313751818,0.191851841142489,0.0569408152630859,0.9128890993016924,0.0535957345395457,0.2432878975266367,0.9607321652065082,0.5006940467343391,0.5006940467343391,0.8536645349165652,2.809243105700573,0.3506746613235662,30.0,0.0260806884940617,8.0,equal,True,52111.0,3.616909834323451,3.266103999999997,8.0,92.0,50.0,256.0,0.0227016250137239,11276.72577823123,median 5 warm calls on training rows; end-to-end preprocessing,,,,,,,,,,,
100.0,100.0,1.0,11,1,binary,breast_cancer,covariance_only,complete,,0.9738430583501008,0.9768637313751818,0.191851841142489,0.0569408152630859,0.9128890993016924,0.0535957345395457,0.2432878975266367,0.9607321652065082,0.5006940467343391,0.5006940467343391,0.8536645349165652,2.809243105700573,0.3506746613235662,30.0,0.0260806884940617,8.0,equal,True,52111.0,3.591764500364661,3.2604380000000024,8.0,92.0,50.0,256.0,0.0194252091459929,13178.75128530121,median 5 warm calls on training rows; end-to-end preprocessing,,,,,,,,,,,
100.0,100.0,1.0,11,1,binary,breast_cancer,shrinkage,complete,,0.973251272339922,0.9767863998050634,0.1962975923206288,0.0567417162584922,0.9086874186294236,0.0471054478961565,0.2424372181325422,0.962229572680136,0.5319536740007693,0.5319536740007693,0.8536645349165652,2.654097196441036,0.3403429817249693,30.0,0.0261849611205527,8.0,equal,True,51946.0,3.593406750122085,3.259769000000004,8.0,90.0,49.0,256.0,0.0226840418763458,11285.466734521764,median 5 warm calls on training rows; end-to-end preprocessing,,,,,,,,,,,
100.0,100.0,1.0,11,1,binary,breast_cancer,caruana,complete,,0.975026630370458,0.9775393770396776,0.1857236342966026,0.0534384730806394,0.926973606343946,0.0392255547945136,0.2283236322267921,0.9629490093909904,0.5064226679682232,0.5064226679682232,0.8282302717095968,2.655525874993783,0.3445914334113091,30.0,0.0258800364220622,8.0,frequency_weighted,True,46069.0,3.597531749168411,3.2616119999999977,7.0,83.0,45.0,256.0,0.0216802500654011,11807.981883407429,median 5 warm calls on training rows; end-to-end preprocessing,,,,,,,,,,,
100.0,100.0,1.0,11,1,binary,breast_cancer,direct_auroc,complete,,0.975085808971476,0.9776628744633464,0.1885283920968373,0.0546383853835463,0.9128890993016924,0.0488532312560651,0.2334504316946566,0.9650195184456762,0.5254966410016298,0.5254966410016298,0.8536645349165652,2.625511681688014,0.3184364720855404,30.0,0.0265887232472768,8.0,equal,True,52346.0,3.735991665162146,3.3908240000000003,8.0,94.0,51.0,256.0,0.0238576668780297,10730.303231610123,median 5 warm calls on training rows; end-to-end preprocessing,,,,,,,,,,,
,,,11,1,binary,breast_cancer,rf_shallow,complete,,0.969523020475796,0.966713850897856,0.1980243227458308,0.0513177386396667,0.9437803290330216,0.0585840100395893,0.2192624865271265,,,,,,,,,,,,15451.0,0.0223850419279187,0.0207980000000027,8.0,96.0,52.0,256.0,0.002718084026128,94183.99046503183,median 5 warm calls on training rows; end-to-end preprocessing,0.0223850419279187,0.0207980000000027,218873856.0,,,,,,,,
,,,11,1,binary,breast_cancer,et_shallow,complete,,0.9715350929104036,0.977480016549599,0.2372103730142562,0.0643005819169561,0.90572848857853,0.0991102748448191,0.2747335687421577,,,,,,,,,,,,15291.0,0.0160664168652147,0.0152779999999985,8.0,94.0,51.0,256.0,0.003619167022407,70734.50835925725,median 5 warm calls on training rows; end-to-end preprocessing,0.0160664168652147,0.0152779999999985,218873856.0,,,,,,,,
,,,11,1,binary,breast_cancer,random_patches,complete,,0.9737838797490828,0.9733680621176783,0.1913158744638058,0.0489253692666698,0.9353769676884838,0.0385353495618587,0.2090407411556498,,,,,,,,,,,,39082.0,0.0647477498278021,0.0584249999999997,8.0,80.0,44.0,256.0,0.0256638331338763,9975.12720194862,median 5 warm calls on training rows; end-to-end preprocessing,0.0647477498278021,0.0584249999999997,218955776.0,,,,,,,,
,,,11,1,binary,breast_cancer,random_forest,complete,,0.978814060835602,0.9767165461311024,0.2114584169135451,0.0418971011513157,0.9479820097052906,0.0436677631578947,0.1790114455592013,,,,,,,,,,,,658091.0,0.5202763751149178,0.482839000000002,256.0,6940.0,3598.0,256.0,0.0239482908509671,10689.698133078306,median 5 warm calls on training rows; end-to-end preprocessing,0.5202763751149178,0.482839000000002,219004928.0,,,,,,,,
,,,11,1,binary,breast_cancer,extra_trees,complete,,0.9873949579831932,0.991133569587514,0.13662703445838,0.0357409025493421,0.962066516747544,0.0616776315789473,0.1527081935296934,,,,,,,,,,,,1858891.0,0.3487875829450786,0.306636000000001,256.0,21950.0,11103.0,256.0,0.0259779999032616,9854.492299380525,median 5 warm calls on training rows; end-to-end preprocessing,0.3487875829450786,0.306636000000001,219889664.0,,,,,,,,
,,,11,1,binary,breast_cancer,xgboost,complete,,0.9853828855485856,0.9903544314540328,0.1481757462024688,0.0403576651779785,0.9508225825541484,0.0281722322498497,0.1724339819314039,,,,,,,,,,,,123268.0,0.1582857090979814,0.1442210000000017,100.0,1268.0,684.0,256.0,0.0028487080708146,89865.29810574619,median 5 warm calls on training rows; end-to-end preprocessing,0.1582857090979814,0.1442210000000017,220233728.0,,,,,,,,
,,,11,1,binary,breast_cancer,lightgbm,complete,,0.9835483489170316,0.9888910875525804,0.1638659606323816,0.0395028542396883,0.9508225825541484,0.0378618535856945,0.1687816781314224,,,,,,,,,,,,181247.0,0.0841549159958958,0.0751360000000005,100.0,2850.0,1475.0,256.0,0.0061297910287976,41763.25078576374,median 5 warm calls on training rows; end-to-end preprocessing,0.0841549159958958,0.0751360000000005,221216768.0,,,,,,,,
,,,11,1,binary,breast_cancer,catboost,complete,,0.9872174221801396,0.9912839755659192,0.1253423462671077,0.0320685151356746,0.9578648360752752,0.0314495755272618,0.137017385299316,,,,,,,,,,,,45528.0,0.405277208192274,0.3729079999999989,100.0,3100.0,1600.0,256.0,0.0031856251880526,80360.99192086393,median 5 warm calls on training rows; end-to-end preprocessing,0.405277208192274,0.3729079999999989,224952320.0,,,,,,,,
,,,11,1,binary,breast_cancer,linear,complete,,0.9924251390697124,0.9947852828467414,0.092275482055583,0.0225626731076872,0.9788732394366196,0.0234340741241084,0.0964022955693194,,,,,,,,,,,,5290.0,0.0136201661080122,0.0119450000000007,1.0,,,256.0,0.0030663749203085,83486.20330296629,median 5 warm calls on training rows; end-to-end preprocessing,0.0136201661080122,0.0119450000000007,224935936.0,31.0,,,,,,,
100.0,100.0,1.0,11,2,binary,breast_cancer,coerror_no_cert_affine,not_applicable,task restriction defined in config,,,,,,,,,,,,,,,,,,,,,,,,,,,,,,,,,,,,,,,
100.0,100.0,1.0,11,2,binary,breast_cancer,affine_profiled,not_applicable,task restriction defined in config,,,,,,,,,,,,,,,,,,,,,,,,,,,,,,,,,,,,,,,
100.0,100.0,1.0,11,2,binary,breast_cancer,random_subspace,complete,,0.9930372148859542,0.9959015720414052,0.1161383684552456,0.0335283051457009,0.9546218487394956,0.0366006455636622,0.1437704911222036,0.9522114303467866,0.6601080336521868,0.6601080336521868,0.8480609298819155,1.953285402872606,0.3675417749951912,29.0,0.045606760212216,8.0,equal,False,53426.0,0.0729785840958356,0.0654859999999999,8.0,106.0,57.0,256.0,0.0200023329816758,12798.507065876844,median 5 warm calls on training rows; end-to-end preprocessing,,,,,,,,,,,
100.0,100.0,1.0,11,2,binary,breast_cancer,certified_random,complete,,0.9930372148859542,0.9959015720414052,0.1161383684552456,0.0335283051457009,0.9546218487394956,0.0366006455636622,0.1437704911222036,0.9522114303467866,0.6601080336521868,0.6601080336521868,0.8480609298819155,1.953285402872606,0.3675417749951912,29.0,0.045606760212216,8.0,equal,True,53426.0,3.720174249727279,3.379662000000007,8.0,106.0,57.0,256.0,0.0204531250055879,12516.424748299296,median 5 warm calls on training rows; end-to-end preprocessing,,,,,,,,,,,
100.0,100.0,1.0,11,2,binary,breast_cancer,top_quality,complete,,0.985234093637455,0.9912169445334412,0.2212535992991008,0.0449581393246958,0.9319327731092436,0.044494805574418,0.1927820014332202,0.9669469020002368,0.7738309375294639,0.7738309375294639,0.8918137379459774,1.5373991535615732,0.3463539566024037,29.0,0.0411877340265085,8.0,equal,True,52066.0,3.7294749587308615,3.379265,8.0,90.0,49.0,256.0,0.0221098749898374,11578.53674512714,median 5 warm calls on training rows; end-to-end preprocessing,,,,,,,,,,,
100.0,100.0,1.0,11,2,binary,breast_cancer,top_no_cert,complete,,0.985234093637455,0.9912169445334412,0.2212535992991008,0.0449581393246958,0.9319327731092436,0.044494805574418,0.1927820014332202,0.9669469020002368,0.7738309375294639,0.7738309375294639,0.8918137379459774,1.5373991535615732,0.3463539566024037,29.0,0.0411877340265085,8.0,equal,True,52066.0,3.714638082776218,3.3747220000000056,8.0,90.0,49.0,256.0,0.0275613749399781,9288.360996412728,median 5 warm calls on training rows; end-to-end preprocessing,,,,,,,,,,,
100.0,100.0,1.0,11,2,binary,breast_cancer,abs_correlation,complete,,0.9926170468187276,0.995731304356058,0.1309681485885614,0.035660048542232,0.9588235294117646,0.0543767309019387,0.1529114779312278,0.94669302580187,0.5637089782217255,0.5637089782217255,0.7538523719919076,2.4391285629224777,0.3547898012960125,30.0,0.0422975839912134,8.0,equal,True,53218.0,3.85575741622597,3.476884000000009,8.0,104.0,56.0,256.0,0.0197050829883664,12991.571776233455,median 5 warm calls on training rows; end-to-end preprocessing,,,,,,,,,,,
100.0,100.0,1.0,11,2,binary,breast_cancer,signed_correlation,complete,,0.9926170468187276,0.995731304356058,0.1309681485885614,0.035660048542232,0.9588235294117646,0.0543767309019387,0.1529114779312278,0.94669302580187,0.5637089782217255,0.5637089782217255,0.7538523719919076,2.4391285629224777,0.3547898012960125,30.0,0.0422975839912134,8.0,equal,True,53218.0,3.834313750499859,3.476300000000002,8.0,104.0,56.0,256.0,0.0209459159523248,12221.952985139596,median 5 warm calls on training rows; end-to-end preprocessing,,,,,,,,,,,
100.0,100.0,1.0,11,2,binary,breast_cancer,minimax,complete,,0.994717887154862,0.9969957775285736,0.1089550056016929,0.0307046891539846,0.957563025210084,0.0392470198764435,0.1316627315409942,0.9489011273523492,0.593456459891143,0.593456459891143,0.7002141087547241,2.289343564866491,0.3326893603291118,30.0,0.0440450958262195,8.0,equal,True,53266.0,3.846312125213444,3.4754820000000066,8.0,104.0,56.0,256.0,0.0230235408525913,11119.05426011769,median 5 warm calls on training rows; end-to-end preprocessing,,,,,,,,,,,
100.0,100.0,1.0,11,2,binary,breast_cancer,quality_diversity,complete,,0.9923169267707084,0.9955731347691316,0.1193299189002026,0.0356296803215582,0.9319327731092436,0.0576348374185761,0.1527812579877557,0.9616152799147828,0.6097035637001412,0.6097035637001412,0.9453815326431008,2.2073768340826345,0.3231205130273453,30.0,0.0373816820246086,8.0,equal,True,52547.0,3.840425374917686,3.4905410000000003,8.0,96.0,52.0,256.0,0.0231618748512119,11052.645852052225,median 5 warm calls on training rows; end-to-end preprocessing,,,,,,,,,,,
100.0,100.0,1.0,11,2,binary,breast_cancer,prediction_correlation,complete,,0.9936974789915968,0.996426716692849,0.1193048989497849,0.0333662580594371,0.9403361344537816,0.0513604623554509,0.1430756278096729,0.9421492188424666,0.5766198310636569,0.5766198310636569,0.8710209570257039,2.289349929431243,0.340698690543411,30.0,0.047284039763493,8.0,equal,True,53346.0,3.813883292721584,3.447771000000003,8.0,106.0,57.0,256.0,0.0207857498899102,12316.130106244906,median 5 warm calls on training rows; end-to-end preprocessing,,,,,,,,,,,
100.0,100.0,1.0,11,2,binary,breast_cancer,coerror_greedy,complete,,0.9911164465786316,0.9949349835317928,0.1263687339712375,0.0402512060792473,0.9390756302521008,0.0462374952235978,0.1725985146319398,0.961981447508581,0.6285100033037889,0.6285100033037889,0.805191125664046,2.151347819653071,0.3185407759941921,30.0,0.0363544319838,8.0,equal,True,52594.0,3.717626832658425,3.379470000000005,8.0,96.0,52.0,256.0,0.0222435831092298,11508.937150228048,median 5 warm calls on training rows; end-to-end preprocessing,,,,,,,,,,,
100.0,100.0,1.0,11,2,binary,breast_cancer,direct_squared,complete,,0.9911164465786316,0.9949349835317928,0.1263687339712375,0.0402512060792473,0.9390756302521008,0.0462374952235979,0.1725985146319398,0.9619814475085808,0.6285100033037889,0.6285100033037889,0.805191125664046,2.15134781965307,0.3185407759941921,30.0,0.0363544319838,8.0,equal,True,52578.0,3.731523500056938,3.388266999999999,8.0,96.0,52.0,256.0,0.0194091249722987,13189.6724023041,median 5 warm calls on training rows; end-to-end preprocessing,,,,,,,,,,,
100.0,100.0,1.0,11,2,binary,breast_cancer,coerror,complete,,0.9911164465786316,0.9949349835317928,0.1263687339712375,0.0402512060792473,0.9390756302521008,0.0462374952235978,0.1725985146319398,0.961981447508581,0.6285100033037889,0.6285100033037889,0.805191125664046,2.151347819653071,0.3185407759941921,30.0,0.0363544319838,8.0,equal,True,52594.0,3.7289271256886423,3.3795690000000036,8.0,96.0,52.0,256.0,0.0229469160549342,11156.183226850322,median 5 warm calls on training rows; end-to-end preprocessing,,,,,,,,,,,
100.0,100.0,1.0,11,2,binary,breast_cancer,coerror_no_cert,complete,,0.9911164465786316,0.9949349835317928,0.1263687339712375,0.0402512060792473,0.9390756302521008,0.0462374952235978,0.1725985146319398,0.961981447508581,0.6285100033037889,0.6285100033037889,0.805191125664046,2.151347819653071,0.3185407759941921,30.0,0.0363544319838,8.0,equal,True,52594.0,3.730356417829171,3.38467,8.0,96.0,52.0,256.0,0.0237742920871824,10767.93365965328,median 5 warm calls on training rows; end-to-end preprocessing,,,,,,,,,,,
100.0,100.0,1.0,11,2,binary,breast_cancer,covariance_only,complete,,0.9911164465786316,0.9949349835317928,0.1263687339712375,0.0402512060792473,0.9390756302521008,0.0462374952235978,0.1725985146319398,0.961981447508581,0.6285100033037889,0.6285100033037889,0.805191125664046,2.151347819653071,0.3185407759941921,30.0,0.0363544319838,8.0,equal,True,52594.0,3.720359874656424,3.380409000000004,8.0,96.0,52.0,256.0,0.0267538749612867,9568.70735063371,median 5 warm calls on training rows; end-to-end preprocessing,,,,,,,,,,,
100.0,100.0,1.0,11,2,binary,breast_cancer,shrinkage,complete,,0.9911164465786316,0.9949349835317928,0.1263687339712375,0.0402512060792473,0.9390756302521008,0.0462374952235978,0.1725985146319398,0.9619814475085808,0.6285100033037889,0.6285100033037889,0.805191125664046,2.151347819653072,0.3185407759941921,30.0,0.0363544319838,8.0,equal,True,52610.0,3.733349960064515,3.3842130000000026,8.0,96.0,52.0,256.0,0.0219525839202106,11661.497385932513,median 5 warm calls on training rows; end-to-end preprocessing,,,,,,,,,,,
100.0,100.0,1.0,11,2,binary,breast_cancer,caruana,complete,,0.990996398559424,0.9948885587047248,0.1324627435537613,0.0430515602853835,0.9260504201680672,0.0467864345870092,0.1846065269004621,0.9624289856787784,0.6290441918663965,0.6290441918663965,0.805191125664046,2.0399482909738116,0.3133672124976473,30.0,0.0358136305305242,8.0,frequency_weighted,True,40050.0,3.71484824991785,3.3748570000000058,6.0,72.0,39.0,256.0,0.0206197500228881,12415.28145180406,median 5 warm calls on training rows; end-to-end preprocessing,,,,,,,,,,,
100.0,100.0,1.0,11,2,binary,breast_cancer,direct_auroc,complete,,0.9881752701080432,0.9931501560993476,0.1444984311457954,0.0453066670788886,0.9247899159663866,0.0515113811137694,0.1942765000716774,0.9635552284294,0.6739255236841422,0.6739255236841422,0.8845956303360617,1.9173176761166115,0.3224439380495281,30.0,0.037608948604801,8.0,equal,True,52354.0,3.875313292024657,3.509349000000004,8.0,94.0,51.0,256.0,0.0245856251567602,10412.588590597976,median 5 warm calls on training rows; end-to-end preprocessing,,,,,,,,,,,
,,,11,2,binary,breast_cancer,rf_shallow,complete,,0.9903961584633854,0.9946455022878392,0.1326602591776532,0.0391296704288653,0.9403361344537816,0.0337106373055833,0.1677893323435489,,,,,,,,,,,,15611.0,0.0354847498238086,0.0230689999999995,8.0,98.0,53.0,256.0,0.0044637077953666,57351.42436199106,median 5 warm calls on training rows; end-to-end preprocessing,0.0354847498238086,0.0230689999999995,218398720.0,,,,,,,,
,,,11,2,binary,breast_cancer,et_shallow,complete,,0.9845738295318128,0.99048867666806,0.2679286940796265,0.068055878846392,0.923109243697479,0.1352384710054087,0.2918258791483689,,,,,,,,,,,,14971.0,0.0153749170713126,0.0148800000000015,8.0,90.0,49.0,256.0,0.0043420000001788,58959.00506436142,median 5 warm calls on training rows; end-to-end preprocessing,0.0153749170713126,0.0148800000000015,218365952.0,,,,,,,,
,,,11,2,binary,breast_cancer,random_patches,complete,,0.9920768307322928,0.9953604921091692,0.1280712379807548,0.0366112870346654,0.9445378151260504,0.0459131034584381,0.1569904203244441,,,,,,,,,,,,39458.0,0.0653476668521761,0.0553470000000011,8.0,84.0,46.0,256.0,0.0220017090905457,11635.459724808572,median 5 warm calls on training rows; end-to-end preprocessing,0.0653476668521761,0.0553470000000011,218398720.0,,,,,,,,
,,,11,2,binary,breast_cancer,random_forest,complete,,0.9967587034813924,0.9981235045302236,0.1014152799534121,0.0267077249193948,0.965966386554622,0.064401455026455,0.1145236155460858,,,,,,,,,,,,771851.0,0.5243952497839928,0.4820139999999995,256.0,8362.0,4309.0,256.0,0.0315654999576509,8110.120237077072,median 5 warm calls on training rows; end-to-end preprocessing,0.5243952497839928,0.4820139999999995,218398720.0,,,,,,,,
,,,11,2,binary,breast_cancer,extra_trees,complete,,0.9988595438175272,0.9992983752986108,0.0974799796322865,0.0234714891544725,0.9743697478991598,0.060453869047619,0.1006465286104888,,,,,,,,,,,,2146571.0,0.3517865419853478,0.303249000000001,256.0,25546.0,12901.0,256.0,0.0257564168423414,9939.270728805614,median 5 warm calls on training rows; end-to-end preprocessing,0.3517865419853478,0.303249000000001,205864960.0,,,,,,,,
,,,11,2,binary,breast_cancer,xgboost,complete,,0.9914765906362544,0.9950066826509631,0.1422649770975113,0.0445495699098231,0.9390756302521008,0.0384861553314501,0.1910300421505041,,,,,,,,,,,,128102.0,0.1597080409992486,0.1512870000000035,100.0,1410.0,755.0,256.0,0.0035777499433606,71553.35170225218,median 5 warm calls on training rows; end-to-end preprocessing,0.1597080409992486,0.1512870000000035,207994880.0,,,,,,,,
,,,11,2,binary,breast_cancer,lightgbm,complete,,0.9949579831932772,0.9970789146106946,0.1000128132822227,0.0331454798041535,0.946218487394958,0.0369234154656463,0.1421289232848456,,,,,,,,,,,,182335.0,0.0920634169597178,0.0759370000000032,100.0,2876.0,1488.0,256.0,0.0059674999210983,42899.037014630034,median 5 warm calls on training rows; end-to-end preprocessing,0.0920634169597178,0.0759370000000032,208683008.0,,,,,,,,
,,,11,2,binary,breast_cancer,catboost,complete,,0.9974789915966388,0.9985120086038968,0.0743116375459468,0.0199923675454695,0.9701680672268908,0.0449768312963403,0.0857279390716923,,,,,,,,,,,,45584.0,0.4395876659546047,0.371383999999999,100.0,3100.0,1600.0,256.0,0.0034687910228967,73800.92900096816,median 5 warm calls on training rows; end-to-end preprocessing,0.4395876659546047,0.371383999999999,212910080.0,,,,,,,,
,,,11,2,binary,breast_cancer,linear,complete,,0.9920768307322928,0.9946246416346756,0.0845608250787557,0.0206779068306881,0.9714285714285714,0.0263633968169137,0.0886675543994322,,,,,,,,,,,,5290.0,0.0127786248922348,0.0115940000000023,1.0,,,256.0,0.0027423331048339,93351.16859025774,median 5 warm calls on training rows; end-to-end preprocessing,0.0127786248922348,0.0115940000000023,212910080.0,31.0,,,,,,,
100.0,100.0,1.0,29,0,binary,breast_cancer,coerror_no_cert_affine,not_applicable,task restriction defined in config,,,,,,,,,,,,,,,,,,,,,,,,,,,,,,,,,,,,,,,
100.0,100.0,1.0,29,0,binary,breast_cancer,affine_profiled,not_applicable,task restriction defined in config,,,,,,,,,,,,,,,,,,,,,,,,,,,,,,,,,,,,,,,
100.0,100.0,1.0,29,0,binary,breast_cancer,random_subspace,complete,,0.9859154929577464,0.9869592845843342,0.1264163063379107,0.0362293520440376,0.9493431175287016,0.0387109294244725,0.1547951648886978,0.9503322605638,0.6597039881511334,0.6597039881511334,0.8826497831882987,1.975722568618926,0.3147001290634831,30.0,0.043717760595881,8.0,equal,False,54026.0,0.0715701666194945,0.0669969999999935,8.0,116.0,62.0,256.0,0.0250172498635947,10232.939327696946,median 5 warm calls on training rows; end-to-end preprocessing,,,,,,,,,,,
100.0,100.0,1.0,29,0,binary,breast_cancer,certified_random,complete,,0.9859154929577464,0.9869592845843342,0.1264163063379107,0.0362293520440376,0.9493431175287016,0.0387109294244725,0.1547951648886978,0.9503322605638,0.6597039881511334,0.6597039881511334,0.8826497831882987,1.975722568618926,0.3147001290634831,30.0,0.043717760595881,8.0,equal,True,54026.0,3.652723832987249,3.315885999999999,8.0,116.0,62.0,256.0,0.021855334052816,11713.387650874854,median 5 warm calls on training rows; end-to-end preprocessing,,,,,,,,,,,
100.0,100.0,1.0,29,0,binary,breast_cancer,top_quality,complete,,0.9723635933246538,0.9746220834387308,0.1890573722602455,0.0517957092448855,0.9226535684696414,0.038029185644782,0.2213046853099493,0.9681875409738364,0.8247804899828416,0.8247804899828416,0.97857566201247,1.3973618972976334,0.3698992859053336,30.0,0.0433059064449659,8.0,equal,True,53962.0,3.6484882498625666,3.3176250000000067,8.0,116.0,62.0,256.0,0.0219894170295447,11641.963934561863,median 5 warm calls on training rows; end-to-end preprocessing,,,,,,,,,,,
100.0,100.0,1.0,29,0,binary,breast_cancer,top_no_cert,complete,,0.9723635933246538,0.9746220834387308,0.1890573722602455,0.0517957092448855,0.9226535684696414,0.038029185644782,0.2213046853099493,0.9681875409738364,0.8247804899828416,0.8247804899828416,0.97857566201247,1.3973618972976334,0.3698992859053336,30.0,0.0433059064449659,8.0,equal,True,53962.0,3.6450980820227414,3.3152800000000084,8.0,116.0,62.0,256.0,0.0245631670113652,10422.108838064312,median 5 warm calls on training rows; end-to-end preprocessing,,,,,,,,,,,
100.0,100.0,1.0,29,0,binary,breast_cancer,abs_correlation,complete,,0.982897384305835,0.9824257373245678,0.1204273074944728,0.0325757662436299,0.9282163569653212,0.044412311505478,0.1391846892798142,0.9441787353239168,0.552403212220106,0.552403212220106,0.8161788735709518,2.455401407596876,0.3270771154311527,30.0,0.0412476845681532,8.0,equal,True,54074.0,3.7159924160223454,3.378885000000004,8.0,116.0,62.0,256.0,0.0234469168353825,10918.279865849274,median 5 warm calls on training rows; end-to-end preprocessing,,,,,,,,,,,
100.0,100.0,1.0,29,0,binary,breast_cancer,signed_correlation,complete,,0.982897384305835,0.9824257373245678,0.1204273074944728,0.0325757662436299,0.9282163569653212,0.044412311505478,0.1391846892798142,0.9441787353239168,0.552403212220106,0.552403212220106,0.8161788735709518,2.455401407596876,0.3270771154311527,30.0,0.0412476845681532,8.0,equal,True,54074.0,3.72019462287426,3.3849930000000086,8.0,116.0,62.0,256.0,0.0227532079443335,11251.160742973569,median 5 warm calls on training rows; end-to-end preprocessing,,,,,,,,,,,
100.0,100.0,1.0,29,0,binary,breast_cancer,minimax,complete,,0.9823055982956562,0.9824268111886922,0.1178423912077813,0.0317728284936485,0.9394602911587172,0.0341680996554986,0.1357540212056885,0.9484828505870432,0.5801798800313761,0.5801798800313761,0.6586872059840753,2.3589961025313544,0.3571482170983642,30.0,0.0416099316655609,8.0,equal,True,53914.0,3.7600483319256455,3.4068980000000053,8.0,114.0,61.0,256.0,0.0256554998923093,9978.36725359386,median 5 warm calls on training rows; end-to-end preprocessing,,,,,,,,,,,
100.0,100.0,1.0,29,0,binary,breast_cancer,quality_diversity,complete,,0.978281453426441,0.9811843842967588,0.1441115273876373,0.0426762338251553,0.9169724227719256,0.0458138347948249,0.1823404029904733,0.9593986530782526,0.6017945265682709,0.6017945265682709,0.8399583519378101,2.235901125237112,0.3507995886101477,30.0,0.0367828353915611,8.0,equal,True,53506.0,3.68959679082036,3.3562399999999997,8.0,110.0,59.0,256.0,0.0242359999101609,10562.799180927232,median 5 warm calls on training rows; end-to-end preprocessing,,,,,,,,,,,
100.0,100.0,1.0,29,0,binary,breast_cancer,prediction_correlation,complete,,0.9828973843058352,0.9838423477768246,0.115050530866613,0.0307049381203984,0.9493431175287016,0.0428218460442199,0.1311913045937723,0.939079355146314,0.5643404849137965,0.5643404849137965,0.851251728034894,2.3860672874619384,0.3321307574413165,30.0,0.0453313445496285,8.0,equal,True,54122.0,3.758344874950126,3.4111780000000067,8.0,116.0,62.0,256.0,0.022265083855018,11497.823303382876,median 5 warm calls on training rows; end-to-end preprocessing,,,,,,,,,,,
100.0,100.0,1.0,29,0,binary,breast_cancer,coerror_greedy,complete,,0.98053024026512,0.9846743231120548,0.1308070861573564,0.0372875041461226,0.9465025446798438,0.0506251802799141,0.1593162733236619,0.9570724566422314,0.6237821972614023,0.6237821972614023,0.900331416689408,2.1519400522411836,0.3494010647737356,30.0,0.0348387730286548,8.0,equal,True,53738.0,3.6604372079018503,3.3171570000000017,8.0,112.0,60.0,256.0,0.0227768749464303,11239.469883471493,median 5 warm calls on training rows; end-to-end preprocessing,,,,,,,,,,,
100.0,100.0,1.0,29,0,binary,breast_cancer,direct_squared,complete,,0.98053024026512,0.9846743231120548,0.1308070861573564,0.0372875041461226,0.9465025446798438,0.0506251802799141,0.1593162733236619,0.9570724566422312,0.6237821972614023,0.6237821972614023,0.900331416689408,2.151940052241185,0.3494010647737355,30.0,0.0348387730286548,8.0,equal,True,53754.0,3.6554149999283254,3.3253679999999903,8.0,112.0,60.0,256.0,0.0228713750839233,11193.030548475705,median 5 warm calls on training rows; end-to-end preprocessing,,,,,,,,,,,
100.0,100.0,1.0,29,0,binary,breast_cancer,coerror,complete,,0.9753225233755474,0.9821047038495184,0.2099604457021644,0.0417048422862192,0.9282163569653212,0.0444821735820985,0.1781899916538774,0.955846966446153,0.6282751462705195,0.6282751462705195,0.900331416689408,2.0924663005168234,0.348988209404195,30.0,0.0347040469669544,8.0,equal,True,53914.0,3.65835812385194,3.319691000000013,8.0,114.0,61.0,256.0,0.0262869161088019,9738.685167191616,median 5 warm calls on training rows; end-to-end preprocessing,,,,,,,,,,,
100.0,100.0,1.0,29,0,binary,breast_cancer,coerror_no_cert,complete,,0.9753225233755474,0.9821047038495184,0.2099604457021644,0.0417048422862192,0.9282163569653212,0.0444821735820985,0.1781899916538774,0.955846966446153,0.6282751462705195,0.6282751462705195,0.900331416689408,2.0924663005168234,0.348988209404195,30.0,0.0347040469669544,8.0,equal,True,53914.0,3.6471089569386095,3.3172170000000065,8.0,114.0,61.0,256.0,0.0233592081349343,10959.27561076633,median 5 warm calls on training rows; end-to-end preprocessing,,,,,,,,,,,
100.0,100.0,1.0,29,0,binary,breast_cancer,covariance_only,complete,,0.9753225233755474,0.9821047038495184,0.2099604457021644,0.0417048422862192,0.9282163569653212,0.0444821735820985,0.1781899916538774,0.955846966446153,0.6282751462705195,0.6282751462705195,0.900331416689408,2.0924663005168234,0.348988209404195,30.0,0.0347040469669544,8.0,equal,True,53914.0,3.641400040825829,3.315731000000006,8.0,114.0,61.0,256.0,0.0209472919814288,12221.150124176464,median 5 warm calls on training rows; end-to-end preprocessing,,,,,,,,,,,
100.0,100.0,1.0,29,0,binary,breast_cancer,shrinkage,complete,,0.9753225233755474,0.9821047038495184,0.2099604457021644,0.0417048422862192,0.9282163569653212,0.0444821735820985,0.1781899916538774,0.9565044102747482,0.6355349739375468,0.6355349739375468,0.900331416689408,2.0623802258947785,0.3356308287985307,30.0,0.034751784875636,8.0,equal,True,53898.0,3.646577666047961,3.3160950000000113,8.0,114.0,61.0,256.0,0.0244402498938143,10474.524651435418,median 5 warm calls on training rows; end-to-end preprocessing,,,,,,,,,,,
100.0,100.0,1.0,29,0,binary,breast_cancer,caruana,complete,,0.9761510237897976,0.9825708259385894,0.2049039575719148,0.0395402073323267,0.935258610486448,0.0483161187938988,0.1689412746410989,0.956704312930846,0.6246795808248871,0.6246795808248871,0.9003314166894081,2.027835026483773,0.3318520609824957,30.0,0.0341127087141689,8.0,frequency_weighted,True,41095.0,3.6334823328070343,3.307019000000004,6.0,86.0,46.0,256.0,0.017949917120859,14261.904290494498,median 5 warm calls on training rows; end-to-end preprocessing,,,,,,,,,,,
100.0,100.0,1.0,29,0,binary,breast_cancer,direct_auroc,complete,,0.9776304888152444,0.9808099979076212,0.1489718241893613,0.0443616600411251,0.9211741034441944,0.0370238320910913,0.1895416311187505,0.9544929673997258,0.5972588305847397,0.5972588305847397,0.8399583519378101,2.2390296201055637,0.3325986125675567,30.0,0.0377081325762928,8.0,equal,True,53738.0,3.7912537497468297,3.4397830000000127,8.0,112.0,60.0,256.0,0.0222662920132279,11497.199437064588,median 5 warm calls on training rows; end-to-end preprocessing,,,,,,,,,,,
,,,29,0,binary,breast_cancer,rf_shallow,complete,,0.987158243579122,0.9859879012109758,0.1267941872807796,0.0334034013523982,0.9366197183098592,0.0438731814144488,0.1427208804038986,,,,,,,,,,,,15451.0,0.0238632918335497,0.0214780000000018,8.0,96.0,52.0,256.0,0.0038869581185281,65861.27048287811,median 5 warm calls on training rows; end-to-end preprocessing,0.0238632918335497,0.0214780000000018,212926464.0,,,,,,,,
,,,29,0,binary,breast_cancer,et_shallow,complete,,0.9870990649781038,0.9921360480249284,0.2361364358884068,0.0619094899746682,0.9141318499230676,0.1070145246459331,0.2645172813787904,,,,,,,,,,,,14491.0,0.0161025000270456,0.0150679999999994,8.0,84.0,46.0,256.0,0.0032924169208854,77754.4296945093,median 5 warm calls on training rows; end-to-end preprocessing,0.0161025000270456,0.0150679999999994,212926464.0,,,,,,,,
,,,29,0,binary,breast_cancer,random_patches,complete,,0.9788732394366196,0.9792936693678668,0.1622003976677227,0.0461093179074631,0.9198129956207834,0.0414133095975632,0.1970087530054459,,,,,,,,,,,,39930.0,0.0885604168288409,0.0627039999999965,8.0,92.0,50.0,256.0,0.0232318339403718,11019.362511675314,median 5 warm calls on training rows; end-to-end preprocessing,0.0885604168288409,0.0627039999999965,212959232.0,,,,,,,,
,,,29,0,binary,breast_cancer,random_forest,complete,,0.9933719966859984,0.9957475188908644,0.1089492191474084,0.0298922890111019,0.9451414368564328,0.0450657894736841,0.1277191433274792,,,,,,,,,,,,763371.0,0.5237940829247236,0.4758340000000061,256.0,8256.0,4256.0,256.0,0.0242823748849332,10542.626131632756,median 5 warm calls on training rows; end-to-end preprocessing,0.5237940829247236,0.4758340000000061,212959232.0,,,,,,,,
,,,29,0,binary,breast_cancer,extra_trees,complete,,0.9936087110900698,0.99553626427301,0.1027143678936148,0.0267741956208881,0.9563853710498283,0.0415707236842105,0.1143966367618134,,,,,,,,,,,,2102891.0,0.3752982090227306,0.3144320000000036,256.0,25000.0,12628.0,256.0,0.0258480408228933,9904.03883041159,median 5 warm calls on training rows; end-to-end preprocessing,0.3752982090227306,0.3144320000000036,212959232.0,,,,,,,,
,,,29,0,binary,breast_cancer,xgboost,complete,,0.9932536394839626,0.9957113778546332,0.1025973260402679,0.0292765554569299,0.9394602911587172,0.0369336208328604,0.1250883323505201,,,,,,,,,,,,131439.0,0.1762560410425067,0.1602409999999992,100.0,1508.0,804.0,256.0,0.0034930419642478,73288.55553990632,median 5 warm calls on training rows; end-to-end preprocessing,0.1762560410425067,0.1602409999999992,213401600.0,,,,,,,,
,,,29,0,binary,breast_cancer,lightgbm,complete,,0.9942004971002484,0.9963707531784766,0.0934908078271577,0.0264094998205791,0.9535447982009706,0.0308722138327789,0.112838421023524,,,,,,,,,,,,181167.0,0.0933486248832196,0.0745959999999996,100.0,2862.0,1481.0,256.0,0.008863375056535,28882.90277316541,median 5 warm calls on training rows; end-to-end preprocessing,0.0933486248832196,0.0745959999999996,213647360.0,,,,,,,,
,,,29,0,binary,breast_cancer,catboost,complete,,0.9924251390697124,0.9943895205896672,0.0890318797537579,0.0226918410210401,0.967629305243224,0.0274261648838296,0.0969541842263806,,,,,,,,,,,,45288.0,0.416624000063166,0.3742220000000031,100.0,3072.0,1586.0,256.0,0.0035300832241773,72519.53671989063,median 5 warm calls on training rows; end-to-end preprocessing,0.416624000063166,0.3742220000000031,213909504.0,,,,,,,,
,,,29,0,binary,breast_cancer,linear,complete,,0.9946739259083917,0.9960713222117616,0.0644638435146683,0.013970105829734,0.9859154929577464,0.0202012187153434,0.0596893047603407,,,,,,,,,,,,5290.0,0.0180654160212725,0.0141419999999996,1.0,,,256.0,0.0030588328372687,83692.05302130444,median 5 warm calls on training rows; end-to-end preprocessing,0.0180654160212725,0.0141419999999996,213909504.0,31.0,,,,,,,
100.0,100.0,1.0,29,1,binary,breast_cancer,coerror_no_cert_affine,not_applicable,task restriction defined in config,,,,,,,,,,,,,,,,,,,,,,,,,,,,,,,,,,,,,,,
100.0,100.0,1.0,29,1,binary,breast_cancer,affine_profiled,not_applicable,task restriction defined in config,,,,,,,,,,,,,,,,,,,,,,,,,,,,,,,,,,,,,,,
100.0,100.0,1.0,29,1,binary,breast_cancer,random_subspace,complete,,0.9820688838915848,0.9834176753201126,0.1486419378356403,0.0440584667699809,0.9353769676884838,0.0385676230631585,0.1882461938627139,0.9543830830204424,0.7153459460298702,0.7153459460298702,0.9798060574639468,1.7363906477403668,0.3314002849063326,29.0,0.0443382267738412,8.0,equal,False,53434.0,0.07107162498869,0.0654830000000075,8.0,108.0,58.0,256.0,0.0204585408791899,12513.111346097914,median 5 warm calls on training rows; end-to-end preprocessing,,,,,,,,,,,
100.0,100.0,1.0,29,1,binary,breast_cancer,certified_random,complete,,0.9820688838915848,0.9834176753201126,0.1486419378356403,0.0440584667699809,0.9353769676884838,0.0385676230631585,0.1882461938627139,0.9543830830204424,0.7153459460298702,0.7153459460298702,0.9798060574639468,1.7363906477403668,0.3314002849063326,29.0,0.0443382267738412,8.0,equal,True,53434.0,3.684783583972603,3.3350419999999943,8.0,108.0,58.0,256.0,0.0213474170304834,11992.083146848145,median 5 warm calls on training rows; end-to-end preprocessing,,,,,,,,,,,
100.0,100.0,1.0,29,1,binary,breast_cancer,top_quality,complete,,0.9823055982956564,0.983275620238315,0.1436363783859551,0.0410447430289551,0.9409397561841638,0.034100340455578,0.1753696217712776,0.9673866887180405,0.7846612995651131,0.7846612995651131,0.9977069313502326,1.4592561560112731,0.398365478914678,28.0,0.0465274325624239,8.0,equal,True,53146.0,3.682595292106271,3.333003000000005,8.0,104.0,56.0,256.0,0.0208107498474419,12301.334736934909,median 5 warm calls on training rows; end-to-end preprocessing,,,,,,,,,,,
100.0,100.0,1.0,29,1,binary,breast_cancer,top_no_cert,complete,,0.9823055982956564,0.983275620238315,0.1436363783859551,0.0410447430289551,0.9409397561841638,0.034100340455578,0.1753696217712776,0.9673866887180405,0.7846612995651131,0.7846612995651131,0.9977069313502326,1.4592561560112731,0.398365478914678,28.0,0.0465274325624239,8.0,equal,True,53146.0,3.674145666649565,3.330418999999999,8.0,104.0,56.0,256.0,0.0201299160253256,12717.390359598308,median 5 warm calls on training rows; end-to-end preprocessing,,,,,,,,,,,
100.0,100.0,1.0,29,1,binary,breast_cancer,abs_correlation,complete,,0.986211385962836,0.9853945124403912,0.1435377829629427,0.0374878042212133,0.9536631554030062,0.0612167553760374,0.1601720844657764,0.9396082901245604,0.4855914231853407,0.4855914231853407,0.7932486938223084,2.952928055644876,0.3470903401926613,30.0,0.0364546749355336,8.0,equal,True,53130.0,3.795040833763778,3.427221000000003,8.0,104.0,56.0,256.0,0.0232328749261796,11018.86877166157,median 5 warm calls on training rows; end-to-end preprocessing,,,,,,,,,,,
100.0,100.0,1.0,29,1,binary,breast_cancer,signed_correlation,complete,,0.986211385962836,0.9853945124403912,0.1435377829629427,0.0374878042212133,0.9536631554030062,0.0612167553760374,0.1601720844657764,0.9396082901245604,0.4855914231853407,0.4855914231853407,0.7932486938223084,2.952928055644876,0.3470903401926613,30.0,0.0364546749355336,8.0,equal,True,53130.0,3.8121737909968942,3.436625999999997,8.0,104.0,56.0,256.0,0.0224440421443432,11406.145040790776,median 5 warm calls on training rows; end-to-end preprocessing,,,,,,,,,,,
100.0,100.0,1.0,29,1,binary,breast_cancer,minimax,complete,,0.9846135637353532,0.9841580308014468,0.1493316305884036,0.0394004796674912,0.9578648360752752,0.0535612751163611,0.1683442679131997,0.9461659663865548,0.5394140792950182,0.5394140792950182,0.6344909972680103,2.601299149396221,0.365319230458982,30.0,0.0387081534848248,8.0,equal,True,53114.0,3.80256508407183,3.4255600000000044,8.0,104.0,56.0,256.0,0.0276250829920172,9266.940485716386,median 5 warm calls on training rows; end-to-end preprocessing,,,,,,,,,,,
100.0,100.0,1.0,29,1,binary,breast_cancer,quality_diversity,complete,,0.9892886732157652,0.9920334355841756,0.1340524941733994,0.0360335320687685,0.9578648360752752,0.0462561958888355,0.1539584956233067,0.9605813069908816,0.5667045919445549,0.5667045919445549,0.8809223526855751,2.402304199849765,0.3285656971338566,30.0,0.0358226551898152,8.0,equal,True,53274.0,3.768131041899323,3.409582000000007,8.0,106.0,57.0,256.0,0.0256367919500917,9985.648769875988,median 5 warm calls on training rows; end-to-end preprocessing,,,,,,,,,,,
100.0,100.0,1.0,29,1,binary,breast_cancer,prediction_correlation,complete,,0.9864481003669072,0.9852987538145088,0.1537918062099385,0.0399857755840856,0.9536631554030062,0.0629650930142608,0.1708450296659292,0.9375577358603016,0.4924036699250518,0.4924036699250518,0.7058319780828278,2.879885412885736,0.3627359441800436,30.0,0.0386707516893268,8.0,equal,True,53050.0,3.788624791894108,3.4245260000000073,8.0,102.0,55.0,256.0,0.0221460000611841,11559.649566184977,median 5 warm calls on training rows; end-to-end preprocessing,,,,,,,,,,,
100.0,100.0,1.0,29,1,binary,breast_cancer,coerror_greedy,complete,,0.9900579950289976,0.9927719299123904,0.1334162966349704,0.0354492338706792,0.962066516747544,0.0569484713494781,0.1514619967676976,0.9526994308361644,0.5424308797012893,0.5424308797012893,0.8408851510625167,2.553388763985276,0.336905416420781,30.0,0.0343311498861875,8.0,equal,True,53178.0,3.6739900826942176,3.3299360000000107,8.0,106.0,57.0,256.0,0.0255452091805636,10021.448569494589,median 5 warm calls on training rows; end-to-end preprocessing,,,,,,,,,,,
100.0,100.0,1.0,29,1,binary,breast_cancer,direct_squared,complete,,0.9900579950289976,0.9927719299123904,0.1334162966349704,0.0354492338706792,0.962066516747544,0.0569484713494781,0.1514619967676976,0.9526994308361644,0.5424308797012892,0.5424308797012892,0.8408851510625167,2.553388763985275,0.3369054164207808,30.0,0.0343311498861875,8.0,equal,True,53210.0,3.689485499635339,3.337970999999996,8.0,106.0,57.0,256.0,0.0231580000836402,11054.495166914225,median 5 warm calls on training rows; end-to-end preprocessing,,,,,,,,,,,
100.0,100.0,1.0,29,1,binary,breast_cancer,coerror,complete,,0.9901763522310332,0.9928385328982536,0.1312905648335942,0.0348396601760059,0.962066516747544,0.0548432081915834,0.148857504684481,0.9519227903927528,0.5377894640687101,0.5377894640687101,0.8408851510625167,2.581780332253004,0.3383523390633557,30.0,0.0342819772385915,8.0,equal,True,53162.0,3.6811078749597073,3.332932999999997,8.0,106.0,57.0,256.0,0.0260035831015557,9844.797118927983,median 5 warm calls on training rows; end-to-end preprocessing,,,,,,,,,,,
100.0,100.0,1.0,29,1,binary,breast_cancer,coerror_no_cert,complete,,0.9901763522310332,0.9928385328982536,0.1312905648335942,0.0348396601760059,0.962066516747544,0.0548432081915834,0.148857504684481,0.9519227903927528,0.5377894640687101,0.5377894640687101,0.8408851510625167,2.581780332253004,0.3383523390633557,30.0,0.0342819772385915,8.0,equal,True,53162.0,3.675295206718147,3.331534000000005,8.0,106.0,57.0,256.0,0.0258930420968681,9886.825929617748,median 5 warm calls on training rows; end-to-end preprocessing,,,,,,,,,,,
100.0,100.0,1.0,29,1,binary,breast_cancer,covariance_only,complete,,0.9901763522310332,0.9927879074592506,0.1309682466850635,0.0350017201659195,0.962066516747544,0.0505758831783126,0.149549929512561,0.9517477203647416,0.5337079862517475,0.5337079862517475,0.8079282224209321,2.6100716139379663,0.3315966723698009,30.0,0.0341724640512716,8.0,equal,True,53210.0,3.681710666976869,3.3324420000000003,8.0,106.0,57.0,256.0,0.0198854999616742,12873.70196843905,median 5 warm calls on training rows; end-to-end preprocessing,,,,,,,,,,,
100.0,100.0,1.0,29,1,binary,breast_cancer,shrinkage,complete,,0.9899396378269616,0.99265359143776,0.1328726437667516,0.0355552594489057,0.962066516747544,0.0487218921726972,0.1519150064390834,0.9516992967399726,0.537270992143052,0.537270992143052,0.8079282224209321,2.5994253807440435,0.3218100304403018,30.0,0.0341864014901687,8.0,equal,True,53226.0,3.6879451668355614,3.3355469999999983,8.0,106.0,57.0,256.0,0.0214031659997999,11960.847287844825,median 5 warm calls on training rows; end-to-end preprocessing,,,,,,,,,,,
100.0,100.0,1.0,29,1,binary,breast_cancer,caruana,complete,,0.9894070304178008,0.992429261297151,0.142011955718383,0.0391492427542238,0.9536631554030062,0.0503385859812721,0.1672708217370692,0.9524435306037308,0.5032759250809026,0.5032759250809026,0.6422406387823336,2.443055981815841,0.3202399774138905,30.0,0.0329664629954134,8.0,frequency_weighted,True,34218.0,3.6588938743807375,3.316693000000001,5.0,67.0,36.0,256.0,0.0122938340064138,20823.446930098635,median 5 warm calls on training rows; end-to-end preprocessing,,,,,,,,,,,
100.0,100.0,1.0,29,1,binary,breast_cancer,direct_auroc,complete,,0.9903538880340867,0.9927381040478273,0.1343453805972412,0.0353088234888252,0.9578648360752752,0.0594274146121345,0.1508620730322483,0.9563870761070384,0.5589124519970935,0.5589124519970935,0.8809223526855751,2.4702195020740185,0.3423966643033331,30.0,0.0359532581094098,8.0,equal,True,52938.0,3.837360165547579,3.4663320000000013,8.0,102.0,55.0,256.0,0.0223795420024544,11439.018723972282,median 5 warm calls on training rows; end-to-end preprocessing,,,,,,,,,,,
,,,29,1,binary,breast_cancer,rf_shallow,complete,,0.9807077760681736,0.9812830874333328,0.158090171786015,0.0411723109141138,0.9479820097052906,0.038837756628677,0.1759146740756535,,,,,,,,,,,,15931.0,0.0200320831499993,0.0189139999999952,8.0,102.0,55.0,256.0,0.0036629580426961,69888.87042003116,median 5 warm calls on training rows; end-to-end preprocessing,0.0200320831499993,0.0189139999999952,214007808.0,,,,,,,,
,,,29,1,binary,breast_cancer,et_shallow,complete,,0.9817138122854776,0.9884588634124716,0.2976849785216042,0.0798879621880705,0.9268552491419104,0.1627922966205332,0.3413329132823834,,,,,,,,,,,,15291.0,0.0168950001243501,0.0162869999999983,8.0,94.0,51.0,256.0,0.0026107500307261,98056.11298941256,median 5 warm calls on training rows; end-to-end preprocessing,0.0168950001243501,0.0162869999999983,214007808.0,,,,,,,,
,,,29,1,binary,breast_cancer,random_patches,complete,,0.991714995857498,0.994881438780671,0.134649588074463,0.0407228465670573,0.9382175405373416,0.0594576270308102,0.17399427241819,,,,,,,,,,,,39450.0,0.077173083089292,0.0604459999999988,8.0,84.0,46.0,256.0,0.0227900000754743,11232.996891276722,median 5 warm calls on training rows; end-to-end preprocessing,0.077173083089292,0.0604459999999988,214040576.0,,,,,,,,
,,,29,1,binary,breast_cancer,random_forest,complete,,0.9917741744585158,0.9944390273123588,0.1191491391928174,0.0312178762335526,0.9592259438986862,0.0429276315789473,0.1333829071293871,,,,,,,,,,,,737611.0,0.5317973340861499,0.4786080000000012,256.0,7934.0,4095.0,256.0,0.0263110829982906,9729.740125734525,median 5 warm calls on training rows; end-to-end preprocessing,0.5317973340861499,0.4786080000000012,214040576.0,,,,,,,,
,,,29,1,binary,breast_cancer,extra_trees,complete,,0.9946147473073736,0.9965788062499996,0.1118894037434707,0.028069425884046,0.9592259438986862,0.0595394736842105,0.1199306960491738,,,,,,,,,,,,2036491.0,0.3393474998883903,0.297981,256.0,24170.0,12213.0,256.0,0.0316112090367823,8098.393190280125,median 5 warm calls on training rows; end-to-end preprocessing,0.3393474998883903,0.297981,212566016.0,,,,,,,,
,,,29,1,binary,breast_cancer,xgboost,complete,,0.9914782814534264,0.9945875914220966,0.1123565882444381,0.0318106999043136,0.9592259438986862,0.0337180819950605,0.1359158323043621,,,,,,,,,,,,128586.0,0.1640155420172959,0.1507129999999961,100.0,1424.0,762.0,256.0,0.0027565420605242,92869.97781246089,median 5 warm calls on training rows; end-to-end preprocessing,0.1640155420172959,0.1507129999999961,212566016.0,,,,,,,,
,,,29,1,binary,breast_cancer,lightgbm,complete,,0.9927802106758196,0.9953484519949978,0.0930197945328358,0.0257968654292304,0.966268197419813,0.0236635087140469,0.1102208516695363,,,,,,,,,,,,182383.0,0.0806516669690609,0.0731289999999944,100.0,2882.0,1491.0,256.0,0.0072069999296218,35521.02157623214,median 5 warm calls on training rows; end-to-end preprocessing,0.0806516669690609,0.0731289999999944,212942848.0,,,,,,,,
,,,29,1,binary,breast_cancer,catboost,complete,,0.9956207835246774,0.9973378189653508,0.0838233624919698,0.0233906228999961,0.966268197419813,0.0405900269528167,0.0999398312245037,,,,,,,,,,,,45592.0,0.4315757921431213,0.3703390000000013,100.0,3100.0,1600.0,256.0,0.0034696669317781,73782.29813799473,median 5 warm calls on training rows; end-to-end preprocessing,0.4315757921431213,0.3703390000000013,213581824.0,,,,,,,,
,,,29,1,binary,breast_cancer,linear,complete,,0.9975144987572494,0.9984321268733388,0.0650883924587985,0.0169069738712803,0.9733104509409398,0.0399600025930951,0.0722374997210158,,,,,,,,,,,,5290.0,0.0136950421147048,0.0121030000000033,1.0,,,256.0,0.0025919170584529,98768.59260025804,median 5 warm calls on training rows; end-to-end preprocessing,0.0136950421147048,0.0121030000000033,213598208.0,31.0,,,,,,,
100.0,100.0,1.0,29,2,binary,breast_cancer,coerror_no_cert_affine,not_applicable,task restriction defined in config,,,,,,,,,,,,,,,,,,,,,,,,,,,,,,,,,,,,,,,
100.0,100.0,1.0,29,2,binary,breast_cancer,affine_profiled,not_applicable,task restriction defined in config,,,,,,,,,,,,,,,,,,,,,,,,,,,,,,,,,,,,,,,
100.0,100.0,1.0,29,2,binary,breast_cancer,random_subspace,complete,,0.9828331332533012,0.98465354093731,0.141465665807589,0.0407154009963577,0.9373949579831932,0.0365684955479387,0.1745889979241724,0.9456074683394484,0.6643029763976316,0.6643029763976316,0.942050410490636,1.9257955041536017,0.3637982440900061,30.0,0.045029522393685,8.0,equal,False,52642.0,0.0724927929695695,0.0658900000000031,8.0,98.0,53.0,256.0,0.0246800419408828,10372.753847550508,median 5 warm calls on training rows; end-to-end preprocessing,,,,,,,,,,,
100.0,100.0,1.0,29,2,binary,breast_cancer,certified_random,complete,,0.9828331332533012,0.98465354093731,0.141465665807589,0.0407154009963577,0.9373949579831932,0.0365684955479387,0.1745889979241724,0.9456074683394484,0.6643029763976316,0.6643029763976316,0.942050410490636,1.9257955041536017,0.3637982440900061,30.0,0.045029522393685,8.0,equal,True,52642.0,3.974568083649501,3.361643000000001,8.0,98.0,53.0,256.0,0.0259567080065608,9862.575791016858,median 5 warm calls on training rows; end-to-end preprocessing,,,,,,,,,,,
100.0,100.0,1.0,29,2,binary,breast_cancer,top_quality,complete,,0.985174069627851,0.9858516815325268,0.13914826977655,0.037985146818405,0.9491596638655462,0.0374029259983395,0.1628815769153586,0.9676015652739968,0.8138478502548153,0.8138478502548153,0.9718624920323504,1.417124752238783,0.3648920260844092,29.0,0.0432786791835003,8.0,equal,True,53970.0,3.970333000877872,3.3597740000000016,8.0,114.0,61.0,256.0,0.0309393329080194,8274.25726214172,median 5 warm calls on training rows; end-to-end preprocessing,,,,,,,,,,,
100.0,100.0,1.0,29,2,binary,breast_cancer,top_no_cert,complete,,0.985174069627851,0.9858516815325268,0.13914826977655,0.037985146818405,0.9491596638655462,0.0374029259983395,0.1628815769153586,0.9676015652739968,0.8138478502548153,0.8138478502548153,0.9718624920323504,1.417124752238783,0.3648920260844092,29.0,0.0432786791835003,8.0,equal,True,53970.0,3.985586708178744,3.3620170000000087,8.0,114.0,61.0,256.0,0.0220488328486681,11610.591896498692,median 5 warm calls on training rows; end-to-end preprocessing,,,,,,,,,,,
100.0,100.0,1.0,29,2,binary,breast_cancer,abs_correlation,complete,,0.9874549819927972,0.9918686255623738,0.1384910060636785,0.0398837829171421,0.9516806722689076,0.0337412191676791,0.1710229918539178,0.9448658864954432,0.53302410383294,0.53302410383294,0.9165364560911288,2.563428728022295,0.3337954747116237,30.0,0.0385689001890496,8.0,equal,True,53490.0,4.0855989579577,3.4572079999999943,8.0,108.0,58.0,256.0,0.0214626670349389,11927.688184476763,median 5 warm calls on training rows; end-to-end preprocessing,,,,,,,,,,,
100.0,100.0,1.0,29,2,binary,breast_cancer,signed_correlation,complete,,0.9874549819927972,0.9918686255623738,0.1384910060636785,0.0398837829171421,0.9516806722689076,0.0337412191676791,0.1710229918539178,0.9448658864954432,0.53302410383294,0.53302410383294,0.9165364560911288,2.563428728022295,0.3337954747116237,30.0,0.0385689001890496,8.0,equal,True,53490.0,4.088478500954807,3.457207000000004,8.0,108.0,58.0,256.0,0.0229874169453978,11136.52745796008,median 5 warm calls on training rows; end-to-end preprocessing,,,,,,,,,,,
100.0,100.0,1.0,29,2,binary,breast_cancer,minimax,complete,,0.9879351740696278,0.992177215524847,0.1376769917287994,0.0394376354645965,0.9516806722689076,0.0481380600109008,0.1691098966918847,0.946521037992662,0.5436398751389765,0.5436398751389765,0.649190184961249,2.5883504945039233,0.3630276637386804,30.0,0.037508600125875,8.0,equal,True,53506.0,4.031940000131726,3.416449000000007,8.0,108.0,58.0,256.0,0.0271795419976115,9418.84892771544,median 5 warm calls on training rows; end-to-end preprocessing,,,,,,,,,,,
100.0,100.0,1.0,29,2,binary,breast_cancer,quality_diversity,complete,,0.9838535414165666,0.984899813677635,0.1382248560532758,0.0375148665575131,0.9432773109243696,0.0403902301129975,0.1608649994659562,0.9608478074328324,0.5931969042331191,0.5931969042331191,0.9279513086728624,2.2550816030256597,0.3155531580221021,30.0,0.0360311126780199,8.0,equal,True,53858.0,4.006549666868523,3.394617000000011,8.0,112.0,60.0,256.0,0.0219043751712888,11687.16286121468,median 5 warm calls on training rows; end-to-end preprocessing,,,,,,,,,,,
100.0,100.0,1.0,29,2,binary,breast_cancer,prediction_correlation,complete,,0.9900360144057624,0.9935372828054556,0.1312837003045718,0.0373524870443441,0.9558823529411764,0.0400045963973775,0.1601687106957649,0.935859643153036,0.5582054123261898,0.5582054123261898,0.9597047899260632,2.3088155009002427,0.3543676207741262,30.0,0.0438683821630601,8.0,equal,True,53714.0,4.049720874754712,3.423554000000003,8.0,110.0,59.0,256.0,0.0236265000421553,10835.290861669488,median 5 warm calls on training rows; end-to-end preprocessing,,,,,,,,,,,
100.0,100.0,1.0,29,2,binary,breast_cancer,coerror_greedy,complete,,0.984813925570228,0.9857668705964784,0.1313895015154532,0.0355908501683556,0.9546218487394956,0.0322637577903231,0.1526147529952716,0.9543178186767663,0.5576602932351198,0.5576602932351198,0.8034218596969234,2.5157408477423977,0.3253733068174061,30.0,0.0342872423689474,8.0,equal,True,53714.0,3.9823976261541247,3.3633410000000055,8.0,110.0,59.0,256.0,0.0241528330370783,10599.170689707496,median 5 warm calls on training rows; end-to-end preprocessing,,,,,,,,,,,
100.0,100.0,1.0,29,2,binary,breast_cancer,direct_squared,complete,,0.984813925570228,0.9857668705964784,0.1313895015154532,0.0355908501683556,0.9546218487394956,0.0322637577903231,0.1526147529952716,0.9543178186767663,0.5576602932351197,0.5576602932351197,0.8034218596969234,2.5157408477423973,0.3253733068174061,30.0,0.0342872423689474,8.0,equal,True,53710.0,3.988174375146627,3.3732880000000023,8.0,110.0,59.0,256.0,0.025815833127126,9916.395056451109,median 5 warm calls on training rows; end-to-end preprocessing,,,,,,,,,,,
100.0,100.0,1.0,29,2,binary,breast_cancer,coerror,complete,,0.984813925570228,0.9857668705964784,0.1313895015154532,0.0355908501683556,0.9546218487394956,0.0322637577903231,0.1526147529952716,0.9543178186767663,0.5576602932351198,0.5576602932351198,0.8034218596969234,2.5157408477423977,0.3253733068174061,30.0,0.0342872423689474,8.0,equal,True,53714.0,3.9771359167061746,3.3604310000000055,8.0,110.0,59.0,256.0,0.023211957886815,11028.798227546928,median 5 warm calls on training rows; end-to-end preprocessing,,,,,,,,,,,
100.0,100.0,1.0,29,2,binary,breast_cancer,coerror_no_cert,complete,,0.984813925570228,0.9857668705964784,0.1313895015154532,0.0355908501683556,0.9546218487394956,0.0322637577903231,0.1526147529952716,0.9543178186767663,0.5576602932351198,0.5576602932351198,0.8034218596969234,2.5157408477423977,0.3253733068174061,30.0,0.0342872423689474,8.0,equal,True,53714.0,3.9748533337842673,3.3582770000000153,8.0,110.0,59.0,256.0,0.0272712081205099,9387.189554226932,median 5 warm calls on training rows; end-to-end preprocessing,,,,,,,,,,,
100.0,100.0,1.0,29,2,binary,breast_cancer,covariance_only,complete,,0.984813925570228,0.9857668705964784,0.1313895015154532,0.0355908501683556,0.9546218487394956,0.0322637577903231,0.1526147529952716,0.9543178186767663,0.5576602932351198,0.5576602932351198,0.8034218596969234,2.5157408477423977,0.3253733068174061,30.0,0.0342872423689474,8.0,equal,True,53714.0,3.9739953747484833,3.3610180000000014,8.0,110.0,59.0,256.0,0.0204226661007851,12535.09207547384,median 5 warm calls on training rows; end-to-end preprocessing,,,,,,,,,,,
100.0,100.0,1.0,29,2,binary,breast_cancer,shrinkage,complete,,0.9854141656662664,0.9862886587949804,0.1256446901656876,0.0339767335311612,0.9588235294117646,0.0299130071212499,0.1456933670006771,0.9540737069475678,0.5749485065017165,0.5749485065017165,0.9382702337603792,2.425871556554976,0.3336918516266342,30.0,0.0343196225841934,8.0,equal,True,53710.0,3.9726464999839664,3.3589290000000034,8.0,110.0,59.0,256.0,0.0287699159234762,8898.183807033802,median 5 warm calls on training rows; end-to-end preprocessing,,,,,,,,,,,
100.0,100.0,1.0,29,2,binary,breast_cancer,caruana,complete,,0.9846938775510204,0.98589433331569,0.1302927723376817,0.0361282191507224,0.9445378151260504,0.0325078605053009,0.1549190091207448,0.9523295233586392,0.5516105673223386,0.5516105673223386,0.7067052567807256,2.483164098931206,0.3278726449533903,30.0,0.0342514953063595,8.0,frequency_weighted,True,47198.0,3.973529417067766,3.358786000000009,7.0,95.0,51.0,256.0,0.0189747919794172,13491.584006701863,median 5 warm calls on training rows; end-to-end preprocessing,,,,,,,,,,,
100.0,100.0,1.0,29,2,binary,breast_cancer,direct_auroc,complete,,0.9846338535414164,0.9859041062614352,0.1353869366330519,0.0367678666673067,0.9474789915966386,0.0337639243678952,0.1576618390134218,0.9505821694875132,0.5573481915686102,0.5573481915686102,0.9299263101837268,2.4256117742116405,0.324551853834299,30.0,0.0369311163058325,8.0,equal,True,53794.0,4.117243124637753,3.488432000000003,8.0,112.0,60.0,256.0,0.0217966248746961,11744.93764386395,median 5 warm calls on training rows; end-to-end preprocessing,,,,,,,,,,,
,,,29,2,binary,breast_cancer,rf_shallow,complete,,0.9832533013205282,0.9844133313516232,0.1481261046977805,0.041372776250951,0.9445378151260504,0.0402487345602972,0.1774078449489103,,,,,,,,,,,,15611.0,0.02282958291471,0.0207520000000016,8.0,98.0,53.0,256.0,0.004400041885674,58181.26432693852,median 5 warm calls on training rows; end-to-end preprocessing,0.02282958291471,0.0207520000000016,208175104.0,,,,,,,,
,,,29,2,binary,breast_cancer,et_shallow,complete,,0.9819327731092437,0.9880221666739708,0.2616963366847921,0.0704615715898307,0.9218487394957984,0.136068177504994,0.3021415698971349,,,,,,,,,,,,14971.0,0.0190899998415261,0.0147460000000023,8.0,90.0,49.0,256.0,0.0032098339870572,79754.90353465352,median 5 warm calls on training rows; end-to-end preprocessing,0.0190899998415261,0.0147460000000023,208175104.0,,,,,,,,
,,,29,2,binary,breast_cancer,random_patches,complete,,0.9865546218487394,0.9911463902221772,0.1427910777651446,0.040900469169234,0.9390756302521008,0.0331298498967902,0.175382576424186,,,,,,,,,,,,39362.0,0.068278124788776,0.0565559999999933,8.0,84.0,46.0,256.0,0.0251006670296192,10198.932151799616,median 5 warm calls on training rows; end-to-end preprocessing,0.068278124788776,0.0565559999999933,208207872.0,,,,,,,,
,,,29,2,binary,breast_cancer,random_forest,complete,,0.9857743097238896,0.9831181797094222,0.1768304839281225,0.0301889893869874,0.9630252100840336,0.0363343253968254,0.1294513937340101,,,,,,,,,,,,716331.0,0.4988541658967733,0.4611870000000024,256.0,7668.0,3962.0,256.0,0.0249878331087529,10244.98598521238,median 5 warm calls on training rows; end-to-end preprocessing,0.4988541658967733,0.4611870000000024,208207872.0,,,,,,,,
,,,29,2,binary,breast_cancer,extra_trees,complete,,0.9942977190876352,0.9964395753364012,0.1089443327028827,0.0296148068059689,0.9558823529411764,0.0479083994708994,0.1269892796692486,,,,,,,,,,,,2011051.0,0.3284727500285953,0.294947999999998,256.0,23852.0,12054.0,256.0,0.0282808749470859,9052.053745825777,median 5 warm calls on training rows; end-to-end preprocessing,0.3284727500285953,0.294947999999998,208207872.0,,,,,,,,
,,,29,2,binary,breast_cancer,xgboost,complete,,0.9933973589435774,0.9959802351943994,0.1005952656269073,0.0275205191022009,0.9516806722689076,0.0216418999547838,0.1180089041204858,,,,,,,,,,,,127629.0,0.1756948749534785,0.1537919999999957,100.0,1396.0,748.0,256.0,0.0024295840412378,105367.83072940026,median 5 warm calls on training rows; end-to-end preprocessing,0.1756948749534785,0.1537919999999957,210059264.0,,,,,,,,
,,,29,2,binary,breast_cancer,lightgbm,complete,,0.9930372148859544,0.995559348704179,0.0965568955614755,0.0261763659430368,0.9630252100840336,0.0283385540516205,0.1122451305268996,,,,,,,,,,,,181167.0,0.0969506248366087,0.077216000000007,100.0,2864.0,1482.0,256.0,0.0066138748079538,38706.50827743743,median 5 warm calls on training rows; end-to-end preprocessing,0.0969506248366087,0.077216000000007,210092032.0,,,,,,,,
,,,29,2,binary,breast_cancer,catboost,complete,,0.993157262905162,0.9957544975812248,0.1002963216814347,0.0271750730284648,0.9600840336134454,0.0445641459621835,0.116527619830646,,,,,,,,,,,,45416.0,0.3946024170145392,0.3656250000000085,100.0,3084.0,1592.0,256.0,0.0029522080440074,86714.75593315487,median 5 warm calls on training rows; end-to-end preprocessing,0.3946024170145392,0.3656250000000085,210272256.0,,,,,,,,
,,,29,2,binary,breast_cancer,linear,complete,,0.9967587034813924,0.9980166627064164,0.0726797199328,0.0201221772052169,0.9857142857142858,0.0419035993475943,0.0862845672237324,,,,,,,,,,,,5290.0,0.0112978750839829,0.012326999999999,1.0,,,256.0,0.0030382499098777,84259.03319134744,median 5 warm calls on training rows; end-to-end preprocessing,0.0112978750839829,0.012326999999999,210239488.0,31.0,,,,,,,
100.0,100.0,1.0,11,0,multiclass,wine,direct_auroc,not_applicable,task restriction defined in config,,,,,,,,,,,,,,,,,,,,,,,,,,,,,,,,,,,,,,,
100.0,100.0,1.0,11,0,multiclass,wine,coerror_no_cert_affine,not_applicable,task restriction defined in config,,,,,,,,,,,,,,,,,,,,,,,,,,,,,,,,,,,,,,,
100.0,100.0,1.0,11,0,multiclass,wine,affine_profiled,not_applicable,task restriction defined in config,,,,,,,,,,,,,,,,,,,,,,,,,,,,,,,,,,,,,,,
100.0,100.0,1.0,11,0,multiclass,wine,random_subspace,complete,,,,0.1707865985084025,0.0991179846938775,0.9583333333333334,,0.1506789597726418,0.9375369170928464,0.4569919389598578,0.4569919389598578,0.8904108360664711,2.8464175493446167,0.3563131313131313,13.0,0.1121648212454166,8.0,equal,False,31338.0,0.0604208759032189,0.0524349999999884,8.0,82.0,45.0,118.0,0.0188442089129239,6261.8707182274975,median 5 warm calls on training rows; end-to-end preprocessing,,,,,0.993020482603816,,,,,,
100.0,100.0,1.0,11,0,multiclass,wine,certified_random,complete,,,,0.1707865985084025,0.0991179846938775,0.9583333333333334,,0.1506789597726418,0.9375369170928464,0.4569919389598578,0.4569919389598578,0.8904108360664711,2.8464175493446167,0.3563131313131313,13.0,0.1121648212454166,8.0,equal,True,31338.0,3.0377512094564736,2.7470980000000083,8.0,82.0,45.0,118.0,0.02164241601713,5452.256342665382,median 5 warm calls on training rows; end-to-end preprocessing,,,,,0.993020482603816,,,,,,
100.0,100.0,1.0,11,0,multiclass,wine,top_quality,complete,,,,0.4197914639532006,0.1322647480867347,0.9166666666666666,,0.2010686024120781,0.9699276717836308,0.4249858695189624,0.4249858695189624,1.0,3.0261501649377816,0.4623737373737374,12.0,0.0611740855327327,8.0,equal,True,30682.0,3.0480384591501206,2.751022000000006,8.0,72.0,40.0,118.0,0.0189720829948782,6219.664969410861,median 5 warm calls on training rows; end-to-end preprocessing,,,,,0.9785746352413018,,,,,,
100.0,100.0,1.0,11,0,multiclass,wine,top_no_cert,complete,,,,0.4197914639532006,0.1322647480867347,0.9166666666666666,,0.2010686024120781,0.9699276717836308,0.4249858695189624,0.4249858695189624,1.0,3.0261501649377816,0.4623737373737374,12.0,0.0611740855327327,8.0,equal,True,30682.0,3.0256676252465695,2.744493999999989,8.0,72.0,40.0,118.0,0.0228618341498076,5161.440644997094,median 5 warm calls on training rows; end-to-end preprocessing,,,,,0.9785746352413018,,,,,,
100.0,100.0,1.0,11,0,multiclass,wine,abs_correlation,complete,,,,0.1673318538763734,0.0842193979356698,0.9583333333333334,,0.1280301583291652,0.9507193459041172,0.230681818796256,0.230681818796256,0.565562141092052,5.009306627591152,0.3965909090909091,13.0,0.0574037994758657,8.0,equal,True,31290.0,3.134095002198592,2.8405249999999853,8.0,82.0,45.0,118.0,0.019954458810389,5913.465312252155,median 5 warm calls on training rows; end-to-end preprocessing,,,,,0.9996141975308642,,,,,,
100.0,100.0,1.0,11,0,multiclass,wine,signed_correlation,complete,,,,0.1673318538763734,0.0842193979356698,0.9583333333333334,,0.1280301583291652,0.9507193459041172,0.230681818796256,0.230681818796256,0.565562141092052,5.009306627591152,0.3965909090909091,13.0,0.0574037994758657,8.0,equal,True,31290.0,3.1464826250448823,2.8431499999999943,8.0,82.0,45.0,118.0,0.0250822089146822,4704.529828348843,median 5 warm calls on training rows; end-to-end preprocessing,,,,,0.9996141975308642,,,,,,
100.0,100.0,1.0,11,0,multiclass,wine,minimax,complete,,,,0.1828532033039422,0.0998119965332578,0.9583333333333334,,0.1517339951665786,0.951258494061038,0.2867450032450182,0.2867450032450182,0.4605554779750926,4.54918905862882,0.3553030303030303,13.0,0.067752018860272,8.0,equal,True,31002.0,3.1333050010725856,2.834858000000011,8.0,78.0,43.0,118.0,0.0205550410319119,5740.684234918503,median 5 warm calls on training rows; end-to-end preprocessing,,,,,0.9931520061728396,,,,,,
100.0,100.0,1.0,11,0,multiclass,wine,quality_diversity,complete,,,,0.1855414247220931,0.1069461480605027,0.9444444444444444,,0.1625793178827906,0.9637049420189964,0.2714441473533484,0.2714441473533484,0.7179066704650625,4.423569504998635,0.3681818181818183,13.0,0.0557825119227,8.0,equal,True,30906.0,3.0678401263430715,2.781143,8.0,76.0,42.0,118.0,0.0193795831874012,6088.882245760168,median 5 warm calls on training rows; end-to-end preprocessing,,,,,0.9946338383838386,,,,,,
100.0,100.0,1.0,11,0,multiclass,wine,prediction_correlation,complete,,,,0.2501162487337386,0.129390295635341,0.9444444444444444,,0.1966988656117427,0.9179094023117836,0.3360871058884919,0.3360871058884919,0.7939941128086302,3.760901785027469,0.3570707070707071,13.0,0.1166750722365067,8.0,equal,True,31226.0,3.0642923354171216,2.7777960000000093,8.0,80.0,44.0,118.0,0.0189198751468211,6236.827626202702,median 5 warm calls on training rows; end-to-end preprocessing,,,,,0.9970622895622896,,,,,,
100.0,100.0,1.0,11,0,multiclass,wine,coerror_greedy,complete,,,,0.1740600769457333,0.1012625290664105,0.9444444444444444,,0.1539390917884162,0.960600329383974,0.2688627344411584,0.2688627344411584,0.9907739208343948,4.202135858919995,0.3904040404040404,13.0,0.0523933517034658,8.0,equal,True,30826.0,3.034494585124776,2.74875999999999,8.0,76.0,42.0,118.0,0.0245575830340385,4805.033127097388,median 5 warm calls on training rows; end-to-end preprocessing,,,,,0.9949712401795736,,,,,,
100.0,100.0,1.0,11,0,multiclass,wine,direct_squared,complete,,,,0.1740600769457333,0.1012625290664105,0.9444444444444444,,0.1539390917884162,0.960600329383974,0.2688627344411584,0.2688627344411584,0.9907739208343948,4.202135858919997,0.3904040404040404,13.0,0.0523933517034658,8.0,equal,True,30842.0,3.0565262492746115,2.767294000000007,8.0,76.0,42.0,118.0,0.0204375830944627,5773.67683128688,median 5 warm calls on training rows; end-to-end preprocessing,,,,,0.9949712401795736,,,,,,
100.0,100.0,1.0,11,0,multiclass,wine,coerror,complete,,,,0.1740600769457333,0.1012625290664105,0.9444444444444444,,0.1539390917884162,0.960600329383974,0.2688627344411584,0.2688627344411584,0.9907739208343948,4.202135858919995,0.3904040404040404,13.0,0.0523933517034658,8.0,equal,True,30826.0,3.0259096261579543,2.745142999999999,8.0,76.0,42.0,118.0,0.0219972080085426,5364.317142165246,median 5 warm calls on training rows; end-to-end preprocessing,,,,,0.9949712401795736,,,,,,
100.0,100.0,1.0,11,0,multiclass,wine,coerror_no_cert,complete,,,,0.1740600769457333,0.1012625290664105,0.9444444444444444,,0.1539390917884162,0.960600329383974,0.2688627344411584,0.2688627344411584,0.9907739208343948,4.202135858919995,0.3904040404040404,13.0,0.0523933517034658,8.0,equal,True,30826.0,3.031109959119931,2.7484079999999977,8.0,76.0,42.0,118.0,0.0266812499612569,4422.581407218333,median 5 warm calls on training rows; end-to-end preprocessing,,,,,0.9949712401795736,,,,,,
100.0,100.0,1.0,11,0,multiclass,wine,covariance_only,complete,,,,0.1740600769457333,0.1012625290664105,0.9444444444444444,,0.1539390917884162,0.960600329383974,0.2688627344411584,0.2688627344411584,0.9907739208343948,4.202135858919995,0.3904040404040404,13.0,0.0523933517034658,8.0,equal,True,30826.0,3.023854625876993,2.745446999999998,8.0,76.0,42.0,118.0,0.0216694159898906,5445.46286134568,median 5 warm calls on training rows; end-to-end preprocessing,,,,,0.9949712401795736,,,,,,
100.0,100.0,1.0,11,0,multiclass,wine,shrinkage,complete,,,,0.1904350730969987,0.1171128967597841,0.9166666666666666,,0.1780347886836635,0.9646932002233176,0.315903349150712,0.315903349150712,1.0,3.9569396849387943,0.4304292929292929,13.0,0.0525684375527345,8.0,equal,True,30778.0,3.0450476261321455,2.7533770000000004,8.0,74.0,41.0,118.0,0.0236952500417828,4979.901026236293,median 5 warm calls on training rows; end-to-end preprocessing,,,,,0.9922881593714928,,,,,,
100.0,100.0,1.0,11,0,multiclass,wine,caruana,complete,,,,0.1740600769457333,0.1012625290664105,0.9444444444444444,,0.1539390917884162,0.960600329383974,0.2688627344411584,0.2688627344411584,0.9907739208343948,4.202135858919997,0.3904040404040404,13.0,0.0523933517034658,8.0,equal,True,30842.0,3.065042875474319,2.7717870000000175,8.0,76.0,42.0,118.0,0.025779582792893,4577.265696965833,median 5 warm calls on training rows; end-to-end preprocessing,,,,,0.9949712401795736,,,,,,
,,,11,0,multiclass,wine,rf_shallow,complete,,,,0.2655478235562976,0.1346703720966735,0.9444444444444444,,0.2047256271643586,,,,,,,,,,,,13619.0,0.0286834579892456,0.0223189999999959,8.0,76.0,42.0,118.0,0.0028961249627172,40744.098241288,median 5 warm calls on training rows; end-to-end preprocessing,0.0286834579892456,0.0223189999999959,209879040.0,,0.9945987654320988,,,,,,
,,,11,0,multiclass,wine,et_shallow,complete,,,,0.3915236472935586,0.1911066132271413,0.9277777777777776,,0.2905198867357213,,,,,,,,,,,,16083.0,0.0140486250165849,0.0133739999999988,8.0,104.0,56.0,118.0,0.0037944589275866,31097.97793358895,median 5 warm calls on training rows; end-to-end preprocessing,0.0140486250165849,0.0133739999999988,209846272.0,,0.9968827160493828,,,,,,
,,,11,0,multiclass,wine,random_patches,complete,,,,0.2974797043494093,0.1582121509727473,0.9444444444444444,,0.2405137917764612,,,,,,,,,,,,26242.0,0.0654350419063121,0.0542879999999996,8.0,68.0,38.0,118.0,0.0262366249226033,4497.529706968547,median 5 warm calls on training rows; end-to-end preprocessing,0.0654350419063121,0.0542879999999996,209879040.0,,0.9869353254769924,,,,,,
,,,11,0,multiclass,wine,random_forest,complete,,,,0.181863295453492,0.084942626953125,0.9583333333333334,,0.1291296096180922,,,,,,,,,,,,446035.0,0.4434106249827891,0.3691220000000044,256.0,3840.0,2048.0,118.0,0.0210385830141603,5608.742752331656,median 5 warm calls on training rows; end-to-end preprocessing,0.4434106249827891,0.3691220000000044,210026496.0,,0.9987808641975308,,,,,,
,,,11,0,multiclass,wine,extra_trees,complete,,,,0.1861345143876356,0.0813501993815104,0.9722222222222222,,0.1236684084927743,,,,,,,,,,,,1284147.0,0.2821936670225113,0.257450999999989,256.0,13364.0,6810.0,118.0,0.023332041921094,5057.422766471134,median 5 warm calls on training rows; end-to-end preprocessing,0.2821936670225113,0.257450999999989,210878464.0,,0.9991975308641976,,,,,,
,,,11,0,multiclass,wine,xgboost,complete,,,,0.1857583969831466,0.0994370219735465,0.9555555555555556,,0.1511639595996428,,,,,,,,,,,,275961.0,0.0638468340039253,0.0566210000000069,300.0,1926.0,1113.0,118.0,0.0029665001202374,39777.513978510826,median 5 warm calls on training rows; end-to-end preprocessing,0.0638468340039253,0.0566210000000069,212074496.0,,0.9952469135802468,,,,,,
,,,11,0,multiclass,wine,lightgbm,complete,,,,0.2227813408025933,0.1111479093721177,0.925,,0.1689668269267087,,,,,,,,,,,,217623.0,0.0334753750357776,0.0296600000000069,300.0,2822.0,1561.0,118.0,0.0055450000800192,21280.432515267097,median 5 warm calls on training rows; end-to-end preprocessing,0.0334753750357776,0.0296600000000069,213942272.0,,0.9892487373737374,,,,,,
,,,11,0,multiclass,wine,catboost,complete,,,,0.1974590776186845,0.0822631945216422,0.9722222222222222,,0.1250563418574147,,,,,,,,,,,,69422.0,0.1420652081724256,0.1190079999999937,100.0,3100.0,1600.0,118.0,0.0018524159677326,63700.59536057142,median 5 warm calls on training rows; end-to-end preprocessing,0.1420652081724256,0.1190079999999937,214958080.0,,0.9988117283950618,,,,,,
,,,11,0,multiclass,wine,linear,complete,,,,0.0843451261829404,0.0436316617449146,0.9652777777777778,,0.0663287638987034,,,,,,,,,,,,4058.0,0.0100380419753491,0.0105689999999896,1.0,,,118.0,0.0023646668996661,49901.32014646864,median 5 warm calls on training rows; end-to-end preprocessing,0.0100380419753491,0.0105689999999896,215236608.0,42.0,0.9991407126823794,,,,,,
100.0,100.0,1.0,11,1,multiclass,wine,direct_auroc,not_applicable,task restriction defined in config,,,,,,,,,,,,,,,,,,,,,,,,,,,,,,,,,,,,,,,
100.0,100.0,1.0,11,1,multiclass,wine,coerror_no_cert_affine,not_applicable,task restriction defined in config,,,,,,,,,,,,,,,,,,,,,,,,,,,,,,,,,,,,,,,
100.0,100.0,1.0,11,1,multiclass,wine,affine_profiled,not_applicable,task restriction defined in config,,,,,,,,,,,,,,,,,,,,,,,,,,,,,,,,,,,,,,,
100.0,100.0,1.0,11,1,multiclass,wine,random_subspace,complete,,,,0.1706162729496031,0.105144708419949,0.918840579710145,,0.1593354011487588,0.9311466210596172,0.3787317085923286,0.3787317085923286,0.8078353641994895,3.365607019007561,0.3705808080808081,13.0,0.0948947797759874,8.0,equal,False,30962.0,0.0532428340520709,0.0479740000000106,8.0,76.0,42.0,119.0,0.0237745831254869,5005.345388051364,median 5 warm calls on training rows; end-to-end preprocessing,,,,,0.9942820095120398,,,,,,
100.0,100.0,1.0,11,1,multiclass,wine,certified_random,complete,,,,0.1706162729496031,0.105144708419949,0.918840579710145,,0.1593354011487588,0.9311466210596172,0.3787317085923286,0.3787317085923286,0.8078353641994895,3.365607019007561,0.3705808080808081,13.0,0.0948947797759874,8.0,equal,True,30962.0,3.236770750721917,2.864575000000002,8.0,76.0,42.0,119.0,0.0217397920787334,5473.833400477164,median 5 warm calls on training rows; end-to-end preprocessing,,,,,0.9942820095120398,,,,,,
100.0,100.0,1.0,11,1,multiclass,wine,top_quality,complete,,,,1.1722559583012655,0.1828911264542172,0.9043478260869564,,0.2771516649581785,0.9773112275091012,0.5985520314904941,0.5985520314904941,1.0,2.061541353219329,0.481024531024531,12.0,0.0693751030183163,8.0,equal,True,28914.0,3.2221485839691013,2.8591690000000085,8.0,56.0,32.0,119.0,0.0240477910265326,4948.479461947408,median 5 warm calls on training rows; end-to-end preprocessing,,,,,0.9389618063657498,,,,,,
100.0,100.0,1.0,11,1,multiclass,wine,top_no_cert,complete,,,,1.1722559583012655,0.1828911264542172,0.9043478260869564,,0.2771516649581785,0.9773112275091012,0.5985520314904941,0.5985520314904941,1.0,2.061541353219329,0.481024531024531,12.0,0.0693751030183163,8.0,equal,True,28914.0,3.215026126243174,2.855255000000014,8.0,56.0,32.0,119.0,0.0207462909165769,5735.965068575945,median 5 warm calls on training rows; end-to-end preprocessing,,,,,0.9389618063657498,,,,,,
100.0,100.0,1.0,11,1,multiclass,wine,abs_correlation,complete,,,,0.1746035828984563,0.0886496195346682,0.918840579710145,,0.1343388830736562,0.932214048548586,0.2671395998575135,0.2671395998575135,0.6845138397482476,4.250805911142906,0.3941919191919193,13.0,0.0781364284843481,8.0,equal,True,31106.0,3.305028334958479,2.9436359999999695,8.0,80.0,44.0,119.0,0.0236232909373939,5037.401449077186,median 5 warm calls on training rows; end-to-end preprocessing,,,,,0.997132416697634,,,,,,
100.0,100.0,1.0,11,1,multiclass,wine,signed_correlation,complete,,,,0.1746035828984563,0.0886496195346682,0.918840579710145,,0.1343388830736562,0.932214048548586,0.2671395998575135,0.2671395998575135,0.6845138397482476,4.250805911142906,0.3941919191919193,13.0,0.0781364284843481,8.0,equal,True,31106.0,3.3263145417440683,2.9559420000000074,8.0,80.0,44.0,119.0,0.0200745831243693,5927.893957386387,median 5 warm calls on training rows; end-to-end preprocessing,,,,,0.997132416697634,,,,,,
100.0,100.0,1.0,11,1,multiclass,wine,minimax,complete,,,,0.1650414601564856,0.0813064947855934,0.918840579710145,,0.1232111739843301,0.9259169033412826,0.3015035547556277,0.3015035547556277,0.4950771138799979,4.106738038148192,0.3666666666666667,13.0,0.0910362125437865,8.0,equal,True,31042.0,3.2513580839149654,2.8901429999999806,8.0,78.0,43.0,119.0,0.0223069591447711,5334.658087088235,median 5 warm calls on training rows; end-to-end preprocessing,,,,,0.998389694041868,,,,,,
100.0,100.0,1.0,11,1,multiclass,wine,quality_diversity,complete,,,,0.2071188008464235,0.1331863150085065,0.9043478260869564,,0.2018294144166275,0.9645427600787452,0.3668217173714531,0.3668217173714531,1.0,3.715892501236449,0.3656565656565656,13.0,0.0588452250855789,8.0,equal,True,30066.0,3.354990751016885,2.9714629999999858,8.0,68.0,38.0,119.0,0.0214609580580145,5544.952824487717,median 5 warm calls on training rows; end-to-end preprocessing,,,,,0.9876501919980182,,,,,,
100.0,100.0,1.0,11,1,multiclass,wine,prediction_correlation,complete,,,,0.2023316600928183,0.0806031338205124,0.9833333333333334,,0.1221453067314014,0.8954341938197117,0.3824769065211501,0.3824769065211501,0.8050300070979047,3.1373013985785763,0.4422979797979798,13.0,0.1534209896837901,8.0,equal,True,32226.0,3.2958771670237184,2.9187619999999868,8.0,92.0,50.0,119.0,0.0213740000035613,5567.511929455039,median 5 warm calls on training rows; end-to-end preprocessing,,,,,0.9995974235104668,,,,,,
100.0,100.0,1.0,11,1,multiclass,wine,coerror_greedy,complete,,,,0.2027444739680404,0.1350633346646422,0.9043478260869564,,0.2046738341156195,0.9630508116856162,0.3676716095797531,0.3676716095797531,1.0,3.815655044975629,0.3868686868686869,13.0,0.0568989197657537,8.0,equal,True,30098.0,3.216892333002761,2.855031000000011,8.0,68.0,38.0,119.0,0.0184438328724354,6452.0211619270885,median 5 warm calls on training rows; end-to-end preprocessing,,,,,0.9867954911433172,,,,,,
100.0,100.0,1.0,11,1,multiclass,wine,direct_squared,complete,,,,0.2027444739680404,0.1350633346646422,0.9043478260869564,,0.2046738341156195,0.963050811685616,0.3676716095797531,0.3676716095797531,1.0,3.815655044975629,0.3868686868686869,13.0,0.0568989197657537,8.0,equal,True,30098.0,3.244009916903451,2.874674000000013,8.0,68.0,38.0,119.0,0.0212301660794764,5605.231704477296,median 5 warm calls on training rows; end-to-end preprocessing,,,,,0.9867954911433172,,,,,,
100.0,100.0,1.0,11,1,multiclass,wine,coerror,complete,,,,0.2027444739680404,0.1350633346646422,0.9043478260869564,,0.2046738341156195,0.9624316714740996,0.3614031573685554,0.3614031573685554,1.0,3.8389047893746855,0.3618686868686869,13.0,0.0565850135542306,8.0,equal,True,30130.0,3.226287417812273,2.859308999999996,8.0,68.0,38.0,119.0,0.0217003747820854,5483.776257092092,median 5 warm calls on training rows; end-to-end preprocessing,,,,,0.9867954911433172,,,,,,
100.0,100.0,1.0,11,1,multiclass,wine,coerror_no_cert,complete,,,,0.2027444739680404,0.1350633346646422,0.9043478260869564,,0.2046738341156195,0.9624316714740996,0.3614031573685554,0.3614031573685554,1.0,3.8389047893746855,0.3618686868686869,13.0,0.0565850135542306,8.0,equal,True,30130.0,3.21169808274135,2.8557559999999995,8.0,68.0,38.0,119.0,0.0224005000200122,5312.381415311589,median 5 warm calls on training rows; end-to-end preprocessing,,,,,0.9867954911433172,,,,,,
100.0,100.0,1.0,11,1,multiclass,wine,covariance_only,complete,,,,0.2027444739680404,0.1350633346646422,0.9043478260869564,,0.2046738341156195,0.9624316714740996,0.3614031573685555,0.3614031573685555,1.0,3.838904789374685,0.3618686868686869,13.0,0.0565850135542306,8.0,equal,True,30098.0,3.2177395422477275,2.8550440000000066,8.0,68.0,38.0,119.0,0.0204474171623587,5819.805946888231,median 5 warm calls on training rows; end-to-end preprocessing,,,,,0.9867954911433172,,,,,,
100.0,100.0,1.0,11,1,multiclass,wine,shrinkage,complete,,,,0.2027444739680403,0.1350633346646422,0.9043478260869564,,0.2046738341156195,0.9624316714740996,0.3614031573685555,0.3614031573685555,1.0,3.8389047893746855,0.3618686868686868,13.0,0.0565850135542306,8.0,equal,True,30114.0,3.2204757921863347,2.85838600000001,8.0,68.0,38.0,119.0,0.0220034159719944,5408.251162067804,median 5 warm calls on training rows; end-to-end preprocessing,,,,,0.9867954911433172,,,,,,
100.0,100.0,1.0,11,1,multiclass,wine,caruana,complete,,,,0.2027444739680404,0.1350633346646422,0.9043478260869564,,0.2046738341156195,0.9618202232107648,0.3466432387244225,0.3466432387244225,0.9125081048871156,3.785867706234225,0.3797979797979797,13.0,0.0568989197657537,8.0,frequency_weighted,True,26770.0,3.237138291820884,2.8736159999999984,7.0,61.0,34.0,119.0,0.0219548339955508,5420.218619011888,median 5 warm calls on training rows; end-to-end preprocessing,,,,,0.9867954911433172,,,,,,
,,,11,1,multiclass,wine,rf_shallow,complete,,,,0.2839338761698283,0.1362116205836852,0.9710144927536232,,0.2064139368777426,,,,,,,,,,,,14675.0,0.0197678329423069,0.0175120000000106,8.0,88.0,48.0,119.0,0.0041638328693807,28579.437199576863,median 5 warm calls on training rows; end-to-end preprocessing,0.0197678329423069,0.0175120000000106,214941696.0,,0.9953334975326888,,,,,,
,,,11,1,multiclass,wine,et_shallow,complete,,,,0.4589260656081342,0.252034913816371,0.8898550724637682,,0.3819315750635072,,,,,,,,,,,,14851.0,0.015418916940689,0.0141350000000102,8.0,90.0,49.0,119.0,0.0048629590310156,24470.69762279011,median 5 warm calls on training rows; end-to-end preprocessing,0.015418916940689,0.0141350000000102,214941696.0,,0.9798036233324404,,,,,,
,,,11,1,multiclass,wine,random_patches,complete,,,,0.2049552775424493,0.109599370291902,0.9666666666666668,,0.1660859580433086,,,,,,,,,,,,26690.0,0.0531707918271422,0.0487399999999951,8.0,72.0,40.0,119.0,0.0229687499813735,5180.9523851538615,median 5 warm calls on training rows; end-to-end preprocessing,0.0531707918271422,0.0487399999999951,214974464.0,,0.9934101325405672,,,,,,
,,,11,1,multiclass,wine,random_forest,complete,,,,0.1495190050706232,0.0700502557269597,0.9521739130434784,,0.1061535645926106,,,,,,,,,,,,500947.0,0.4102934999391436,0.3720670000000012,256.0,4464.0,2360.0,119.0,0.0210101250559091,5663.935825385814,median 5 warm calls on training rows; end-to-end preprocessing,0.4102934999391436,0.3720670000000012,215007232.0,,0.999194847020934,,,,,,
,,,11,1,multiclass,wine,extra_trees,complete,,,,0.1426230010173376,0.0590815140029131,1.0,,0.0895316262282211,,,,,,,,,,,,1317939.0,0.3004392909351736,0.266537999999997,256.0,13748.0,7002.0,119.0,0.0238734160084277,4984.623899570589,median 5 warm calls on training rows; end-to-end preprocessing,0.3004392909351736,0.266537999999997,215056384.0,,1.0,,,,,,
,,,11,1,multiclass,wine,xgboost,complete,,,,0.1842964887619018,0.1104926066670575,0.918840579710145,,0.1674395608854756,,,,,,,,,,,,279914.0,0.0736956670880317,0.0578029999999927,300.0,2042.0,1171.0,119.0,0.0033559158910065,35459.76832104293,median 5 warm calls on training rows; end-to-end preprocessing,0.0736956670880317,0.0578029999999927,215040000.0,,0.9928361189609928,,,,,,
,,,11,1,multiclass,wine,lightgbm,complete,,,,0.222070913705907,0.1308138599018762,0.918840579710145,,0.1982342160295382,,,,,,,,,,,,219959.0,0.0328519579488784,0.0288060000000029,300.0,2876.0,1588.0,119.0,0.0063130839262157,18849.741487807496,median 5 warm calls on training rows; end-to-end preprocessing,0.0328519579488784,0.0288060000000029,213401600.0,,0.991775052644618,,,,,,
,,,11,1,multiclass,wine,catboost,complete,,,,0.1985740651469643,0.0925148616490712,0.9210144927536232,,0.1401962382567216,,,,,,,,,,,,69414.0,0.1402549999766051,0.115594999999999,100.0,3100.0,1600.0,119.0,0.0032452910672873,36668.51371192098,median 5 warm calls on training rows; end-to-end preprocessing,0.1402549999766051,0.115594999999999,213778432.0,,0.9946674098848012,,,,,,
,,,11,1,multiclass,wine,linear,complete,,,,0.0639255475279394,0.0252602134876058,1.0,,0.038279113705615,,,,,,,,,,,,4058.0,0.015579542145133,0.0124860000000097,1.0,,,119.0,0.0032889998983591,36181.21121237093,median 5 warm calls on training rows; end-to-end preprocessing,0.015579542145133,0.0124860000000097,213745664.0,42.0,1.0,,,,,,
100.0,100.0,1.0,11,2,multiclass,wine,direct_auroc,not_applicable,task restriction defined in config,,,,,,,,,,,,,,,,,,,,,,,,,,,,,,,,,,,,,,,
100.0,100.0,1.0,11,2,multiclass,wine,coerror_no_cert_affine,not_applicable,task restriction defined in config,,,,,,,,,,,,,,,,,,,,,,,,,,,,,,,,,,,,,,,
100.0,100.0,1.0,11,2,multiclass,wine,affine_profiled,not_applicable,task restriction defined in config,,,,,,,,,,,,,,,,,,,,,,,,,,,,,,,,,,,,,,,
100.0,100.0,1.0,11,2,multiclass,wine,random_subspace,complete,,,,0.1459344086079868,0.0639967137963149,0.9791666666666666,,0.0973147322577784,0.9385781345342586,0.4569712674952467,0.4569712674952467,0.9773505848177104,2.94651313810621,0.346969696969697,13.0,0.1130184311091899,8.0,equal,False,32226.0,0.0643779169768095,0.0516999999999825,8.0,92.0,50.0,119.0,0.0193506251089274,6149.67213359422,median 5 warm calls on training rows; end-to-end preprocessing,,,,,0.999515503875969,,,,,,
100.0,100.0,1.0,11,2,multiclass,wine,certified_random,complete,,,,0.1459344086079868,0.0639967137963149,0.9791666666666666,,0.0973147322577784,0.9385781345342586,0.4569712674952467,0.4569712674952467,0.9773505848177104,2.94651313810621,0.346969696969697,13.0,0.1130184311091899,8.0,equal,True,32226.0,3.216027874033898,2.807914000000025,8.0,92.0,50.0,119.0,0.0245865408796817,4840.046453966263,median 5 warm calls on training rows; end-to-end preprocessing,,,,,0.999515503875969,,,,,,
100.0,100.0,1.0,11,2,multiclass,wine,top_quality,complete,,,,0.1943804804562742,0.1171504237288135,0.8819444444444445,,0.1781413676230239,0.9612114544809338,0.8265017524158828,0.8265017524158828,0.9958997722095672,1.3639335349558168,0.5742063492063493,11.0,0.1445561845443812,8.0,equal,True,33170.0,3.237097166944295,2.8130709999999937,8.0,104.0,56.0,119.0,0.0246673340443521,4824.193801650252,median 5 warm calls on training rows; end-to-end preprocessing,,,,,0.9887596899224804,,,,,,
100.0,100.0,1.0,11,2,multiclass,wine,top_no_cert,complete,,,,0.1943804804562742,0.1171504237288135,0.8819444444444445,,0.1781413676230239,0.9612114544809338,0.8265017524158828,0.8265017524158828,0.9958997722095672,1.3639335349558168,0.5742063492063493,11.0,0.1445561845443812,8.0,equal,True,33170.0,3.234429750125855,2.8134990000000073,8.0,104.0,56.0,119.0,0.0208142499905079,5717.236991689263,median 5 warm calls on training rows; end-to-end preprocessing,,,,,0.9887596899224804,,,,,,
100.0,100.0,1.0,11,2,multiclass,wine,abs_correlation,complete,,,,0.1599942616612882,0.0618349435451255,0.9791666666666666,,0.0940274995122519,0.9271123878311128,0.3296551145255647,0.3296551145255647,0.880975038750871,4.046161493700279,0.405050505050505,13.0,0.0968666032518464,8.0,equal,True,32082.0,3.309148082975298,2.876215999999999,8.0,90.0,49.0,119.0,0.020840415963903,5710.058772632734,median 5 warm calls on training rows; end-to-end preprocessing,,,,,0.9996031746031746,,,,,,
100.0,100.0,1.0,11,2,multiclass,wine,signed_correlation,complete,,,,0.1599942616612882,0.0618349435451255,0.9791666666666666,,0.0940274995122519,0.9271123878311128,0.3296551145255647,0.3296551145255647,0.880975038750871,4.046161493700279,0.405050505050505,13.0,0.0968666032518464,8.0,equal,True,32082.0,3.295708917081356,2.8716550000000183,8.0,90.0,49.0,119.0,0.0193815419916063,6139.862352104689,median 5 warm calls on training rows; end-to-end preprocessing,,,,,0.9996031746031746,,,,,,
100.0,100.0,1.0,11,2,multiclass,wine,minimax,complete,,,,0.1786286517546154,0.0672953867720127,0.9791666666666666,,0.1023307629005032,0.9195128629618108,0.3786004489516207,0.3786004489516207,0.5553532835713919,3.778948945910399,0.3957070707070707,13.0,0.1213545444941286,8.0,equal,True,31778.0,3.3454507512506098,2.8403450000000134,8.0,88.0,48.0,119.0,0.0254712079185992,4671.941761863025,median 5 warm calls on training rows; end-to-end preprocessing,,,,,1.0,,,,,,
100.0,100.0,1.0,11,2,multiclass,wine,quality_diversity,complete,,,,0.1404183623296959,0.0622839911868641,0.9791666666666666,,0.0947103306833315,0.954050767782994,0.422029772387529,0.422029772387529,0.9770620564060696,3.0192855878051708,0.4035353535353536,13.0,0.0925610216745997,8.0,equal,True,31948.0,3.3324094580020756,2.890923000000015,8.0,88.0,48.0,119.0,0.0320914168842136,3708.1566211100553,median 5 warm calls on training rows; end-to-end preprocessing,,,,,0.9992063492063492,,,,,,
100.0,100.0,1.0,11,2,multiclass,wine,prediction_correlation,complete,,,,0.1941309418791513,0.0709473801897656,1.0,,0.1078840599461438,0.8921889064912587,0.3918742075226003,0.3918742075226003,0.8044125632157961,3.5089022324168044,0.4195707070707071,13.0,0.1565825548931948,8.0,equal,True,31986.0,3.3083252906799316,2.879322000000016,8.0,88.0,48.0,119.0,0.022189375013113,5362.927073415804,median 5 warm calls on training rows; end-to-end preprocessing,,,,,1.0,,,,,,
100.0,100.0,1.0,11,2,multiclass,wine,coerror_greedy,complete,,,,0.1408301220729346,0.0650517459339838,0.9791666666666666,,0.098919036040116,0.9502896405937046,0.4032634590767188,0.4032634590767188,0.9770620564060696,3.2579249661306307,0.3983585858585859,13.0,0.0887272483832037,8.0,equal,True,32047.0,3.239293123828247,2.8154250000000047,8.0,90.0,49.0,119.0,0.0240801251493394,4941.834781255877,median 5 warm calls on training rows; end-to-end preprocessing,,,,,0.9996031746031746,,,,,,
100.0,100.0,1.0,11,2,multiclass,wine,direct_squared,complete,,,,0.1408301220729346,0.0650517459339838,0.9791666666666666,,0.098919036040116,0.9502896405937046,0.4032634590767188,0.4032634590767188,0.9770620564060696,3.25792496613063,0.3983585858585859,13.0,0.0887272483832037,8.0,equal,True,32066.0,3.2505024150013924,2.831672000000026,8.0,90.0,49.0,119.0,0.0298897500615566,3981.2979283842938,median 5 warm calls on training rows; end-to-end preprocessing,,,,,0.9996031746031746,,,,,,
100.0,100.0,1.0,11,2,multiclass,wine,coerror,complete,,,,0.1377956102412071,0.062031039510267,0.9791666666666666,,0.0943256871099044,0.94911490988438,0.3881411245625491,0.3881411245625491,0.9770620564060696,3.351999562218019,0.3914141414141414,13.0,0.0883994666294765,8.0,equal,True,32063.0,3.2270408738404512,2.8129800000000245,8.0,90.0,49.0,119.0,0.0220973750110715,5385.255033250638,median 5 warm calls on training rows; end-to-end preprocessing,,,,,1.0,,,,,,
100.0,100.0,1.0,11,2,multiclass,wine,coerror_no_cert,complete,,,,0.1377956102412071,0.062031039510267,0.9791666666666666,,0.0943256871099044,0.94911490988438,0.3881411245625491,0.3881411245625491,0.9770620564060696,3.351999562218019,0.3914141414141414,13.0,0.0883994666294765,8.0,equal,True,32063.0,3.246999873314053,2.817430000000016,8.0,90.0,49.0,119.0,0.0217230839189142,5478.043561595193,median 5 warm calls on training rows; end-to-end preprocessing,,,,,1.0,,,,,,
100.0,100.0,1.0,11,2,multiclass,wine,covariance_only,complete,,,,0.1377956102412071,0.062031039510267,0.9791666666666666,,0.0943256871099044,0.94911490988438,0.3881411245625491,0.3881411245625491,0.9770620564060696,3.351999562218019,0.3914141414141414,13.0,0.0883994666294765,8.0,equal,True,32063.0,3.2328308748546988,2.8131130000000155,8.0,90.0,49.0,119.0,0.020409874850884,5830.511008490841,median 5 warm calls on training rows; end-to-end preprocessing,,,,,1.0,,,,,,
100.0,100.0,1.0,11,2,multiclass,wine,shrinkage,complete,,,,0.1408301220729346,0.0650517459339839,0.9791666666666666,,0.098919036040116,0.949434903575216,0.398045122927967,0.398045122927967,0.9770620564060696,3.2573849062807536,0.382070707070707,13.0,0.0884447336679159,8.0,equal,True,32034.0,3.2136044988874346,2.805336000000011,8.0,90.0,49.0,119.0,0.0225943338591605,5266.80718899589,median 5 warm calls on training rows; end-to-end preprocessing,,,,,0.9996031746031746,,,,,,
100.0,100.0,1.0,11,2,multiclass,wine,caruana,complete,,,,0.1409995380022851,0.0653624803972607,0.9791666666666666,,0.0993915453191595,0.9505096515013324,0.4022636836755174,0.4022636836755174,0.910898257630548,3.230637217648466,0.4196969696969697,12.0,0.0886718929076801,8.0,frequency_weighted,True,28498.0,3.2510897498577833,2.8262450000000143,7.0,81.0,44.0,119.0,0.0204854998737573,5808.986880151416,median 5 warm calls on training rows; end-to-end preprocessing,,,,,0.9991186784791436,,,,,,
,,,11,2,multiclass,wine,rf_shallow,complete,,,,0.2325711971733721,0.1042348240252829,0.9652777777777778,,0.1585016384472721,,,,,,,,,,,,14499.0,0.0175367919728159,0.0162569999999959,8.0,86.0,47.0,119.0,0.0032396249007433,36732.64765087286,median 5 warm calls on training rows; end-to-end preprocessing,0.0175367919728159,0.0162569999999959,210108416.0,,0.995902547065338,,,,,,
,,,11,2,multiclass,wine,et_shallow,complete,,,,0.4000275121677132,0.1974034233446898,0.9652777777777778,,0.3001757457531131,,,,,,,,,,,,15379.0,0.0154015410225838,0.0141919999999942,8.0,96.0,52.0,119.0,0.0050002080388367,23799.00977633822,median 5 warm calls on training rows; end-to-end preprocessing,0.0154015410225838,0.0141919999999942,210075648.0,,0.9974437061646364,,,,,,
,,,11,2,multiclass,wine,random_patches,complete,,,,0.1737977997213466,0.0733530567843621,0.9861111111111112,,0.1115421817435703,,,,,,,,,,,,26578.0,0.0501675829291343,0.045500000000004,8.0,72.0,40.0,119.0,0.0259357918985188,4588.253964468157,median 5 warm calls on training rows; end-to-end preprocessing,0.0501675829291343,0.045500000000004,210108416.0,,0.9996031746031746,,,,,,
,,,11,2,multiclass,wine,random_forest,complete,,,,0.1134987905884947,0.0324520822298728,1.0,,0.0493473102925065,,,,,,,,,,,,524355.0,0.392699042102322,0.3591300000000075,256.0,4730.0,2493.0,119.0,0.0226874591317027,5245.188511820301,median 5 warm calls on training rows; end-to-end preprocessing,0.392699042102322,0.3591300000000075,210124800.0,,1.0,,,,,,
,,,11,2,multiclass,wine,extra_trees,complete,,,,0.1301009334647338,0.0393045716366525,1.0,,0.0597673480157314,,,,,,,,,,,,1402419.0,0.297020792029798,0.2626910000000038,256.0,14708.0,7482.0,119.0,0.0242512088734656,4906.971880078245,median 5 warm calls on training rows; end-to-end preprocessing,0.297020792029798,0.2626910000000038,210190336.0,,1.0,,,,,,
,,,11,2,multiclass,wine,xgboost,complete,,,,0.081474483013153,0.0331808818095687,0.9791666666666666,,0.0504555380710986,,,,,,,,,,,,289480.0,0.0681441249325871,0.0615230000000082,300.0,2322.0,1311.0,119.0,0.0037810839712619,31472.45628620156,median 5 warm calls on training rows; end-to-end preprocessing,0.0681441249325871,0.0615230000000082,210649088.0,,0.9977528608342562,,,,,,
,,,11,2,multiclass,wine,lightgbm,complete,,,,0.0319026149550602,0.0159265066676773,0.9791666666666666,,0.0242181768441989,,,,,,,,,,,,209271.0,0.0307632919866591,0.0281399999999933,300.0,2656.0,1478.0,119.0,0.0052964580245316,22467.84538814954,median 5 warm calls on training rows; end-to-end preprocessing,0.0307632919866591,0.0281399999999933,211779584.0,,1.0,,,,,,
,,,11,2,multiclass,wine,catboost,complete,,,,0.1145596814259481,0.027208391537634,1.0,,0.0413736453105522,,,,,,,,,,,,69438.0,0.1287350000347942,0.1172779999999988,100.0,3100.0,1600.0,119.0,0.0025122500956058,47367.89550058795,median 5 warm calls on training rows; end-to-end preprocessing,0.1287350000347942,0.1172779999999988,212385792.0,,1.0,,,,,,
,,,11,2,multiclass,wine,linear,complete,,,,0.051684145267027,0.0179406190121041,0.9861111111111112,,0.0272808779097381,,,,,,,,,,,,4058.0,0.0110234159510582,0.010159999999999,1.0,,,119.0,0.0031571248546242,37692.52262092187,median 5 warm calls on training rows; end-to-end preprocessing,0.0110234159510582,0.010159999999999,212353024.0,42.0,1.0,,,,,,
100.0,100.0,1.0,29,0,multiclass,wine,direct_auroc,not_applicable,task restriction defined in config,,,,,,,,,,,,,,,,,,,,,,,,,,,,,,,,,,,,,,,
100.0,100.0,1.0,29,0,multiclass,wine,coerror_no_cert_affine,not_applicable,task restriction defined in config,,,,,,,,,,,,,,,,,,,,,,,,,,,,,,,,,,,,,,,
100.0,100.0,1.0,29,0,multiclass,wine,affine_profiled,not_applicable,task restriction defined in config,,,,,,,,,,,,,,,,,,,,,,,,,,,,,,,,,,,,,,,
100.0,100.0,1.0,29,0,multiclass,wine,random_subspace,complete,,,,0.1599881752105412,0.0839946931906426,0.9583333333333334,,0.1276885626304507,0.9174852289611948,0.5038478585645467,0.5038478585645467,0.9871920784387578,2.5866879440398485,0.3696969696969697,13.0,0.1547659038196254,8.0,equal,False,31962.0,0.05486924899742,0.0486990000000133,8.0,88.0,48.0,118.0,0.0245365831069648,4809.145571964547,median 5 warm calls on training rows; end-to-end preprocessing,,,,,0.9956944444444444,,,,,,
100.0,100.0,1.0,29,0,multiclass,wine,certified_random,complete,,,,0.1599881752105412,0.0839946931906426,0.9583333333333334,,0.1276885626304507,0.9174852289611948,0.5038478585645467,0.5038478585645467,0.9871920784387578,2.5866879440398485,0.3696969696969697,13.0,0.1547659038196254,8.0,equal,True,31962.0,3.237347208429128,2.8846889999999945,8.0,88.0,48.0,118.0,0.0255860830657184,4611.882158629534,median 5 warm calls on training rows; end-to-end preprocessing,,,,,0.9956944444444444,,,,,,
100.0,100.0,1.0,29,0,multiclass,wine,top_quality,complete,,,,0.1682635625038533,0.1079695232107758,0.9388888888888888,,0.1641350507155006,0.9570097297333422,0.7499036182087274,0.7499036182087274,0.9442938930794234,1.5866116294839838,0.490530303030303,12.0,0.1342055835399131,8.0,equal,True,32010.0,3.261926751350984,2.888845000000003,8.0,88.0,48.0,118.0,0.0211869589984416,5569.463744593026,median 5 warm calls on training rows; end-to-end preprocessing,,,,,0.9879629629629628,,,,,,
100.0,100.0,1.0,29,0,multiclass,wine,top_no_cert,complete,,,,0.1682635625038533,0.1079695232107758,0.9388888888888888,,0.1641350507155006,0.9570097297333422,0.7499036182087274,0.7499036182087274,0.9442938930794234,1.5866116294839838,0.490530303030303,12.0,0.1342055835399131,8.0,equal,True,32010.0,3.232911664992571,2.8817419999999885,8.0,88.0,48.0,118.0,0.0215927078388631,5464.807882391686,median 5 warm calls on training rows; end-to-end preprocessing,,,,,0.9879629629629628,,,,,,
100.0,100.0,1.0,29,0,multiclass,wine,abs_correlation,complete,,,,0.142294808703101,0.0589092812673566,0.9861111111111112,,0.0895537701834202,0.9131869153465088,0.3090321870904064,0.3090321870904064,0.7732788066248225,4.059003879046129,0.3664141414141414,13.0,0.1041573354346762,8.0,equal,True,32202.0,3.352678333874792,2.978728000000004,8.0,92.0,50.0,118.0,0.0238221250474452,4953.378414603461,median 5 warm calls on training rows; end-to-end preprocessing,,,,,0.9991975308641976,,,,,,
100.0,100.0,1.0,29,0,multiclass,wine,signed_correlation,complete,,,,0.142294808703101,0.0589092812673566,0.9861111111111112,,0.0895537701834202,0.9131869153465088,0.3090321870904064,0.3090321870904064,0.7732788066248225,4.059003879046129,0.3664141414141414,13.0,0.1041573354346762,8.0,equal,True,32202.0,3.3477106243371964,2.9795350000000127,8.0,92.0,50.0,118.0,0.0193279159720987,6105.158992327048,median 5 warm calls on training rows; end-to-end preprocessing,,,,,0.9991975308641976,,,,,,
100.0,100.0,1.0,29,0,multiclass,wine,minimax,complete,,,,0.1351331819607283,0.0575797258168858,0.9861111111111112,,0.0875325826778861,0.9053156270168188,0.3309528693186658,0.3309528693186658,0.5597685953486837,4.122249325663368,0.4203282828282829,13.0,0.1215574104793186,8.0,equal,True,32036.0,3.299431250197813,2.9420840000000084,8.0,90.0,49.0,118.0,0.0254656251054257,4633.697366999206,median 5 warm calls on training rows; end-to-end preprocessing,,,,,1.0,,,,,,
100.0,100.0,1.0,29,0,multiclass,wine,quality_diversity,complete,,,,0.1384152076708615,0.0637963454775197,0.9694444444444444,,0.0969830753070439,0.9405445635954844,0.398804865738006,0.398804865738006,0.8804504518393599,3.696887553478802,0.3914141414141414,13.0,0.1005699184856571,8.0,equal,True,32090.0,3.38175658416003,3.000440999999995,8.0,90.0,49.0,118.0,0.0201871669851243,5845.297662963437,median 5 warm calls on training rows; end-to-end preprocessing,,,,,0.9991975308641976,,,,,,
100.0,100.0,1.0,29,0,multiclass,wine,prediction_correlation,complete,,,,0.1850574313786242,0.0872220991839506,0.9861111111111112,,0.132594858691025,0.8781853284624905,0.403301001338564,0.403301001338564,0.9044609455143277,3.1098188766042933,0.3555555555555555,13.0,0.1795896872246632,8.0,equal,True,32234.0,3.3438991254661232,2.978198000000006,8.0,92.0,50.0,118.0,0.0236024169716984,4999.487982162737,median 5 warm calls on training rows; end-to-end preprocessing,,,,,0.9992283950617284,,,,,,
100.0,100.0,1.0,29,0,multiclass,wine,coerror_greedy,complete,,,,0.1335159255053789,0.0606345353946042,0.9861111111111112,,0.0921764980167191,0.934231926815956,0.3675392037842604,0.3675392037842604,0.9442938930794234,3.891846996413218,0.3625,13.0,0.0904525867363009,8.0,equal,True,32202.0,3.2292226247955114,2.879936999999998,8.0,92.0,50.0,118.0,0.0230540421325713,5118.40827397841,median 5 warm calls on training rows; end-to-end preprocessing,,,,,0.9983950617283952,,,,,,
100.0,100.0,1.0,29,0,multiclass,wine,direct_squared,complete,,,,0.1335159255053789,0.0606345353946042,0.9861111111111112,,0.0921764980167191,0.934231926815956,0.3675392037842605,0.3675392037842605,0.9442938930794234,3.8918469964132183,0.3624999999999999,13.0,0.0904525867363009,8.0,equal,True,32186.0,3.2666463332716376,2.904316999999992,8.0,92.0,50.0,118.0,0.0208716250490397,5653.608653985907,median 5 warm calls on training rows; end-to-end preprocessing,,,,,0.9983950617283952,,,,,,
100.0,100.0,1.0,29,0,multiclass,wine,coerror,complete,,,,0.1335159255053789,0.0606345353946042,0.9861111111111112,,0.0921764980167191,0.934231926815956,0.3675392037842604,0.3675392037842604,0.9442938930794234,3.891846996413218,0.3625,13.0,0.0904525867363009,8.0,equal,True,32202.0,3.244731000158936,2.8843960000000095,8.0,92.0,50.0,118.0,0.0193431249354034,6100.35867493293,median 5 warm calls on training rows; end-to-end preprocessing,,,,,0.9983950617283952,,,,,,
100.0,100.0,1.0,29,0,multiclass,wine,coerror_no_cert,complete,,,,0.1335159255053789,0.0606345353946042,0.9861111111111112,,0.0921764980167191,0.934231926815956,0.3675392037842604,0.3675392037842604,0.9442938930794234,3.891846996413218,0.3625,13.0,0.0904525867363009,8.0,equal,True,32202.0,3.2432061249855906,2.888200999999981,8.0,92.0,50.0,118.0,0.0267000840976834,4419.461735337305,median 5 warm calls on training rows; end-to-end preprocessing,,,,,0.9983950617283952,,,,,,
100.0,100.0,1.0,29,0,multiclass,wine,covariance_only,complete,,,,0.1335159255053789,0.0606345353946042,0.9861111111111112,,0.0921764980167191,0.934231926815956,0.3675392037842604,0.3675392037842604,0.9442938930794234,3.891846996413219,0.3625,13.0,0.0904525867363009,8.0,equal,True,32186.0,3.236456668237224,2.883698999999993,8.0,92.0,50.0,118.0,0.0218776250258088,5393.638471305574,median 5 warm calls on training rows; end-to-end preprocessing,,,,,0.9983950617283952,,,,,,
100.0,100.0,1.0,29,0,multiclass,wine,shrinkage,complete,,,,0.1415469979585085,0.0650510404751718,0.9861111111111112,,0.0988904601036785,0.9343537251233222,0.3720996449430491,0.3720996449430491,0.9442938930794234,3.840775567766256,0.3601010101010101,13.0,0.0905579092967581,8.0,equal,True,32250.0,3.2378173742908984,2.885598999999985,8.0,92.0,50.0,118.0,0.0207241252064704,5693.847090016519,median 5 warm calls on training rows; end-to-end preprocessing,,,,,0.9983950617283952,,,,,,
100.0,100.0,1.0,29,0,multiclass,wine,caruana,complete,,,,0.1398626654106786,0.0616339370839653,0.9861111111111112,,0.0936957864426596,0.9281816021202364,0.2936546852523428,0.2936546852523428,0.6288400681279067,4.0269384726659725,0.3594612794612794,13.0,0.0899648416094136,8.0,frequency_weighted,True,24586.0,3.251197875244543,2.8928849999999926,6.0,68.0,37.0,118.0,0.0150135420262813,7859.571032168146,median 5 warm calls on training rows; end-to-end preprocessing,,,,,0.9983950617283952,,,,,,
,,,29,0,multiclass,wine,rf_shallow,complete,,,,0.2026419627952938,0.1033826071218203,0.9208333333333334,,0.157162030158406,,,,,,,,,,,,13971.0,0.0171849580947309,0.0169429999999977,8.0,80.0,44.0,118.0,0.0032167499884963,36682.987618555984,median 5 warm calls on training rows; end-to-end preprocessing,0.0171849580947309,0.0169429999999977,212418560.0,,0.9960493827160494,,,,,,
,,,29,0,multiclass,wine,et_shallow,complete,,,,0.5024990880538813,0.2631094280618203,0.9027777777777778,,0.3999784201542455,,,,,,,,,,,,12563.0,0.0140619580633938,0.0131330000000104,8.0,64.0,36.0,118.0,0.0036687499377876,32163.543986635665,median 5 warm calls on training rows; end-to-end preprocessing,0.0140619580633938,0.0131330000000104,212418560.0,,0.9823148148148148,,,,,,
,,,29,0,multiclass,wine,random_patches,complete,,,,0.261232290780767,0.1361839916087963,0.9305555555555556,,0.2070266284839741,,,,,,,,,,,,26818.0,0.0529507501050829,0.0484500000000025,8.0,74.0,41.0,118.0,0.0302338749170303,3902.9069321687302,median 5 warm calls on training rows; end-to-end preprocessing,0.0529507501050829,0.0484500000000025,212451328.0,,0.9893174803591468,,,,,,
,,,29,0,multiclass,wine,random_forest,complete,,,,0.1435267593203696,0.0618428548177083,0.9861111111111112,,0.0940133827587638,,,,,,,,,,,,485459.0,0.4205624158494174,0.3600200000000058,256.0,4288.0,2272.0,118.0,0.0224175420589745,5263.73496655315,median 5 warm calls on training rows; end-to-end preprocessing,0.4205624158494174,0.3600200000000058,212336640.0,,0.9995833333333334,,,,,,
,,,29,0,multiclass,wine,extra_trees,complete,,,,0.1674940524005087,0.0725977579752604,0.9861111111111112,,0.1103629647770062,,,,,,,,,,,,1320755.0,0.3134445000905543,0.270707999999999,256.0,13780.0,7018.0,118.0,0.022001959150657,5363.1587619994325,median 5 warm calls on training rows; end-to-end preprocessing,0.3134445000905543,0.270707999999999,212353024.0,,0.9988117283950618,,,,,,
,,,29,0,multiclass,wine,xgboost,complete,,,,0.1055777743458747,0.0491258423731278,0.9861111111111112,,0.0746810061725852,,,,,,,,,,,,282086.0,0.0603074999526143,0.0561900000000008,300.0,2106.0,1203.0,118.0,0.0034455000422894,34247.56887293211,median 5 warm calls on training rows; end-to-end preprocessing,0.0603074999526143,0.0561900000000008,212271104.0,,0.9976234567901234,,,,,,
,,,29,0,multiclass,wine,lightgbm,complete,,,,0.0594062587902077,0.027974884510905,0.9861111111111112,,0.0425273628280633,,,,,,,,,,,,213831.0,0.0318105421029031,0.029687999999993,300.0,2754.0,1527.0,118.0,0.0052155419252812,22624.68631073961,median 5 warm calls on training rows; end-to-end preprocessing,0.0318105421029031,0.029687999999993,212434944.0,,0.9991975308641976,,,,,,
,,,29,0,multiclass,wine,catboost,complete,,,,0.1657231653996898,0.0601551946450786,0.9861111111111112,,0.0914478051792061,,,,,,,,,,,,69454.0,0.1214968329295516,0.1112069999999931,100.0,3100.0,1600.0,118.0,0.0028182088863104,41870.565582696465,median 5 warm calls on training rows; end-to-end preprocessing,0.1214968329295516,0.1112069999999931,212516864.0,,0.9996141975308642,,,,,,
,,,29,0,multiclass,wine,linear,complete,,,,0.1201171831757052,0.0673030810550578,0.9513888888888888,,0.1023140076363591,,,,,,,,,,,,4058.0,0.0097959579434245,0.0104149999999947,1.0,,,118.0,0.0025932090356945,45503.46631365694,median 5 warm calls on training rows; end-to-end preprocessing,0.0097959579434245,0.0104149999999947,212516864.0,42.0,0.9968518518518518,,,,,,
100.0,100.0,1.0,29,1,multiclass,wine,direct_auroc,not_applicable,task restriction defined in config,,,,,,,,,,,,,,,,,,,,,,,,,,,,,,,,,,,,,,,
100.0,100.0,1.0,29,1,multiclass,wine,coerror_no_cert_affine,not_applicable,task restriction defined in config,,,,,,,,,,,,,,,,,,,,,,,,,,,,,,,,,,,,,,,
100.0,100.0,1.0,29,1,multiclass,wine,affine_profiled,not_applicable,task restriction defined in config,,,,,,,,,,,,,,,,,,,,,,,,,,,,,,,,,,,,,,,
100.0,100.0,1.0,29,1,multiclass,wine,random_subspace,complete,,,,0.2373774371230677,0.1486252586386299,0.8856884057971014,,0.2252254589117402,0.9329982642780495,0.5183646716965546,0.5183646716965546,0.9212420511452852,2.8271395757147335,0.3541666666666667,13.0,0.1241752754571655,8.0,equal,False,31954.0,0.0589017497841268,0.0488220000000012,8.0,88.0,48.0,119.0,0.0201340001076459,5910.400286270444,median 5 warm calls on training rows; end-to-end preprocessing,,,,,0.9889595738306558,,,,,,
100.0,100.0,1.0,29,1,multiclass,wine,certified_random,complete,,,,0.2373774371230677,0.1486252586386299,0.8856884057971014,,0.2252254589117402,0.9329982642780495,0.5183646716965546,0.5183646716965546,0.9212420511452852,2.8271395757147335,0.3541666666666667,13.0,0.1241752754571655,8.0,equal,True,31954.0,3.182188417064026,2.8334390000000127,8.0,88.0,48.0,119.0,0.0245995000004768,4837.4966969935695,median 5 warm calls on training rows; end-to-end preprocessing,,,,,0.9889595738306558,,,,,,
100.0,100.0,1.0,29,1,multiclass,wine,top_quality,complete,,,,0.944838541552574,0.1779709659287444,0.8856884057971014,,0.269695695344269,0.9694947467185964,0.6730519965809386,0.6730519965809386,1.0,1.8371542924371969,0.4021103896103896,13.0,0.1150216930947939,8.0,equal,True,31954.0,3.1908248749095947,2.83546800000002,8.0,88.0,48.0,119.0,0.0193985418882221,6134.481688659874,median 5 warm calls on training rows; end-to-end preprocessing,,,,,0.9500001620388376,,,,,,
100.0,100.0,1.0,29,1,multiclass,wine,top_no_cert,complete,,,,0.944838541552574,0.1779709659287444,0.8856884057971014,,0.269695695344269,0.9694947467185964,0.6730519965809386,0.6730519965809386,1.0,1.8371542924371969,0.4021103896103896,13.0,0.1150216930947939,8.0,equal,True,31954.0,3.175116334343329,2.829351000000017,8.0,88.0,48.0,119.0,0.0201484579592943,5906.159183021065,median 5 warm calls on training rows; end-to-end preprocessing,,,,,0.9500001620388376,,,,,,
100.0,100.0,1.0,29,1,multiclass,wine,abs_correlation,complete,,,,0.2244516075582182,0.0991787076358679,0.9855072463768116,,0.1502945740594042,0.9166014611560462,0.3324140562495359,0.3324140562495359,0.5900990220846122,4.20082691951883,0.4056818181818182,13.0,0.1091010774186301,8.0,equal,True,31826.0,3.2959223752841353,2.93341199999999,8.0,86.0,47.0,119.0,0.0226322500966489,5257.983607101437,median 5 warm calls on training rows; end-to-end preprocessing,,,,,0.999031007751938,,,,,,
100.0,100.0,1.0,29,1,multiclass,wine,signed_correlation,complete,,,,0.2244516075582182,0.0991787076358679,0.9855072463768116,,0.1502945740594042,0.9166014611560462,0.3324140562495359,0.3324140562495359,0.5900990220846122,4.20082691951883,0.4056818181818182,13.0,0.1091010774186301,8.0,equal,True,31826.0,3.3068892918527126,2.9346319999999793,8.0,86.0,47.0,119.0,0.0237464578822255,5011.273706175472,median 5 warm calls on training rows; end-to-end preprocessing,,,,,0.999031007751938,,,,,,
100.0,100.0,1.0,29,1,multiclass,wine,minimax,complete,,,,0.2110145997576535,0.0943626372575938,0.9855072463768116,,0.1429963417734952,0.9183798010765744,0.3566397367158609,0.3566397367158609,0.4856485877322514,4.095165829784178,0.3892676767676769,13.0,0.1139602360611928,8.0,equal,True,31762.0,3.3207805005367845,2.926152000000002,8.0,86.0,47.0,119.0,0.0197703749872744,6019.106874634229,median 5 warm calls on training rows; end-to-end preprocessing,,,,,0.997823278283339,,,,,,
100.0,100.0,1.0,29,1,multiclass,wine,quality_diversity,complete,,,,0.1760383343392438,0.0983967696000147,0.9355072463768116,,0.149109631778538,0.9618119896804938,0.4506132503457588,0.4506132503457588,1.0,3.165678033721637,0.3726911976911977,13.0,0.0905287805954949,8.0,equal,True,31730.0,3.3060375419445336,2.944125999999997,8.0,86.0,47.0,119.0,0.0218576670158654,5444.3138837106235,median 5 warm calls on training rows; end-to-end preprocessing,,,,,0.9941591300602928,,,,,,
100.0,100.0,1.0,29,1,multiclass,wine,prediction_correlation,complete,,,,0.2976178310740279,0.142627596912592,0.9855072463768116,,0.2161366530989362,0.8878673158906283,0.4181437182151942,0.4181437182151942,0.9020774420887016,3.3425918185001073,0.4683080808080808,13.0,0.1690946971533739,8.0,equal,True,32514.0,3.2940331678837538,2.908118999999985,8.0,94.0,51.0,119.0,0.0239285840652883,4973.131702039396,median 5 warm calls on training rows; end-to-end preprocessing,,,,,0.992262105381418,,,,,,
100.0,100.0,1.0,29,1,multiclass,wine,coerror_greedy,complete,,,,0.1788344261991263,0.0930182460228733,0.9355072463768116,,0.1409590626759155,0.9521564939389506,0.398892891464874,0.398892891464874,0.7118138709673575,3.63096241676123,0.3888888888888889,13.0,0.0875731458504557,8.0,equal,True,31266.0,3.1955828750506043,2.8380829999999975,8.0,80.0,44.0,119.0,0.0224581251386553,5298.750419516328,median 5 warm calls on training rows; end-to-end preprocessing,,,,,0.996533629180242,,,,,,
100.0,100.0,1.0,29,1,multiclass,wine,direct_squared,complete,,,,0.1788344261991263,0.0930182460228733,0.9355072463768116,,0.1409590626759155,0.9521564939389504,0.3988928914648742,0.3988928914648742,0.7118138709673575,3.630962416761231,0.3888888888888889,13.0,0.0875731458504557,8.0,equal,True,31282.0,3.213468376081437,2.8542479999999983,8.0,80.0,44.0,119.0,0.0201870831660926,5894.85855984777,median 5 warm calls on training rows; end-to-end preprocessing,,,,,0.996533629180242,,,,,,
100.0,100.0,1.0,29,1,multiclass,wine,coerror,complete,,,,0.1788133129743518,0.0885063719150308,0.9521739130434784,,0.1341218068433683,0.9500627213676252,0.3866683379701516,0.3866683379701516,0.7523484577056543,3.697525543712907,0.375,13.0,0.0869581842172069,8.0,equal,True,31426.0,3.179188584908843,2.833010999999999,8.0,82.0,45.0,119.0,0.0226637499872595,5250.6756413610365,median 5 warm calls on training rows; end-to-end preprocessing,,,,,0.9970181253042728,,,,,,
100.0,100.0,1.0,29,1,multiclass,wine,coerror_no_cert,complete,,,,0.1788133129743518,0.0885063719150308,0.9521739130434784,,0.1341218068433683,0.9500627213676252,0.3866683379701516,0.3866683379701516,0.7523484577056543,3.697525543712907,0.375,13.0,0.0869581842172069,8.0,equal,True,31426.0,3.1794569180347025,2.83287500000003,8.0,82.0,45.0,119.0,0.0218071250710636,5456.932062901944,median 5 warm calls on training rows; end-to-end preprocessing,,,,,0.9970181253042728,,,,,,
100.0,100.0,1.0,29,1,multiclass,wine,covariance_only,complete,,,,0.1815433314181336,0.0897142000818739,0.9521739130434784,,0.1359521394238161,0.9510124520424196,0.3817892602493238,0.3817892602493238,0.7523484577056543,3.694304271884263,0.3535353535353535,13.0,0.086852945850865,8.0,equal,True,31394.0,3.1769027090631425,2.8315780000000075,8.0,82.0,45.0,119.0,0.0227528328541666,5230.117970923698,median 5 warm calls on training rows; end-to-end preprocessing,,,,,0.9970181253042728,,,,,,
100.0,100.0,1.0,29,1,multiclass,wine,shrinkage,complete,,,,0.1868544440378737,0.1041848446700683,0.9355072463768116,,0.1578808317468965,0.9568334411957302,0.4211639506954484,0.4211639506954484,0.7118138709673575,3.4367606723484148,0.3684343434343434,13.0,0.0871832822206458,8.0,equal,True,31746.0,3.180776541819796,2.834167000000008,8.0,86.0,47.0,119.0,0.0216676250565797,5492.064759716885,median 5 warm calls on training rows; end-to-end preprocessing,,,,,0.995005242856608,,,,,,
100.0,100.0,1.0,29,1,multiclass,wine,caruana,complete,,,,0.1788344261991263,0.0930182460228733,0.9355072463768116,,0.1409590626759155,0.9521564939389504,0.3988928914648742,0.3988928914648742,0.7118138709673575,3.630962416761231,0.3888888888888889,13.0,0.0875731458504557,8.0,equal,True,31282.0,3.2089062503073364,2.853728000000004,8.0,80.0,44.0,119.0,0.0225844169035553,5269.11987624822,median 5 warm calls on training rows; end-to-end preprocessing,,,,,0.996533629180242,,,,,,
,,,29,1,multiclass,wine,rf_shallow,complete,,,,0.2718882206378066,0.1439705978335866,0.9543478260869565,,0.2181718253268638,,,,,,,,,,,,14323.0,0.0179852498695254,0.0172810000000112,8.0,84.0,46.0,119.0,0.0036057918332517,33002.45979332795,median 5 warm calls on training rows; end-to-end preprocessing,0.0179852498695254,0.0172810000000112,212336640.0,,0.991325484892219,,,,,,
,,,29,1,multiclass,wine,et_shallow,complete,,,,0.5624026216711749,0.3083415399305245,0.8152173913043478,,0.4672581596729676,,,,,,,,,,,,14851.0,0.0151385839562863,0.0143920000000008,8.0,90.0,49.0,119.0,0.0040154999587684,29635.164044802055,median 5 warm calls on training rows; end-to-end preprocessing,0.0151385839562863,0.0143920000000008,212303872.0,,0.9726532455298886,,,,,,
,,,29,1,multiclass,wine,random_patches,complete,,,,0.2556439350921911,0.1383550571112748,0.9210144927536232,,0.2096620824486671,,,,,,,,,,,,26402.0,0.0679224589839577,0.051374999999993,8.0,68.0,38.0,119.0,0.017669458175078,6734.784893848306,median 5 warm calls on training rows; end-to-end preprocessing,0.0679224589839577,0.051374999999993,212336640.0,,0.9904060405197918,,,,,,
,,,29,1,multiclass,wine,random_forest,complete,,,,0.1678861879163148,0.076633259401483,0.9543478260869565,,0.1161293926395589,,,,,,,,,,,,475779.0,0.3674448330421,0.3448379999999957,256.0,4178.0,2217.0,119.0,0.0206133341416716,5772.962257446315,median 5 warm calls on training rows; end-to-end preprocessing,0.3674448330421,0.3448379999999957,212336640.0,,0.9987922705314012,,,,,,
,,,29,1,multiclass,wine,extra_trees,complete,,,,0.1644471338539108,0.067935749635858,0.9855072463768116,,0.1029492599602601,,,,,,,,,,,,1313891.0,0.2810358749702573,0.2650989999999922,256.0,13702.0,6979.0,119.0,0.0239895840641111,4960.486171080654,median 5 warm calls on training rows; end-to-end preprocessing,0.2810358749702573,0.2650989999999922,212336640.0,,1.0,,,,,,
,,,29,1,multiclass,wine,xgboost,complete,,,,0.161513864994049,0.0846655481253695,0.918840579710145,,0.1283014549829292,,,,,,,,,,,,280887.0,0.0711522919591516,0.0599480000000056,300.0,2070.0,1185.0,119.0,0.0023337909951806,50989.998781270835,median 5 warm calls on training rows; end-to-end preprocessing,0.0711522919591516,0.0599480000000056,212336640.0,,0.9979051979178368,,,,,,
,,,29,1,multiclass,wine,lightgbm,complete,,,,0.1007571240806146,0.0551538471962465,0.95,,0.0835796731948895,,,,,,,,,,,,213047.0,0.0341827080119401,0.0300759999999939,300.0,2732.0,1516.0,119.0,0.0050156251527369,23725.855975314393,median 5 warm calls on training rows; end-to-end preprocessing,0.0341827080119401,0.0300759999999939,212385792.0,,0.9995974235104668,,,,,,
,,,29,1,multiclass,wine,catboost,complete,,,,0.1689736704483161,0.0655342621921448,0.9543478260869565,,0.0993100662152979,,,,,,,,,,,,69414.0,0.1299380420241505,0.1230869999999981,100.0,3100.0,1600.0,119.0,0.0029472499154508,40376.62343330588,median 5 warm calls on training rows; end-to-end preprocessing,0.1299380420241505,0.1230869999999981,212434944.0,,0.999194847020934,,,,,,
,,,29,1,multiclass,wine,linear,complete,,,,0.0623247097205868,0.0259726898506209,0.9855072463768116,,0.0393587943554163,,,,,,,,,,,,4058.0,0.0109212498646229,0.0107280000000002,1.0,,,119.0,0.0024841669946908,47903.38179934122,median 5 warm calls on training rows; end-to-end preprocessing,0.0109212498646229,0.0107280000000002,212402176.0,42.0,1.0,,,,,,
100.0,100.0,1.0,29,2,multiclass,wine,direct_auroc,not_applicable,task restriction defined in config,,,,,,,,,,,,,,,,,,,,,,,,,,,,,,,,,,,,,,,
100.0,100.0,1.0,29,2,multiclass,wine,coerror_no_cert_affine,not_applicable,task restriction defined in config,,,,,,,,,,,,,,,,,,,,,,,,,,,,,,,,,,,,,,,
100.0,100.0,1.0,29,2,multiclass,wine,affine_profiled,not_applicable,task restriction defined in config,,,,,,,,,,,,,,,,,,,,,,,,,,,,,,,,,,,,,,,
100.0,100.0,1.0,29,2,multiclass,wine,random_subspace,complete,,,,0.1289027224156243,0.0631948094784103,0.9861111111111112,,0.0960953398958266,0.9344123983177224,0.4037261574844341,0.4037261574844341,0.9678835976416656,3.2173335802716108,0.3441919191919192,13.0,0.0972738742653037,8.0,equal,False,31394.0,0.0640401658602058,0.0534139999999894,8.0,82.0,45.0,119.0,0.0242080830503255,4915.713472752642,median 5 warm calls on training rows; end-to-end preprocessing,,,,,0.9953511443337024,,,,,,
100.0,100.0,1.0,29,2,multiclass,wine,certified_random,complete,,,,0.1289027224156243,0.0631948094784103,0.9861111111111112,,0.0960953398958266,0.9344123983177224,0.4037261574844341,0.4037261574844341,0.9678835976416656,3.2173335802716108,0.3441919191919192,13.0,0.0972738742653037,8.0,equal,True,31394.0,3.1943247918970883,2.8659729999999968,8.0,82.0,45.0,119.0,0.023706458043307,5019.72921398086,median 5 warm calls on training rows; end-to-end preprocessing,,,,,0.9953511443337024,,,,,,
100.0,100.0,1.0,29,2,multiclass,wine,top_quality,complete,,,,0.1123431261464051,0.0748087989119062,0.9375,,0.1137558134595551,0.9654839222624488,0.6980662335754922,0.6980662335754922,1.0,1.6971620653666302,0.4738636363636365,13.0,0.0872604294429803,8.0,equal,True,30562.0,3.188604458235204,2.8629379999999855,8.0,72.0,40.0,119.0,0.0213663747999817,5569.498855748887,median 5 warm calls on training rows; end-to-end preprocessing,,,,,0.9972245293466224,,,,,,
100.0,100.0,1.0,29,2,multiclass,wine,top_no_cert,complete,,,,0.1123431261464051,0.0748087989119062,0.9375,,0.1137558134595551,0.9654839222624488,0.6980662335754922,0.6980662335754922,1.0,1.6971620653666302,0.4738636363636365,13.0,0.0872604294429803,8.0,equal,True,30562.0,3.184328415663913,2.861758999999992,8.0,72.0,40.0,119.0,0.0201654999982565,5901.167836666004,median 5 warm calls on training rows; end-to-end preprocessing,,,,,0.9972245293466224,,,,,,
100.0,100.0,1.0,29,2,multiclass,wine,abs_correlation,complete,,,,0.1844001787573308,0.0752157756807612,0.9722222222222222,,0.1143746707874846,0.9313480166398718,0.2664451441533255,0.2664451441533255,0.5020617652004641,4.813039687545966,0.3702020202020202,13.0,0.0816864503062009,8.0,equal,True,31746.0,3.300609833793714,2.962512999999987,8.0,86.0,47.0,119.0,0.0239586671814322,4966.887310502144,median 5 warm calls on training rows; end-to-end preprocessing,,,,,0.9960109819121448,,,,,,
100.0,100.0,1.0,29,2,multiclass,wine,signed_correlation,complete,,,,0.1844001787573308,0.0752157756807612,0.9722222222222222,,0.1143746707874846,0.9313480166398718,0.2664451441533255,0.2664451441533255,0.5020617652004641,4.813039687545966,0.3702020202020202,13.0,0.0816864503062009,8.0,equal,True,31746.0,3.287225333042443,2.9557860000000034,8.0,86.0,47.0,119.0,0.0203521659132093,5847.043528805184,median 5 warm calls on training rows; end-to-end preprocessing,,,,,0.9960109819121448,,,,,,
100.0,100.0,1.0,29,2,multiclass,wine,minimax,complete,,,,0.1841163106473116,0.0740767758187319,0.9861111111111112,,0.1126426839394129,0.919350672000778,0.2897039117319043,0.2897039117319043,0.473398756731448,4.414911403804604,0.3482323232323233,13.0,0.0968838184452585,8.0,equal,True,31730.0,3.274146083043888,2.928571000000005,8.0,86.0,47.0,119.0,0.0197277078405022,6032.125017366959,median 5 warm calls on training rows; end-to-end preprocessing,,,,,0.9951088962716872,,,,,,
100.0,100.0,1.0,29,2,multiclass,wine,quality_diversity,complete,,,,0.1434476321901695,0.0734596085932099,0.9861111111111112,,0.1117042066372643,0.9566543423206028,0.357597945185757,0.357597945185757,1.0,3.2801678834620125,0.4035353535353536,13.0,0.0668464069454211,8.0,equal,True,31010.0,3.303673706948757,2.969071999999997,8.0,78.0,43.0,119.0,0.0221036251168698,5383.732277886738,median 5 warm calls on training rows; end-to-end preprocessing,,,,,0.9955495570321152,,,,,,
100.0,100.0,1.0,29,2,multiclass,wine,prediction_correlation,complete,,,,0.2679324727058782,0.1205449885772183,0.9722222222222222,,0.1833032134391319,0.892874648640533,0.3370415647314395,0.3370415647314395,0.5824653132053768,4.10064385410738,0.3993686868686869,13.0,0.1382522389576188,8.0,equal,True,32402.0,3.311263875104487,2.9623579999999805,8.0,92.0,50.0,119.0,0.019049041904509,6247.033346691925,median 5 warm calls on training rows; end-to-end preprocessing,,,,,0.9855897009966778,,,,,,
100.0,100.0,1.0,29,2,multiclass,wine,coerror_greedy,complete,,,,0.1401390770058983,0.0697958322444317,0.9513888888888888,,0.1061329922219662,0.9550323296553668,0.3852055577257896,0.3852055577257896,1.0,3.192944654750508,0.3888888888888889,13.0,0.0637922196141985,8.0,equal,True,31090.0,3.1805963749065995,2.8596900000000005,8.0,78.0,43.0,119.0,0.0220595409628003,5394.491218138809,median 5 warm calls on training rows; end-to-end preprocessing,,,,,0.9959463824289406,,,,,,
100.0,100.0,1.0,29,2,multiclass,wine,direct_squared,complete,,,,0.1401390770058983,0.0697958322444317,0.9513888888888888,,0.1061329922219661,0.9550323296553668,0.3852055577257897,0.3852055577257897,1.0,3.1929446547505065,0.3888888888888889,13.0,0.0637922196141985,8.0,equal,True,31074.0,3.2009442502167076,2.87888999999997,8.0,78.0,43.0,119.0,0.0194286659825593,6124.970191305138,median 5 warm calls on training rows; end-to-end preprocessing,,,,,0.9959463824289406,,,,,,
100.0,100.0,1.0,29,2,multiclass,wine,coerror,complete,,,,0.1401390770058983,0.0697958322444317,0.9513888888888888,,0.1061329922219662,0.9550323296553668,0.3852055577257896,0.3852055577257896,1.0,3.192944654750508,0.3888888888888889,13.0,0.0637922196141985,8.0,equal,True,31090.0,3.1782479570247233,2.8584609999999913,8.0,78.0,43.0,119.0,0.024754999903962,4807.1096934625375,median 5 warm calls on training rows; end-to-end preprocessing,,,,,0.9959463824289406,,,,,,
100.0,100.0,1.0,29,2,multiclass,wine,coerror_no_cert,complete,,,,0.1401390770058983,0.0697958322444317,0.9513888888888888,,0.1061329922219662,0.9550323296553668,0.3852055577257896,0.3852055577257896,1.0,3.192944654750508,0.3888888888888889,13.0,0.0637922196141985,8.0,equal,True,31090.0,3.18423783313483,2.8603219999999965,8.0,78.0,43.0,119.0,0.0219592079520225,5419.138989894192,median 5 warm calls on training rows; end-to-end preprocessing,,,,,0.9959463824289406,,,,,,
100.0,100.0,1.0,29,2,multiclass,wine,covariance_only,complete,,,,0.1401390770058983,0.0697958322444317,0.9513888888888888,,0.1061329922219662,0.9550323296553668,0.3852055577257896,0.3852055577257896,1.0,3.1929446547505083,0.3888888888888889,13.0,0.0637922196141985,8.0,equal,True,31106.0,3.1920773331075907,2.8649819999999977,8.0,78.0,43.0,119.0,0.0209761669393628,5673.105117059791,median 5 warm calls on training rows; end-to-end preprocessing,,,,,0.9959463824289406,,,,,,
100.0,100.0,1.0,29,2,multiclass,wine,shrinkage,complete,,,,0.140235197586277,0.074601074448176,0.9513888888888888,,0.1134399433254162,0.9586571560447932,0.4478205407799359,0.4478205407799359,1.0,2.6192324660252457,0.4170454545454545,13.0,0.0651337982596772,8.0,equal,True,31186.0,3.1859211248811334,2.863501999999997,8.0,78.0,43.0,119.0,0.0229371660389006,5188.086435707893,median 5 warm calls on training rows; end-to-end preprocessing,,,,,0.9965854558877816,,,,,,
100.0,100.0,1.0,29,2,multiclass,wine,caruana,complete,,,,0.1411354701194258,0.0704875941679634,0.9513888888888888,,0.1071848997712956,0.9512939982927336,0.2989702245482092,0.2989702245482092,0.9845963547033,3.3610372420336416,0.3731313131313131,13.0,0.0634440803584962,8.0,frequency_weighted,True,23954.0,3.200694457627833,2.871695999999986,6.0,60.0,33.0,119.0,0.017009750008583,6995.987591819571,median 5 warm calls on training rows; end-to-end preprocessing,,,,,0.9964308785529716,,,,,,
,,,29,2,multiclass,wine,rf_shallow,complete,,,,0.2708145585070359,0.143102203817035,0.8611111111111112,,0.2176041834628496,,,,,,,,,,,,14499.0,0.018018458969891,0.0172540000000083,8.0,86.0,47.0,119.0,0.0036559998989105,32549.23503566334,median 5 warm calls on training rows; end-to-end preprocessing,0.018018458969891,0.0172540000000083,203210752.0,,0.9885197489848652,,,,,,
,,,29,2,multiclass,wine,et_shallow,complete,,,,0.5407246618326033,0.2823037861178518,0.8958333333333334,,0.4292770008293426,,,,,,,,,,,,14499.0,0.0173280409071594,0.0150100000000037,8.0,86.0,47.0,119.0,0.005438582971692,21880.699553430917,median 5 warm calls on training rows; end-to-end preprocessing,0.0173280409071594,0.0150100000000037,203210752.0,,0.9895577121097316,,,,,,
,,,29,2,multiclass,wine,random_patches,complete,,,,0.2848959375092841,0.1575008827683615,0.8611111111111112,,0.2394991137474534,,,,,,,,,,,,26866.0,0.0673662500921636,0.0531640000000095,8.0,74.0,41.0,119.0,0.0206057089380919,5775.098559216033,median 5 warm calls on training rows; end-to-end preprocessing,0.0673662500921636,0.0531640000000095,203227136.0,,0.9854741019214704,,,,,,
,,,29,2,multiclass,wine,random_forest,complete,,,,0.1554326304286323,0.0629474187301377,0.9861111111111112,,0.0957191523855143,,,,,,,,,,,,497955.0,0.4129917500540614,0.36631899999999,256.0,4430.0,2343.0,119.0,0.0211612090934067,5623.497195964897,median 5 warm calls on training rows; end-to-end preprocessing,0.4129917500540614,0.36631899999999,203227136.0,,0.9987218530823182,,,,,,
,,,29,2,multiclass,wine,extra_trees,complete,,,,0.1543011974128969,0.0562107926708156,0.9861111111111112,,0.085475298875001,,,,,,,,,,,,1358243.0,0.3011727079283446,0.2659990000000078,256.0,14206.0,7231.0,119.0,0.0214217919856309,5555.090819657906,median 5 warm calls on training rows; end-to-end preprocessing,0.3011727079283446,0.2659990000000078,203227136.0,,0.999360926541159,,,,,,
,,,29,2,multiclass,wine,xgboost,complete,,,,0.1188778728246688,0.0538579334081034,0.9685672514619884,,0.0818974922094928,,,,,,,,,,,,283076.0,0.0650666248984634,0.0575379999999938,300.0,2134.0,1217.0,119.0,0.0039016250520944,30500.111725527997,median 5 warm calls on training rows; end-to-end preprocessing,0.0650666248984634,0.0575379999999938,203227136.0,,0.9996031746031746,,,,,,
,,,29,2,multiclass,wine,lightgbm,complete,,,,0.0696833263317954,0.0317790724887093,0.9861111111111112,,0.0483239177011829,,,,,,,,,,,,212279.0,0.0358296248596161,0.029607999999996,300.0,2728.0,1514.0,119.0,0.0052100410684943,22840.510935625025,median 5 warm calls on training rows; end-to-end preprocessing,0.0358296248596161,0.029607999999996,203276288.0,,0.9991186784791436,,,,,,
,,,29,2,multiclass,wine,catboost,complete,,,,0.1640444585461097,0.0614753203709711,0.9722222222222222,,0.0934806490439933,,,,,,,,,,,,69502.0,0.128778874874115,0.1153600000000096,100.0,3100.0,1600.0,119.0,0.0022285829763859,53397.15920875423,median 5 warm calls on training rows; end-to-end preprocessing,0.128778874874115,0.1153600000000096,203407360.0,,0.9987218530823182,,,,,,
,,,29,2,multiclass,wine,linear,complete,,,,0.09297065574434,0.0494270233675862,0.9652777777777778,,0.0751597583686021,,,,,,,,,,,,4058.0,0.0111434999853372,0.0107050000000015,1.0,,,119.0,0.0039754582103341,29933.656374669,median 5 warm calls on training rows; end-to-end preprocessing,0.0111434999853372,0.0107050000000015,203407360.0,42.0,0.9982373569582872,,,,,,
100.0,83.0,0.83,11,0,regression,diabetes,direct_auroc,not_applicable,task restriction defined in config,,,,,,,,,,,,,,,,,,,,,,,,,,,,,,,,,,,,,,,
100.0,83.0,0.83,11,0,regression,diabetes,random_subspace,complete,,,,,,,,0.5455861289835349,0.210405486499377,0.7893390594800248,0.7893390594800248,0.9955222518605668,1.493057604699262,0.3392857142857142,10.0,3462.549349040446,8.0,equal,False,41408.0,0.0420832089148461,0.0414519999999782,8.0,120.0,64.0,256.0,0.0193649160210043,13219.783639770369,median 5 warm calls on training rows; end-to-end preprocessing,,,,,,62.54609447078495,3912.013933548356,51.8353027646028,0.449000628591832,,
100.0,83.0,0.83,11,0,regression,diabetes,certified_random,complete,,,,,,,,0.522746242874836,0.2486717186003813,0.7952767719331273,0.7952767719331273,0.91745680598037,1.4717733507532142,0.3137755102040816,10.0,3325.707754638647,8.0,equal,True,41392.0,2.873066707747057,2.509625000000014,8.0,120.0,64.0,256.0,0.0219767920207232,11648.651894171013,median 5 warm calls on training rows; end-to-end preprocessing,,,,,,61.22291396142603,3748.245193928174,50.18038423765095,0.472067129406971,,
100.0,83.0,0.83,11,0,regression,diabetes,top_quality,complete,,,,,,,,0.5425012948707985,0.3102045880211029,0.9404150784380256,0.9404150784380256,1.0,1.1113025848226532,0.5629251700680272,9.0,3534.6018133416487,8.0,equal,True,41408.0,2.8610561650712043,2.5083720000000227,8.0,120.0,64.0,256.0,0.0199863750021904,12808.725943145912,median 5 warm calls on training rows; end-to-end preprocessing,,,,,,62.36902083920716,3889.8947604414566,49.84941838347349,0.4521160700715906,,
100.0,83.0,0.83,11,0,regression,diabetes,top_no_cert,complete,,,,,,,,0.5425012948707985,0.3102045880211029,0.9404150784380256,0.9404150784380256,1.0,1.1113025848226532,0.5629251700680272,9.0,3534.6018133416487,8.0,equal,True,41408.0,2.8666555830277503,2.509188000000023,8.0,120.0,64.0,256.0,0.0196834169328212,13005.871941529153,median 5 warm calls on training rows; end-to-end preprocessing,,,,,,62.36902083920716,3889.8947604414566,49.84941838347349,0.4521160700715906,,
100.0,83.0,0.83,11,0,regression,diabetes,abs_correlation,complete,,,,,,,,0.5447997378666937,0.2026548198688794,0.7299880959292625,0.7299880959292625,0.9412538404392256,1.6702856324707027,0.4278628117913832,10.0,3288.7585968360822,8.0,equal,True,41408.0,2.94709041621536,2.567413000000002,8.0,120.0,64.0,256.0,0.0206625000573694,12389.594641946303,median 5 warm calls on training rows; end-to-end preprocessing,,,,,,62.50100220492332,3906.375276619829,51.99474518773239,0.4497948221903162,,
100.0,83.0,0.83,11,0,regression,diabetes,signed_correlation,complete,,,,,,,,0.5447997378666937,0.2026548198688794,0.7299880959292625,0.7299880959292625,0.9412538404392256,1.6702856324707027,0.4278628117913832,10.0,3288.7585968360822,8.0,equal,True,41408.0,2.937529666116461,2.5620640000000208,8.0,120.0,64.0,256.0,0.0254581668414175,10055.712243330774,median 5 warm calls on training rows; end-to-end preprocessing,,,,,,62.50100220492332,3906.375276619829,51.99474518773239,0.4497948221903162,,
100.0,83.0,0.83,11,0,regression,diabetes,minimax,complete,,,,,,,,0.5350277237571014,0.201186859981779,0.7528358807540577,0.7528358807540577,0.8456832241145127,1.6035101479933584,0.2974773242630385,10.0,3378.6453511544273,8.0,equal,True,41408.0,3.116404333850369,2.5910740000000203,8.0,120.0,64.0,256.0,0.0205678329803049,12446.619935368824,median 5 warm calls on training rows; end-to-end preprocessing,,,,,,61.937928967751226,3836.3070448141966,51.36127983861688,0.4596637930928728,,
100.0,83.0,0.83,11,0,regression,diabetes,quality_diversity,complete,,,,,,,,0.5425012948707985,0.3102045880211029,0.9404150784380256,0.9404150784380256,1.0,1.1113025848226532,0.5629251700680272,9.0,3534.6018133416487,8.0,equal,True,41408.0,2.9106675828807056,2.5431130000000053,8.0,120.0,64.0,256.0,0.0250390002038329,10224.050398019142,median 5 warm calls on training rows; end-to-end preprocessing,,,,,,62.36902083920716,3889.8947604414566,49.84941838347349,0.4521160700715906,,
100.0,83.0,0.83,11,0,regression,diabetes,prediction_correlation,complete,,,,,,,,0.5597219462390284,0.1839497520612456,0.7351631056300071,0.7351631056300071,0.9268504176935468,1.645756316104496,0.4051870748299319,10.0,3390.490836072996,8.0,equal,True,41264.0,2.966452748980373,2.5901540000000125,8.0,118.0,63.0,256.0,0.0208518749568611,12277.07343006895,median 5 warm calls on training rows; end-to-end preprocessing,,,,,,63.351179347806465,4013.37192475794,52.77775983227149,0.4347245573936349,,
100.0,83.0,0.83,11,0,regression,diabetes,coerror_greedy,complete,,,,,,,,0.52598611595751,0.2559765222775089,0.7709330351967539,0.7709330351967539,0.9216401228274717,1.5467359711139268,0.3409863945578231,10.0,3208.1488724671262,8.0,equal,True,41408.0,2.8621797491796315,2.5099110000000024,8.0,120.0,64.0,256.0,0.0187311249319463,13667.091588470785,median 5 warm calls on training rows; end-to-end preprocessing,,,,,,61.41234438051761,3771.476042311293,50.901061453213515,0.4687951106785596,,
100.0,83.0,0.83,11,0,regression,diabetes,direct_squared,complete,,,,,,,,0.52598611595751,0.2559765222775089,0.7709330351967537,0.7709330351967537,0.9216401228274717,1.5467359711139268,0.3409863945578231,10.0,3208.1488724671262,8.0,equal,True,41408.0,2.868628584081307,2.514573000000013,8.0,120.0,64.0,256.0,0.0223354999907314,11461.574628113623,median 5 warm calls on training rows; end-to-end preprocessing,,,,,,61.41234438051761,3771.476042311293,50.901061453213515,0.4687951106785596,,
100.0,83.0,0.83,11,0,regression,diabetes,coerror,complete,,,,,,,,0.5302191319216546,0.2443381198956759,0.7523132461693949,0.7523132461693949,0.9442111680107188,1.5969571708893695,0.3754251700680271,10.0,3196.2316107065662,8.0,equal,True,41408.0,2.8625129151623696,2.5061810000000264,8.0,120.0,64.0,256.0,0.0193292079493403,13244.20538445998,median 5 warm calls on training rows; end-to-end preprocessing,,,,,,61.65896543840284,3801.8280189341554,51.133943903888685,0.4645200952199557,,
100.0,83.0,0.83,11,0,regression,diabetes,coerror_no_cert,complete,,,,,,,,0.5302191319216546,0.2443381198956759,0.7523132461693949,0.7523132461693949,0.9442111680107188,1.5969571708893695,0.3754251700680271,10.0,3196.2316107065662,8.0,equal,True,41408.0,2.8619769571814686,2.508753000000013,8.0,120.0,64.0,256.0,0.0248910840600729,10284.807177628818,median 5 warm calls on training rows; end-to-end preprocessing,,,,,,61.65896543840284,3801.8280189341554,51.133943903888685,0.4645200952199557,,
100.0,83.0,0.83,11,0,regression,diabetes,covariance_only,complete,,,,,,,,0.5302191319216546,0.2443381198956759,0.7523132461693949,0.7523132461693949,0.9442111680107188,1.5969571708893695,0.3754251700680271,10.0,3196.2316107065662,8.0,equal,True,41408.0,2.8728217489551753,2.5115960000000115,8.0,120.0,64.0,256.0,0.0194815408904105,13140.644338149435,median 5 warm calls on training rows; end-to-end preprocessing,,,,,,61.65896543840284,3801.8280189341554,51.133943903888685,0.4645200952199557,,
100.0,83.0,0.83,11,0,regression,diabetes,shrinkage,complete,,,,,,,,0.5233166864564567,0.2570777010648097,0.770703912081159,0.770703912081159,1.0,1.5500037682345331,0.3894557823129251,10.0,3200.4230879165434,8.0,equal,True,41408.0,2.872158874059096,2.5095330000000047,8.0,120.0,64.0,256.0,0.0186951248906552,13693.409458203783,median 5 warm calls on training rows; end-to-end preprocessing,,,,,,61.25630941503221,3752.335443150164,50.652076473508025,0.4714910259501577,,
100.0,83.0,0.83,11,0,regression,diabetes,caruana,complete,,,,,,,,0.5344432705020952,0.2568980353933377,0.7670606644462042,0.7670606644462042,0.9216401228274717,1.5436797199261594,0.3174603174603174,10.0,3207.10873611289,8.0,frequency_weighted,True,36480.0,2.8733822910580784,2.5138370000000094,7.0,105.0,56.0,256.0,0.0240864581428468,10628.37875464171,median 5 warm calls on training rows; end-to-end preprocessing,,,,,,61.90408986561275,3832.116342089859,51.24549397895792,0.4602540452254297,,
100.0,83.0,0.83,11,0,regression,diabetes,coerror_no_cert_affine,complete,,,,,,,,0.4813835161122131,0.2443381198956759,0.7523132461693949,0.7523132461693949,0.9442111680107188,1.5969571708893695,0.3754251700680271,10.0,3196.2316107065662,8.0,affine_of_equal,True,41659.0,2.886185791809112,2.5213010000000224,8.0,120.0,64.0,256.0,0.0256983751896768,9961.719295889026,median 5 warm calls on training rows; end-to-end preprocessing,,,,,,58.75084856931929,3451.6622076150866,48.04838703542252,0.5138402523571346,3121.4691249711323,2.0
100.0,83.0,0.83,11,0,regression,diabetes,affine_profiled,complete,,,,,,,,0.4665870143622663,0.2179408250815861,0.7347101669255568,0.7347101669255568,1.0,1.6528594840699993,0.4000850340136054,10.0,3243.9015916833964,8.0,affine_of_equal,True,41659.0,2.865713832899928,2.5121260000000234,8.0,120.0,64.0,256.0,0.0241737500764429,10589.999449422168,median 5 warm calls on training rows; end-to-end preprocessing,,,,,,57.84087579856066,3345.5669131445206,46.52323547827051,0.52878356328487,3103.231031033695,2.0
,,,11,0,regression,diabetes,rf_shallow,complete,,,,,,,,0.4968899174070843,,,,,,,,,,,,14355.0,0.0171909579075872,0.0162029999999901,8.0,120.0,64.0,256.0,0.0033065420575439,77422.27243592046,median 5 warm calls on training rows; end-to-end preprocessing,0.0171909579075872,0.0162029999999901,203489280.0,,,59.68959450202957,3562.847691816719,48.65295683985838,0.498179998343355,,
,,,11,0,regression,diabetes,et_shallow,complete,,,,,,,,0.5188691920992126,,,,,,,,,,,,14211.0,0.0125638330355286,0.0115580000000079,8.0,118.0,63.0,256.0,0.0033090838696807,77362.80193608302,median 5 warm calls on training rows; end-to-end preprocessing,0.0125638330355286,0.0115580000000079,203489280.0,,,60.99545551108177,3720.445593004355,51.26894423554825,0.4759826478316531,,
,,,11,0,regression,diabetes,random_patches,complete,,,,,,,,0.5280574295849516,,,,,,,,,,,,31720.0,0.051681957906112,0.0465859999999906,8.0,116.0,62.0,256.0,0.0206865409854799,12375.196035900271,median 5 warm calls on training rows; end-to-end preprocessing,0.051681957906112,0.0465859999999906,203522048.0,,,61.53314532616686,3786.3279737311705,51.23350819639957,0.4667032457170441,,
,,,11,0,regression,diabetes,random_forest,complete,,,,,,,,0.5039618462045101,,,,,,,,,,,,6774771.0,0.635462790960446,0.5482099999999974,256.0,92940.0,46598.0,256.0,0.03413529205136,7499.569642316873,median 5 warm calls on training rows; end-to-end preprocessing,0.635462790960446,0.5482099999999974,212123648.0,,,60.11285647203357,3613.555513227308,49.06252639358108,0.4910379026869191,,
,,,11,0,regression,diabetes,extra_trees,complete,,,,,,,,0.4947878470952006,,,,,,,,,,,,10795539.0,0.4246704999823123,0.3688439999999957,256.0,148784.0,74520.0,256.0,0.0372462500818073,6873.175136764737,median 5 warm calls on training rows; end-to-end preprocessing,0.4246704999823123,0.3688439999999957,221659136.0,,,59.563203623305206,3547.775225871318,47.87288851351352,0.5003029251535758,,
,,,11,0,regression,diabetes,xgboost,complete,,,,,,,,0.5073166568130264,,,,,,,,,,,,166782.0,0.06526416586712,0.0490989999999982,100.0,2584.0,1342.0,256.0,0.002154208952561,118837.12566306794,median 5 warm calls on training rows; end-to-end preprocessing,0.06526416586712,0.0490989999999982,221560832.0,,,60.312606457275194,3637.6104976701536,48.09131709949391,0.4876498060358372,,
,,,11,0,regression,diabetes,lightgbm,complete,,,,,,,,0.4723840863534549,,,,,,,,,,,,111713.0,0.0224537078756839,0.0209010000000091,100.0,2134.0,1117.0,256.0,0.007984375115484,32062.62184545192,median 5 warm calls on training rows; end-to-end preprocessing,0.0224537078756839,0.0209010000000091,224280576.0,,,58.199086196791434,3387.133634141559,46.44456655960257,0.5229289734163485,,
,,,11,0,regression,diabetes,catboost,complete,,,,,,,,0.480050779904273,,,,,,,,,,,,42354.0,0.0805662500206381,0.0663530000000065,100.0,3084.0,1592.0,256.0,0.0033838748931884,75652.91509899247,median 5 warm calls on training rows; end-to-end preprocessing,0.0805662500206381,0.0663530000000065,226230272.0,,,58.66946475612452,3442.1060947701367,47.85671026651587,0.5151862118194765,,
,,,11,0,regression,diabetes,linear,complete,,,,,,,,0.4581058621803068,,,,,,,,,,,,3090.0,0.0073729169089347,0.0070580000000006,1.0,,,256.0,0.0024350830353796,105129.885215634,median 5 warm calls on training rows; end-to-end preprocessing,0.0073729169089347,0.0070580000000006,226361344.0,11.0,,57.31277818433938,3284.7545432072875,46.49437133704612,0.5373488644771547,,
100.0,98.0,0.98,11,1,regression,diabetes,direct_auroc,not_applicable,task restriction defined in config,,,,,,,,,,,,,,,,,,,,,,,,,,,,,,,,,,,,,,,
100.0,98.0,0.98,11,1,regression,diabetes,random_subspace,complete,,,,,,,,0.6819822552401447,0.2686445282174518,0.7200170255741328,0.7200170255741328,0.9230628608114922,1.702244127424808,0.3293650793650793,10.0,3520.525576512226,8.0,equal,False,41464.0,0.0534511671867221,0.0474579999999775,8.0,120.0,64.0,256.0,0.0253332080319523,10105.313139856238,median 5 warm calls on training rows; end-to-end preprocessing,,,,,,58.90925136309508,3470.29989616032,49.68922263116816,0.3018317843249751,,
100.0,98.0,0.98,11,1,regression,diabetes,certified_random,complete,,,,,,,,0.6652202594833707,0.2580840387156953,0.7115559249559801,0.7115559249559801,0.9230628608114922,1.7298717623527944,0.3463718820861677,10.0,3534.9670717725635,8.0,equal,True,41480.0,2.9488319577649236,2.5734859999999884,8.0,120.0,64.0,256.0,0.0222064580302685,11528.177958459595,median 5 warm calls on training rows; end-to-end preprocessing,,,,,,58.18080151551335,3385.005664987561,49.05050719435006,0.3189916042157996,,
100.0,98.0,0.98,11,1,regression,diabetes,top_quality,complete,,,,,,,,0.6500426867129481,0.3830231370036643,0.869068095930988,0.869068095930988,1.0,1.2623166846527776,0.5170068027210885,9.0,3485.9091516741887,8.0,equal,True,41480.0,2.9523908339906484,2.5738210000000237,8.0,120.0,64.0,256.0,0.0265315829310566,9648.877741868107,median 5 warm calls on training rows; end-to-end preprocessing,,,,,,57.51324931953293,3307.7738472907554,47.34368865952645,0.3345293969046614,,
100.0,98.0,0.98,11,1,regression,diabetes,top_no_cert,complete,,,,,,,,0.6500426867129481,0.3830231370036643,0.869068095930988,0.869068095930988,1.0,1.2623166846527776,0.5170068027210885,9.0,3485.9091516741887,8.0,equal,True,41480.0,2.9615194590296596,2.581255000000013,8.0,120.0,64.0,256.0,0.0337340410333126,7588.773599557718,median 5 warm calls on training rows; end-to-end preprocessing,,,,,,57.51324931953293,3307.7738472907554,47.34368865952645,0.3345293969046614,,
100.0,98.0,0.98,11,1,regression,diabetes,abs_correlation,complete,,,,,,,,0.6931488885173672,0.2393401048547204,0.6837495088484714,0.6837495088484714,0.9641322189335808,1.834110622435742,0.3796768707482992,10.0,3507.664763220461,8.0,equal,True,41480.0,3.044404542073607,2.6649530000000112,8.0,120.0,64.0,256.0,0.0251153330318629,10192.976524548629,median 5 warm calls on training rows; end-to-end preprocessing,,,,,,59.38957697309842,3527.121853043582,50.04348800566246,0.2904001255532809,,
100.0,98.0,0.98,11,1,regression,diabetes,signed_correlation,complete,,,,,,,,0.6931488885173672,0.2393401048547204,0.6837495088484714,0.6837495088484714,0.9641322189335808,1.834110622435742,0.3796768707482992,10.0,3507.664763220461,8.0,equal,True,41480.0,3.0382854165509343,2.6664520000000067,8.0,120.0,64.0,256.0,0.0204521671403199,12517.010947720784,median 5 warm calls on training rows; end-to-end preprocessing,,,,,,59.38957697309842,3527.121853043582,50.04348800566246,0.2904001255532809,,
100.0,98.0,0.98,11,1,regression,diabetes,minimax,complete,,,,,,,,0.6678267273611629,0.2746361924684523,0.710107839351977,0.710107839351977,0.8228814813588208,1.7572703918788333,0.3102324263038549,10.0,3442.6376087887875,8.0,equal,True,41320.0,3.0513817509636283,2.663219000000012,8.0,118.0,63.0,256.0,0.0216970420442521,11798.84333900795,median 5 warm calls on training rows; end-to-end preprocessing,,,,,,58.294672171940206,3398.26880363398,49.32476096462628,0.3163232752182781,,
100.0,98.0,0.98,11,1,regression,diabetes,quality_diversity,complete,,,,,,,,0.6538559293721744,0.382875901434244,0.8507293105660094,0.8507293105660094,1.0,1.3101571368799003,0.4709467120181405,10.0,3421.099585168621,8.0,equal,True,41496.0,2.977444418007508,2.6114469999999557,8.0,120.0,64.0,256.0,0.0224362921435385,11410.084980272695,median 5 warm calls on training rows; end-to-end preprocessing,,,,,,57.6816930935909,3327.177718143212,47.543426476146905,0.3306256518982896,,
100.0,98.0,0.98,11,1,regression,diabetes,prediction_correlation,complete,,,,,,,,0.6903517529103023,0.186959064625195,0.7180449777822488,0.7180449777822488,0.9898193917276134,1.7032630613049262,0.3988095238095238,10.0,3911.420661476062,8.0,equal,True,41208.0,2.993732166942209,2.6328769999999935,8.0,116.0,62.0,256.0,0.0183146670460701,13977.86808550973,median 5 warm calls on training rows; end-to-end preprocessing,,,,,,59.26962537740084,3512.8884923774376,50.446878870179304,0.2932636475302537,,
100.0,98.0,0.98,11,1,regression,diabetes,coerror_greedy,complete,,,,,,,,0.6847356461892234,0.3453584831267464,0.7390220270711045,0.7390220270711045,0.9598566511160156,1.6475270689442978,0.3477891156462584,10.0,3214.2010681528095,8.0,equal,True,41480.0,2.9417045433074236,2.5769120000000356,8.0,120.0,64.0,256.0,0.019513500155881,13119.122553871804,median 5 warm calls on training rows; end-to-end preprocessing,,,,,,59.0280497730135,3484.310660005359,49.1761753908589,0.2990130452284613,,
100.0,98.0,0.98,11,1,regression,diabetes,direct_squared,complete,,,,,,,,0.6847356461892234,0.3453584831267465,0.7390220270711048,0.7390220270711048,0.9598566511160156,1.6475270689442982,0.3477891156462585,10.0,3214.2010681528095,8.0,equal,True,41480.0,2.93765787454322,2.577060000000003,8.0,120.0,64.0,256.0,0.0229004169814288,11178.835748170162,median 5 warm calls on training rows; end-to-end preprocessing,,,,,,59.0280497730135,3484.310660005359,49.176175390858894,0.2990130452284613,,
100.0,98.0,0.98,11,1,regression,diabetes,coerror,complete,,,,,,,,0.6775718235242015,0.342700577377364,0.7354580441437256,0.7354580441437256,0.985728654541166,1.660168894028527,0.3499149659863945,10.0,3212.4647981196476,8.0,equal,True,41464.0,2.932280084816739,2.5726880000000136,8.0,120.0,64.0,256.0,0.0256181249860674,9992.924936513788,median 5 warm calls on training rows; end-to-end preprocessing,,,,,,58.718457061890355,3447.8571997290614,49.07211186945311,0.3063468918923887,,
100.0,98.0,0.98,11,1,regression,diabetes,coerror_no_cert,complete,,,,,,,,0.6775718235242015,0.342700577377364,0.7354580441437256,0.7354580441437256,0.985728654541166,1.660168894028527,0.3499149659863945,10.0,3212.4647981196476,8.0,equal,True,41464.0,2.9333184601273388,2.5734680000000054,8.0,120.0,64.0,256.0,0.0207534579094499,12335.29376728262,median 5 warm calls on training rows; end-to-end preprocessing,,,,,,58.718457061890355,3447.8571997290614,49.07211186945311,0.3063468918923887,,
100.0,98.0,0.98,11,1,regression,diabetes,covariance_only,complete,,,,,,,,0.6775718235242015,0.342700577377364,0.7354580441437256,0.7354580441437256,0.985728654541166,1.660168894028527,0.3499149659863945,10.0,3212.4647981196476,8.0,equal,True,41464.0,2.9332550417166203,2.57409299999999,8.0,120.0,64.0,256.0,0.0214777078945189,11919.335212922337,median 5 warm calls on training rows; end-to-end preprocessing,,,,,,58.718457061890355,3447.8571997290614,49.07211186945311,0.3063468918923887,,
100.0,98.0,0.98,11,1,regression,diabetes,shrinkage,complete,,,,,,,,0.6847837678868012,0.3480031727515519,0.7426154802165271,0.7426154802165271,0.985728654541166,1.634477687788154,0.352749433106576,10.0,3213.699631719762,8.0,equal,True,41448.0,2.9326307089067996,2.57132399999999,8.0,120.0,64.0,256.0,0.0221895421855151,11536.966281670788,median 5 warm calls on training rows; end-to-end preprocessing,,,,,,59.03012391656861,3484.555529605446,49.409992612137934,0.2989637814250778,,
100.0,98.0,0.98,11,1,regression,diabetes,caruana,complete,,,,,,,,0.6851378769378361,0.3423712984177071,0.7320717127912788,0.7320717127912788,0.9598566511160156,1.644940546725587,0.3218065003779289,10.0,3206.6721032953715,8.0,frequency_weighted,True,36568.0,2.937285417923704,2.5762100000000174,7.0,105.0,56.0,256.0,0.0162640840280801,15740.203970787006,median 5 warm calls on training rows; end-to-end preprocessing,,,,,,59.04538449993563,3486.3574307452395,49.316552378901775,0.2986012680570015,,
100.0,98.0,0.98,11,1,regression,diabetes,coerror_no_cert_affine,complete,,,,,,,,0.6847254380378104,0.342700577377364,0.7354580441437256,0.7354580441437256,0.985728654541166,1.660168894028527,0.3499149659863945,10.0,3212.4647981196476,8.0,affine_of_equal,True,41715.0,2.9371398768853396,2.5718080000000185,8.0,120.0,64.0,256.0,0.0203491668216884,12580.367650588612,median 5 warm calls on training rows; end-to-end preprocessing,,,,,,59.02760977144584,3484.2587153300883,48.500424320056744,0.2990234956570503,3174.714117777458,2.0
100.0,98.0,0.98,11,1,regression,diabetes,affine_profiled,complete,,,,,,,,0.673341488143719,0.3035237717721302,0.6997487026956646,0.6997487026956646,0.909262229335044,1.7948882880735617,0.3329081632653062,10.0,3259.698968892052,8.0,affine_of_equal,True,41715.0,2.9350936678238213,2.573496999999989,8.0,120.0,64.0,256.0,0.0225907920394092,11332.050667077632,median 5 warm calls on training rows; end-to-end preprocessing,,,,,,58.53486937087698,3426.3309322656323,48.19951845259241,0.3106776287724244,3167.984334416002,2.0
,,,11,1,regression,diabetes,rf_shallow,complete,,,,,,,,0.625530313739552,,,,,,,,,,,,13923.0,0.0206744999159127,0.016695999999996,8.0,114.0,61.0,256.0,0.0049834169913083,51370.37507527351,median 5 warm calls on training rows; end-to-end preprocessing,0.0206744999159127,0.016695999999996,224739328.0,,,56.418449504215715,3183.041444459738,46.02098959875485,0.3596235391192127,,
,,,11,1,regression,diabetes,et_shallow,complete,,,,,,,,0.5940394206025207,,,,,,,,,,,,13923.0,0.0168810000177472,0.0124340000000131,8.0,114.0,61.0,256.0,0.0085684999357908,29876.874822707283,median 5 warm calls on training rows; end-to-end preprocessing,0.0168810000177472,0.0124340000000131,224739328.0,,,54.97998274052965,3022.7985021489385,46.314828501288986,0.3918618275828213,,
,,,11,1,regression,diabetes,random_patches,complete,,,,,,,,0.610807770578451,,,,,,,,,,,,31848.0,0.0436245000455528,0.0398330000000157,8.0,118.0,63.0,256.0,0.0182661658618599,14014.982779420206,median 5 warm calls on training rows; end-to-end preprocessing,0.0436245000455528,0.0398330000000157,224772096.0,,,55.75056113686317,3108.1250670751183,46.894936015874514,0.3746955026637261,,
,,,11,1,regression,diabetes,random_forest,complete,,,,,,,,0.6562564537427941,,,,,,,,,,,,6762963.0,0.5988819159101695,0.5365489999999795,256.0,92776.0,46516.0,256.0,0.0370717081241309,6905.53559449727,median 5 warm calls on training rows; end-to-end preprocessing,0.5988819159101695,0.5365489999999795,224772096.0,,,57.787480505993926,3339.392903230628,47.586150085034014,0.3281681542088083,,
,,,11,1,regression,diabetes,extra_trees,complete,,,,,,,,0.6532328716325626,,,,,,,,,,,,10791795.0,0.4178467909805476,0.3697850000000073,256.0,148732.0,74494.0,256.0,0.0343603331129998,7450.451634391916,median 5 warm calls on training rows; end-to-end preprocessing,0.4178467909805476,0.3697850000000073,224722944.0,,,57.65420417031646,3324.007258512536,47.66419536564626,0.3312634971017166,,
,,,11,1,regression,diabetes,xgboost,complete,,,,,,,,0.662612701215033,,,,,,,,,,,,172563.0,0.0685951670166105,0.0496049999999854,100.0,2754.0,1427.0,256.0,0.003609332954511,70927.23315537957,median 5 warm calls on training rows; end-to-end preprocessing,0.0685951670166105,0.0496049999999854,224739328.0,,,58.06665977853199,3371.7369778357847,47.082051491250795,0.321661049482866,,
,,,11,1,regression,diabetes,lightgbm,complete,,,,,,,,0.6382583209418543,,,,,,,,,,,,112491.0,0.0241810409352183,0.023633000000018,100.0,2152.0,1126.0,256.0,0.0058795840013772,43540.49537178735,median 5 warm calls on training rows; end-to-end preprocessing,0.0241810409352183,0.023633000000018,225050624.0,,,56.98954753767513,3247.8085285489333,47.093068407278366,0.3465934492462714,,
,,,11,1,regression,diabetes,catboost,complete,,,,,,,,0.5783416142183805,,,,,,,,,,,,42458.0,0.0683828750625252,0.0651200000000074,100.0,3100.0,1600.0,256.0,0.0035960841923952,71188.54462344733,median 5 warm calls on training rows; end-to-end preprocessing,0.0683828750625252,0.0651200000000074,226689024.0,,,54.24868155439597,2942.9194503902618,44.889186843212336,0.4079322009525329,,
,,,11,1,regression,diabetes,linear,complete,,,,,,,,0.5521847867402178,,,,,,,,,,,,3090.0,0.007775834063068,0.0071489999999982,1.0,,,256.0,0.0026199589483439,97711.45466298658,median 5 warm calls on training rows; end-to-end preprocessing,0.007775834063068,0.0071489999999982,226656256.0,11.0,,53.007727368566286,2809.819160780251,43.23056644693133,0.4347098266573511,,
100.0,91.0,0.91,11,2,regression,diabetes,direct_auroc,not_applicable,task restriction defined in config,,,,,,,,,,,,,,,,,,,,,,,,,,,,,,,,,,,,,,,
100.0,91.0,0.91,11,2,regression,diabetes,random_subspace,complete,,,,,,,,0.5664190281947822,0.284866591939533,0.800639564588617,0.800639564588617,1.0,1.4736107295889815,0.3399943310657596,10.0,3559.0209295275004,8.0,equal,False,41320.0,0.0474470010958611,0.045014999999978,8.0,118.0,63.0,256.0,0.0286113750189542,8947.490284210626,median 5 warm calls on training rows; end-to-end preprocessing,,,,,,56.47389111629023,3189.300377814605,45.703982144540795,0.4329814937007341,,
100.0,91.0,0.91,11,2,regression,diabetes,certified_random,complete,,,,,,,,0.6389607400994733,0.2937478058099629,0.7965509467731452,0.7965509467731452,1.0,1.4732116582881003,0.328656462585034,10.0,3517.503514575675,8.0,equal,True,41464.0,2.876964831724763,2.5428360000000225,8.0,120.0,64.0,256.0,0.0248295001219958,10310.316306900448,median 5 warm calls on training rows; end-to-end preprocessing,,,,,,59.98130109692304,3597.756481279741,48.939314919199234,0.3603630061833182,,
100.0,91.0,0.91,11,2,regression,diabetes,top_quality,complete,,,,,,,,0.6237639338587234,0.350562988612652,0.9094055496008288,0.9094055496008288,1.0,1.1727806395153375,0.4736394557823128,9.0,3641.2312149204377,8.0,equal,True,41480.0,2.867894417140633,2.539219000000003,8.0,120.0,64.0,256.0,0.0193592079449445,13223.681502261685,median 5 warm calls on training rows; end-to-end preprocessing,,,,,,59.26372220818988,3512.1887699694985,47.48864315677355,0.3755758961927022,,
100.0,91.0,0.91,11,2,regression,diabetes,top_no_cert,complete,,,,,,,,0.6237639338587234,0.350562988612652,0.9094055496008288,0.9094055496008288,1.0,1.1727806395153375,0.4736394557823128,9.0,3641.2312149204377,8.0,equal,True,41480.0,2.8923084158450365,2.5465659999999843,8.0,120.0,64.0,256.0,0.0238478330429643,10734.727953637946,median 5 warm calls on training rows; end-to-end preprocessing,,,,,,59.26372220818988,3512.1887699694985,47.48864315677355,0.3755758961927022,,
100.0,91.0,0.91,11,2,regression,diabetes,abs_correlation,complete,,,,,,,,0.5753250694271551,0.2531467698219727,0.7026364528593918,0.7026364528593918,0.8811303188477463,1.7756095928243916,0.3938492063492064,10.0,3359.2430234701037,8.0,equal,True,41480.0,2.969332165783271,2.626839000000018,8.0,120.0,64.0,256.0,0.020458040991798,12513.41710101346,median 5 warm calls on training rows; end-to-end preprocessing,,,,,,56.916140681022114,3239.447070021901,47.72864592163576,0.4240660266255652,,
100.0,91.0,0.91,11,2,regression,diabetes,signed_correlation,complete,,,,,,,,0.5753250694271551,0.2531467698219727,0.7026364528593918,0.7026364528593918,0.8811303188477463,1.7756095928243916,0.3938492063492064,10.0,3359.2430234701037,8.0,equal,True,41480.0,2.9739949160721153,2.627300999999989,8.0,120.0,64.0,256.0,0.0195072500500828,13123.325909225909,median 5 warm calls on training rows; end-to-end preprocessing,,,,,,56.916140681022114,3239.447070021901,47.72864592163576,0.4240660266255652,,
100.0,91.0,0.91,11,2,regression,diabetes,minimax,complete,,,,,,,,0.5569450627733874,0.2454848812291086,0.7356898709463662,0.7356898709463662,0.8358942904049963,1.659614501334669,0.3339002267573696,10.0,3526.6096499472833,8.0,equal,True,41496.0,2.901432374957949,2.565593000000007,8.0,120.0,64.0,256.0,0.0215910831466317,11856.746521766643,median 5 warm calls on training rows; end-to-end preprocessing,,,,,,55.9996063398135,3135.9559102140806,46.9878879782506,0.4424654860360391,,
100.0,91.0,0.91,11,2,regression,diabetes,quality_diversity,complete,,,,,,,,0.6152600205770838,0.3478711551460272,0.8336003856097285,0.8336003856097285,1.0,1.3472302649177907,0.4092970521541949,9.0,3391.005302026382,8.0,equal,True,41480.0,2.9066732078790665,2.5698079999999948,8.0,120.0,64.0,256.0,0.0241273329593241,10610.372909081423,median 5 warm calls on training rows; end-to-end preprocessing,,,,,,58.85835806912069,3464.306314592825,47.80816741556186,0.3840888097189679,,
100.0,91.0,0.91,11,2,regression,diabetes,prediction_correlation,complete,,,,,,,,0.6149380420583482,0.1971152195919424,0.7324387491939801,0.7324387491939801,1.0,1.638857559212765,0.4702380952380953,10.0,3748.3800971817286,8.0,equal,True,41480.0,2.9391456660814583,2.596152999999987,8.0,120.0,64.0,256.0,0.0277112089097499,9238.139008433092,median 5 warm calls on training rows; end-to-end preprocessing,,,,,,58.842955144875425,3462.4933701818213,49.26757553221851,0.3844111290085155,,
100.0,91.0,0.91,11,2,regression,diabetes,coerror_greedy,complete,,,,,,,,0.560469398494393,0.3269422108165678,0.7449358372945334,0.7449358372945334,0.9956027933743984,1.6083681762736417,0.3846371882086167,10.0,3181.719317792708,8.0,equal,True,41480.0,2.8661136250011623,2.538776000000013,8.0,120.0,64.0,256.0,0.0198716670274734,12882.663525212494,median 5 warm calls on training rows; end-to-end preprocessing,,,,,,56.17650904127021,3155.8001680639136,46.25203228444376,0.4389374202812731,,
100.0,91.0,0.91,11,2,regression,diabetes,direct_squared,complete,,,,,,,,0.560469398494393,0.3269422108165678,0.7449358372945335,0.7449358372945335,0.9956027933743984,1.6083681762736424,0.3846371882086167,10.0,3181.719317792708,8.0,equal,True,41496.0,2.8841581237502396,2.5481690000000015,8.0,120.0,64.0,256.0,0.0191588748712092,13361.953753594398,median 5 warm calls on training rows; end-to-end preprocessing,,,,,,56.17650904127021,3155.8001680639136,46.25203228444376,0.4389374202812731,,
100.0,91.0,0.91,11,2,regression,diabetes,coerror,complete,,,,,,,,0.5619739301198784,0.3203337611748421,0.7350192034700006,0.7350192034700006,0.9956027933743984,1.6391806380363672,0.3520408163265306,10.0,3176.5956373761346,8.0,equal,True,41480.0,2.87161299912259,2.54061200000001,8.0,120.0,64.0,256.0,0.0204081248957663,12544.023584112165,median 5 warm calls on training rows; end-to-end preprocessing,,,,,,56.25185899746953,3164.271640671194,46.34038723150955,0.4374312963120951,,
100.0,91.0,0.91,11,2,regression,diabetes,coerror_no_cert,complete,,,,,,,,0.5619739301198784,0.3203337611748421,0.7350192034700006,0.7350192034700006,0.9956027933743984,1.6391806380363672,0.3520408163265306,10.0,3176.5956373761346,8.0,equal,True,41480.0,2.8927033320069313,2.5459559999999613,8.0,120.0,64.0,256.0,0.0206544159445911,12394.443913919507,median 5 warm calls on training rows; end-to-end preprocessing,,,,,,56.25185899746953,3164.271640671194,46.34038723150955,0.4374312963120951,,
100.0,91.0,0.91,11,2,regression,diabetes,covariance_only,complete,,,,,,,,0.5619739301198784,0.3203337611748421,0.7350192034700006,0.7350192034700006,0.9956027933743984,1.6391806380363672,0.3520408163265306,10.0,3176.5956373761346,8.0,equal,True,41480.0,2.876719291089102,2.542872000000017,8.0,120.0,64.0,256.0,0.0209930418059229,12194.5167530592,median 5 warm calls on training rows; end-to-end preprocessing,,,,,,56.25185899746953,3164.271640671194,46.34038723150955,0.4374312963120951,,
100.0,91.0,0.91,11,2,regression,diabetes,shrinkage,complete,,,,,,,,0.560469398494393,0.3269422108165678,0.7449358372945335,0.7449358372945335,0.9956027933743984,1.6083681762736424,0.3846371882086167,10.0,3181.719317792708,8.0,equal,True,41480.0,2.871092999121174,2.544547999999992,8.0,120.0,64.0,256.0,0.0209907081443816,12195.87248982454,median 5 warm calls on training rows; end-to-end preprocessing,,,,,,56.17650904127021,3155.8001680639136,46.25203228444376,0.4389374202812731,,
100.0,91.0,0.91,11,2,regression,diabetes,caruana,complete,,,,,,,,0.5766458610896239,0.3176015421992665,0.727362963812509,0.727362963812509,0.8646422285255422,1.6402526515176827,0.3373015873015872,10.0,3171.758764626143,8.0,frequency_weighted,True,31624.0,2.8677307090256363,2.54012800000001,6.0,90.0,48.0,256.0,0.0175486248917877,14588.03761426346,median 5 warm calls on training rows; end-to-end preprocessing,,,,,,56.981435305301495,3246.88396945226,47.477205884376595,0.4227438370833591,,
100.0,91.0,0.91,11,2,regression,diabetes,coerror_no_cert_affine,complete,,,,,,,,0.5918562708918603,0.3203337611748421,0.7350192034700006,0.7350192034700006,0.9956027933743984,1.6391806380363672,0.3520408163265306,10.0,3176.5956373761346,8.0,affine_of_equal,True,41731.0,2.866802250035107,2.5415299999999945,8.0,120.0,64.0,256.0,0.0230325001757591,11114.72910220272,median 5 warm calls on training rows; end-to-end preprocessing,,,,,,57.728054509828326,3332.5282774897105,46.68316751073456,0.4075173291149547,3043.993759735039,2.0
100.0,91.0,0.91,11,2,regression,diabetes,affine_profiled,complete,,,,,,,,0.6333113876195128,0.2983149050204541,0.7185369463949371,0.7185369463949371,0.9956027933743984,1.7075236729103842,0.4151077097505668,10.0,3209.660557940715,8.0,affine_of_equal,True,41699.0,2.8658583739306778,2.5407699999999807,8.0,120.0,64.0,256.0,0.02163862506859,11830.696229013258,median 5 warm calls on training rows; end-to-end preprocessing,,,,,,59.71555093767446,3565.947023789993,48.62357477396674,0.3660183377405125,3022.5490405036935,2.0
,,,11,2,regression,diabetes,rf_shallow,complete,,,,,,,,0.5706963856592686,,,,,,,,,,,,14211.0,0.0198270420078188,0.0173980000000142,8.0,118.0,63.0,256.0,0.0035359170287847,72399.88888765973,median 5 warm calls on training rows; end-to-end preprocessing,0.0198270420078188,0.0173980000000142,224690176.0,,,56.68672356328463,3213.3846283402486,45.414923848382706,0.4286996092305903,,
,,,11,2,regression,diabetes,et_shallow,complete,,,,,,,,0.5823101529732424,,,,,,,,,,,,14355.0,0.0127702499739825,0.0127040000000135,8.0,120.0,64.0,256.0,0.0029120000544935,87912.08626695008,median 5 warm calls on training rows; end-to-end preprocessing,0.0127702499739825,0.0127040000000135,224690176.0,,,57.26061076615068,3278.7775453126105,47.699615379472974,0.4170735503111643,,
,,,11,2,regression,diabetes,random_patches,complete,,,,,,,,0.5939522289057572,,,,,,,,,,,,31144.0,0.0515393340028822,0.0461090000000012,8.0,108.0,58.0,256.0,0.0208855839446187,12257.258436193257,median 5 warm calls on training rows; end-to-end preprocessing,0.0515393340028822,0.0461090000000012,224722944.0,,,57.830181202050085,3344.329857861947,48.162088998283615,0.4054191528123445,,
,,,11,2,regression,diabetes,random_forest,complete,,,,,,,,0.573525726400286,,,,,,,,,,,,6784563.0,0.6146927499212325,0.540440000000018,256.0,93076.0,46666.0,256.0,0.0329307080246508,7773.899055203036,median 5 warm calls on training rows; end-to-end preprocessing,0.6146927499212325,0.540440000000018,226852864.0,,,56.82706768082331,3229.315621200873,46.34202274659864,0.4258672740142113,,
,,,11,2,regression,diabetes,extra_trees,complete,,,,,,,,0.5198425636856222,,,,,,,,,,,,10814403.0,0.3879536250606179,0.3551719999999818,256.0,149046.0,74651.0,256.0,0.0375263339374214,6821.876083789671,median 5 warm calls on training rows; end-to-end preprocessing,0.3879536250606179,0.3551719999999818,226852864.0,,,54.1021734981707,2927.045177226164,43.685533588435376,0.4796072531121972,,
,,,11,2,regression,diabetes,xgboost,complete,,,,,,,,0.6280431408588113,,,,,,,,,,,,170043.0,0.072780542075634,0.0510289999999997,100.0,2680.0,1390.0,256.0,0.0030516250990331,83889.72815864948,median 5 warm calls on training rows; end-to-end preprocessing,0.072780542075634,0.0510289999999997,226852864.0,,,59.46665817548662,3536.28343456017,48.308615444468806,0.3712921602294732,,
,,,11,2,regression,diabetes,lightgbm,complete,,,,,,,,0.6236545302923033,,,,,,,,,,,,114188.0,0.0275675000157207,0.0217519999999922,100.0,2196.0,1148.0,256.0,0.0055198338814079,46378.20729755378,median 5 warm calls on training rows; end-to-end preprocessing,0.0275675000157207,0.0217519999999922,226902016.0,,,59.258524771677074,3511.5727581154656,47.59952941211285,0.3756854155480336,,
,,,11,2,regression,diabetes,catboost,complete,,,,,,,,0.5132342320821971,,,,,,,,,,,,42362.0,0.0771227090153843,0.0683829999999829,100.0,3100.0,1600.0,256.0,0.0035912909079343,71283.55974572104,median 5 warm calls on training rows; end-to-end preprocessing,0.0771227090153843,0.0683829999999829,226951168.0,,,53.75719538495659,2889.836055656399,43.62227158142653,0.4862225787428463,,
,,,11,2,regression,diabetes,linear,complete,,,,,,,,0.5282986364236111,,,,,,,,,,,,3090.0,0.0064513329416513,0.0071020000000032,1.0,,,256.0,0.0021500410512089,119067.494016475,median 5 warm calls on training rows; end-to-end preprocessing,0.0064513329416513,0.0071020000000032,227016704.0,11.0,,54.5404277562111,2974.658259830482,43.87993472643446,0.4711422307623415,,
100.0,90.0,0.9,29,0,regression,diabetes,direct_auroc,not_applicable,task restriction defined in config,,,,,,,,,,,,,,,,,,,,,,,,,,,,,,,,,,,,,,,
100.0,90.0,0.9,29,0,regression,diabetes,random_subspace,complete,,,,,,,,0.560442984373466,0.2225251771110011,0.7612749520745662,0.7612749520745662,0.9624999821648786,1.5648031783335057,0.3591269841269841,10.0,3426.724143612083,8.0,equal,False,41408.0,0.0486031251493841,0.0465180000000202,8.0,120.0,64.0,256.0,0.0280576669611036,9124.065816124075,median 5 warm calls on training rows; end-to-end preprocessing,,,,,,61.78980230058092,3817.9796683448744,52.1160375136984,0.4200210853505799,,
100.0,90.0,0.9,29,0,regression,diabetes,certified_random,complete,,,,,,,,0.5641891582241066,0.2259619801398022,0.7470317709637341,0.7470317709637341,0.9638724911357393,1.625018469972617,0.395266439909297,10.0,3349.0773008803326,8.0,equal,True,41264.0,2.858102833852172,2.540659999999974,8.0,118.0,63.0,256.0,0.0227447499055415,11255.344686715069,median 5 warm calls on training rows; end-to-end preprocessing,,,,,,61.99596940617273,3843.5002226111055,51.2326254239235,0.4161443273135218,,
100.0,90.0,0.9,29,0,regression,diabetes,top_quality,complete,,,,,,,,0.582254344601957,0.3135774822253593,0.9264480728137152,0.9264480728137152,1.0,1.1385805441749226,0.5586734693877551,8.0,3580.682829315129,8.0,equal,True,41408.0,2.854965167818591,2.5407129999999825,8.0,120.0,64.0,256.0,0.0204204588662832,12536.446985659448,median 5 warm calls on training rows; end-to-end preprocessing,,,,,,62.98069604793839,3966.5680746828016,50.36819643986303,0.3974494243876192,,
100.0,90.0,0.9,29,0,regression,diabetes,top_no_cert,complete,,,,,,,,0.582254344601957,0.3135774822253593,0.9264480728137152,0.9264480728137152,1.0,1.1385805441749226,0.5586734693877551,8.0,3580.682829315129,8.0,equal,True,41408.0,2.862163041951135,2.542332000000016,8.0,120.0,64.0,256.0,0.0200270419009029,12782.716552286103,median 5 warm calls on training rows; end-to-end preprocessing,,,,,,62.98069604793839,3966.5680746828016,50.36819643986303,0.3974494243876192,,
100.0,90.0,0.9,29,0,regression,diabetes,abs_correlation,complete,,,,,,,,0.5768371719188223,0.1966596290753943,0.714435524843666,0.714435524843666,0.9187190194653252,1.7356222973693805,0.3324829931972788,10.0,3353.7768688262117,8.0,equal,True,41264.0,2.965608209138736,2.6288550000000157,8.0,118.0,63.0,256.0,0.0222349169198423,11513.422826039276,median 5 warm calls on training rows; end-to-end preprocessing,,,,,,62.68703179011498,3929.6639546548863,52.65423235922412,0.4030554289604934,,
100.0,90.0,0.9,29,0,regression,diabetes,signed_correlation,complete,,,,,,,,0.5768371719188223,0.1966596290753943,0.714435524843666,0.714435524843666,0.9187190194653252,1.7356222973693805,0.3324829931972788,10.0,3353.7768688262117,8.0,equal,True,41264.0,2.9731547497212887,2.6319420000000093,8.0,118.0,63.0,256.0,0.0217124999035149,11790.443345427802,median 5 warm calls on training rows; end-to-end preprocessing,,,,,,62.68703179011498,3929.6639546548863,52.65423235922412,0.4030554289604934,,
100.0,90.0,0.9,29,0,regression,diabetes,minimax,complete,,,,,,,,0.5970065474874103,0.2015516678058463,0.7496486048714309,0.7496486048714309,0.8155356059876543,1.6140699413390842,0.3449546485260771,10.0,3473.1073729482077,8.0,equal,True,41264.0,2.954068833962083,2.6201839999999947,8.0,118.0,63.0,256.0,0.0200375420972704,12776.018074336189,median 5 warm calls on training rows; end-to-end preprocessing,,,,,,63.77355605818307,4067.0664523062183,53.729898521115246,0.3821829889842779,,
100.0,90.0,0.9,29,0,regression,diabetes,quality_diversity,complete,,,,,,,,0.5782126242596451,0.3115372621343695,0.8844127850621443,0.8844127850621443,1.0,1.2321580206220513,0.4630102040816327,9.0,3450.0494782962105,8.0,equal,True,41408.0,2.909446416888386,2.5775459999999555,8.0,120.0,64.0,256.0,0.0229162501636892,11171.112122245524,median 5 warm calls on training rows; end-to-end preprocessing,,,,,,62.761725040560734,3939.034130066948,50.65027751965579,0.401632031080557,,
100.0,90.0,0.9,29,0,regression,diabetes,prediction_correlation,complete,,,,,,,,0.6267875906853582,0.1861932692191893,0.7295310609160719,0.7295310609160719,0.9716941987239448,1.6622484627166432,0.4023526077097505,10.0,3462.084311981834,8.0,equal,True,41264.0,2.961866458877921,2.6293890000000033,8.0,118.0,63.0,256.0,0.02539245900698,10081.733318133109,median 5 warm calls on training rows; end-to-end preprocessing,,,,,,65.3448374486269,4269.947781187473,54.94263444784996,0.3513638377188153,,
100.0,90.0,0.9,29,0,regression,diabetes,coerror_greedy,complete,,,,,,,,0.5471907571332787,0.2741173859880628,0.7524707174145873,0.7524707174145873,0.9421858673419872,1.604350594216602,0.3541666666666666,10.0,3154.501562030092,8.0,equal,True,41408.0,2.8723953750450164,2.5470590000000186,8.0,120.0,64.0,256.0,0.0251323329284787,10186.0818384239,median 5 warm calls on training rows; end-to-end preprocessing,,,,,,61.05489147206613,3727.699772665773,50.32593580623829,0.4337352589342562,,
100.0,90.0,0.9,29,0,regression,diabetes,direct_squared,complete,,,,,,,,0.5471907571332787,0.2741173859880628,0.7524707174145872,0.7524707174145872,0.9421858673419872,1.604350594216602,0.3541666666666667,10.0,3154.501562030092,8.0,equal,True,41408.0,2.86960562504828,2.550030000000021,8.0,120.0,64.0,256.0,0.0201935418881475,12677.320373909084,median 5 warm calls on training rows; end-to-end preprocessing,,,,,,61.05489147206613,3727.699772665773,50.32593580623829,0.4337352589342562,,
100.0,90.0,0.9,29,0,regression,diabetes,coerror,complete,,,,,,,,0.5687109249777225,0.2606370530380362,0.7337326442132508,0.7337326442132508,0.9999999999999998,1.663645286007703,0.3476473922902494,10.0,3150.2426472497555,8.0,equal,True,41408.0,2.8548964590299875,2.5401480000000163,8.0,120.0,64.0,256.0,0.0260032089427113,9844.93877521052,median 5 warm calls on training rows; end-to-end preprocessing,,,,,,62.243910952925965,3874.304450715777,51.80035478038367,0.411464940744,,
100.0,90.0,0.9,29,0,regression,diabetes,coerror_no_cert,complete,,,,,,,,0.5687109249777225,0.2606370530380362,0.7337326442132508,0.7337326442132508,0.9999999999999998,1.663645286007703,0.3476473922902494,10.0,3150.2426472497555,8.0,equal,True,41408.0,2.86781229195185,2.5462160000000154,8.0,120.0,64.0,256.0,0.019883916946128,12874.726880703996,median 5 warm calls on training rows; end-to-end preprocessing,,,,,,62.243910952925965,3874.304450715777,51.80035478038367,0.411464940744,,
100.0,90.0,0.9,29,0,regression,diabetes,covariance_only,complete,,,,,,,,0.5687109249777225,0.2606370530380362,0.7337326442132508,0.7337326442132508,0.9999999999999998,1.663645286007703,0.3476473922902494,10.0,3150.2426472497555,8.0,equal,True,41408.0,2.8657785828690976,2.544776999999982,8.0,120.0,64.0,256.0,0.0195225831121206,13113.018832075655,median 5 warm calls on training rows; end-to-end preprocessing,,,,,,62.243910952925965,3874.304450715777,51.80035478038367,0.411464940744,,
100.0,90.0,0.9,29,0,regression,diabetes,shrinkage,complete,,,,,,,,0.5416646314913623,0.2763591503711695,0.7552048856567357,0.7552048856567357,0.9999999999999998,1.5884645062384606,0.3462301587301587,10.0,3156.1953071631733,8.0,equal,True,41408.0,2.8646940826438367,2.5433859999999697,8.0,120.0,64.0,256.0,0.0183754158206284,13931.65751996818,median 5 warm calls on training rows; end-to-end preprocessing,,,,,,60.7458098803957,3690.0534180251793,50.051712561930735,0.4394540143498459,,
100.0,90.0,0.9,29,0,regression,diabetes,caruana,complete,,,,,,,,0.5440410971527602,0.2688530063798139,0.7395381486470145,0.7395381486470145,0.9421858673419872,1.6229521682662549,0.3435374149659863,10.0,3153.667465103173,8.0,frequency_weighted,True,36480.0,2.864057957660407,2.5438409999999863,7.0,105.0,56.0,256.0,0.0176507500000298,14503.632990075082,median 5 warm calls on training rows; end-to-end preprocessing,,,,,,60.87892023123312,3706.2429285208455,50.789450872381465,0.4369947098114191,,
100.0,90.0,0.9,29,0,regression,diabetes,coerror_no_cert_affine,complete,,,,,,,,0.533361757465198,0.2606370530380362,0.7337326442132508,0.7337326442132508,0.9999999999999998,1.663645286007703,0.3476473922902494,10.0,3150.2426472497555,8.0,affine_of_equal,True,41659.0,2.855289458995685,2.5405939999999987,8.0,120.0,64.0,256.0,0.0236953750718384,10803.79606669536,median 5 warm calls on training rows; end-to-end preprocessing,,,,,,60.27844269800175,3633.49065409628,49.5621520961686,0.4480463100880983,3058.74367287101,2.0
100.0,90.0,0.9,29,0,regression,diabetes,affine_profiled,complete,,,,,,,,0.5386402765370668,0.2364016499859342,0.7182715196162954,0.7182715196162954,0.9624999821648786,1.7259482458586386,0.3435374149659864,10.0,3193.307821439062,8.0,affine_of_equal,True,41659.0,2.89218645892106,2.550978000000015,8.0,120.0,64.0,256.0,0.0189731668215245,13492.739636357148,median 5 warm calls on training rows; end-to-end preprocessing,,,,,,60.57598703974125,3669.4502058389,50.3355304076096,0.4425837923162303,3048.5537588632988,2.0
,,,29,0,regression,diabetes,rf_shallow,complete,,,,,,,,0.4855823703043881,,,,,,,,,,,,14355.0,0.0182942911051213,0.0161379999999837,8.0,120.0,64.0,256.0,0.0033999171573668,75295.9522691029,median 5 warm calls on training rows; end-to-end preprocessing,0.0182942911051213,0.0161379999999837,226770944.0,,,57.515187842376754,3307.996832543882,47.35304419096328,0.497491191870533,,
,,,29,0,regression,diabetes,et_shallow,complete,,,,,,,,0.5735796395880568,,,,,,,,,,,,13923.0,0.0142103750258684,0.0117319999999949,8.0,114.0,61.0,256.0,0.0036248748656362,70623.12755314037,median 5 warm calls on training rows; end-to-end preprocessing,0.0142103750258684,0.0117319999999949,226770944.0,,,62.509777135015774,3907.4722374693406,52.227540705102925,0.4064265124039679,,
,,,29,0,regression,diabetes,random_patches,complete,,,,,,,,0.6166892721416798,,,,,,,,,,,,31896.0,0.0665205831173807,0.051398000000006,8.0,118.0,63.0,256.0,0.0191277090925723,13383.725084955931,median 5 warm calls on training rows; end-to-end preprocessing,0.0665205831173807,0.051398000000006,226803712.0,,,64.81630715909131,4201.153673741672,53.51298381916698,0.3618141636075301,,
,,,29,0,regression,diabetes,random_forest,complete,,,,,,,,0.5335949082354634,,,,,,,,,,,,6755763.0,0.60001299995929,0.5382950000000051,256.0,92676.0,46466.0,256.0,0.0311255000997334,8224.76744726078,median 5 warm calls on training rows; end-to-end preprocessing,0.60001299995929,0.5382950000000051,226803712.0,,,60.29161614886923,3635.0789778425888,49.18929476351352,0.4478050321446526,,
,,,29,0,regression,diabetes,extra_trees,complete,,,,,,,,0.520055780990842,,,,,,,,,,,,10803315.0,0.4057206250727176,0.3532380000000046,256.0,148892.0,74574.0,256.0,0.0345733340363949,7404.550562885018,median 5 warm calls on training rows; end-to-end preprocessing,0.4057206250727176,0.3532380000000046,226803712.0,,,59.52179932948427,3542.844595419394,48.333667652027025,0.461816106497585,,
,,,29,0,regression,diabetes,xgboost,complete,,,,,,,,0.5642038219242193,,,,,,,,,,,,174392.0,0.0591338328085839,0.0517759999999896,100.0,2808.0,1454.0,256.0,0.0041503328830003,61681.799319897334,median 5 warm calls on training rows; end-to-end preprocessing,0.0591338328085839,0.0517759999999896,226820096.0,,,61.99677506184991,3843.6001180696153,50.20217240823282,0.4161291524659224,,
,,,29,0,regression,diabetes,lightgbm,complete,,,,,,,,0.5865100825962271,,,,,,,,,,,,113079.0,0.0306417499668896,0.0234970000000203,100.0,2174.0,1137.0,256.0,0.0062392498366534,41030.57365904585,median 5 warm calls on training rows; end-to-end preprocessing,0.0306417499668896,0.0234970000000203,226836480.0,,,63.21044217516076,3995.5599999793417,50.41065375006176,0.3930453398120788,,
,,,29,0,regression,diabetes,catboost,complete,,,,,,,,0.5428608786515717,,,,,,,,,,,,42410.0,0.0694726661313325,0.0632499999999822,100.0,3100.0,1600.0,256.0,0.0022714999504387,112700.86092256082,median 5 warm calls on training rows; end-to-end preprocessing,0.0694726661313325,0.0632499999999822,227065856.0,,,60.81285037183405,3698.2027703470767,49.56179739767162,0.438216068387499,,
,,,29,0,regression,diabetes,linear,complete,,,,,,,,0.4653010239648599,,,,,,,,,,,,3090.0,0.0066815419122576,0.0075559999999939,1.0,,,256.0,0.0025083750952035,102058.10147354746,median 5 warm calls on training rows; end-to-end preprocessing,0.0066815419122576,0.0075559999999939,227033088.0,11.0,,56.30125701651817,3169.8315416400364,46.356556741810536,0.5184795056965656,,
100.0,91.0,0.91,29,1,regression,diabetes,direct_auroc,not_applicable,task restriction defined in config,,,,,,,,,,,,,,,,,,,,,,,,,,,,,,,,,,,,,,,
100.0,91.0,0.91,29,1,regression,diabetes,random_subspace,complete,,,,,,,,0.4883772141719484,0.2436837614616722,0.7815293680047077,0.7815293680047077,0.958501999206594,1.5178853384766564,0.3392857142857142,10.0,3702.613681973234,8.0,equal,False,41464.0,0.0531852080021053,0.0478080000000034,8.0,120.0,64.0,256.0,0.0235663750208914,10862.934998405895,median 5 warm calls on training rows; end-to-end preprocessing,,,,,,53.01154292561254,2810.2236833540605,43.97861741421925,0.4814363136791222,,
100.0,91.0,0.91,29,1,regression,diabetes,certified_random,complete,,,,,,,,0.5286181308439849,0.2389081209947077,0.7748505192376705,0.7748505192376705,0.9475935779345708,1.532177063758167,0.318735827664399,10.0,3704.3420920807425,8.0,equal,True,41464.0,2.8435776671394706,2.5265420000000063,8.0,120.0,64.0,256.0,0.0230682920664548,11097.483908323944,median 5 warm calls on training rows; end-to-end preprocessing,,,,,,55.152318681138695,3041.77825590588,46.07201889402562,0.4387081161202668,,
100.0,91.0,0.91,29,1,regression,diabetes,top_quality,complete,,,,,,,,0.521716804984251,0.3107347317869431,0.946246666358502,0.946246666358502,0.999974138387346,1.1008473597893764,0.4838435374149659,9.0,3992.281278354135,8.0,equal,True,41464.0,2.855018583126366,2.531996000000021,8.0,120.0,64.0,256.0,0.0208030419889837,12305.892577420398,median 5 warm calls on training rows; end-to-end preprocessing,,,,,,54.79111786536747,3002.0665969365905,45.06092948720027,0.4460360111867741,,
100.0,91.0,0.91,29,1,regression,diabetes,top_no_cert,complete,,,,,,,,0.521716804984251,0.3107347317869431,0.946246666358502,0.946246666358502,0.999974138387346,1.1008473597893764,0.4838435374149659,9.0,3992.281278354135,8.0,equal,True,41464.0,2.84765245905146,2.529470000000032,8.0,120.0,64.0,256.0,0.0198354581370949,12906.180347871348,median 5 warm calls on training rows; end-to-end preprocessing,,,,,,54.79111786536747,3002.0665969365905,45.06092948720027,0.4460360111867741,,
100.0,91.0,0.91,29,1,regression,diabetes,abs_correlation,complete,,,,,,,,0.4974626750835548,0.2194177047499987,0.7217144544007026,0.7217144544007026,0.9373831059580492,1.6964983002823677,0.3385770975056689,10.0,3587.022109250306,8.0,equal,True,41336.0,2.968825708841905,2.6229250000000377,8.0,118.0,63.0,256.0,0.0213959999382495,11964.85327812837,median 5 warm calls on training rows; end-to-end preprocessing,,,,,,53.50236731183207,2862.5033079701966,45.27300943907748,0.4717892827253233,,
100.0,91.0,0.91,29,1,regression,diabetes,signed_correlation,complete,,,,,,,,0.4974626750835548,0.2194177047499987,0.7217144544007026,0.7217144544007026,0.9373831059580492,1.6964983002823677,0.3385770975056689,10.0,3587.022109250306,8.0,equal,True,41336.0,2.9595083340536803,2.620634000000024,8.0,118.0,63.0,256.0,0.0253395831678062,10102.77076401343,median 5 warm calls on training rows; end-to-end preprocessing,,,,,,53.50236731183207,2862.5033079701966,45.27300943907748,0.4717892827253233,,
100.0,91.0,0.91,29,1,regression,diabetes,minimax,complete,,,,,,,,0.515294664132285,0.2192507592019296,0.7478434841860208,0.7478434841860208,0.8493847995929368,1.6212230358055837,0.3321995464852607,10.0,3692.986437847851,8.0,equal,True,41496.0,2.943802832858637,2.613433000000043,8.0,120.0,64.0,256.0,0.023973167175427,10678.605714742796,median 5 warm calls on training rows; end-to-end preprocessing,,,,,,54.45284444168512,2965.1122677903577,45.52825870654375,0.4528551029413187,,
100.0,91.0,0.91,29,1,regression,diabetes,quality_diversity,complete,,,,,,,,0.503434191398227,0.306116114885784,0.8685786511056841,0.8685786511056841,0.9977723943915242,1.2667623894497877,0.4143990929705215,10.0,3729.082191131461,8.0,equal,True,41480.0,2.901442167116329,2.5676650000000336,8.0,120.0,64.0,256.0,0.0207932498306036,12311.687787409644,median 5 warm calls on training rows; end-to-end preprocessing,,,,,,53.82252920625603,2896.864650158283,44.67185313951333,0.4654486684968073,,
100.0,91.0,0.91,29,1,regression,diabetes,prediction_correlation,complete,,,,,,,,0.5446312108762341,0.1932323046092389,0.7352278906667948,0.7352278906667948,0.906369806179202,1.6485475471503728,0.3428287981859411,10.0,3769.6997786202382,8.0,equal,True,41336.0,2.9150585420429707,2.5873720000000446,8.0,118.0,63.0,256.0,0.0227118339389562,11271.656911901702,median 5 warm calls on training rows; end-to-end preprocessing,,,,,,55.98143296096132,3133.9208363626067,47.21224986502097,0.4217052716592416,,
100.0,91.0,0.91,29,1,regression,diabetes,coerror_greedy,complete,,,,,,,,0.4852139178591872,0.2764115098918818,0.7575859056527613,0.7575859056527613,0.9999999999999998,1.567719496905167,0.3299319727891156,10.0,3463.2364277224556,8.0,equal,True,41496.0,2.8613213328644633,2.5310540000000117,8.0,120.0,64.0,256.0,0.0222329159732908,11514.45902586696,median 5 warm calls on training rows; end-to-end preprocessing,,,,,,52.83958195261712,2792.0214209273404,44.339287140469736,0.4847951325373115,,
100.0,91.0,0.91,29,1,regression,diabetes,direct_squared,complete,,,,,,,,0.4852139178591872,0.2764115098918818,0.7575859056527614,0.7575859056527614,0.9999999999999998,1.567719496905167,0.3299319727891157,10.0,3463.236427722456,8.0,equal,True,41496.0,2.860789499944076,2.537463000000031,8.0,120.0,64.0,256.0,0.0224507909733802,11402.71629198,median 5 warm calls on training rows; end-to-end preprocessing,,,,,,52.83958195261712,2792.021420927341,44.33928714046974,0.4847951325373114,,
100.0,91.0,0.91,29,1,regression,diabetes,coerror,complete,,,,,,,,0.4903207779436876,0.2709389713189684,0.7474104636603454,0.7474104636603454,0.9999999999999998,1.592322307197796,0.3185941043083899,10.0,3452.137889480304,8.0,equal,True,41480.0,2.849172124871984,2.528979000000021,8.0,120.0,64.0,256.0,0.0251726252026855,10169.777603199213,median 5 warm calls on training rows; end-to-end preprocessing,,,,,,53.11692152231749,2821.407352008035,44.59697363848336,0.4793726187219739,,
100.0,91.0,0.91,29,1,regression,diabetes,coerror_no_cert,complete,,,,,,,,0.4903207779436876,0.2709389713189684,0.7474104636603454,0.7474104636603454,0.9999999999999998,1.592322307197796,0.3185941043083899,10.0,3452.137889480304,8.0,equal,True,41480.0,2.8543924591504037,2.531470000000013,8.0,120.0,64.0,256.0,0.0260791250038892,9816.280261006552,median 5 warm calls on training rows; end-to-end preprocessing,,,,,,53.11692152231749,2821.407352008035,44.59697363848336,0.4793726187219739,,
100.0,91.0,0.91,29,1,regression,diabetes,covariance_only,complete,,,,,,,,0.4903207779436876,0.2709389713189684,0.7474104636603454,0.7474104636603454,0.9999999999999998,1.592322307197796,0.3185941043083899,10.0,3452.137889480304,8.0,equal,True,41480.0,2.8578598748426884,2.5320640000000196,8.0,120.0,64.0,256.0,0.0225512080360203,11351.941749244588,median 5 warm calls on training rows; end-to-end preprocessing,,,,,,53.11692152231749,2821.407352008035,44.59697363848336,0.4793726187219739,,
100.0,91.0,0.91,29,1,regression,diabetes,shrinkage,complete,,,,,,,,0.4890548623389232,0.2709389713189684,0.7474104636603455,0.7474104636603455,0.9999999999999998,1.5923223071977957,0.3221371882086168,10.0,3452.137889480304,8.0,equal,True,41480.0,2.853044166928157,2.5316130000000214,8.0,120.0,64.0,256.0,0.020592916989699,12431.458842283317,median 5 warm calls on training rows; end-to-end preprocessing,,,,,,53.048308279503765,2814.123011317268,44.453546602766075,0.4807167802502524,,
100.0,91.0,0.91,29,1,regression,diabetes,caruana,complete,,,,,,,,0.4852139178591872,0.2773210144691543,0.7628307356718164,0.7628307356718164,0.951871784519381,1.536926026780839,0.3255857898715041,10.0,3463.236427722456,8.0,frequency_weighted,True,36552.0,2.863253249321133,2.5353970000000174,7.0,105.0,56.0,256.0,0.0179055829066783,14297.21675827256,median 5 warm calls on training rows; end-to-end preprocessing,,,,,,52.83958195261712,2792.0214209273404,44.339287140469736,0.4847951325373115,,
100.0,91.0,0.91,29,1,regression,diabetes,coerror_no_cert_affine,complete,,,,,,,,0.4757687446847767,0.2709389713189684,0.7474104636603454,0.7474104636603454,0.9999999999999998,1.592322307197796,0.3185941043083899,10.0,3452.137889480304,8.0,affine_of_equal,True,41731.0,2.8508472917601466,2.5309400000000437,8.0,120.0,64.0,256.0,0.0210769588593393,12145.964781184004,median 5 warm calls on training rows; end-to-end preprocessing,,,,,,52.3227669128624,2737.6719374177283,43.29538746169226,0.4948241094779451,3407.6891659609273,2.0
100.0,91.0,0.91,29,1,regression,diabetes,affine_profiled,complete,,,,,,,,0.488313101261194,0.2605638984680372,0.7405834529846385,0.7405834529846385,0.950843189739108,1.6345942832279166,0.3612528344671202,10.0,3469.9119013849067,8.0,affine_of_equal,True,41731.0,2.8563005418982357,2.532970000000006,8.0,120.0,64.0,256.0,0.0205621249042451,12450.075135335244,median 5 warm calls on training rows; end-to-end preprocessing,,,,,,53.008063201566046,2809.8547643812203,43.512296035654664,0.4815043893926829,3404.4415856608393,2.0
,,,29,1,regression,diabetes,rf_shallow,complete,,,,,,,,0.481810483219598,,,,,,,,,,,,14355.0,0.0231283749453723,0.0173739999999895,8.0,120.0,64.0,256.0,0.0035624580923467,71860.49445745444,median 5 warm calls on training rows; end-to-end preprocessing,0.0231283749453723,0.0173739999999895,229294080.0,,,52.65393957540857,2772.4373528107767,42.98147060428152,0.4884089326116044,,
,,,29,1,regression,diabetes,et_shallow,complete,,,,,,,,0.5243837526337746,,,,,,,,,,,,13491.0,0.0136843340005725,0.0114959999999939,8.0,108.0,58.0,256.0,0.0033517910633236,76377.07576741131,median 5 warm calls on training rows; end-to-end preprocessing,0.0136843340005725,0.0114959999999939,229326848.0,,,54.9309818436766,3017.412766310328,46.55649609302406,0.4432042201772229,,
,,,29,1,regression,diabetes,random_patches,complete,,,,,,,,0.5466144372745622,,,,,,,,,,,,31720.0,0.0703283341135829,0.0517080000000191,8.0,116.0,62.0,256.0,0.020439582876861,12524.717433926122,median 5 warm calls on training rows; end-to-end preprocessing,0.0703283341135829,0.0517080000000191,229326848.0,,,56.08326606028015,3145.332731988172,46.802699575743105,0.4195994625385815,,
,,,29,1,regression,diabetes,random_forest,complete,,,,,,,,0.4904784916526619,,,,,,,,,,,,6814803.0,0.5720887498464435,0.5270869999999945,256.0,93496.0,46876.0,256.0,0.034319250145927,7459.370438208175,median 5 warm calls on training rows; end-to-end preprocessing,0.5720887498464435,0.5270869999999945,229326848.0,,,53.12546347438446,2822.314869368158,43.697916666666664,0.479205156768517,,
,,,29,1,regression,diabetes,extra_trees,complete,,,,,,,,0.4962026463507064,,,,,,,,,,,,10855299.0,0.3991068329196423,0.3656110000000012,256.0,149614.0,74935.0,256.0,0.0351636249106377,7280.250561498699,median 5 warm calls on training rows; end-to-end preprocessing,0.3991068329196423,0.3656110000000012,229670912.0,,,53.43456598083499,2855.2528415602083,43.69358524659864,0.4731271935156209,,
,,,29,1,regression,diabetes,xgboost,complete,,,,,,,,0.5480647863079081,,,,,,,,,,,,166036.0,0.0517646248918026,0.0497279999999875,100.0,2562.0,1331.0,256.0,0.0033039168920367,77483.78920093882,median 5 warm calls on training rows; end-to-end preprocessing,0.0517646248918026,0.0497279999999875,229900288.0,,,56.15762050552067,3153.678340842076,44.5858979776603,0.4180594677981245,,
,,,29,1,regression,diabetes,lightgbm,complete,,,,,,,,0.4885864619726086,,,,,,,,,,,,115833.0,0.0225623750593513,0.0216550000000097,100.0,2244.0,1172.0,256.0,0.0063132909126579,40549.37488889146,median 5 warm calls on training rows; end-to-end preprocessing,0.0225623750593513,0.0216550000000097,229900288.0,,,53.022898247415135,2811.427738555739,42.33131242056909,0.4812141323247999,,
,,,29,1,regression,diabetes,catboost,complete,,,,,,,,0.4371785215712727,,,,,,,,,,,,42314.0,0.0659028340596705,0.0636010000000055,100.0,3084.0,1592.0,256.0,0.0031425841152668,81461.62222240662,median 5 warm calls on training rows; end-to-end preprocessing,0.0659028340596705,0.0636010000000055,231243776.0,,,50.15591488179269,2515.6157976296336,41.04213828038904,0.5357995845267014,,
,,,29,1,regression,diabetes,linear,complete,,,,,,,,0.4411616477313895,,,,,,,,,,,,3090.0,0.0107916668057441,0.0071049999999956,1.0,,,256.0,0.002830124925822,90455.37094997456,median 5 warm calls on training rows; end-to-end preprocessing,0.0107916668057441,0.0071049999999956,231243776.0,11.0,,50.38388165741976,2538.53553086888,39.79971499193272,0.53157026234554,,
100.0,90.0,0.9,29,2,regression,diabetes,direct_auroc,not_applicable,task restriction defined in config,,,,,,,,,,,,,,,,,,,,,,,,,,,,,,,,,,,,,,,
100.0,90.0,0.9,29,2,regression,diabetes,random_subspace,complete,,,,,,,,0.6809916831106564,0.2809324834020669,0.7866434398287999,0.7866434398287999,0.9715851145524212,1.4851962059882802,0.3431122448979592,10.0,3615.844965722888,8.0,equal,False,41480.0,0.0910062089096754,0.0504760000000032,8.0,120.0,64.0,256.0,0.0246022080536931,10405.570078965751,median 5 warm calls on training rows; end-to-end preprocessing,,,,,,61.40516328431776,3770.5940779737257,48.72558582227211,0.3178224900135904,,
100.0,90.0,0.9,29,2,regression,diabetes,certified_random,complete,,,,,,,,0.6611330559541889,0.2909294992365728,0.7546740649394154,0.7546740649394154,0.942978540058708,1.5742203443691896,0.3211451247165532,10.0,3444.7854475118697,8.0,equal,True,41496.0,3.1306587487924844,2.5661460000000034,8.0,120.0,64.0,256.0,0.0249389170203357,10265.080869039,median 5 warm calls on training rows; end-to-end preprocessing,,,,,,60.50321080616011,3660.6385178546498,48.11989650982367,0.3377156974657967,,
100.0,90.0,0.9,29,2,regression,diabetes,top_quality,complete,,,,,,,,0.7159834747068378,0.3382967449764836,0.8096174936652727,0.8096174936652727,0.9999999999999998,1.4090095645293776,0.4085884353741497,9.0,3412.042679575378,8.0,equal,True,41496.0,3.135505415732041,2.566948999999994,8.0,120.0,64.0,256.0,0.025370042072609,10090.641523862198,median 5 warm calls on training rows; end-to-end preprocessing,,,,,,62.9630106156389,3964.340705785057,51.066333059819215,0.2827697663855875,,
100.0,90.0,0.9,29,2,regression,diabetes,top_no_cert,complete,,,,,,,,0.7159834747068378,0.3382967449764836,0.8096174936652727,0.8096174936652727,0.9999999999999998,1.4090095645293776,0.4085884353741497,9.0,3412.042679575378,8.0,equal,True,41496.0,3.132558791898191,2.5670110000000363,8.0,120.0,64.0,256.0,0.0195077080279588,13123.017815988183,median 5 warm calls on training rows; end-to-end preprocessing,,,,,,62.9630106156389,3964.340705785057,51.066333059819215,0.2827697663855875,,
100.0,90.0,0.9,29,2,regression,diabetes,abs_correlation,complete,,,,,,,,0.6887754702462374,0.2695550749545695,0.6850243346986673,0.6850243346986673,0.9752562089005108,1.8089659474184263,0.3704648526077098,10.0,3264.4491101242816,8.0,equal,True,41480.0,3.2644870828371495,2.661203999999998,8.0,120.0,64.0,256.0,0.021011667093262,12183.70721674402,median 5 warm calls on training rows; end-to-end preprocessing,,,,,,61.75509903885559,3813.6922572988624,50.61695738331858,0.3100251487859267,,
100.0,90.0,0.9,29,2,regression,diabetes,signed_correlation,complete,,,,,,,,0.6887754702462374,0.2695550749545695,0.6850243346986673,0.6850243346986673,0.9752562089005108,1.8089659474184263,0.3704648526077098,10.0,3264.4491101242816,8.0,equal,True,41480.0,3.2302064169198275,2.655959000000024,8.0,120.0,64.0,256.0,0.0197627921588718,12953.635191931966,median 5 warm calls on training rows; end-to-end preprocessing,,,,,,61.75509903885559,3813.6922572988624,50.61695738331858,0.3100251487859267,,
100.0,90.0,0.9,29,2,regression,diabetes,minimax,complete,,,,,,,,0.6605788756206438,0.2401546968100686,0.718032239692641,0.718032239692641,0.8630193750437681,1.7174763161611135,0.3133503401360544,10.0,3532.829175979072,8.0,equal,True,41480.0,3.218693374888971,2.6266440000000273,8.0,120.0,64.0,256.0,0.0212174169719219,12065.559174275442,median 5 warm calls on training rows; end-to-end preprocessing,,,,,,60.477847743027944,3657.57006762887,49.16687676470505,0.3382708428066244,,
100.0,90.0,0.9,29,2,regression,diabetes,quality_diversity,complete,,,,,,,,0.7023397679488301,0.3362910640689628,0.7709659317620376,0.7709659317620376,0.9999999999999998,1.5143519250222095,0.3944160997732426,9.0,3282.1254843080355,8.0,equal,True,41496.0,3.17033554171212,2.599593999999996,8.0,120.0,64.0,256.0,0.0212852919939905,12027.08424541586,median 5 warm calls on training rows; end-to-end preprocessing,,,,,,62.360216812386675,3888.7966408878738,50.45565407292068,0.2964372312518948,,
100.0,90.0,0.9,29,2,regression,diabetes,prediction_correlation,complete,,,,,,,,0.6715244533935576,0.2286051144399871,0.7033093075643106,0.7033093075643106,1.0,1.7441655716081876,0.39937641723356,10.0,3528.858688149715,8.0,equal,True,41480.0,3.2098931667860597,2.6266709999999875,8.0,120.0,64.0,256.0,0.0236836669500917,10809.136969349613,median 5 warm calls on training rows; end-to-end preprocessing,,,,,,60.97683837051123,3718.174817663451,50.37314978606298,0.3273062052410351,,
100.0,90.0,0.9,29,2,regression,diabetes,coerror_greedy,complete,,,,,,,,0.7041309878078608,0.312624666156768,0.7060880436679945,0.7060880436679945,0.9752562089005108,1.7290900778775102,0.419359410430839,10.0,3150.1487643968353,8.0,equal,True,41480.0,3.1334692088421434,2.568542000000008,8.0,120.0,64.0,256.0,0.0187997501343488,13617.202259101545,median 5 warm calls on training rows; end-to-end preprocessing,,,,,,62.439686703713015,3898.714475657835,51.05587314167448,0.2946428922994862,,
100.0,90.0,0.9,29,2,regression,diabetes,direct_squared,complete,,,,,,,,0.7041309878078608,0.312624666156768,0.7060880436679945,0.7060880436679945,0.9752562089005108,1.729090077877511,0.4193594104308391,10.0,3150.1487643968353,8.0,equal,True,41480.0,3.1327122908551246,2.570961000000011,8.0,120.0,64.0,256.0,0.0187112500425428,13681.608626785805,median 5 warm calls on training rows; end-to-end preprocessing,,,,,,62.439686703713015,3898.714475657835,51.05587314167448,0.2946428922994862,,
100.0,90.0,0.9,29,2,regression,diabetes,coerror,complete,,,,,,,,0.7041309878078608,0.312624666156768,0.7060880436679945,0.7060880436679945,0.9752562089005108,1.7290900778775102,0.419359410430839,10.0,3150.1487643968353,8.0,equal,True,41480.0,3.1331914158072323,2.569958000000014,8.0,120.0,64.0,256.0,0.0245696250349283,10419.369430183364,median 5 warm calls on training rows; end-to-end preprocessing,,,,,,62.439686703713015,3898.714475657835,51.05587314167448,0.2946428922994862,,
100.0,90.0,0.9,29,2,regression,diabetes,coerror_no_cert,complete,,,,,,,,0.7041309878078608,0.312624666156768,0.7060880436679945,0.7060880436679945,0.9752562089005108,1.7290900778775102,0.419359410430839,10.0,3150.1487643968353,8.0,equal,True,41480.0,3.1421819168608636,2.5718350000000214,8.0,120.0,64.0,256.0,0.0243855840526521,10498.005684311587,median 5 warm calls on training rows; end-to-end preprocessing,,,,,,62.439686703713015,3898.714475657835,51.05587314167448,0.2946428922994862,,
100.0,90.0,0.9,29,2,regression,diabetes,covariance_only,complete,,,,,,,,0.7041309878078608,0.312624666156768,0.7060880436679945,0.7060880436679945,0.9752562089005108,1.7290900778775102,0.419359410430839,10.0,3150.1487643968353,8.0,equal,True,41480.0,3.128376416862011,2.5661309999999844,8.0,120.0,64.0,256.0,0.0217510419897735,11769.551091867745,median 5 warm calls on training rows; end-to-end preprocessing,,,,,,62.439686703713015,3898.714475657835,51.05587314167448,0.2946428922994862,,
100.0,90.0,0.9,29,2,regression,diabetes,shrinkage,complete,,,,,,,,0.7041309878078608,0.312624666156768,0.7060880436679945,0.7060880436679945,0.9752562089005108,1.7290900778775118,0.419359410430839,10.0,3150.1487643968353,8.0,equal,True,41480.0,3.13717233389616,2.568848000000031,8.0,120.0,64.0,256.0,0.0208955409470945,12251.41768993522,median 5 warm calls on training rows; end-to-end preprocessing,,,,,,62.439686703713015,3898.714475657835,51.05587314167448,0.2946428922994862,,
100.0,90.0,0.9,29,2,regression,diabetes,caruana,complete,,,,,,,,0.7078329560833597,0.3086799442259044,0.6821831635119643,0.6821831635119643,0.9656972187393856,1.709858426624009,0.3730158730158729,10.0,3128.1434596075787,8.0,frequency_weighted,True,26664.0,3.128777208039537,2.5603309999999624,5.0,75.0,40.0,256.0,0.0150651670992374,16992.84171982122,median 5 warm calls on training rows; end-to-end preprocessing,,,,,,62.60360983871574,3919.2119648381463,51.0228433600438,0.2909344776993359,,
100.0,90.0,0.9,29,2,regression,diabetes,coerror_no_cert_affine,complete,,,,,,,,0.7217219562047498,0.312624666156768,0.7060880436679945,0.7060880436679945,0.9752562089005108,1.7290900778775102,0.419359410430839,10.0,3150.1487643968353,8.0,affine_of_equal,True,41731.0,3.135252208681777,2.5689999999999884,8.0,120.0,64.0,256.0,0.023973457980901,10678.476179946514,median 5 warm calls on training rows; end-to-end preprocessing,,,,,,63.21482578164148,3996.114198603284,50.317958673728725,0.2770212923345283,3060.3878296515677,2.0
100.0,90.0,0.9,29,2,regression,diabetes,affine_profiled,complete,,,,,,,,0.7377881013179888,0.2967534608262451,0.6946699342183226,0.6946699342183226,0.9752562089005108,1.7650727753514288,0.3803854875283446,10.0,3183.1180324260217,8.0,affine_of_equal,True,41731.0,3.1423980416730046,2.571142000000009,8.0,120.0,64.0,256.0,0.0220740421209484,11597.332223854644,median 5 warm calls on training rows; end-to-end preprocessing,,,,,,63.9145609573372,4085.071102369173,50.874601789583814,0.26092717086396,3044.5433126618286,2.0
,,,29,2,regression,diabetes,rf_shallow,complete,,,,,,,,0.6420226637119248,,,,,,,,,,,,14355.0,0.0161896671634167,0.015560999999991,8.0,120.0,64.0,256.0,0.0034945830702781,73256.23539394715,median 5 warm calls on training rows; end-to-end preprocessing,0.0161896671634167,0.015560999999991,228261888.0,,,59.622360503157275,3554.8258719684486,47.17195179905548,0.3568593670847001,,
,,,29,2,regression,diabetes,et_shallow,complete,,,,,,,,0.636094460666005,,,,,,,,,,,,13923.0,0.0115936668589711,0.0110990000000015,8.0,114.0,61.0,256.0,0.0045476658269762,56292.614659906096,median 5 warm calls on training rows; end-to-end preprocessing,0.0115936668589711,0.0110990000000015,228261888.0,,,59.346456564676615,3522.001906783048,49.47088373800097,0.3627978930503724,,
,,,29,2,regression,diabetes,random_patches,complete,,,,,,,,0.6276567594455051,,,,,,,,,,,,31832.0,0.0715283749159425,0.0526679999999828,8.0,118.0,63.0,256.0,0.0191574168857187,13362.970672253865,median 5 warm calls on training rows; end-to-end preprocessing,0.0715283749159425,0.0526679999999828,228294656.0,,,58.95153144558506,3475.2830597798043,48.6141039138436,0.3712502870389705,,
,,,29,2,regression,diabetes,random_forest,complete,,,,,,,,0.6606798443759236,,,,,,,,,,,,6757635.0,0.580213624984026,0.5364370000000065,256.0,92702.0,46479.0,256.0,0.0317534999921917,8062.103392159937,median 5 warm calls on training rows; end-to-end preprocessing,0.580213624984026,0.5364370000000065,228294656.0,,,60.48246955271162,3658.129123194688,49.01695365646258,0.3381696982320701,,
,,,29,2,regression,diabetes,extra_trees,complete,,,,,,,,0.6418049964101161,,,,,,,,,,,,10793379.0,0.5058073329273611,0.3661170000000027,256.0,148754.0,74505.0,256.0,0.0365310830529779,7007.730913117057,median 5 warm calls on training rows; end-to-end preprocessing,0.5058073329273611,0.3661170000000027,228294656.0,,,59.61225265242293,3553.6206662963036,47.95982142857143,0.3570774134157141,,
,,,29,2,regression,diabetes,xgboost,complete,,,,,,,,0.6711610347148562,,,,,,,,,,,,175149.0,0.0665443330071866,0.0510539999999934,100.0,2830.0,1465.0,256.0,0.0030661670025438,83491.86452910517,median 5 warm calls on training rows; end-to-end preprocessing,0.0665443330071866,0.0510539999999934,228229120.0,,,60.96033627523337,3716.1625987895327,49.30047659322518,0.3276702567492514,,
,,,29,2,regression,diabetes,lightgbm,complete,,,,,,,,0.6688580131041685,,,,,,,,,,,,116352.0,0.0271802921779453,0.0224749999999858,100.0,2252.0,1176.0,256.0,0.0061091668903827,41904.24072437813,median 5 warm calls on training rows; end-to-end preprocessing,0.0271802921779453,0.0224749999999858,228671488.0,,,60.8556567663398,3703.4109604625583,49.24601060057972,0.3299772886657754,,
,,,29,2,regression,diabetes,catboost,complete,,,,,,,,0.6026737501575602,,,,,,,,,,,,42306.0,0.0773715830873698,0.0657520000000033,100.0,3084.0,1592.0,256.0,0.0037427919451147,68398.13800875127,median 5 warm calls on training rows; end-to-end preprocessing,0.0773715830873698,0.0657520000000033,229015552.0,,,57.76637623868571,3336.9542237493933,46.13792874055244,0.3962767998300941,,
,,,29,2,regression,diabetes,linear,complete,,,,,,,,0.6138008871114587,,,,,,,,,,,,3090.0,0.0112461249809712,0.0078049999999905,1.0,,,256.0,0.0022454999852925,114005.7901031993,median 5 warm calls on training rows; end-to-end preprocessing,0.0112461249809712,0.0078049999999905,228982784.0,11.0,,58.297206209273874,3398.5642518066006,46.998962196549215,0.3851302869302371,,
