dataset,seed,fold,rmse_left,rmse_right,effect_favors_left,left,right,metric,normalized_squared_loss_left,normalized_squared_loss_right,auroc_left,auroc_right,brier_left,brier_right,group_auroc_left,group_auroc_right
california_housing,11,0,0.5982794819304813,0.6392934689788249,0.04101398704834358,coerror_b6000_k64,top_quality_b6000_k64,rmse,,,,,,,,
california_housing,11,1,0.6084247675580771,0.6603337068461419,0.05190893928806484,coerror_b6000_k64,top_quality_b6000_k64,rmse,,,,,,,,
california_housing,11,2,0.5750961407330821,0.5985085629806469,0.02341242224756479,coerror_b6000_k64,top_quality_b6000_k64,rmse,,,,,,,,
california_housing,11,0,,,0.0373339689307855,coerror_b6000_k64,top_quality_b6000_k64,normalized_squared_loss,0.2632749754846759,0.3006089444154614,,,,,,
california_housing,11,1,,,0.0495376586110291,coerror_b6000_k64,top_quality_b6000_k64,normalized_squared_loss,0.2784377624005809,0.32797542101161,,,,,,
california_housing,11,2,,,0.02106261184589059,coerror_b6000_k64,top_quality_b6000_k64,normalized_squared_loss,0.2535274225546581,0.2745900344005487,,,,,,
california_housing,11,0,0.5982794819304813,0.8490793692374128,0.2507998873069315,coerror_b6000_k64,random_b6000_k64,rmse,,,,,,,,
california_housing,11,1,0.6084247675580771,0.8680276763222697,0.2596029087641927,coerror_b6000_k64,random_b6000_k64,rmse,,,,,,,,
california_housing,11,2,0.5750961407330821,0.8662475561190945,0.2911514153860124,coerror_b6000_k64,random_b6000_k64,rmse,,,,,,,,
california_housing,11,0,,,0.2669961023628334,coerror_b6000_k64,random_b6000_k64,normalized_squared_loss,0.2632749754846759,0.5302710778475093,,,,,,
california_housing,11,1,,,0.28829916369718006,coerror_b6000_k64,random_b6000_k64,normalized_squared_loss,0.2784377624005809,0.5667369260977609,,,,,,
california_housing,11,2,,,0.3216847654313767,coerror_b6000_k64,random_b6000_k64,normalized_squared_loss,0.2535274225546581,0.5752121879860348,,,,,,
california_housing,11,0,0.5982794819304813,0.5982794819304813,-0.0,coerror_b6000_k64,caruana_b6000_k64,rmse,,,,,,,,
california_housing,11,1,0.6084247675580771,0.6084247675580772,1.1102230246251565e-16,coerror_b6000_k64,caruana_b6000_k64,rmse,,,,,,,,
california_housing,11,2,0.5750961407330821,0.5750920561813482,-4.0845517339516135e-06,coerror_b6000_k64,caruana_b6000_k64,rmse,,,,,,,,
california_housing,11,0,,,-0.0,coerror_b6000_k64,caruana_b6000_k64,normalized_squared_loss,0.2632749754846759,0.2632749754846759,,,,,,
california_housing,11,1,,,1.1102230246251565e-16,coerror_b6000_k64,caruana_b6000_k64,normalized_squared_loss,0.2784377624005809,0.278437762400581,,,,,,
california_housing,11,2,,,-3.60128375992419e-06,coerror_b6000_k64,caruana_b6000_k64,normalized_squared_loss,0.2535274225546581,0.2535238212708982,,,,,,
california_housing,11,0,0.5982794819304813,0.5095056946404203,-0.08877378729006102,coerror_b6000_k64,random_forest,rmse,,,,,,,,
california_housing,11,1,0.6084247675580771,0.5261823925657422,-0.08224237499233489,coerror_b6000_k64,random_forest,rmse,,,,,,,,
california_housing,11,2,0.5750961407330821,0.4894146027357601,-0.08568153799732203,coerror_b6000_k64,random_forest,rmse,,,,,,,,
california_housing,11,0,,,-0.07233386327485428,coerror_b6000_k64,random_forest,normalized_squared_loss,0.2632749754846759,0.1909411122098216,,,,,,
california_housing,11,1,,,-0.07018681395245277,coerror_b6000_k64,random_forest,normalized_squared_loss,0.2784377624005809,0.2082509484481281,,,,,,
california_housing,11,2,,,-0.0699167668792606,coerror_b6000_k64,random_forest,normalized_squared_loss,0.2535274225546581,0.1836106556753975,,,,,,
california_housing,11,0,0.5982794819304813,0.5046768325105493,-0.09360264941993202,coerror_b6000_k64,extra_trees,rmse,,,,,,,,
california_housing,11,1,0.6084247675580771,0.5231468827418477,-0.08527788481622933,coerror_b6000_k64,extra_trees,rmse,,,,,,,,
california_housing,11,2,0.5750961407330821,0.4862789356376936,-0.08881720509538854,coerror_b6000_k64,extra_trees,rmse,,,,,,,,
california_housing,11,0,,,-0.07593601741750927,coerror_b6000_k64,extra_trees,normalized_squared_loss,0.2632749754846759,0.1873389580671666,,,,,,
california_housing,11,1,,,-0.07258265387522897,coerror_b6000_k64,extra_trees,normalized_squared_loss,0.2784377624005809,0.2058551085253519,,,,,,
california_housing,11,2,,,-0.0722620075267992,coerror_b6000_k64,extra_trees,normalized_squared_loss,0.2535274225546581,0.1812654150278589,,,,,,
california_housing,11,0,0.5982794819304813,0.4654680871373817,-0.1328113947930996,coerror_b6000_k64,xgboost,rmse,,,,,,,,
california_housing,11,1,0.6084247675580771,0.4799820617317032,-0.12844270582637385,coerror_b6000_k64,xgboost,rmse,,,,,,,,
california_housing,11,2,0.5750961407330821,0.453010382096644,-0.12208575863643811,coerror_b6000_k64,xgboost,rmse,,,,,,,,
california_housing,11,0,,,-0.10391429164753169,coerror_b6000_k64,xgboost,normalized_squared_loss,0.2632749754846759,0.1593606838371442,,,,,,
california_housing,11,1,,,-0.10515140244696788,coerror_b6000_k64,xgboost,normalized_squared_loss,0.2784377624005809,0.173286359953613,,,,,,
california_housing,11,2,,,-0.09621596846475719,coerror_b6000_k64,xgboost,normalized_squared_loss,0.2535274225546581,0.1573114540899009,,,,,,
california_housing,11,0,0.5982794819304813,0.4606409333193071,-0.1376385486111742,coerror_b6000_k64,lightgbm,rmse,,,,,,,,
california_housing,11,1,0.6084247675580771,0.4747672922091743,-0.13365747534890277,coerror_b6000_k64,lightgbm,rmse,,,,,,,,
california_housing,11,2,0.5750961407330821,0.4440421674153802,-0.1310539733177019,coerror_b6000_k64,lightgbm,rmse,,,,,,,,
california_housing,11,0,,,-0.10720246431804448,coerror_b6000_k64,lightgbm,normalized_squared_loss,0.2632749754846759,0.1560725111666314,,,,,,
california_housing,11,1,,,-0.10889629064959597,coerror_b6000_k64,lightgbm,normalized_squared_loss,0.2784377624005809,0.1695414717509849,,,,,,
california_housing,11,2,,,-0.10238288279818791,coerror_b6000_k64,lightgbm,normalized_squared_loss,0.2535274225546581,0.1511445397564702,,,,,,
california_housing,11,0,0.5982794819304813,0.4836994217754203,-0.114580060155061,coerror_b6000_k64,catboost,rmse,,,,,,,,
california_housing,11,1,0.6084247675580771,0.5102544445756259,-0.09817032298245121,coerror_b6000_k64,catboost,rmse,,,,,,,,
california_housing,11,2,0.5750961407330821,0.4717905741747718,-0.1033055665583103,coerror_b6000_k64,catboost,rmse,,,,,,,,
california_housing,11,0,,,-0.09118621771678548,coerror_b6000_k64,catboost,normalized_squared_loss,0.2632749754846759,0.1720887577678904,,,,,,
california_housing,11,1,,,-0.08260382405641029,coerror_b6000_k64,catboost,normalized_squared_loss,0.2784377624005809,0.1958339383441706,,,,,,
california_housing,11,2,,,-0.08290246563955031,coerror_b6000_k64,catboost,normalized_squared_loss,0.2535274225546581,0.1706249569151078,,,,,,
california_housing,11,0,0.5982794819304813,0.5169613747935767,-0.08131810713690457,coerror_b6000_k64,rf_leaf5,rmse,,,,,,,,
california_housing,11,1,0.6084247675580771,0.5344819096259577,-0.07394285793211941,coerror_b6000_k64,rf_leaf5,rmse,,,,,,,,
california_housing,11,2,0.5750961407330821,0.4961158418811134,-0.07898029885196872,coerror_b6000_k64,rf_leaf5,rmse,,,,,,,,
california_housing,11,0,,,-0.06670483211257308,coerror_b6000_k64,rf_leaf5,normalized_squared_loss,0.2632749754846759,0.1965701433721028,,,,,,
california_housing,11,1,,,-0.06356548537761797,coerror_b6000_k64,rf_leaf5,normalized_squared_loss,0.2784377624005809,0.2148722770229629,,,,,,
california_housing,11,2,,,-0.06485421838355279,coerror_b6000_k64,rf_leaf5,normalized_squared_loss,0.2535274225546581,0.1886732041711053,,,,,,
california_housing,11,0,0.5982794819304813,0.6261317148365662,0.02785223290608485,coerror_b6000_k64,rf_shallow64,rmse,,,,,,,,
california_housing,11,1,0.6084247675580771,0.6521483682300246,0.04372360067194758,coerror_b6000_k64,rf_shallow64,rmse,,,,,,,,
california_housing,11,2,0.5750961407330821,0.6200083313640024,0.04491219063092022,coerror_b6000_k64,rf_shallow64,rmse,,,,,,,,
california_housing,11,0,,,0.025083531104091616,coerror_b6000_k64,rf_shallow64,normalized_squared_loss,0.2632749754846759,0.2883585065887675,,,,,,
california_housing,11,1,,,0.04145704396356242,coerror_b6000_k64,rf_shallow64,normalized_squared_loss,0.2784377624005809,0.3198948063641433,,,,,,
california_housing,11,2,,,0.041144723207677814,coerror_b6000_k64,rf_shallow64,normalized_squared_loss,0.2535274225546581,0.2946721457623359,,,,,,
california_housing,11,0,0.5982794819304813,0.8404597165338907,0.24218023460340943,coerror_b6000_k64,random_patches64,rmse,,,,,,,,
california_housing,11,1,0.6084247675580771,0.8339312515327859,0.22550648397470885,coerror_b6000_k64,random_patches64,rmse,,,,,,,,
california_housing,11,2,0.5750961407330821,0.792405076636988,0.21730893590390588,coerror_b6000_k64,random_patches64,rmse,,,,,,,,
california_housing,11,0,,,0.25628437835718737,coerror_b6000_k64,random_patches64,normalized_squared_loss,0.2632749754846759,0.5195593538418632,,,,,,
california_housing,11,1,,,0.24465036619180008,coerror_b6000_k64,random_patches64,normalized_squared_loss,0.2784377624005809,0.523088128592381,,,,,,
california_housing,11,2,,,0.2277977035807281,coerror_b6000_k64,random_patches64,normalized_squared_loss,0.2535274225546581,0.4813251261353862,,,,,,
california_housing,11,0,0.5982794819304813,0.7204281361019682,0.1221486541714869,coerror_b6000_k64,linear,rmse,,,,,,,,
california_housing,11,1,0.6084247675580771,0.7442267464050821,0.13580197884700507,coerror_b6000_k64,linear,rmse,,,,,,,,
california_housing,11,2,0.5750961407330821,0.714716581831286,0.13962044109820382,coerror_b6000_k64,linear,rmse,,,,,,,,
california_housing,11,0,,,0.11847823193653984,coerror_b6000_k64,linear,normalized_squared_loss,0.2632749754846759,0.3817532074212157,,,,,,
california_housing,11,1,,,0.1381676549395422,coerror_b6000_k64,linear,normalized_squared_loss,0.2784377624005809,0.4166054173401231,,,,,,
california_housing,11,2,,,0.13804468720587,coerror_b6000_k64,linear,normalized_squared_loss,0.2535274225546581,0.3915721097605281,,,,,,
california_housing,11,0,0.5982794819304813,0.6314285098995588,0.03314902796907748,coerror_b6000_k64,abs_correlation_b6000_k64,rmse,,,,,,,,
california_housing,11,1,0.6084247675580771,0.6411551651503522,0.03273039759227514,coerror_b6000_k64,abs_correlation_b6000_k64,rmse,,,,,,,,
california_housing,11,2,0.5750961407330821,0.6167463334053047,0.041650192672222586,coerror_b6000_k64,abs_correlation_b6000_k64,rmse,,,,,,,,
california_housing,11,0,,,0.029982935932980903,coerror_b6000_k64,abs_correlation_b6000_k64,normalized_squared_loss,0.2632749754846759,0.2932579114176568,,,,,,
california_housing,11,1,,,0.030763071038418133,coerror_b6000_k64,abs_correlation_b6000_k64,normalized_squared_loss,0.2784377624005809,0.309200833438999,,,,,,
california_housing,11,2,,,0.038052212038239996,coerror_b6000_k64,abs_correlation_b6000_k64,normalized_squared_loss,0.2535274225546581,0.2915796345928981,,,,,,
california_housing,11,0,0.5982794819304813,0.6314285098995588,0.03314902796907748,coerror_b6000_k64,signed_correlation_b6000_k64,rmse,,,,,,,,
california_housing,11,1,0.6084247675580771,0.6411551651503522,0.03273039759227514,coerror_b6000_k64,signed_correlation_b6000_k64,rmse,,,,,,,,
california_housing,11,2,0.5750961407330821,0.6167463334053047,0.041650192672222586,coerror_b6000_k64,signed_correlation_b6000_k64,rmse,,,,,,,,
california_housing,11,0,,,0.029982935932980903,coerror_b6000_k64,signed_correlation_b6000_k64,normalized_squared_loss,0.2632749754846759,0.2932579114176568,,,,,,
california_housing,11,1,,,0.030763071038418133,coerror_b6000_k64,signed_correlation_b6000_k64,normalized_squared_loss,0.2784377624005809,0.309200833438999,,,,,,
california_housing,11,2,,,0.038052212038239996,coerror_b6000_k64,signed_correlation_b6000_k64,normalized_squared_loss,0.2535274225546581,0.2915796345928981,,,,,,
california_housing,11,0,0.5982794819304813,0.6392934689788249,0.04101398704834358,coerror_b6000_k64,quality_diversity_l002_b6000_k64,rmse,,,,,,,,
california_housing,11,1,0.6084247675580771,0.6603337068461419,0.05190893928806484,coerror_b6000_k64,quality_diversity_l002_b6000_k64,rmse,,,,,,,,
california_housing,11,2,0.5750961407330821,0.5981898695935178,0.023093728860435703,coerror_b6000_k64,quality_diversity_l002_b6000_k64,rmse,,,,,,,,
california_housing,11,0,,,0.0373339689307855,coerror_b6000_k64,quality_diversity_l002_b6000_k64,normalized_squared_loss,0.2632749754846759,0.3006089444154614,,,,,,
california_housing,11,1,,,0.0495376586110291,coerror_b6000_k64,quality_diversity_l002_b6000_k64,normalized_squared_loss,0.2784377624005809,0.32797542101161,,,,,,
california_housing,11,2,,,0.020770262713699417,coerror_b6000_k64,quality_diversity_l002_b6000_k64,normalized_squared_loss,0.2535274225546581,0.2742976852683575,,,,,,
california_housing,11,0,0.5982794819304813,0.6381547171707107,0.0398752352402294,coerror_b6000_k64,quality_diversity_l01_b6000_k64,rmse,,,,,,,,
california_housing,11,1,0.6084247675580771,0.6537735447961852,0.04534877723810815,coerror_b6000_k64,quality_diversity_l01_b6000_k64,rmse,,,,,,,,
california_housing,11,2,0.5750961407330821,0.5971106128580282,0.022014472124946116,coerror_b6000_k64,quality_diversity_l01_b6000_k64,rmse,,,,,,,,
california_housing,11,0,,,0.03626399366908922,coerror_b6000_k64,quality_diversity_l01_b6000_k64,normalized_squared_loss,0.2632749754846759,0.2995389691537651,,,,,,
california_housing,11,1,,,0.04305340870135882,coerror_b6000_k64,quality_diversity_l01_b6000_k64,normalized_squared_loss,0.2784377624005809,0.3214911711019397,,,,,,
california_housing,11,2,,,0.0197813774676871,coerror_b6000_k64,quality_diversity_l01_b6000_k64,normalized_squared_loss,0.2535274225546581,0.2733088000223452,,,,,,
california_housing,11,0,0.5982794819304813,0.5985346301815485,0.0002551482510672054,coerror_b6000_k64,quality_diversity_l05_b6000_k64,rmse,,,,,,,,
california_housing,11,1,0.6084247675580771,0.6086096917286833,0.00018492417060622657,coerror_b6000_k64,quality_diversity_l05_b6000_k64,rmse,,,,,,,,
california_housing,11,2,0.5750961407330821,0.5752154529945157,0.00011931226143357954,coerror_b6000_k64,quality_diversity_l05_b6000_k64,rmse,,,,,,,,
california_housing,11,0,,,0.00022460564152271267,coerror_b6000_k64,quality_diversity_l05_b6000_k64,normalized_squared_loss,0.2632749754846759,0.2634995811261986,,,,,,
california_housing,11,1,,,0.0001692820539860307,coerror_b6000_k64,quality_diversity_l05_b6000_k64,normalized_squared_loss,0.2784377624005809,0.2786070444545669,,,,,,
california_housing,11,2,,,0.00010520699331217909,coerror_b6000_k64,quality_diversity_l05_b6000_k64,normalized_squared_loss,0.2535274225546581,0.2536326295479703,,,,,,
california_housing,11,0,0.5982794819304813,0.5982794819304813,-0.0,coerror_b6000_k64,coerror_cert_b6000_k64,rmse,,,,,,,,
california_housing,11,1,0.6084247675580771,0.6084247675580771,-0.0,coerror_b6000_k64,coerror_cert_b6000_k64,rmse,,,,,,,,
california_housing,11,2,0.5750961407330821,0.5750961407330821,-0.0,coerror_b6000_k64,coerror_cert_b6000_k64,rmse,,,,,,,,
california_housing,11,0,,,-0.0,coerror_b6000_k64,coerror_cert_b6000_k64,normalized_squared_loss,0.2632749754846759,0.2632749754846759,,,,,,
california_housing,11,1,,,-0.0,coerror_b6000_k64,coerror_cert_b6000_k64,normalized_squared_loss,0.2784377624005809,0.2784377624005809,,,,,,
california_housing,11,2,,,-0.0,coerror_b6000_k64,coerror_cert_b6000_k64,normalized_squared_loss,0.2535274225546581,0.2535274225546581,,,,,,
california_housing,11,0,0.5982794819304813,0.5994441713491333,0.0011646894186519985,coerror_b6000_k64,coerror_b1000_k64,rmse,,,,,,,,
california_housing,11,1,0.6084247675580771,0.6147747193109069,0.006349951752829819,coerror_b6000_k64,coerror_b1000_k64,rmse,,,,,,,,
california_housing,11,2,0.5750961407330821,0.5800197038432178,0.0049235631101356425,coerror_b6000_k64,coerror_b1000_k64,rmse,,,,,,,,
california_housing,11,0,,,0.001026049042333721,coerror_b6000_k64,coerror_b1000_k64,normalized_squared_loss,0.2632749754846759,0.2643010245270096,,,,,,
california_housing,11,1,,,0.005842276148147807,coerror_b6000_k64,coerror_b1000_k64,normalized_squared_loss,0.2784377624005809,0.2842800385487287,,,,,,
california_housing,11,2,,,0.004359624504261694,coerror_b6000_k64,coerror_b1000_k64,normalized_squared_loss,0.2535274225546581,0.2578870470589198,,,,,,
california_housing,11,0,0.5982794819304813,0.5978348232479683,-0.00044465868251297724,coerror_b6000_k64,coerror_b3000_k64,rmse,,,,,,,,
california_housing,11,1,0.6084247675580771,0.6096241398572311,0.0011993722991540112,coerror_b6000_k64,coerror_b3000_k64,rmse,,,,,,,,
california_housing,11,2,0.5750961407330821,0.5754775717116316,0.0003814309785494796,coerror_b6000_k64,coerror_b3000_k64,rmse,,,,,,,,
california_housing,11,0,,,-0.0003912017820704716,coerror_b6000_k64,coerror_b3000_k64,normalized_squared_loss,0.2632749754846759,0.2628837737026054,,,,,,
california_housing,11,1,,,0.0010988365733815009,coerror_b6000_k64,coerror_b3000_k64,normalized_squared_loss,0.2784377624005809,0.2795365989739624,,,,,,
california_housing,11,2,,,0.00033641429700642655,coerror_b6000_k64,coerror_b3000_k64,normalized_squared_loss,0.2535274225546581,0.2538638368516645,,,,,,
california_housing,11,0,0.5982794819304813,0.5980206467995174,-0.0002588351309639192,coerror_b6000_k64,coerror_b6000_k16,rmse,,,,,,,,
california_housing,11,1,0.6084247675580771,0.6096622666087054,0.0012374990506283101,coerror_b6000_k64,coerror_b6000_k16,rmse,,,,,,,,
california_housing,11,2,0.5750961407330821,0.5744452441235012,-0.0006508966095809532,coerror_b6000_k64,coerror_b6000_k16,rmse,,,,,,,,
california_housing,11,0,,,-0.00022775332929647618,coerror_b6000_k64,coerror_b6000_k16,normalized_squared_loss,0.2632749754846759,0.2630472221553794,,,,,,
california_housing,11,1,,,0.001133802891208624,coerror_b6000_k64,coerror_b6000_k16,normalized_squared_loss,0.2784377624005809,0.2795715652917895,,,,,,
california_housing,11,2,,,-0.0005735623760853015,coerror_b6000_k64,coerror_b6000_k16,normalized_squared_loss,0.2535274225546581,0.2529538601785728,,,,,,
california_housing,11,0,0.5982794819304813,0.5982332867056281,-4.619522485316274e-05,coerror_b6000_k64,coerror_b6000_k128,rmse,,,,,,,,
california_housing,11,1,0.6084247675580771,0.6094630545012824,0.001038286943205291,coerror_b6000_k64,coerror_b6000_k128,rmse,,,,,,,,
california_housing,11,2,0.5750961407330821,0.575517435118826,0.00042129438574389777,coerror_b6000_k64,coerror_b6000_k128,rmse,,,,,,,,
california_housing,11,0,,,-4.0655170438663735e-05,coerror_b6000_k64,coerror_b6000_k128,normalized_squared_loss,0.2632749754846759,0.2632343203142372,,,,,,
california_housing,11,1,,,0.0009511281727400123,coerror_b6000_k64,coerror_b6000_k128,normalized_squared_loss,0.2784377624005809,0.2793888905733209,,,,,,
california_housing,11,2,,,0.0003715858779695935,coerror_b6000_k64,coerror_b6000_k128,normalized_squared_loss,0.2535274225546581,0.2538990084326277,,,,,,
california_housing,11,0,0.5982794819304813,0.5984745197866279,0.00019503785614660707,coerror_b6000_k64,coerror_b6000_k256,rmse,,,,,,,,
california_housing,11,1,0.6084247675580771,0.6103435431994219,0.0019187756413447943,coerror_b6000_k64,coerror_b6000_k256,rmse,,,,,,,,
california_housing,11,2,0.5750961407330821,0.5779785807932389,0.00288244006015681,coerror_b6000_k64,coerror_b6000_k256,rmse,,,,,,,,
california_housing,11,0,,,0.0001716821589657358,coerror_b6000_k64,coerror_b6000_k256,normalized_squared_loss,0.2632749754846759,0.2634466576436416,,,,,,
california_housing,11,1,,,0.001758975196122503,coerror_b6000_k64,coerror_b6000_k256,normalized_squared_loss,0.2784377624005809,0.2801967375967034,,,,,,
california_housing,11,2,,,0.0025477791029119845,coerror_b6000_k64,coerror_b6000_k256,normalized_squared_loss,0.2535274225546581,0.2560752016575701,,,,,,
california_housing,11,0,0.5982794819304813,0.598113637976123,-0.00016584395435825794,coerror_b6000_k64,coerror_swap_b6000_k64,rmse,,,,,,,,
california_housing,11,1,0.6084247675580771,0.6084247675580771,-0.0,coerror_b6000_k64,coerror_swap_b6000_k64,rmse,,,,,,,,
california_housing,11,2,0.5750961407330821,0.5750848066539184,-1.1334079163760613e-05,coerror_b6000_k64,coerror_swap_b6000_k64,rmse,,,,,,,,
california_housing,11,0,,,-0.00014594019241209732,coerror_b6000_k64,coerror_swap_b6000_k64,normalized_squared_loss,0.2632749754846759,0.2631290352922638,,,,,,
california_housing,11,1,,,-0.0,coerror_b6000_k64,coerror_swap_b6000_k64,normalized_squared_loss,0.2784377624005809,0.2784377624005809,,,,,,
california_housing,11,2,,,-9.993012848596994e-06,coerror_b6000_k64,coerror_swap_b6000_k64,normalized_squared_loss,0.2535274225546581,0.2535174295418095,,,,,,
credit_default,11,0,,,0.0034836515107989907,coerror_b6000_k64,top_quality_b6000_k64,auroc,,,0.7735217805750699,0.7700381290642709,,,,
credit_default,11,1,,,0.0034366225672310957,coerror_b6000_k64,top_quality_b6000_k64,auroc,,,0.7839988537840283,0.7805622312167972,,,,
credit_default,11,2,,,0.0019921130291712386,coerror_b6000_k64,top_quality_b6000_k64,auroc,,,0.7785138152568488,0.7765217022276776,,,,
credit_default,11,0,,,0.0001968829708021147,coerror_b6000_k64,top_quality_b6000_k64,brier,,,,,0.1348286899998284,0.1350255729706305,,
credit_default,11,1,,,0.0002805905191569924,coerror_b6000_k64,top_quality_b6000_k64,brier,,,,,0.1323889309912426,0.1326695215103996,,
credit_default,11,2,,,0.00015492804501160418,coerror_b6000_k64,top_quality_b6000_k64,brier,,,,,0.1347076870530806,0.1348626150980922,,
credit_default,11,0,,,0.003561346008200461,coerror_b6000_k64,random_b6000_k64,auroc,,,0.7735217805750699,0.7699604345668695,,,,
credit_default,11,1,,,0.003910357861902081,coerror_b6000_k64,random_b6000_k64,auroc,,,0.7839988537840283,0.7800884959221263,,,,
credit_default,11,2,,,0.0062188242667988725,coerror_b6000_k64,random_b6000_k64,auroc,,,0.7785138152568488,0.77229499099005,,,,
credit_default,11,0,,,0.007974428286299712,coerror_b6000_k64,random_b6000_k64,brier,,,,,0.1348286899998284,0.1428031182861281,,
credit_default,11,1,,,0.008219175565132103,coerror_b6000_k64,random_b6000_k64,brier,,,,,0.1323889309912426,0.1406081065563747,,
credit_default,11,2,,,0.009831568752160708,coerror_b6000_k64,random_b6000_k64,brier,,,,,0.1347076870530806,0.1445392558052413,,
credit_default,11,0,,,0.0010964064662714046,coerror_b6000_k64,caruana_b6000_k64,auroc,,,0.7735217805750699,0.7724253741087985,,,,
credit_default,11,1,,,0.001017508409765,coerror_b6000_k64,caruana_b6000_k64,auroc,,,0.7839988537840283,0.7829813453742633,,,,
credit_default,11,2,,,0.00028107127001109067,coerror_b6000_k64,caruana_b6000_k64,auroc,,,0.7785138152568488,0.7782327439868377,,,,
credit_default,11,0,,,9.469558979940951e-05,coerror_b6000_k64,caruana_b6000_k64,brier,,,,,0.1348286899998284,0.1349233855896278,,
credit_default,11,1,,,0.00013197093222508394,coerror_b6000_k64,caruana_b6000_k64,brier,,,,,0.1323889309912426,0.1325209019234677,,
credit_default,11,2,,,-4.312045909829476e-05,coerror_b6000_k64,caruana_b6000_k64,brier,,,,,0.1347076870530806,0.1346645665939823,,
credit_default,11,0,,,0.0112171920294587,coerror_b6000_k64,random_forest,auroc,,,0.7735217805750699,0.7623045885456112,,,,
credit_default,11,1,,,0.014971368120874629,coerror_b6000_k64,random_forest,auroc,,,0.7839988537840283,0.7690274856631537,,,,
credit_default,11,2,,,0.009698623697474651,coerror_b6000_k64,random_forest,auroc,,,0.7785138152568488,0.7688151915593742,,,,
credit_default,11,0,,,0.0031305201761512025,coerror_b6000_k64,random_forest,brier,,,,,0.1348286899998284,0.1379592101759796,,
credit_default,11,1,,,0.0030367214138460052,coerror_b6000_k64,random_forest,brier,,,,,0.1323889309912426,0.1354256524050886,,
credit_default,11,2,,,0.002898552200766902,coerror_b6000_k64,random_forest,brier,,,,,0.1347076870530806,0.1376062392538475,,
credit_default,11,0,,,0.03341372646313756,coerror_b6000_k64,extra_trees,auroc,,,0.7735217805750699,0.7401080541119324,,,,
credit_default,11,1,,,0.031903468544655866,coerror_b6000_k64,extra_trees,auroc,,,0.7839988537840283,0.7520953852393725,,,,
credit_default,11,2,,,0.03409528348698121,coerror_b6000_k64,extra_trees,auroc,,,0.7785138152568488,0.7444185317698676,,,,
credit_default,11,0,,,0.010086653725783101,coerror_b6000_k64,extra_trees,brier,,,,,0.1348286899998284,0.1449153437256115,,
credit_default,11,1,,,0.008905833301674299,coerror_b6000_k64,extra_trees,brier,,,,,0.1323889309912426,0.1412947642929169,,
credit_default,11,2,,,0.01168736180358701,coerror_b6000_k64,extra_trees,brier,,,,,0.1347076870530806,0.1463950488566676,,
credit_default,11,0,,,0.0023088323626961893,coerror_b6000_k64,xgboost,auroc,,,0.7735217805750699,0.7712129482123737,,,,
credit_default,11,1,,,0.0037275539238948996,coerror_b6000_k64,xgboost,auroc,,,0.7839988537840283,0.7802712998601334,,,,
credit_default,11,2,,,0.0012307069546368954,coerror_b6000_k64,xgboost,auroc,,,0.7785138152568488,0.7772831083022119,,,,
credit_default,11,0,,,0.0010963371279475165,coerror_b6000_k64,xgboost,brier,,,,,0.1348286899998284,0.1359250271277759,,
credit_default,11,1,,,0.0009391567682892898,coerror_b6000_k64,xgboost,brier,,,,,0.1323889309912426,0.1333280877595319,,
credit_default,11,2,,,0.001323257244900622,coerror_b6000_k64,xgboost,brier,,,,,0.1347076870530806,0.1360309442979812,,
credit_default,11,0,,,0.002422240213104887,coerror_b6000_k64,lightgbm,auroc,,,0.7735217805750699,0.771099540361965,,,,
credit_default,11,1,,,0.006636932824321984,coerror_b6000_k64,lightgbm,auroc,,,0.7839988537840283,0.7773619209597064,,,,
credit_default,11,2,,,0.0006073228696037436,coerror_b6000_k64,lightgbm,auroc,,,0.7785138152568488,0.7779064923872451,,,,
credit_default,11,0,,,0.000938656811309807,coerror_b6000_k64,lightgbm,brier,,,,,0.1348286899998284,0.1357673468111382,,
credit_default,11,1,,,0.002156795258622085,coerror_b6000_k64,lightgbm,brier,,,,,0.1323889309912426,0.1345457262498647,,
credit_default,11,2,,,0.0012153687610622077,coerror_b6000_k64,lightgbm,brier,,,,,0.1347076870530806,0.1359230558141428,,
credit_default,11,0,,,-0.007727925622208809,coerror_b6000_k64,catboost,auroc,,,0.7735217805750699,0.7812497061972787,,,,
credit_default,11,1,,,-0.004192730492376562,coerror_b6000_k64,catboost,auroc,,,0.7839988537840283,0.7881915842764049,,,,
credit_default,11,2,,,-0.005155127836828588,coerror_b6000_k64,catboost,auroc,,,0.7785138152568488,0.7836689430936774,,,,
credit_default,11,0,,,-0.0013256270089030964,coerror_b6000_k64,catboost,brier,,,,,0.1348286899998284,0.1335030629909253,,
credit_default,11,1,,,-0.000730841499262308,coerror_b6000_k64,catboost,brier,,,,,0.1323889309912426,0.1316580894919803,,
credit_default,11,2,,,-0.0012039311818378973,coerror_b6000_k64,catboost,brier,,,,,0.1347076870530806,0.1335037558712427,,
credit_default,11,0,,,-0.0020154866678853134,coerror_b6000_k64,rf_leaf5,auroc,,,0.7735217805750699,0.7755372672429552,,,,
credit_default,11,1,,,0.0012517953724862085,coerror_b6000_k64,rf_leaf5,auroc,,,0.7839988537840283,0.7827470584115421,,,,
credit_default,11,2,,,0.0006048418688464618,coerror_b6000_k64,rf_leaf5,auroc,,,0.7785138152568488,0.7779089733880024,,,,
credit_default,11,0,,,-0.00013339104168269555,coerror_b6000_k64,rf_leaf5,brier,,,,,0.1348286899998284,0.1346952989581457,,
credit_default,11,1,,,0.00033471637571350077,coerror_b6000_k64,rf_leaf5,brier,,,,,0.1323889309912426,0.1327236473669561,,
credit_default,11,2,,,-0.00014596119942270058,coerror_b6000_k64,rf_leaf5,brier,,,,,0.1347076870530806,0.1345617258536579,,
credit_default,11,0,,,-0.0009755556135905286,coerror_b6000_k64,rf_shallow64,auroc,,,0.7735217805750699,0.7744973361886605,,,,
credit_default,11,1,,,0.003061345290635953,coerror_b6000_k64,rf_shallow64,auroc,,,0.7839988537840283,0.7809375084933924,,,,
credit_default,11,2,,,0.00014468151785018701,coerror_b6000_k64,rf_shallow64,auroc,,,0.7785138152568488,0.7783691337389986,,,,
credit_default,11,0,,,0.0009264877018458073,coerror_b6000_k64,rf_shallow64,brier,,,,,0.1348286899998284,0.1357551777016742,,
credit_default,11,1,,,0.0015736533566114985,coerror_b6000_k64,rf_shallow64,brier,,,,,0.1323889309912426,0.1339625843478541,,
credit_default,11,2,,,0.0010285565190201185,coerror_b6000_k64,rf_shallow64,brier,,,,,0.1347076870530806,0.1357362435721007,,
credit_default,11,0,,,0.0029744587500980524,coerror_b6000_k64,random_patches64,auroc,,,0.7735217805750699,0.7705473218249719,,,,
credit_default,11,1,,,0.0002686525350552582,coerror_b6000_k64,random_patches64,auroc,,,0.7839988537840283,0.7837302012489731,,,,
credit_default,11,2,,,0.0015922801702750178,coerror_b6000_k64,random_patches64,auroc,,,0.7785138152568488,0.7769215350865738,,,,
credit_default,11,0,,,0.007311318217975815,coerror_b6000_k64,random_patches64,brier,,,,,0.1348286899998284,0.1421400082178042,,
credit_default,11,1,,,0.005428676905661484,coerror_b6000_k64,random_patches64,brier,,,,,0.1323889309912426,0.1378176078969041,,
credit_default,11,2,,,0.0058807495868951065,coerror_b6000_k64,random_patches64,brier,,,,,0.1347076870530806,0.1405884366399757,,
credit_default,11,0,,,0.051935050011752026,coerror_b6000_k64,linear,auroc,,,0.7735217805750699,0.7215867305633179,,,,
credit_default,11,1,,,0.054058155956455134,coerror_b6000_k64,linear,auroc,,,0.7839988537840283,0.7299406978275732,,,,
credit_default,11,2,,,0.04710499856363104,coerror_b6000_k64,linear,auroc,,,0.7785138152568488,0.7314088166932178,,,,
credit_default,11,0,,,0.0095612526550439,coerror_b6000_k64,linear,brier,,,,,0.1348286899998284,0.1443899426548723,,
credit_default,11,1,,,0.011224465646388099,coerror_b6000_k64,linear,brier,,,,,0.1323889309912426,0.1436133966376307,,
credit_default,11,2,,,0.008530174125380013,coerror_b6000_k64,linear,brier,,,,,0.1347076870530806,0.1432378611784606,,
credit_default,11,0,,,-0.001818834713117834,coerror_b6000_k64,abs_correlation_b6000_k64,auroc,,,0.7735217805750699,0.7753406152881878,,,,
credit_default,11,1,,,0.0009623013591517626,coerror_b6000_k64,abs_correlation_b6000_k64,auroc,,,0.7839988537840283,0.7830365524248766,,,,
credit_default,11,2,,,0.0006434279595727288,coerror_b6000_k64,abs_correlation_b6000_k64,auroc,,,0.7785138152568488,0.7778703872972761,,,,
credit_default,11,0,,,0.006307004476783812,coerror_b6000_k64,abs_correlation_b6000_k64,brier,,,,,0.1348286899998284,0.1411356944766122,,
credit_default,11,1,,,0.007229088478755696,coerror_b6000_k64,abs_correlation_b6000_k64,brier,,,,,0.1323889309912426,0.1396180194699983,,
credit_default,11,2,,,0.005843394809537217,coerror_b6000_k64,abs_correlation_b6000_k64,brier,,,,,0.1347076870530806,0.1405510818626178,,
credit_default,11,0,,,-0.001818834713117834,coerror_b6000_k64,signed_correlation_b6000_k64,auroc,,,0.7735217805750699,0.7753406152881878,,,,
credit_default,11,1,,,0.0009623013591517626,coerror_b6000_k64,signed_correlation_b6000_k64,auroc,,,0.7839988537840283,0.7830365524248766,,,,
credit_default,11,2,,,0.0006434279595727288,coerror_b6000_k64,signed_correlation_b6000_k64,auroc,,,0.7785138152568488,0.7778703872972761,,,,
credit_default,11,0,,,0.006307004476783812,coerror_b6000_k64,signed_correlation_b6000_k64,brier,,,,,0.1348286899998284,0.1411356944766122,,
credit_default,11,1,,,0.007229088478755696,coerror_b6000_k64,signed_correlation_b6000_k64,brier,,,,,0.1323889309912426,0.1396180194699983,,
credit_default,11,2,,,0.005843394809537217,coerror_b6000_k64,signed_correlation_b6000_k64,brier,,,,,0.1347076870530806,0.1405510818626178,,
credit_default,11,0,,,0.0034884829333263756,coerror_b6000_k64,quality_diversity_l002_b6000_k64,auroc,,,0.7735217805750699,0.7700332976417436,,,,
credit_default,11,1,,,0.0035578820772171893,coerror_b6000_k64,quality_diversity_l002_b6000_k64,auroc,,,0.7839988537840283,0.7804409717068111,,,,
credit_default,11,2,,,0.001886735786477134,coerror_b6000_k64,quality_diversity_l002_b6000_k64,auroc,,,0.7785138152568488,0.7766270794703717,,,,
credit_default,11,0,,,0.00015079288658881307,coerror_b6000_k64,quality_diversity_l002_b6000_k64,brier,,,,,0.1348286899998284,0.1349794828864172,,
credit_default,11,1,,,0.00029103965685170485,coerror_b6000_k64,quality_diversity_l002_b6000_k64,brier,,,,,0.1323889309912426,0.1326799706480943,,
credit_default,11,2,,,0.00010523431534742445,coerror_b6000_k64,quality_diversity_l002_b6000_k64,brier,,,,,0.1347076870530806,0.134812921368428,,
credit_default,11,0,,,0.003461191924995499,coerror_b6000_k64,quality_diversity_l01_b6000_k64,auroc,,,0.7735217805750699,0.7700605886500744,,,,
credit_default,11,1,,,0.0024623651249287004,coerror_b6000_k64,quality_diversity_l01_b6000_k64,auroc,,,0.7839988537840283,0.7815364886590996,,,,
credit_default,11,2,,,0.0019100441356976194,coerror_b6000_k64,quality_diversity_l01_b6000_k64,auroc,,,0.7785138152568488,0.7766037711211512,,,,
credit_default,11,0,,,0.00014063094467250958,coerror_b6000_k64,quality_diversity_l01_b6000_k64,brier,,,,,0.1348286899998284,0.1349693209445009,,
credit_default,11,1,,,0.00020838020919389244,coerror_b6000_k64,quality_diversity_l01_b6000_k64,brier,,,,,0.1323889309912426,0.1325973112004365,,
credit_default,11,2,,,0.00010219517900619812,coerror_b6000_k64,quality_diversity_l01_b6000_k64,brier,,,,,0.1347076870530806,0.1348098822320868,,
credit_default,11,0,,,-0.00023164712334489135,coerror_b6000_k64,quality_diversity_l05_b6000_k64,auroc,,,0.7735217805750699,0.7737534276984148,,,,
credit_default,11,1,,,0.0004870633873633734,coerror_b6000_k64,quality_diversity_l05_b6000_k64,auroc,,,0.7839988537840283,0.783511790396665,,,,
credit_default,11,2,,,0.0002376537567573278,coerror_b6000_k64,quality_diversity_l05_b6000_k64,auroc,,,0.7785138152568488,0.7782761615000915,,,,
credit_default,11,0,,,-8.403356175518129e-05,coerror_b6000_k64,quality_diversity_l05_b6000_k64,brier,,,,,0.1348286899998284,0.1347446564380732,,
credit_default,11,1,,,5.563996036639374e-05,coerror_b6000_k64,quality_diversity_l05_b6000_k64,brier,,,,,0.1323889309912426,0.132444570951609,,
credit_default,11,2,,,-4.210197685849959e-05,coerror_b6000_k64,quality_diversity_l05_b6000_k64,brier,,,,,0.1347076870530806,0.1346655850762221,,
credit_default,11,0,,,0.0,coerror_b6000_k64,coerror_cert_b6000_k64,auroc,,,0.7735217805750699,0.7735217805750699,,,,
credit_default,11,1,,,0.0,coerror_b6000_k64,coerror_cert_b6000_k64,auroc,,,0.7839988537840283,0.7839988537840283,,,,
credit_default,11,2,,,0.0,coerror_b6000_k64,coerror_cert_b6000_k64,auroc,,,0.7785138152568488,0.7785138152568488,,,,
credit_default,11,0,,,-0.0,coerror_b6000_k64,coerror_cert_b6000_k64,brier,,,,,0.1348286899998284,0.1348286899998284,,
credit_default,11,1,,,-0.0,coerror_b6000_k64,coerror_cert_b6000_k64,brier,,,,,0.1323889309912426,0.1323889309912426,,
credit_default,11,2,,,-0.0,coerror_b6000_k64,coerror_cert_b6000_k64,brier,,,,,0.1347076870530806,0.1347076870530806,,
credit_default,11,0,,,3.6366247943453445e-05,coerror_b6000_k64,coerror_b1000_k64,auroc,,,0.7735217805750699,0.7734854143271265,,,,
credit_default,11,1,,,0.001017508409765,coerror_b6000_k64,coerror_b1000_k64,auroc,,,0.7839988537840283,0.7829813453742633,,,,
credit_default,11,2,,,0.0009305711524901783,coerror_b6000_k64,coerror_b1000_k64,auroc,,,0.7785138152568488,0.7775832441043586,,,,
credit_default,11,0,,,0.00013052352567641257,coerror_b6000_k64,coerror_b1000_k64,brier,,,,,0.1348286899998284,0.1349592135255048,,
credit_default,11,1,,,0.00019008738902479005,coerror_b6000_k64,coerror_b1000_k64,brier,,,,,0.1323889309912426,0.1325790183802674,,
credit_default,11,2,,,-9.19935628755919e-05,coerror_b6000_k64,coerror_b1000_k64,brier,,,,,0.1347076870530806,0.134615693490205,,
credit_default,11,0,,,-0.0004402470554437654,coerror_b6000_k64,coerror_b3000_k64,auroc,,,0.7735217805750699,0.7739620276305137,,,,
credit_default,11,1,,,-0.00040585348924249143,coerror_b6000_k64,coerror_b3000_k64,auroc,,,0.7839988537840283,0.7844047072732708,,,,
credit_default,11,2,,,0.0004004857538324469,coerror_b6000_k64,coerror_b3000_k64,auroc,,,0.7785138152568488,0.7781133295030164,,,,
credit_default,11,0,,,0.00011717411140130252,coerror_b6000_k64,coerror_b3000_k64,brier,,,,,0.1348286899998284,0.1349458641112297,,
credit_default,11,1,,,-3.983713686550594e-05,coerror_b6000_k64,coerror_b3000_k64,brier,,,,,0.1323889309912426,0.1323490938543771,,
credit_default,11,2,,,-2.468710669248364e-05,coerror_b6000_k64,coerror_b3000_k64,brier,,,,,0.1347076870530806,0.1346829999463881,,
credit_default,11,0,,,0.0011564728003971014,coerror_b6000_k64,coerror_b6000_k16,auroc,,,0.7735217805750699,0.7723653077746728,,,,
credit_default,11,1,,,0.0021412495583434943,coerror_b6000_k64,coerror_b6000_k16,auroc,,,0.7839988537840283,0.7818576042256848,,,,
credit_default,11,2,,,0.0017504113238095975,coerror_b6000_k64,coerror_b6000_k16,auroc,,,0.7785138152568488,0.7767634039330392,,,,
credit_default,11,0,,,0.00012043684804552424,coerror_b6000_k64,coerror_b6000_k16,brier,,,,,0.1348286899998284,0.1349491268478739,,
credit_default,11,1,,,0.00029592335592210084,coerror_b6000_k64,coerror_b6000_k16,brier,,,,,0.1323889309912426,0.1326848543471647,,
credit_default,11,2,,,-7.685057747539026e-05,coerror_b6000_k64,coerror_b6000_k16,brier,,,,,0.1347076870530806,0.1346308364756052,,
credit_default,11,0,,,-0.0006228617690839933,coerror_b6000_k64,coerror_b6000_k128,auroc,,,0.7735217805750699,0.7741446423441539,,,,
credit_default,11,1,,,2.1429482368162667e-05,coerror_b6000_k64,coerror_b6000_k128,auroc,,,0.7839988537840283,0.7839774243016602,,,,
credit_default,11,2,,,5.725888590002448e-05,coerror_b6000_k64,coerror_b6000_k128,auroc,,,0.7785138152568488,0.7784565563709488,,,,
credit_default,11,0,,,8.092979950000134e-05,coerror_b6000_k64,coerror_b6000_k128,brier,,,,,0.1348286899998284,0.1349096197993284,,
credit_default,11,1,,,1.1393414842103544e-05,coerror_b6000_k64,coerror_b6000_k128,brier,,,,,0.1323889309912426,0.1324003244060847,,
credit_default,11,2,,,-0.00014078240790049712,coerror_b6000_k64,coerror_b6000_k128,brier,,,,,0.1347076870530806,0.1345669046451801,,
credit_default,11,0,,,-0.00035739468804674157,coerror_b6000_k64,coerror_b6000_k256,auroc,,,0.7735217805750699,0.7738791752631167,,,,
credit_default,11,1,,,-0.00018809597481161955,coerror_b6000_k64,coerror_b6000_k256,auroc,,,0.7839988537840283,0.78418694975884,,,,
credit_default,11,2,,,-2.0827348463092754e-05,coerror_b6000_k64,coerror_b6000_k256,auroc,,,0.7785138152568488,0.7785346426053119,,,,
credit_default,11,0,,,9.237641646819839e-05,coerror_b6000_k64,coerror_b6000_k256,brier,,,,,0.1348286899998284,0.1349210664162966,,
credit_default,11,1,,,2.6742396442985816e-05,coerror_b6000_k64,coerror_b6000_k256,brier,,,,,0.1323889309912426,0.1324156733876856,,
credit_default,11,2,,,-0.0001107056920092997,coerror_b6000_k64,coerror_b6000_k256,brier,,,,,0.1347076870530806,0.1345969813610713,,
credit_default,11,0,,,6.959860019328801e-05,coerror_b6000_k64,coerror_swap_b6000_k64,auroc,,,0.7735217805750699,0.7734521819748766,,,,
credit_default,11,1,,,0.0,coerror_b6000_k64,coerror_swap_b6000_k64,auroc,,,0.7839988537840283,0.7839988537840283,,,,
credit_default,11,2,,,-1.9586848098995802e-07,coerror_b6000_k64,coerror_swap_b6000_k64,auroc,,,0.7785138152568488,0.7785140111253298,,,,
credit_default,11,0,,,-1.3478793323973282e-06,coerror_b6000_k64,coerror_swap_b6000_k64,brier,,,,,0.1348286899998284,0.134827342120496,,
credit_default,11,1,,,-0.0,coerror_b6000_k64,coerror_swap_b6000_k64,brier,,,,,0.1323889309912426,0.1323889309912426,,
credit_default,11,2,,,-1.908687185908642e-05,coerror_b6000_k64,coerror_swap_b6000_k64,brier,,,,,0.1347076870530806,0.1346886001812215,,
higgs,11,0,,,0.0187781488727089,coerror_b6000_k64,top_quality_b6000_k64,auroc,,,0.763227329311881,0.7444491804391721,,,,
higgs,11,1,,,0.0203533413869863,coerror_b6000_k64,top_quality_b6000_k64,auroc,,,0.7662619549424117,0.7459086135554254,,,,
higgs,11,2,,,0.016425615469650823,coerror_b6000_k64,top_quality_b6000_k64,auroc,,,0.76323039903098,0.7468047835613292,,,,
higgs,11,0,,,0.002876298169340208,coerror_b6000_k64,top_quality_b6000_k64,brier,,,,,0.2016982325996587,0.2045745307689989,,
higgs,11,1,,,0.00509457072847469,coerror_b6000_k64,top_quality_b6000_k64,brier,,,,,0.1997108774630052,0.2048054481914799,,
higgs,11,2,,,0.0023969152534523974,coerror_b6000_k64,top_quality_b6000_k64,brier,,,,,0.2012013733355621,0.2035982885890145,,
higgs,11,0,,,0.019577314125799994,coerror_b6000_k64,random_b6000_k64,auroc,,,0.763227329311881,0.743650015186081,,,,
higgs,11,1,,,0.004623203913728502,coerror_b6000_k64,random_b6000_k64,auroc,,,0.7662619549424117,0.7616387510286832,,,,
higgs,11,2,,,0.009561001277364367,coerror_b6000_k64,random_b6000_k64,auroc,,,0.76323039903098,0.7536693977536156,,,,
higgs,11,0,,,0.023232641781680607,coerror_b6000_k64,random_b6000_k64,brier,,,,,0.2016982325996587,0.2249308743813393,,
higgs,11,1,,,0.02922529391891479,coerror_b6000_k64,random_b6000_k64,brier,,,,,0.1997108774630052,0.22893617138192,,
higgs,11,2,,,0.0259573426239334,coerror_b6000_k64,random_b6000_k64,brier,,,,,0.2012013733355621,0.2271587159594955,,
higgs,11,0,,,7.651726283619542e-05,coerror_b6000_k64,caruana_b6000_k64,auroc,,,0.763227329311881,0.7631508120490448,,,,
higgs,11,1,,,0.0010885166081306963,coerror_b6000_k64,caruana_b6000_k64,auroc,,,0.7662619549424117,0.765173438334281,,,,
higgs,11,2,,,0.0007997069682262881,coerror_b6000_k64,caruana_b6000_k64,auroc,,,0.76323039903098,0.7624306920627537,,,,
higgs,11,0,,,-2.7752434347799726e-05,coerror_b6000_k64,caruana_b6000_k64,brier,,,,,0.2016982325996587,0.2016704801653109,,
higgs,11,1,,,9.890066033380052e-05,coerror_b6000_k64,caruana_b6000_k64,brier,,,,,0.1997108774630052,0.199809778123339,,
higgs,11,2,,,5.2618406597898515e-05,coerror_b6000_k64,caruana_b6000_k64,brier,,,,,0.2012013733355621,0.20125399174216,,
higgs,11,0,,,-0.02649411354276998,coerror_b6000_k64,random_forest,auroc,,,0.763227329311881,0.789721442854651,,,,
higgs,11,1,,,-0.018535398984575124,coerror_b6000_k64,random_forest,auroc,,,0.7662619549424117,0.7847973539269868,,,,
higgs,11,2,,,-0.016430716620506436,coerror_b6000_k64,random_forest,auroc,,,0.76323039903098,0.7796611156514864,,,,
higgs,11,0,,,-0.010412885673157402,coerror_b6000_k64,random_forest,brier,,,,,0.2016982325996587,0.1912853469265013,,
higgs,11,1,,,-0.007473746798034392,coerror_b6000_k64,random_forest,brier,,,,,0.1997108774630052,0.1922371306649708,,
higgs,11,2,,,-0.007006090423926498,coerror_b6000_k64,random_forest,brier,,,,,0.2012013733355621,0.1941952829116356,,
higgs,11,0,,,-0.0062468783665338146,coerror_b6000_k64,extra_trees,auroc,,,0.763227329311881,0.7694742076784148,,,,
higgs,11,1,,,-0.0026581841998598588,coerror_b6000_k64,extra_trees,auroc,,,0.7662619549424117,0.7689201391422715,,,,
higgs,11,2,,,-0.00034231882247015566,coerror_b6000_k64,extra_trees,auroc,,,0.76323039903098,0.7635727178534502,,,,
higgs,11,0,,,0.004297447535768106,coerror_b6000_k64,extra_trees,brier,,,,,0.2016982325996587,0.2059956801354268,,
higgs,11,1,,,0.0055608826231595965,coerror_b6000_k64,extra_trees,brier,,,,,0.1997108774630052,0.2052717600861648,,
higgs,11,2,,,0.005203511040580394,coerror_b6000_k64,extra_trees,brier,,,,,0.2012013733355621,0.2064048843761425,,
higgs,11,0,,,-0.03177100581693715,coerror_b6000_k64,xgboost,auroc,,,0.763227329311881,0.7949983351288181,,,,
higgs,11,1,,,-0.025997958167726543,coerror_b6000_k64,xgboost,auroc,,,0.7662619549424117,0.7922599131101382,,,,
higgs,11,2,,,-0.025398720396622165,coerror_b6000_k64,xgboost,auroc,,,0.76323039903098,0.7886291194276022,,,,
higgs,11,0,,,-0.017383205871244284,coerror_b6000_k64,xgboost,brier,,,,,0.2016982325996587,0.1843150267284144,,
higgs,11,1,,,-0.014250164585136504,coerror_b6000_k64,xgboost,brier,,,,,0.1997108774630052,0.1854607128778687,,
higgs,11,2,,,-0.014180809522182203,coerror_b6000_k64,xgboost,brier,,,,,0.2012013733355621,0.1870205638133799,,
higgs,11,0,,,-0.03640388908129799,coerror_b6000_k64,lightgbm,auroc,,,0.763227329311881,0.799631218393179,,,,
higgs,11,1,,,-0.027954714096518285,coerror_b6000_k64,lightgbm,auroc,,,0.7662619549424117,0.79421666903893,,,,
higgs,11,2,,,-0.02545311762477409,coerror_b6000_k64,lightgbm,auroc,,,0.76323039903098,0.7886835166557541,,,,
higgs,11,0,,,-0.019583234567505492,coerror_b6000_k64,lightgbm,brier,,,,,0.2016982325996587,0.1821149980321532,,
higgs,11,1,,,-0.015235586920584299,coerror_b6000_k64,lightgbm,brier,,,,,0.1997108774630052,0.1844752905424209,,
higgs,11,2,,,-0.014399707320840699,coerror_b6000_k64,lightgbm,brier,,,,,0.2012013733355621,0.1868016660147214,,
higgs,11,0,,,-0.033720864302886566,coerror_b6000_k64,catboost,auroc,,,0.763227329311881,0.7969481936147675,,,,
higgs,11,1,,,-0.027694246816049484,coerror_b6000_k64,catboost,auroc,,,0.7662619549424117,0.7939562017584612,,,,
higgs,11,2,,,-0.024370951356508797,coerror_b6000_k64,catboost,auroc,,,0.76323039903098,0.7876013503874888,,,,
higgs,11,0,,,-0.017540380164025288,coerror_b6000_k64,catboost,brier,,,,,0.2016982325996587,0.1841578524356334,,
higgs,11,1,,,-0.01476750506392921,coerror_b6000_k64,catboost,brier,,,,,0.1997108774630052,0.184943372399076,,
higgs,11,2,,,-0.013704030662308186,coerror_b6000_k64,catboost,brier,,,,,0.2012013733355621,0.1874973426732539,,
higgs,11,0,,,-0.02726596732446529,coerror_b6000_k64,rf_leaf5,auroc,,,0.763227329311881,0.7904932966363463,,,,
higgs,11,1,,,-0.020858064478837868,coerror_b6000_k64,rf_leaf5,auroc,,,0.7662619549424117,0.7871200194212495,,,,
higgs,11,2,,,-0.018584079425550737,coerror_b6000_k64,rf_leaf5,auroc,,,0.76323039903098,0.7818144784565307,,,,
higgs,11,0,,,-0.01063444681455139,coerror_b6000_k64,rf_leaf5,brier,,,,,0.2016982325996587,0.1910637857851073,,
higgs,11,1,,,-0.008248657596054004,coerror_b6000_k64,rf_leaf5,brier,,,,,0.1997108774630052,0.1914622198669512,,
higgs,11,2,,,-0.007889204270132094,coerror_b6000_k64,rf_leaf5,brier,,,,,0.2012013733355621,0.19331216906543,,
higgs,11,0,,,0.005721414685463944,coerror_b6000_k64,rf_shallow64,auroc,,,0.763227329311881,0.757505914626417,,,,
higgs,11,1,,,0.0007705640904850375,coerror_b6000_k64,rf_shallow64,auroc,,,0.7662619549424117,0.7654913908519266,,,,
higgs,11,2,,,0.009714216374748341,coerror_b6000_k64,rf_shallow64,auroc,,,0.76323039903098,0.7535161826562317,,,,
higgs,11,0,,,0.006772617594470509,coerror_b6000_k64,rf_shallow64,brier,,,,,0.2016982325996587,0.2084708501941292,,
higgs,11,1,,,0.00771047913343989,coerror_b6000_k64,rf_shallow64,brier,,,,,0.1997108774630052,0.2074213565964451,,
higgs,11,2,,,0.010250162956781994,coerror_b6000_k64,rf_shallow64,brier,,,,,0.2012013733355621,0.2114515362923441,,
higgs,11,0,,,0.021979369320793918,coerror_b6000_k64,random_patches64,auroc,,,0.763227329311881,0.7412479599910871,,,,
higgs,11,1,,,0.019662479923066356,coerror_b6000_k64,random_patches64,auroc,,,0.7662619549424117,0.7465994750193453,,,,
higgs,11,2,,,0.021441446191616254,coerror_b6000_k64,random_patches64,auroc,,,0.76323039903098,0.7417889528393637,,,,
higgs,11,0,,,0.0229240157050343,coerror_b6000_k64,random_patches64,brier,,,,,0.2016982325996587,0.224622248304693,,
higgs,11,1,,,0.02716462424902269,coerror_b6000_k64,random_patches64,brier,,,,,0.1997108774630052,0.2268755017120279,,
higgs,11,2,,,0.022504872604037995,coerror_b6000_k64,random_patches64,brier,,,,,0.2012013733355621,0.2237062459396001,,
higgs,11,0,,,0.07496001239444239,coerror_b6000_k64,linear,auroc,,,0.763227329311881,0.6882673169174386,,,,
higgs,11,1,,,0.07109501383980776,coerror_b6000_k64,linear,auroc,,,0.7662619549424117,0.6951669411026039,,,,
higgs,11,2,,,0.07817256371743697,coerror_b6000_k64,linear,auroc,,,0.76323039903098,0.685057835313543,,,,
higgs,11,0,,,0.020410941291062606,coerror_b6000_k64,linear,brier,,,,,0.2016982325996587,0.2221091738907213,,
higgs,11,1,,,0.019612336515601098,coerror_b6000_k64,linear,brier,,,,,0.1997108774630052,0.2193232139786063,,
higgs,11,2,,,0.021529782002958797,coerror_b6000_k64,linear,brier,,,,,0.2012013733355621,0.2227311553385209,,
higgs,11,0,,,-0.008360244537434891,coerror_b6000_k64,abs_correlation_b6000_k64,auroc,,,0.763227329311881,0.7715875738493159,,,,
higgs,11,1,,,-0.008625991744523942,coerror_b6000_k64,abs_correlation_b6000_k64,auroc,,,0.7662619549424117,0.7748879466869356,,,,
higgs,11,2,,,-0.008042122324333545,coerror_b6000_k64,abs_correlation_b6000_k64,auroc,,,0.76323039903098,0.7712725213553135,,,,
higgs,11,0,,,0.004865502508529712,coerror_b6000_k64,abs_correlation_b6000_k64,brier,,,,,0.2016982325996587,0.2065637351081884,,
higgs,11,1,,,0.0052824594748152875,coerror_b6000_k64,abs_correlation_b6000_k64,brier,,,,,0.1997108774630052,0.2049933369378205,,
higgs,11,2,,,0.004420173176491793,coerror_b6000_k64,abs_correlation_b6000_k64,brier,,,,,0.2012013733355621,0.2056215465120539,,
higgs,11,0,,,-0.008360244537434891,coerror_b6000_k64,signed_correlation_b6000_k64,auroc,,,0.763227329311881,0.7715875738493159,,,,
higgs,11,1,,,-0.008625991744523942,coerror_b6000_k64,signed_correlation_b6000_k64,auroc,,,0.7662619549424117,0.7748879466869356,,,,
higgs,11,2,,,-0.008042122324333545,coerror_b6000_k64,signed_correlation_b6000_k64,auroc,,,0.76323039903098,0.7712725213553135,,,,
higgs,11,0,,,0.004865502508529712,coerror_b6000_k64,signed_correlation_b6000_k64,brier,,,,,0.2016982325996587,0.2065637351081884,,
higgs,11,1,,,0.0052824594748152875,coerror_b6000_k64,signed_correlation_b6000_k64,brier,,,,,0.1997108774630052,0.2049933369378205,,
higgs,11,2,,,0.004420173176491793,coerror_b6000_k64,signed_correlation_b6000_k64,brier,,,,,0.2012013733355621,0.2056215465120539,,
higgs,11,0,,,0.018525393619245767,coerror_b6000_k64,quality_diversity_l002_b6000_k64,auroc,,,0.763227329311881,0.7447019356926352,,,,
higgs,11,1,,,0.020384906336543773,coerror_b6000_k64,quality_diversity_l002_b6000_k64,auroc,,,0.7662619549424117,0.7458770486058679,,,,
higgs,11,2,,,0.016126363000422916,coerror_b6000_k64,quality_diversity_l002_b6000_k64,auroc,,,0.76323039903098,0.7471040360305571,,,,
higgs,11,0,,,0.0028666747347996235,coerror_b6000_k64,quality_diversity_l002_b6000_k64,brier,,,,,0.2016982325996587,0.2045649073344583,,
higgs,11,1,,,0.005098431279792703,coerror_b6000_k64,quality_diversity_l002_b6000_k64,brier,,,,,0.1997108774630052,0.2048093087427979,,
higgs,11,2,,,0.0023347630012783005,coerror_b6000_k64,quality_diversity_l002_b6000_k64,brier,,,,,0.2012013733355621,0.2035361363368404,,
higgs,11,0,,,0.01782576852223361,coerror_b6000_k64,quality_diversity_l01_b6000_k64,auroc,,,0.763227329311881,0.7454015607896474,,,,
higgs,11,1,,,0.020017551737616546,coerror_b6000_k64,quality_diversity_l01_b6000_k64,auroc,,,0.7662619549424117,0.7462444032047951,,,,
higgs,11,2,,,0.015116335130984981,coerror_b6000_k64,quality_diversity_l01_b6000_k64,auroc,,,0.76323039903098,0.748114063899995,,,,
higgs,11,0,,,0.0025827291455198242,coerror_b6000_k64,quality_diversity_l01_b6000_k64,brier,,,,,0.2016982325996587,0.2042809617451785,,
higgs,11,1,,,0.004932302676162514,coerror_b6000_k64,quality_diversity_l01_b6000_k64,brier,,,,,0.1997108774630052,0.2046431801391677,,
higgs,11,2,,,0.0020913449939035933,coerror_b6000_k64,quality_diversity_l01_b6000_k64,brier,,,,,0.2012013733355621,0.2032927183294657,,
higgs,11,0,,,0.005454710267271512,coerror_b6000_k64,quality_diversity_l05_b6000_k64,auroc,,,0.763227329311881,0.7577726190446095,,,,
higgs,11,1,,,0.005883589188548477,coerror_b6000_k64,quality_diversity_l05_b6000_k64,auroc,,,0.7662619549424117,0.7603783657538632,,,,
higgs,11,2,,,0.004000882273383466,coerror_b6000_k64,quality_diversity_l05_b6000_k64,auroc,,,0.76323039903098,0.7592295167575965,,,,
higgs,11,0,,,6.726318489211347e-05,coerror_b6000_k64,quality_diversity_l05_b6000_k64,brier,,,,,0.2016982325996587,0.2017654957845508,,
higgs,11,1,,,0.000590412887680497,coerror_b6000_k64,quality_diversity_l05_b6000_k64,brier,,,,,0.1997108774630052,0.2003012903506857,,
higgs,11,2,,,-0.00011732749278159371,coerror_b6000_k64,quality_diversity_l05_b6000_k64,brier,,,,,0.2012013733355621,0.2010840458427805,,
higgs,11,0,,,0.0,coerror_b6000_k64,coerror_cert_b6000_k64,auroc,,,0.763227329311881,0.763227329311881,,,,
higgs,11,1,,,0.0,coerror_b6000_k64,coerror_cert_b6000_k64,auroc,,,0.7662619549424117,0.7662619549424117,,,,
higgs,11,2,,,0.0,coerror_b6000_k64,coerror_cert_b6000_k64,auroc,,,0.76323039903098,0.76323039903098,,,,
higgs,11,0,,,-0.0,coerror_b6000_k64,coerror_cert_b6000_k64,brier,,,,,0.2016982325996587,0.2016982325996587,,
higgs,11,1,,,-0.0,coerror_b6000_k64,coerror_cert_b6000_k64,brier,,,,,0.1997108774630052,0.1997108774630052,,
higgs,11,2,,,-0.0,coerror_b6000_k64,coerror_cert_b6000_k64,brier,,,,,0.2012013733355621,0.2012013733355621,,
higgs,11,0,,,0.00025225868125600126,coerror_b6000_k64,coerror_b1000_k64,auroc,,,0.763227329311881,0.762975070630625,,,,
higgs,11,1,,,0.003159655966434638,coerror_b6000_k64,coerror_b1000_k64,auroc,,,0.7662619549424117,0.763102298975977,,,,
higgs,11,2,,,-0.001106092020066507,coerror_b6000_k64,coerror_b1000_k64,auroc,,,0.76323039903098,0.7643364910510465,,,,
higgs,11,0,,,0.0006704833305664071,coerror_b6000_k64,coerror_b1000_k64,brier,,,,,0.2016982325996587,0.2023687159302251,,
higgs,11,1,,,0.0017662153792641078,coerror_b6000_k64,coerror_b1000_k64,brier,,,,,0.1997108774630052,0.2014770928422693,,
higgs,11,2,,,0.0006297476345843156,coerror_b6000_k64,coerror_b1000_k64,brier,,,,,0.2012013733355621,0.2018311209701464,,
higgs,11,0,,,-0.0012645888400181216,coerror_b6000_k64,coerror_b3000_k64,auroc,,,0.763227329311881,0.7644919181518991,,,,
higgs,11,1,,,-0.0006669732545984131,coerror_b6000_k64,coerror_b3000_k64,auroc,,,0.7662619549424117,0.7669289281970101,,,,
higgs,11,2,,,-0.00126860656060368,coerror_b6000_k64,coerror_b3000_k64,auroc,,,0.76323039903098,0.7644990055915837,,,,
higgs,11,0,,,-3.709460951040189e-05,coerror_b6000_k64,coerror_b3000_k64,brier,,,,,0.2016982325996587,0.2016611379901483,,
higgs,11,1,,,0.00021161473047931478,coerror_b6000_k64,coerror_b3000_k64,brier,,,,,0.1997108774630052,0.1999224921934845,,
higgs,11,2,,,-0.00015174516260510473,coerror_b6000_k64,coerror_b3000_k64,brier,,,,,0.2012013733355621,0.201049628172957,,
higgs,11,0,,,-2.4467466936295423e-05,coerror_b6000_k64,coerror_b6000_k16,auroc,,,0.763227329311881,0.7632517967788173,,,,
higgs,11,1,,,0.0034434244113835666,coerror_b6000_k64,coerror_b6000_k16,auroc,,,0.7662619549424117,0.7628185305310281,,,,
higgs,11,2,,,0.002331225941076598,coerror_b6000_k64,coerror_b6000_k16,auroc,,,0.76323039903098,0.7608991730899034,,,,
higgs,11,0,,,0.0001251811193480057,coerror_b6000_k64,coerror_b6000_k16,brier,,,,,0.2016982325996587,0.2018234137190067,,
higgs,11,1,,,0.0005807024111527115,coerror_b6000_k64,coerror_b6000_k16,brier,,,,,0.1997108774630052,0.2002915798741579,,
higgs,11,2,,,0.00018515587757189644,coerror_b6000_k64,coerror_b6000_k16,brier,,,,,0.2012013733355621,0.201386529213134,,
higgs,11,0,,,-0.0003805097394964374,coerror_b6000_k64,coerror_b6000_k128,auroc,,,0.763227329311881,0.7636078390513774,,,,
higgs,11,1,,,-0.0005580087005465639,coerror_b6000_k64,coerror_b6000_k128,auroc,,,0.7662619549424117,0.7668199636429582,,,,
higgs,11,2,,,-0.0008836728141703443,coerror_b6000_k64,coerror_b6000_k128,auroc,,,0.76323039903098,0.7641140718451503,,,,
higgs,11,0,,,1.371197357200038e-05,coerror_b6000_k64,coerror_b6000_k128,brier,,,,,0.2016982325996587,0.2017119445732307,,
higgs,11,1,,,0.00016120959457149864,coerror_b6000_k64,coerror_b6000_k128,brier,,,,,0.1997108774630052,0.1998720870575767,,
higgs,11,2,,,-1.5233271365100443e-05,coerror_b6000_k64,coerror_b6000_k128,brier,,,,,0.2012013733355621,0.201186140064197,,
higgs,11,0,,,-0.0005126882324665294,coerror_b6000_k64,coerror_b6000_k256,auroc,,,0.763227329311881,0.7637400175443475,,,,
higgs,11,1,,,0.0001091903405292527,coerror_b6000_k64,coerror_b6000_k256,auroc,,,0.7662619549424117,0.7661527646018824,,,,
higgs,11,2,,,-0.0015893019205968084,coerror_b6000_k64,coerror_b6000_k256,auroc,,,0.76323039903098,0.7648197009515768,,,,
higgs,11,0,,,0.00021181540194961657,coerror_b6000_k64,coerror_b6000_k256,brier,,,,,0.2016982325996587,0.2019100480016083,,
higgs,11,1,,,0.0006610989327062999,coerror_b6000_k64,coerror_b6000_k256,brier,,,,,0.1997108774630052,0.2003719763957115,,
higgs,11,2,,,0.00016209403794650856,coerror_b6000_k64,coerror_b6000_k256,brier,,,,,0.2012013733355621,0.2013634673735086,,
higgs,11,0,,,9.737329553849428e-05,coerror_b6000_k64,coerror_swap_b6000_k64,auroc,,,0.763227329311881,0.7631299560163425,,,,
higgs,11,1,,,-5.224699089856344e-05,coerror_b6000_k64,coerror_swap_b6000_k64,auroc,,,0.7662619549424117,0.7663142019333102,,,,
higgs,11,2,,,-7.042296756520905e-06,coerror_b6000_k64,coerror_swap_b6000_k64,auroc,,,0.76323039903098,0.7632374413277365,,,,
higgs,11,0,,,4.8891100413117616e-05,coerror_b6000_k64,coerror_swap_b6000_k64,brier,,,,,0.2016982325996587,0.2017471237000718,,
higgs,11,1,,,-1.5170421543697632e-05,coerror_b6000_k64,coerror_swap_b6000_k64,brier,,,,,0.1997108774630052,0.1996957070414615,,
higgs,11,2,,,-4.667529621582567e-06,coerror_b6000_k64,coerror_swap_b6000_k64,brier,,,,,0.2012013733355621,0.2011967058059405,,
miniboone,11,0,,,0.007497897098463824,coerror_b6000_k64,top_quality_b6000_k64,auroc,,,0.9686114921172952,0.9611135950188314,,,,
miniboone,11,1,,,0.0057616938933165995,coerror_b6000_k64,top_quality_b6000_k64,auroc,,,0.9717506883742866,0.96598899448097,,,,
miniboone,11,2,,,0.00722911918577418,coerror_b6000_k64,top_quality_b6000_k64,auroc,,,0.9697263316578432,0.962497212472069,,,,
miniboone,11,0,,,0.004235477725221398,coerror_b6000_k64,top_quality_b6000_k64,brier,,,,,0.0648692859335066,0.069104763658728,,
miniboone,11,1,,,0.002744120415867801,coerror_b6000_k64,top_quality_b6000_k64,brier,,,,,0.0619955615903634,0.0647396820062312,,
miniboone,11,2,,,0.00366849637973099,coerror_b6000_k64,top_quality_b6000_k64,brier,,,,,0.0643485576312206,0.0680170540109516,,
miniboone,11,0,,,0.007506812420291609,coerror_b6000_k64,random_b6000_k64,auroc,,,0.9686114921172952,0.9611046796970036,,,,
miniboone,11,1,,,0.010319150690781376,coerror_b6000_k64,random_b6000_k64,auroc,,,0.9717506883742866,0.9614315376835052,,,,
miniboone,11,2,,,0.013055442815537166,coerror_b6000_k64,random_b6000_k64,auroc,,,0.9697263316578432,0.956670888842306,,,,
miniboone,11,0,,,0.021943164010368693,coerror_b6000_k64,random_b6000_k64,brier,,,,,0.0648692859335066,0.0868124499438753,,
miniboone,11,1,,,0.0219771854763557,coerror_b6000_k64,random_b6000_k64,brier,,,,,0.0619955615903634,0.0839727470667191,,
miniboone,11,2,,,0.02488629036276739,coerror_b6000_k64,random_b6000_k64,brier,,,,,0.0643485576312206,0.089234847993988,,
miniboone,11,0,,,-0.0003186113138111679,coerror_b6000_k64,caruana_b6000_k64,auroc,,,0.9686114921172952,0.9689301034311064,,,,
miniboone,11,1,,,-7.132257462016955e-05,coerror_b6000_k64,caruana_b6000_k64,auroc,,,0.9717506883742866,0.9718220109489067,,,,
miniboone,11,2,,,4.599421086193267e-05,coerror_b6000_k64,caruana_b6000_k64,auroc,,,0.9697263316578432,0.9696803374469812,,,,
miniboone,11,0,,,-0.0003842661231367034,coerror_b6000_k64,caruana_b6000_k64,brier,,,,,0.0648692859335066,0.0644850198103699,,
miniboone,11,1,,,-0.00023777909699240068,coerror_b6000_k64,caruana_b6000_k64,brier,,,,,0.0619955615903634,0.061757782493371,,
miniboone,11,2,,,-0.00025226959798070603,coerror_b6000_k64,caruana_b6000_k64,brier,,,,,0.0643485576312206,0.0640962880332399,,
miniboone,11,0,,,-0.0057368981544839714,coerror_b6000_k64,random_forest,auroc,,,0.9686114921172952,0.9743483902717792,,,,
miniboone,11,1,,,-0.0044831810224894575,coerror_b6000_k64,random_forest,auroc,,,0.9717506883742866,0.976233869396776,,,,
miniboone,11,2,,,-0.006648644369416812,coerror_b6000_k64,random_forest,auroc,,,0.9697263316578432,0.97637497602726,,,,
miniboone,11,0,,,-0.006306737834105007,coerror_b6000_k64,random_forest,brier,,,,,0.0648692859335066,0.0585625480994016,,
miniboone,11,1,,,-0.006053815220650703,coerror_b6000_k64,random_forest,brier,,,,,0.0619955615903634,0.0559417463697127,,
miniboone,11,2,,,-0.007622422981622905,coerror_b6000_k64,random_forest,brier,,,,,0.0643485576312206,0.0567261346495977,,
miniboone,11,0,,,-0.006898843192416404,coerror_b6000_k64,extra_trees,auroc,,,0.9686114921172952,0.9755103353097117,,,,
miniboone,11,1,,,-0.005233293912751846,coerror_b6000_k64,extra_trees,auroc,,,0.9717506883742866,0.9769839822870384,,,,
miniboone,11,2,,,-0.006268369809065422,coerror_b6000_k64,extra_trees,auroc,,,0.9697263316578432,0.9759947014669086,,,,
miniboone,11,0,,,-0.005972149918725404,coerror_b6000_k64,extra_trees,brier,,,,,0.0648692859335066,0.0588971360147812,,
miniboone,11,1,,,-0.004843937665212003,coerror_b6000_k64,extra_trees,brier,,,,,0.0619955615903634,0.0571516239251514,,
miniboone,11,2,,,-0.0057056251617042045,coerror_b6000_k64,extra_trees,brier,,,,,0.0643485576312206,0.0586429324695164,,
miniboone,11,0,,,-0.011360627442519533,coerror_b6000_k64,xgboost,auroc,,,0.9686114921172952,0.9799721195598148,,,,
miniboone,11,1,,,-0.01044452240398086,coerror_b6000_k64,xgboost,auroc,,,0.9717506883742866,0.9821952107782674,,,,
miniboone,11,2,,,-0.013122677989233611,coerror_b6000_k64,xgboost,auroc,,,0.9697263316578432,0.9828490096470768,,,,
miniboone,11,0,,,-0.015995343501445602,coerror_b6000_k64,xgboost,brier,,,,,0.0648692859335066,0.048873942432061,,
miniboone,11,1,,,-0.016869968717294702,coerror_b6000_k64,xgboost,brier,,,,,0.0619955615903634,0.0451255928730687,,
miniboone,11,2,,,-0.018668325748325602,coerror_b6000_k64,xgboost,brier,,,,,0.0643485576312206,0.045680231882895,,
miniboone,11,0,,,-0.011974168746536784,coerror_b6000_k64,lightgbm,auroc,,,0.9686114921172952,0.980585660863832,,,,
miniboone,11,1,,,-0.010595302784388583,coerror_b6000_k64,lightgbm,auroc,,,0.9717506883742866,0.9823459911586752,,,,
miniboone,11,2,,,-0.013535232123025875,coerror_b6000_k64,lightgbm,auroc,,,0.9697263316578432,0.983261563780869,,,,
miniboone,11,0,,,-0.0169455710340307,coerror_b6000_k64,lightgbm,brier,,,,,0.0648692859335066,0.0479237148994759,,
miniboone,11,1,,,-0.0171468824833634,coerror_b6000_k64,lightgbm,brier,,,,,0.0619955615903634,0.044848679107,,
miniboone,11,2,,,-0.019113036337856902,coerror_b6000_k64,lightgbm,brier,,,,,0.0643485576312206,0.0452355212933637,,
miniboone,11,0,,,-0.01130351366206217,coerror_b6000_k64,catboost,auroc,,,0.9686114921172952,0.9799150057793574,,,,
miniboone,11,1,,,-0.009761720193515844,coerror_b6000_k64,catboost,auroc,,,0.9717506883742866,0.9815124085678024,,,,
miniboone,11,2,,,-0.011796260698532235,coerror_b6000_k64,catboost,auroc,,,0.9697263316578432,0.9815225923563754,,,,
miniboone,11,0,,,-0.015294340821479006,coerror_b6000_k64,catboost,brier,,,,,0.0648692859335066,0.0495749451120276,,
miniboone,11,1,,,-0.016322695254564902,coerror_b6000_k64,catboost,brier,,,,,0.0619955615903634,0.0456728663357985,,
miniboone,11,2,,,-0.018798346091211206,coerror_b6000_k64,catboost,brier,,,,,0.0643485576312206,0.0455502115400094,,
miniboone,11,0,,,-0.004916521384067951,coerror_b6000_k64,rf_leaf5,auroc,,,0.9686114921172952,0.9735280135013632,,,,
miniboone,11,1,,,-0.003887971848979821,coerror_b6000_k64,rf_leaf5,auroc,,,0.9717506883742866,0.9756386602232664,,,,
miniboone,11,2,,,-0.005616757279908069,coerror_b6000_k64,rf_leaf5,auroc,,,0.9697263316578432,0.9753430889377512,,,,
miniboone,11,0,,,-0.005543882401336804,coerror_b6000_k64,rf_leaf5,brier,,,,,0.0648692859335066,0.0593254035321698,,
miniboone,11,1,,,-0.004844200425025202,coerror_b6000_k64,rf_leaf5,brier,,,,,0.0619955615903634,0.0571513611653382,,
miniboone,11,2,,,-0.006506505377036502,coerror_b6000_k64,rf_leaf5,brier,,,,,0.0643485576312206,0.0578420522541841,,
miniboone,11,0,,,0.0030149389590202746,coerror_b6000_k64,rf_shallow64,auroc,,,0.9686114921172952,0.965596553158275,,,,
miniboone,11,1,,,0.005728205715701984,coerror_b6000_k64,rf_shallow64,auroc,,,0.9717506883742866,0.9660224826585846,,,,
miniboone,11,2,,,0.007312466270911977,coerror_b6000_k64,rf_shallow64,auroc,,,0.9697263316578432,0.9624138653869312,,,,
miniboone,11,0,,,0.0039701790682585,coerror_b6000_k64,rf_shallow64,brier,,,,,0.0648692859335066,0.0688394650017651,,
miniboone,11,1,,,0.0071329384405069,coerror_b6000_k64,rf_shallow64,brier,,,,,0.0619955615903634,0.0691285000308703,,
miniboone,11,2,,,0.007193464046565193,coerror_b6000_k64,rf_shallow64,brier,,,,,0.0643485576312206,0.0715420216777858,,
miniboone,11,0,,,0.003445326120243619,coerror_b6000_k64,random_patches64,auroc,,,0.9686114921172952,0.9651661659970516,,,,
miniboone,11,1,,,0.0053338141663571426,coerror_b6000_k64,random_patches64,auroc,,,0.9717506883742866,0.9664168742079294,,,,
miniboone,11,2,,,0.0060184958053279836,coerror_b6000_k64,random_patches64,auroc,,,0.9697263316578432,0.9637078358525152,,,,
miniboone,11,0,,,0.008320200766963201,coerror_b6000_k64,random_patches64,brier,,,,,0.0648692859335066,0.0731894867004698,,
miniboone,11,1,,,0.010116449028904004,coerror_b6000_k64,random_patches64,brier,,,,,0.0619955615903634,0.0721120106192674,,
miniboone,11,2,,,0.010917314635502898,coerror_b6000_k64,random_patches64,brier,,,,,0.0643485576312206,0.0752658722667235,,
miniboone,11,0,,,0.005476124991028897,coerror_b6000_k64,linear,auroc,,,0.9686114921172952,0.9631353671262664,,,,
miniboone,11,1,,,0.054829897888361345,coerror_b6000_k64,linear,auroc,,,0.9717506883742866,0.9169207904859252,,,,
miniboone,11,2,,,0.05382805635712473,coerror_b6000_k64,linear,auroc,,,0.9697263316578432,0.9158982753007184,,,,
miniboone,11,0,,,-0.0006692238151667085,coerror_b6000_k64,linear,brier,,,,,0.0648692859335066,0.0642000621183399,,
miniboone,11,1,,,0.036084346375092,coerror_b6000_k64,linear,brier,,,,,0.0619955615903634,0.0980799079654554,,
miniboone,11,2,,,0.035104152554526494,coerror_b6000_k64,linear,brier,,,,,0.0643485576312206,0.0994527101857471,,
miniboone,11,0,,,-0.0034113364557764037,coerror_b6000_k64,abs_correlation_b6000_k64,auroc,,,0.9686114921172952,0.9720228285730717,,,,
miniboone,11,1,,,-0.0016677223893596382,coerror_b6000_k64,abs_correlation_b6000_k64,auroc,,,0.9717506883742866,0.9734184107636462,,,,
miniboone,11,2,,,-0.001802415560203885,coerror_b6000_k64,abs_correlation_b6000_k64,auroc,,,0.9697263316578432,0.971528747218047,,,,
miniboone,11,0,,,0.008445358778960993,coerror_b6000_k64,abs_correlation_b6000_k64,brier,,,,,0.0648692859335066,0.0733146447124676,,
miniboone,11,1,,,0.010510751391964904,coerror_b6000_k64,abs_correlation_b6000_k64,brier,,,,,0.0619955615903634,0.0725063129823283,,
miniboone,11,2,,,0.01001259072045009,coerror_b6000_k64,abs_correlation_b6000_k64,brier,,,,,0.0643485576312206,0.0743611483516707,,
miniboone,11,0,,,-0.0034113364557764037,coerror_b6000_k64,signed_correlation_b6000_k64,auroc,,,0.9686114921172952,0.9720228285730717,,,,
miniboone,11,1,,,-0.0016677223893596382,coerror_b6000_k64,signed_correlation_b6000_k64,auroc,,,0.9717506883742866,0.9734184107636462,,,,
miniboone,11,2,,,-0.001802415560203885,coerror_b6000_k64,signed_correlation_b6000_k64,auroc,,,0.9697263316578432,0.971528747218047,,,,
miniboone,11,0,,,0.008445358778960993,coerror_b6000_k64,signed_correlation_b6000_k64,brier,,,,,0.0648692859335066,0.0733146447124676,,
miniboone,11,1,,,0.010510751391964904,coerror_b6000_k64,signed_correlation_b6000_k64,brier,,,,,0.0619955615903634,0.0725063129823283,,
miniboone,11,2,,,0.01001259072045009,coerror_b6000_k64,signed_correlation_b6000_k64,brier,,,,,0.0643485576312206,0.0743611483516707,,
miniboone,11,0,,,0.00626708119941366,coerror_b6000_k64,quality_diversity_l002_b6000_k64,auroc,,,0.9686114921172952,0.9623444109178816,,,,
miniboone,11,1,,,0.004596238447414525,coerror_b6000_k64,quality_diversity_l002_b6000_k64,auroc,,,0.9717506883742866,0.967154449926872,,,,
miniboone,11,2,,,0.005458425693425362,coerror_b6000_k64,quality_diversity_l002_b6000_k64,auroc,,,0.9697263316578432,0.9642679059644178,,,,
miniboone,11,0,,,0.0033219826151098947,coerror_b6000_k64,quality_diversity_l002_b6000_k64,brier,,,,,0.0648692859335066,0.0681912685486165,,
miniboone,11,1,,,0.002054924230242103,coerror_b6000_k64,quality_diversity_l002_b6000_k64,brier,,,,,0.0619955615903634,0.0640504858206055,,
miniboone,11,2,,,0.0025807026194373944,coerror_b6000_k64,quality_diversity_l002_b6000_k64,brier,,,,,0.0643485576312206,0.066929260250658,,
miniboone,11,0,,,0.0007021930354396133,coerror_b6000_k64,quality_diversity_l01_b6000_k64,auroc,,,0.9686114921172952,0.9679092990818556,,,,
miniboone,11,1,,,0.0008186494268117572,coerror_b6000_k64,quality_diversity_l01_b6000_k64,auroc,,,0.9717506883742866,0.9709320389474748,,,,
miniboone,11,2,,,0.001783962125300409,coerror_b6000_k64,quality_diversity_l01_b6000_k64,auroc,,,0.9697263316578432,0.9679423695325428,,,,
miniboone,11,0,,,4.0940538829900563e-05,coerror_b6000_k64,quality_diversity_l01_b6000_k64,brier,,,,,0.0648692859335066,0.0649102264723365,,
miniboone,11,1,,,5.298882423600271e-06,coerror_b6000_k64,quality_diversity_l01_b6000_k64,brier,,,,,0.0619955615903634,0.062000860472787,,
miniboone,11,2,,,0.0007161976038815021,coerror_b6000_k64,quality_diversity_l01_b6000_k64,brier,,,,,0.0643485576312206,0.0650647552351021,,
miniboone,11,0,,,-0.0028437647799319787,coerror_b6000_k64,quality_diversity_l05_b6000_k64,auroc,,,0.9686114921172952,0.9714552568972272,,,,
miniboone,11,1,,,-0.001020581466204984,coerror_b6000_k64,quality_diversity_l05_b6000_k64,auroc,,,0.9717506883742866,0.9727712698404916,,,,
miniboone,11,2,,,-0.0015212097425216786,coerror_b6000_k64,quality_diversity_l05_b6000_k64,auroc,,,0.9697263316578432,0.9712475414003648,,,,
miniboone,11,0,,,9.842860328079794e-05,coerror_b6000_k64,quality_diversity_l05_b6000_k64,brier,,,,,0.0648692859335066,0.0649677145367874,,
miniboone,11,1,,,0.0016262977454361977,coerror_b6000_k64,quality_diversity_l05_b6000_k64,brier,,,,,0.0619955615903634,0.0636218593357996,,
miniboone,11,2,,,0.0014858544752791997,coerror_b6000_k64,quality_diversity_l05_b6000_k64,brier,,,,,0.0643485576312206,0.0658344121064998,,
miniboone,11,0,,,0.0,coerror_b6000_k64,coerror_cert_b6000_k64,auroc,,,0.9686114921172952,0.9686114921172952,,,,
miniboone,11,1,,,0.0,coerror_b6000_k64,coerror_cert_b6000_k64,auroc,,,0.9717506883742866,0.9717506883742866,,,,
miniboone,11,2,,,0.0,coerror_b6000_k64,coerror_cert_b6000_k64,auroc,,,0.9697263316578432,0.9697263316578432,,,,
miniboone,11,0,,,-0.0,coerror_b6000_k64,coerror_cert_b6000_k64,brier,,,,,0.0648692859335066,0.0648692859335066,,
miniboone,11,1,,,-0.0,coerror_b6000_k64,coerror_cert_b6000_k64,brier,,,,,0.0619955615903634,0.0619955615903634,,
miniboone,11,2,,,-0.0,coerror_b6000_k64,coerror_cert_b6000_k64,brier,,,,,0.0643485576312206,0.0643485576312206,,
miniboone,11,0,,,-0.00034474435091780276,coerror_b6000_k64,coerror_b1000_k64,auroc,,,0.9686114921172952,0.968956236468213,,,,
miniboone,11,1,,,0.0007189092638661965,coerror_b6000_k64,coerror_b1000_k64,auroc,,,0.9717506883742866,0.9710317791104204,,,,
miniboone,11,2,,,0.0007375241399919519,coerror_b6000_k64,coerror_b1000_k64,auroc,,,0.9697263316578432,0.9689888075178512,,,,
miniboone,11,0,,,-3.450280889989721e-05,coerror_b6000_k64,coerror_b1000_k64,brier,,,,,0.0648692859335066,0.0648347831246067,,
miniboone,11,1,,,0.0005373618598149971,coerror_b6000_k64,coerror_b1000_k64,brier,,,,,0.0619955615903634,0.0625329234501784,,
miniboone,11,2,,,0.0008097759187516013,coerror_b6000_k64,coerror_b1000_k64,brier,,,,,0.0643485576312206,0.0651583335499722,,
miniboone,11,0,,,-0.0005162528545747946,coerror_b6000_k64,coerror_b3000_k64,auroc,,,0.9686114921172952,0.96912774497187,,,,
miniboone,11,1,,,0.0002715829911705825,coerror_b6000_k64,coerror_b3000_k64,auroc,,,0.9717506883742866,0.971479105383116,,,,
miniboone,11,2,,,0.0003147119034133672,coerror_b6000_k64,coerror_b3000_k64,auroc,,,0.9697263316578432,0.9694116197544298,,,,
miniboone,11,0,,,-0.000364439352496998,coerror_b6000_k64,coerror_b3000_k64,brier,,,,,0.0648692859335066,0.0645048465810096,,
miniboone,11,1,,,0.00016156714161200125,coerror_b6000_k64,coerror_b3000_k64,brier,,,,,0.0619955615903634,0.0621571287319754,,
miniboone,11,2,,,0.0003834075352985994,coerror_b6000_k64,coerror_b3000_k64,brier,,,,,0.0643485576312206,0.0647319651665192,,
miniboone,11,0,,,0.0006836380218860905,coerror_b6000_k64,coerror_b6000_k16,auroc,,,0.9686114921172952,0.9679278540954092,,,,
miniboone,11,1,,,0.0007342881940185508,coerror_b6000_k64,coerror_b6000_k16,auroc,,,0.9717506883742866,0.971016400180268,,,,
miniboone,11,2,,,0.0007489530045089454,coerror_b6000_k64,coerror_b6000_k16,auroc,,,0.9697263316578432,0.9689773786533342,,,,
miniboone,11,0,,,5.896102049950114e-05,coerror_b6000_k64,coerror_b6000_k16,brier,,,,,0.0648692859335066,0.0649282469540061,,
miniboone,11,1,,,0.00020806433258469675,coerror_b6000_k64,coerror_b6000_k16,brier,,,,,0.0619955615903634,0.0622036259229481,,
miniboone,11,2,,,-5.2107173934598516e-05,coerror_b6000_k64,coerror_b6000_k16,brier,,,,,0.0643485576312206,0.064296450457286,,
miniboone,11,0,,,-0.0002602159558408035,coerror_b6000_k64,coerror_b6000_k128,auroc,,,0.9686114921172952,0.968871708073136,,,,
miniboone,11,1,,,-1.4877443299865512e-05,coerror_b6000_k64,coerror_b6000_k128,auroc,,,0.9717506883742866,0.9717655658175864,,,,
miniboone,11,2,,,0.00015743957754432714,coerror_b6000_k64,coerror_b6000_k128,auroc,,,0.9697263316578432,0.9695688920802988,,,,
miniboone,11,0,,,-0.00022079877957451033,coerror_b6000_k64,coerror_b6000_k128,brier,,,,,0.0648692859335066,0.0646484871539321,,
miniboone,11,1,,,7.377508520500092e-05,coerror_b6000_k64,coerror_b6000_k128,brier,,,,,0.0619955615903634,0.0620693366755684,,
miniboone,11,2,,,0.00026043177640899806,coerror_b6000_k64,coerror_b6000_k128,brier,,,,,0.0643485576312206,0.0646089894076296,,
miniboone,11,0,,,-0.0003686485575679077,coerror_b6000_k64,coerror_b6000_k256,auroc,,,0.9686114921172952,0.9689801406748632,,,,
miniboone,11,1,,,0.00023363715264212992,coerror_b6000_k64,coerror_b6000_k256,auroc,,,0.9717506883742866,0.9715170512216444,,,,
miniboone,11,2,,,0.00011886019097917533,coerror_b6000_k64,coerror_b6000_k256,auroc,,,0.9697263316578432,0.969607471466864,,,,
miniboone,11,0,,,-0.00021069069282260433,coerror_b6000_k64,coerror_b6000_k256,brier,,,,,0.0648692859335066,0.064658595240684,,
miniboone,11,1,,,0.00029421611186449675,coerror_b6000_k64,coerror_b6000_k256,brier,,,,,0.0619955615903634,0.0622897777022279,,
miniboone,11,2,,,0.0003279401097252971,coerror_b6000_k64,coerror_b6000_k256,brier,,,,,0.0643485576312206,0.0646764977409459,,
miniboone,11,0,,,-4.580246588914427e-05,coerror_b6000_k64,coerror_swap_b6000_k64,auroc,,,0.9686114921172952,0.9686572945831844,,,,
miniboone,11,1,,,3.4546872081375746e-05,coerror_b6000_k64,coerror_swap_b6000_k64,auroc,,,0.9717506883742866,0.9717161415022052,,,,
miniboone,11,2,,,-2.4530245793075167e-05,coerror_b6000_k64,coerror_swap_b6000_k64,auroc,,,0.9697263316578432,0.9697508619036362,,,,
miniboone,11,0,,,-4.310631953240163e-05,coerror_b6000_k64,coerror_swap_b6000_k64,brier,,,,,0.0648692859335066,0.0648261796139742,,
miniboone,11,1,,,6.79659163290991e-05,coerror_b6000_k64,coerror_swap_b6000_k64,brier,,,,,0.0619955615903634,0.0620635275066925,,
miniboone,11,2,,,-5.2299640373107414e-05,coerror_b6000_k64,coerror_swap_b6000_k64,brier,,,,,0.0643485576312206,0.0642962579908475,,
musk2,11,0,,,-0.03896103896103886,coerror_b6000_k64,top_quality_b6000_k64,group_auroc,,,,,,,0.670995670995671,0.7099567099567099
musk2,11,1,,,-0.04761904761904778,coerror_b6000_k64,top_quality_b6000_k64,group_auroc,,,,,,,0.7993197278911564,0.8469387755102041
musk2,11,2,,,0.013605442176870652,coerror_b6000_k64,top_quality_b6000_k64,group_auroc,,,,,,,0.9081632653061223,0.8945578231292517
musk2,11,0,,,0.018610938792460285,coerror_b6000_k64,top_quality_b6000_k64,brier,,,,,0.1548418349436309,0.1734527737360912,,
musk2,11,1,,,-0.015293205577075392,coerror_b6000_k64,top_quality_b6000_k64,brier,,,,,0.1088534532467875,0.0935602476697121,,
musk2,11,2,,,0.019635620446489588,coerror_b6000_k64,top_quality_b6000_k64,brier,,,,,0.1063312386911929,0.1259668591376825,,
musk2,11,0,,,0.0,coerror_b6000_k64,random_b6000_k64,group_auroc,,,,,,,0.670995670995671,0.670995670995671
musk2,11,1,,,-0.051020408163265474,coerror_b6000_k64,random_b6000_k64,group_auroc,,,,,,,0.7993197278911564,0.8503401360544218
musk2,11,2,,,0.020408163265306034,coerror_b6000_k64,random_b6000_k64,group_auroc,,,,,,,0.9081632653061223,0.8877551020408163
musk2,11,0,,,-0.01398989007346682,coerror_b6000_k64,random_b6000_k64,brier,,,,,0.1548418349436309,0.1408519448701641,,
musk2,11,1,,,-0.010845425769049802,coerror_b6000_k64,random_b6000_k64,brier,,,,,0.1088534532467875,0.0980080274777377,,
musk2,11,2,,,-0.005521596395853701,coerror_b6000_k64,random_b6000_k64,brier,,,,,0.1063312386911929,0.1008096422953392,,
musk2,11,0,,,-0.02597402597402587,coerror_b6000_k64,caruana_b6000_k64,group_auroc,,,,,,,0.670995670995671,0.6969696969696969
musk2,11,1,,,0.00510204081632637,coerror_b6000_k64,caruana_b6000_k64,group_auroc,,,,,,,0.7993197278911564,0.79421768707483
musk2,11,2,,,-0.020408163265306256,coerror_b6000_k64,caruana_b6000_k64,group_auroc,,,,,,,0.9081632653061223,0.9285714285714286
musk2,11,0,,,-0.012662358978953708,coerror_b6000_k64,caruana_b6000_k64,brier,,,,,0.1548418349436309,0.1421794759646772,,
musk2,11,1,,,-0.0004655007600146005,coerror_b6000_k64,caruana_b6000_k64,brier,,,,,0.1088534532467875,0.1083879524867729,,
musk2,11,2,,,-0.0114201899529352,coerror_b6000_k64,caruana_b6000_k64,brier,,,,,0.1063312386911929,0.0949110487382577,,
musk2,11,0,,,-0.10389610389610382,coerror_b6000_k64,random_forest,group_auroc,,,,,,,0.670995670995671,0.7748917748917749
musk2,11,1,,,-0.057823129251700744,coerror_b6000_k64,random_forest,group_auroc,,,,,,,0.7993197278911564,0.8571428571428571
musk2,11,2,,,0.00170068027210879,coerror_b6000_k64,random_forest,group_auroc,,,,,,,0.9081632653061223,0.9064625850340136
musk2,11,0,,,0.0055750698526225995,coerror_b6000_k64,random_forest,brier,,,,,0.1548418349436309,0.1604169047962535,,
musk2,11,1,,,0.0395612591846444,coerror_b6000_k64,random_forest,brier,,,,,0.1088534532467875,0.1484147124314319,,
musk2,11,2,,,-0.00818608293413721,coerror_b6000_k64,random_forest,brier,,,,,0.1063312386911929,0.0981451557570557,,
musk2,11,0,,,-0.1515151515151515,coerror_b6000_k64,extra_trees,group_auroc,,,,,,,0.670995670995671,0.8225108225108225
musk2,11,1,,,-0.06802721088435382,coerror_b6000_k64,extra_trees,group_auroc,,,,,,,0.7993197278911564,0.8673469387755102
musk2,11,2,,,-0.017006802721088454,coerror_b6000_k64,extra_trees,group_auroc,,,,,,,0.9081632653061223,0.9251700680272108
musk2,11,0,,,-0.007839063392672097,coerror_b6000_k64,extra_trees,brier,,,,,0.1548418349436309,0.1470027715509588,,
musk2,11,1,,,-0.0008563725535924993,coerror_b6000_k64,extra_trees,brier,,,,,0.1088534532467875,0.107997080693195,,
musk2,11,2,,,-0.022923498811649,coerror_b6000_k64,extra_trees,brier,,,,,0.1063312386911929,0.0834077398795439,,
musk2,11,0,,,-0.1385281385281385,coerror_b6000_k64,xgboost,group_auroc,,,,,,,0.670995670995671,0.8095238095238095
musk2,11,1,,,-0.04761904761904778,coerror_b6000_k64,xgboost,group_auroc,,,,,,,0.7993197278911564,0.8469387755102041
musk2,11,2,,,-0.0408163265306124,coerror_b6000_k64,xgboost,group_auroc,,,,,,,0.9081632653061223,0.9489795918367347
musk2,11,0,,,-0.016162287043724494,coerror_b6000_k64,xgboost,brier,,,,,0.1548418349436309,0.1386795478999064,,
musk2,11,1,,,-0.013280554705453196,coerror_b6000_k64,xgboost,brier,,,,,0.1088534532467875,0.0955728985413343,,
musk2,11,2,,,0.0459269378449548,coerror_b6000_k64,xgboost,brier,,,,,0.1063312386911929,0.1522581765361477,,
musk2,11,0,,,-0.16450216450216448,coerror_b6000_k64,lightgbm,group_auroc,,,,,,,0.670995670995671,0.8354978354978355
musk2,11,1,,,-0.06802721088435382,coerror_b6000_k64,lightgbm,group_auroc,,,,,,,0.7993197278911564,0.8673469387755102
musk2,11,2,,,-0.04421768707483009,coerror_b6000_k64,lightgbm,group_auroc,,,,,,,0.9081632653061223,0.9523809523809524
musk2,11,0,,,0.0347568171470847,coerror_b6000_k64,lightgbm,brier,,,,,0.1548418349436309,0.1895986520907156,,
musk2,11,1,,,-0.0036023134685289893,coerror_b6000_k64,lightgbm,brier,,,,,0.1088534532467875,0.1052511397782585,,
musk2,11,2,,,0.023319942879844402,coerror_b6000_k64,lightgbm,brier,,,,,0.1063312386911929,0.1296511815710373,,
musk2,11,0,,,-0.1212121212121211,coerror_b6000_k64,catboost,group_auroc,,,,,,,0.670995670995671,0.7922077922077921
musk2,11,1,,,-0.061224489795918435,coerror_b6000_k64,catboost,group_auroc,,,,,,,0.7993197278911564,0.8605442176870748
musk2,11,2,,,-0.030612244897959218,coerror_b6000_k64,catboost,group_auroc,,,,,,,0.9081632653061223,0.9387755102040816
musk2,11,0,,,0.014494036433639584,coerror_b6000_k64,catboost,brier,,,,,0.1548418349436309,0.1693358713772705,,
musk2,11,1,,,-0.027616774979710795,coerror_b6000_k64,catboost,brier,,,,,0.1088534532467875,0.0812366782670767,,
musk2,11,2,,,-0.021758662754147506,coerror_b6000_k64,catboost,brier,,,,,0.1063312386911929,0.0845725759370454,,
musk2,11,0,,,-0.09090909090909083,coerror_b6000_k64,rf_leaf5,group_auroc,,,,,,,0.670995670995671,0.7619047619047619
musk2,11,1,,,-0.054421768707483165,coerror_b6000_k64,rf_leaf5,group_auroc,,,,,,,0.7993197278911564,0.8537414965986395
musk2,11,2,,,-0.003401360544217691,coerror_b6000_k64,rf_leaf5,group_auroc,,,,,,,0.9081632653061223,0.91156462585034
musk2,11,0,,,-0.0022574356995813116,coerror_b6000_k64,rf_leaf5,brier,,,,,0.1548418349436309,0.1525843992440496,,
musk2,11,1,,,0.014268152945383708,coerror_b6000_k64,rf_leaf5,brier,,,,,0.1088534532467875,0.1231216061921712,,
musk2,11,2,,,-0.011102752512328104,coerror_b6000_k64,rf_leaf5,brier,,,,,0.1063312386911929,0.0952284861788648,,
musk2,11,0,,,-0.07359307359307365,coerror_b6000_k64,rf_shallow64,group_auroc,,,,,,,0.670995670995671,0.7445887445887447
musk2,11,1,,,-0.013605442176870874,coerror_b6000_k64,rf_shallow64,group_auroc,,,,,,,0.7993197278911564,0.8129251700680272
musk2,11,2,,,0.013605442176870652,coerror_b6000_k64,rf_shallow64,group_auroc,,,,,,,0.9081632653061223,0.8945578231292517
musk2,11,0,,,-0.006131005732924716,coerror_b6000_k64,rf_shallow64,brier,,,,,0.1548418349436309,0.1487108292107062,,
musk2,11,1,,,-0.0021366679505664954,coerror_b6000_k64,rf_shallow64,brier,,,,,0.1088534532467875,0.106716785296221,,
musk2,11,2,,,-0.015496196885046304,coerror_b6000_k64,rf_shallow64,brier,,,,,0.1063312386911929,0.0908350418061466,,
musk2,11,0,,,-0.02164502164502169,coerror_b6000_k64,random_patches64,group_auroc,,,,,,,0.670995670995671,0.6926406926406927
musk2,11,1,,,-0.003401360544217802,coerror_b6000_k64,random_patches64,group_auroc,,,,,,,0.7993197278911564,0.8027210884353742
musk2,11,2,,,-0.03401360544217702,coerror_b6000_k64,random_patches64,group_auroc,,,,,,,0.9081632653061223,0.9421768707482994
musk2,11,0,,,0.0036014942764680813,coerror_b6000_k64,random_patches64,brier,,,,,0.1548418349436309,0.158443329220099,,
musk2,11,1,,,-0.0002046289955034003,coerror_b6000_k64,random_patches64,brier,,,,,0.1088534532467875,0.1086488242512841,,
musk2,11,2,,,-0.006434132853030405,coerror_b6000_k64,random_patches64,brier,,,,,0.1063312386911929,0.0998971058381625,,
musk2,11,0,,,-0.1298701298701298,coerror_b6000_k64,linear,group_auroc,,,,,,,0.670995670995671,0.8008658008658008
musk2,11,1,,,0.010204081632652962,coerror_b6000_k64,linear,group_auroc,,,,,,,0.7993197278911564,0.7891156462585034
musk2,11,2,,,0.1360544217687073,coerror_b6000_k64,linear,group_auroc,,,,,,,0.9081632653061223,0.772108843537415
musk2,11,0,,,-0.0219996136003974,coerror_b6000_k64,linear,brier,,,,,0.1548418349436309,0.1328422213432335,,
musk2,11,1,,,0.002107932111214808,coerror_b6000_k64,linear,brier,,,,,0.1088534532467875,0.1109613853580023,,
musk2,11,2,,,0.05015828817786119,coerror_b6000_k64,linear,brier,,,,,0.1063312386911929,0.1564895268690541,,
musk2,11,0,,,-0.07359307359307354,coerror_b6000_k64,abs_correlation_b6000_k64,group_auroc,,,,,,,0.670995670995671,0.7445887445887446
musk2,11,1,,,-0.04421768707482998,coerror_b6000_k64,abs_correlation_b6000_k64,group_auroc,,,,,,,0.7993197278911564,0.8435374149659863
musk2,11,2,,,0.0,coerror_b6000_k64,abs_correlation_b6000_k64,group_auroc,,,,,,,0.9081632653061223,0.9081632653061223
musk2,11,0,,,-0.003018536430344221,coerror_b6000_k64,abs_correlation_b6000_k64,brier,,,,,0.1548418349436309,0.1518232985132867,,
musk2,11,1,,,-0.007848937626147301,coerror_b6000_k64,abs_correlation_b6000_k64,brier,,,,,0.1088534532467875,0.1010045156206402,,
musk2,11,2,,,-0.0211441749314817,coerror_b6000_k64,abs_correlation_b6000_k64,brier,,,,,0.1063312386911929,0.0851870637597112,,
musk2,11,0,,,-0.07359307359307354,coerror_b6000_k64,signed_correlation_b6000_k64,group_auroc,,,,,,,0.670995670995671,0.7445887445887446
musk2,11,1,,,-0.04421768707482998,coerror_b6000_k64,signed_correlation_b6000_k64,group_auroc,,,,,,,0.7993197278911564,0.8435374149659863
musk2,11,2,,,0.0,coerror_b6000_k64,signed_correlation_b6000_k64,group_auroc,,,,,,,0.9081632653061223,0.9081632653061223
musk2,11,0,,,-0.003018536430344221,coerror_b6000_k64,signed_correlation_b6000_k64,brier,,,,,0.1548418349436309,0.1518232985132867,,
musk2,11,1,,,-0.007848937626147301,coerror_b6000_k64,signed_correlation_b6000_k64,brier,,,,,0.1088534532467875,0.1010045156206402,,
musk2,11,2,,,-0.0211441749314817,coerror_b6000_k64,signed_correlation_b6000_k64,brier,,,,,0.1063312386911929,0.0851870637597112,,
musk2,11,0,,,-0.04329004329004327,coerror_b6000_k64,quality_diversity_l002_b6000_k64,group_auroc,,,,,,,0.670995670995671,0.7142857142857143
musk2,11,1,,,-0.04421768707483009,coerror_b6000_k64,quality_diversity_l002_b6000_k64,group_auroc,,,,,,,0.7993197278911564,0.8435374149659864
musk2,11,2,,,0.017006802721088343,coerror_b6000_k64,quality_diversity_l002_b6000_k64,group_auroc,,,,,,,0.9081632653061223,0.891156462585034
musk2,11,0,,,0.016444465804778596,coerror_b6000_k64,quality_diversity_l002_b6000_k64,brier,,,,,0.1548418349436309,0.1712863007484095,,
musk2,11,1,,,-0.015139560893943901,coerror_b6000_k64,quality_diversity_l002_b6000_k64,brier,,,,,0.1088534532467875,0.0937138923528436,,
musk2,11,2,,,0.018619081480678396,coerror_b6000_k64,quality_diversity_l002_b6000_k64,brier,,,,,0.1063312386911929,0.1249503201718713,,
musk2,11,0,,,-0.051948051948051965,coerror_b6000_k64,quality_diversity_l01_b6000_k64,group_auroc,,,,,,,0.670995670995671,0.722943722943723
musk2,11,1,,,-0.023809523809523947,coerror_b6000_k64,quality_diversity_l01_b6000_k64,group_auroc,,,,,,,0.7993197278911564,0.8231292517006803
musk2,11,2,,,0.013605442176870652,coerror_b6000_k64,quality_diversity_l01_b6000_k64,group_auroc,,,,,,,0.9081632653061223,0.8945578231292517
musk2,11,0,,,0.018966360129630794,coerror_b6000_k64,quality_diversity_l01_b6000_k64,brier,,,,,0.1548418349436309,0.1738081950732617,,
musk2,11,1,,,-0.014800687523613201,coerror_b6000_k64,quality_diversity_l01_b6000_k64,brier,,,,,0.1088534532467875,0.0940527657231743,,
musk2,11,2,,,0.00703591859292689,coerror_b6000_k64,quality_diversity_l01_b6000_k64,brier,,,,,0.1063312386911929,0.1133671572841198,,
musk2,11,0,,,-0.07359307359307354,coerror_b6000_k64,quality_diversity_l05_b6000_k64,group_auroc,,,,,,,0.670995670995671,0.7445887445887446
musk2,11,1,,,-0.07142857142857151,coerror_b6000_k64,quality_diversity_l05_b6000_k64,group_auroc,,,,,,,0.7993197278911564,0.8707482993197279
musk2,11,2,,,0.00340136054421758,coerror_b6000_k64,quality_diversity_l05_b6000_k64,group_auroc,,,,,,,0.9081632653061223,0.9047619047619048
musk2,11,0,,,0.014705180051661298,coerror_b6000_k64,quality_diversity_l05_b6000_k64,brier,,,,,0.1548418349436309,0.1695470149952922,,
musk2,11,1,,,-0.015169711164674998,coerror_b6000_k64,quality_diversity_l05_b6000_k64,brier,,,,,0.1088534532467875,0.0936837420821125,,
musk2,11,2,,,-0.014281273554361498,coerror_b6000_k64,quality_diversity_l05_b6000_k64,brier,,,,,0.1063312386911929,0.0920499651368314,,
musk2,11,0,,,0.0,coerror_b6000_k64,coerror_cert_b6000_k64,group_auroc,,,,,,,0.670995670995671,0.670995670995671
musk2,11,1,,,-1.1102230246251565e-16,coerror_b6000_k64,coerror_cert_b6000_k64,group_auroc,,,,,,,0.7993197278911564,0.7993197278911565
musk2,11,2,,,-0.003401360544217691,coerror_b6000_k64,coerror_cert_b6000_k64,group_auroc,,,,,,,0.9081632653061223,0.91156462585034
musk2,11,0,,,-0.0,coerror_b6000_k64,coerror_cert_b6000_k64,brier,,,,,0.1548418349436309,0.1548418349436309,,
musk2,11,1,,,-0.0006564414378326944,coerror_b6000_k64,coerror_cert_b6000_k64,brier,,,,,0.1088534532467875,0.1081970118089548,,
musk2,11,2,,,-0.0031546165714385066,coerror_b6000_k64,coerror_cert_b6000_k64,brier,,,,,0.1063312386911929,0.1031766221197544,,
musk2,11,0,,,0.04329004329004327,coerror_b6000_k64,coerror_b1000_k64,group_auroc,,,,,,,0.670995670995671,0.6277056277056278
musk2,11,1,,,0.020408163265306034,coerror_b6000_k64,coerror_b1000_k64,group_auroc,,,,,,,0.7993197278911564,0.7789115646258503
musk2,11,2,,,0.034013605442176686,coerror_b6000_k64,coerror_b1000_k64,group_auroc,,,,,,,0.9081632653061223,0.8741496598639457
musk2,11,0,,,0.014065630845619598,coerror_b6000_k64,coerror_b1000_k64,brier,,,,,0.1548418349436309,0.1689074657892505,,
musk2,11,1,,,-0.0037399235547722898,coerror_b6000_k64,coerror_b1000_k64,brier,,,,,0.1088534532467875,0.1051135296920152,,
musk2,11,2,,,0.0008287051891592012,coerror_b6000_k64,coerror_b1000_k64,brier,,,,,0.1063312386911929,0.1071599438803521,,
musk2,11,0,,,0.02164502164502169,coerror_b6000_k64,coerror_b3000_k64,group_auroc,,,,,,,0.670995670995671,0.6493506493506493
musk2,11,1,,,0.017006802721088343,coerror_b6000_k64,coerror_b3000_k64,group_auroc,,,,,,,0.7993197278911564,0.782312925170068
musk2,11,2,,,0.00340136054421758,coerror_b6000_k64,coerror_b3000_k64,group_auroc,,,,,,,0.9081632653061223,0.9047619047619048
musk2,11,0,,,0.004464373740188904,coerror_b6000_k64,coerror_b3000_k64,brier,,,,,0.1548418349436309,0.1593062086838198,,
musk2,11,1,,,-0.002630684409190495,coerror_b6000_k64,coerror_b3000_k64,brier,,,,,0.1088534532467875,0.106222768837597,,
musk2,11,2,,,6.633271591330314e-05,coerror_b6000_k64,coerror_b3000_k64,brier,,,,,0.1063312386911929,0.1063975714071062,,
musk2,11,0,,,0.008658008658008698,coerror_b6000_k64,coerror_b6000_k16,group_auroc,,,,,,,0.670995670995671,0.6623376623376623
musk2,11,1,,,0.001700680272108679,coerror_b6000_k64,coerror_b6000_k16,group_auroc,,,,,,,0.7993197278911564,0.7976190476190477
musk2,11,2,,,0.00680272108843516,coerror_b6000_k64,coerror_b6000_k16,group_auroc,,,,,,,0.9081632653061223,0.9013605442176872
musk2,11,0,,,-0.009409518503420006,coerror_b6000_k64,coerror_b6000_k16,brier,,,,,0.1548418349436309,0.1454323164402109,,
musk2,11,1,,,0.0003510729064774981,coerror_b6000_k64,coerror_b6000_k16,brier,,,,,0.1088534532467875,0.109204526153265,,
musk2,11,2,,,-0.007545140943551409,coerror_b6000_k64,coerror_b6000_k16,brier,,,,,0.1063312386911929,0.0987860977476415,,
musk2,11,0,,,0.012987012987012991,coerror_b6000_k64,coerror_b6000_k128,group_auroc,,,,,,,0.670995670995671,0.658008658008658
musk2,11,1,,,0.010204081632652962,coerror_b6000_k64,coerror_b6000_k128,group_auroc,,,,,,,0.7993197278911564,0.7891156462585034
musk2,11,2,,,0.0,coerror_b6000_k64,coerror_b6000_k128,group_auroc,,,,,,,0.9081632653061223,0.9081632653061223
musk2,11,0,,,-0.001472211962424308,coerror_b6000_k64,coerror_b6000_k128,brier,,,,,0.1548418349436309,0.1533696229812066,,
musk2,11,1,,,-0.002442331327645292,coerror_b6000_k64,coerror_b6000_k128,brier,,,,,0.1088534532467875,0.1064111219191422,,
musk2,11,2,,,0.0002578426469736911,coerror_b6000_k64,coerror_b6000_k128,brier,,,,,0.1063312386911929,0.1065890813381666,,
musk2,11,0,,,0.017316017316017285,coerror_b6000_k64,coerror_b6000_k256,group_auroc,,,,,,,0.670995670995671,0.6536796536796537
musk2,11,1,,,0.017006802721088343,coerror_b6000_k64,coerror_b6000_k256,group_auroc,,,,,,,0.7993197278911564,0.782312925170068
musk2,11,2,,,0.0,coerror_b6000_k64,coerror_b6000_k256,group_auroc,,,,,,,0.9081632653061223,0.9081632653061223
musk2,11,0,,,-0.0024743353050672157,coerror_b6000_k64,coerror_b6000_k256,brier,,,,,0.1548418349436309,0.1523674996385637,,
musk2,11,1,,,-0.0043841147015522,coerror_b6000_k64,coerror_b6000_k256,brier,,,,,0.1088534532467875,0.1044693385452353,,
musk2,11,2,,,-0.0008612318903183092,coerror_b6000_k64,coerror_b6000_k256,brier,,,,,0.1063312386911929,0.1054700068008746,,
musk2,11,0,,,-0.0043290043290042934,coerror_b6000_k64,coerror_swap_b6000_k64,group_auroc,,,,,,,0.670995670995671,0.6753246753246753
musk2,11,1,,,0.0,coerror_b6000_k64,coerror_swap_b6000_k64,group_auroc,,,,,,,0.7993197278911564,0.7993197278911564
musk2,11,2,,,-0.003401360544217691,coerror_b6000_k64,coerror_swap_b6000_k64,group_auroc,,,,,,,0.9081632653061223,0.91156462585034
musk2,11,0,,,-0.00032849478931681886,coerror_b6000_k64,coerror_swap_b6000_k64,brier,,,,,0.1548418349436309,0.1545133401543141,,
musk2,11,1,,,-0.0,coerror_b6000_k64,coerror_swap_b6000_k64,brier,,,,,0.1088534532467875,0.1088534532467875,,
musk2,11,2,,,-0.0012534087746877975,coerror_b6000_k64,coerror_swap_b6000_k64,brier,,,,,0.1063312386911929,0.1050778299165051,,
superconductivity,11,0,13.980794211859672,14.315565039956075,0.3347708280964028,coerror_b6000_k64,top_quality_b6000_k64,rmse,,,,,,,,
superconductivity,11,1,13.665256249248698,13.844056993590664,0.17880074434196658,coerror_b6000_k64,top_quality_b6000_k64,rmse,,,,,,,,
superconductivity,11,2,13.773642969403692,13.954031007997775,0.18038803859408326,coerror_b6000_k64,top_quality_b6000_k64,rmse,,,,,,,,
superconductivity,11,0,,,0.008011320694455815,coerror_b6000_k64,top_quality_b6000_k64,normalized_squared_loss,0.1653063878723409,0.1733177085667967,,,,,,
superconductivity,11,1,,,0.0042904304054864895,coerror_b6000_k64,top_quality_b6000_k64,normalized_squared_loss,0.1628873472894294,0.1671777776949159,,,,,,
superconductivity,11,2,,,0.0041774966171787,coerror_b6000_k64,top_quality_b6000_k64,normalized_squared_loss,0.1584501206371036,0.1626276172542823,,,,,,
superconductivity,11,0,13.980794211859672,16.349275664990962,2.36848145313129,coerror_b6000_k64,random_b6000_k64,rmse,,,,,,,,
superconductivity,11,1,13.665256249248698,16.130415411744874,2.4651591624961764,coerror_b6000_k64,random_b6000_k64,rmse,,,,,,,,
superconductivity,11,2,13.773642969403692,17.064856622651792,3.2912136532481,coerror_b6000_k64,random_b6000_k64,rmse,,,,,,,,
superconductivity,11,0,,,0.060753226684264916,coerror_b6000_k64,random_b6000_k64,normalized_squared_loss,0.1653063878723409,0.2260596145566058,,,,,,
superconductivity,11,1,,,0.06406929353518029,coerror_b6000_k64,random_b6000_k64,normalized_squared_loss,0.1628873472894294,0.2269566408246097,,,,,,
superconductivity,11,2,,,0.0847704029133747,coerror_b6000_k64,random_b6000_k64,normalized_squared_loss,0.1584501206371036,0.2432205235504783,,,,,,
superconductivity,11,0,13.980794211859672,14.00889959065409,0.0281053787944181,coerror_b6000_k64,caruana_b6000_k64,rmse,,,,,,,,
superconductivity,11,1,13.665256249248698,13.726156342821884,0.06090009357318671,coerror_b6000_k64,caruana_b6000_k64,rmse,,,,,,,,
superconductivity,11,2,13.773642969403692,13.784391898300044,0.010748928896351373,coerror_b6000_k64,caruana_b6000_k64,rmse,,,,,,,,
superconductivity,11,0,,,0.0006652938979234968,coerror_b6000_k64,caruana_b6000_k64,normalized_squared_loss,0.1653063878723409,0.1659716817702644,,,,,,
superconductivity,11,1,,,0.0014550709837810871,coerror_b6000_k64,caruana_b6000_k64,normalized_squared_loss,0.1628873472894294,0.1643424182732105,,,,,,
superconductivity,11,2,,,0.00024740493990471624,coerror_b6000_k64,caruana_b6000_k64,normalized_squared_loss,0.1584501206371036,0.1586975255770083,,,,,,
superconductivity,11,0,13.980794211859672,10.000599209814384,-3.9801950020452885,coerror_b6000_k64,random_forest,rmse,,,,,,,,
superconductivity,11,1,13.665256249248698,9.906635560272589,-3.7586206889761087,coerror_b6000_k64,random_forest,rmse,,,,,,,,
superconductivity,11,2,13.773642969403692,10.710972887064168,-3.0626700823395243,coerror_b6000_k64,random_forest,rmse,,,,,,,,
superconductivity,11,0,,,-0.08072437916015639,coerror_b6000_k64,random_forest,normalized_squared_loss,0.1653063878723409,0.0845820087121845,,,,,,
superconductivity,11,1,,,-0.07728135530306121,coerror_b6000_k64,random_forest,normalized_squared_loss,0.1628873472894294,0.0856059919863682,,,,,,
superconductivity,11,2,,,-0.06263086969482319,coerror_b6000_k64,random_forest,normalized_squared_loss,0.1584501206371036,0.0958192509422804,,,,,,
superconductivity,11,0,13.980794211859672,9.53327526796364,-4.447518943896032,coerror_b6000_k64,extra_trees,rmse,,,,,,,,
superconductivity,11,1,13.665256249248698,9.694943957035134,-3.9703122922135634,coerror_b6000_k64,extra_trees,rmse,,,,,,,,
superconductivity,11,2,13.773642969403692,10.47024221099278,-3.3034007584109126,coerror_b6000_k64,extra_trees,rmse,,,,,,,,
superconductivity,11,0,,,-0.0884446471077813,coerror_b6000_k64,extra_trees,normalized_squared_loss,0.1653063878723409,0.0768617407645596,,,,,,
superconductivity,11,1,,,-0.08090083788898932,coerror_b6000_k64,extra_trees,normalized_squared_loss,0.1628873472894294,0.0819865094004401,,,,,,
superconductivity,11,2,,,-0.0668895715571506,coerror_b6000_k64,extra_trees,normalized_squared_loss,0.1584501206371036,0.091560549079953,,,,,,
superconductivity,11,0,13.980794211859672,10.313966988562512,-3.66682722329716,coerror_b6000_k64,xgboost,rmse,,,,,,,,
superconductivity,11,1,13.665256249248698,10.014951299201195,-3.650304950047502,coerror_b6000_k64,xgboost,rmse,,,,,,,,
superconductivity,11,2,13.773642969403692,10.410353030544297,-3.3632899388593955,coerror_b6000_k64,xgboost,rmse,,,,,,,,
superconductivity,11,0,,,-0.0753405925049219,coerror_b6000_k64,xgboost,normalized_squared_loss,0.1653063878723409,0.089965795367419,,,,,,
superconductivity,11,1,,,-0.07539914872506621,coerror_b6000_k64,xgboost,normalized_squared_loss,0.1628873472894294,0.0874881985643632,,,,,,
superconductivity,11,2,,,-0.0679340180032573,coerror_b6000_k64,xgboost,normalized_squared_loss,0.1584501206371036,0.0905161026338463,,,,,,
superconductivity,11,0,13.980794211859672,10.50373884121852,-3.4770553706411516,coerror_b6000_k64,lightgbm,rmse,,,,,,,,
superconductivity,11,1,13.665256249248698,10.073191333906315,-3.592064915342382,coerror_b6000_k64,lightgbm,rmse,,,,,,,,
superconductivity,11,2,13.773642969403692,10.394144377662908,-3.3794985917407843,coerror_b6000_k64,lightgbm,rmse,,,,,,,,
superconductivity,11,0,,,-0.0719994837339483,coerror_b6000_k64,lightgbm,normalized_squared_loss,0.1653063878723409,0.0933069041383926,,,,,,
superconductivity,11,1,,,-0.07437864827823301,coerror_b6000_k64,lightgbm,normalized_squared_loss,0.1628873472894294,0.0885086990111964,,,,,,
superconductivity,11,2,,,-0.06821566108118059,coerror_b6000_k64,lightgbm,normalized_squared_loss,0.1584501206371036,0.090234459555923,,,,,,
superconductivity,11,0,13.980794211859672,11.791328838674245,-2.1894653731854277,coerror_b6000_k64,catboost,rmse,,,,,,,,
superconductivity,11,1,13.665256249248698,11.623212239701225,-2.042044009547473,coerror_b6000_k64,catboost,rmse,,,,,,,,
superconductivity,11,2,13.773642969403692,11.507758498153352,-2.26588447125034,coerror_b6000_k64,catboost,rmse,,,,,,,,
superconductivity,11,0,,,-0.047721515490498786,coerror_b6000_k64,catboost,normalized_squared_loss,0.1653063878723409,0.1175848723818421,,,,,,
superconductivity,11,1,,,-0.04504425588707511,coerror_b6000_k64,catboost,normalized_squared_loss,0.1628873472894294,0.1178430914023543,,,,,,
superconductivity,11,2,,,-0.04784470045355049,coerror_b6000_k64,catboost,normalized_squared_loss,0.1584501206371036,0.1106054201835531,,,,,,
superconductivity,11,0,13.980794211859672,10.490652582210563,-3.4901416296491092,coerror_b6000_k64,rf_leaf5,rmse,,,,,,,,
superconductivity,11,1,13.665256249248698,10.103581552717902,-3.5616746965307957,coerror_b6000_k64,rf_leaf5,rmse,,,,,,,,
superconductivity,11,2,13.773642969403692,10.431898658765578,-3.3417443106381146,coerror_b6000_k64,rf_leaf5,rmse,,,,,,,,
superconductivity,11,0,,,-0.0722318348439124,coerror_b6000_k64,rf_leaf5,normalized_squared_loss,0.1653063878723409,0.0930745530284285,,,,,,
superconductivity,11,1,,,-0.07384379172250331,coerror_b6000_k64,rf_leaf5,normalized_squared_loss,0.1628873472894294,0.0890435555669261,,,,,,
superconductivity,11,2,,,-0.06755895974774959,coerror_b6000_k64,rf_leaf5,normalized_squared_loss,0.1584501206371036,0.090891160889354,,,,,,
superconductivity,11,0,13.980794211859672,14.715076404282634,0.7342821924229614,coerror_b6000_k64,rf_shallow64,rmse,,,,,,,,
superconductivity,11,1,13.665256249248698,14.098511548701024,0.4332552994523269,coerror_b6000_k64,rf_shallow64,rmse,,,,,,,,
superconductivity,11,2,13.773642969403692,14.308591595266758,0.5349486258630662,coerror_b6000_k64,rf_shallow64,rmse,,,,,,,,
superconductivity,11,0,,,0.017820026732668,coerror_b6000_k64,rf_shallow64,normalized_squared_loss,0.1653063878723409,0.1831264146050089,,,,,,
superconductivity,11,1,,,0.010492381616599877,coerror_b6000_k64,rf_shallow64,normalized_squared_loss,0.1628873472894294,0.1733797289060293,,,,,,
superconductivity,11,2,,,0.012546964534251498,coerror_b6000_k64,rf_shallow64,normalized_squared_loss,0.1584501206371036,0.1709970851713551,,,,,,
superconductivity,11,0,13.980794211859672,14.877570054138452,0.8967758422787799,coerror_b6000_k64,random_patches64,rmse,,,,,,,,
superconductivity,11,1,13.665256249248698,14.611928917610324,0.9466726683616269,coerror_b6000_k64,random_patches64,rmse,,,,,,,,
superconductivity,11,2,13.773642969403692,14.715960584739667,0.9423176153359751,coerror_b6000_k64,random_patches64,rmse,,,,,,,,
superconductivity,11,0,,,0.021886764313709617,coerror_b6000_k64,random_patches64,normalized_squared_loss,0.1653063878723409,0.1871931521860505,,,,,,
superconductivity,11,1,,,0.023350049477041196,coerror_b6000_k64,random_patches64,normalized_squared_loss,0.1628873472894294,0.1862373967664706,,,,,,
superconductivity,11,2,,,0.02242222194773502,coerror_b6000_k64,random_patches64,normalized_squared_loss,0.1584501206371036,0.1808723425848386,,,,,,
superconductivity,11,0,13.980794211859672,17.90732019722622,3.9265259853665473,coerror_b6000_k64,linear,rmse,,,,,,,,
superconductivity,11,1,13.665256249248698,17.60470524672524,3.939448997476541,coerror_b6000_k64,linear,rmse,,,,,,,,
superconductivity,11,2,13.773642969403692,17.806516888246406,4.032873918842714,coerror_b6000_k64,linear,rmse,,,,,,,,
superconductivity,11,0,,,0.10589202784250099,coerror_b6000_k64,linear,normalized_squared_loss,0.1653063878723409,0.2711984157148419,,,,,,
superconductivity,11,1,,,0.10745202870634438,coerror_b6000_k64,linear,normalized_squared_loss,0.1628873472894294,0.2703393759957738,,,,,,
superconductivity,11,2,,,0.1063711612185643,coerror_b6000_k64,linear,normalized_squared_loss,0.1584501206371036,0.2648212818556679,,,,,,
superconductivity,11,0,13.980794211859672,16.519463000576174,2.5386687887165014,coerror_b6000_k64,abs_correlation_b6000_k64,rmse,,,,,,,,
superconductivity,11,1,13.665256249248698,16.142121903132296,2.476865653883598,coerror_b6000_k64,abs_correlation_b6000_k64,rmse,,,,,,,,
superconductivity,11,2,13.773642969403692,16.602721142366974,2.829078172963282,coerror_b6000_k64,abs_correlation_b6000_k64,rmse,,,,,,,,
superconductivity,11,0,,,0.06548404453905501,coerror_b6000_k64,abs_correlation_b6000_k64,normalized_squared_loss,0.1653063878723409,0.2307904324113959,,,,,,
superconductivity,11,1,,,0.06439883620231499,coerror_b6000_k64,abs_correlation_b6000_k64,normalized_squared_loss,0.1628873472894294,0.2272861834917444,,,,,,
superconductivity,11,2,,,0.07177540793361262,coerror_b6000_k64,abs_correlation_b6000_k64,normalized_squared_loss,0.1584501206371036,0.2302255285707162,,,,,,
superconductivity,11,0,13.980794211859672,16.519463000576174,2.5386687887165014,coerror_b6000_k64,signed_correlation_b6000_k64,rmse,,,,,,,,
superconductivity,11,1,13.665256249248698,16.142121903132296,2.476865653883598,coerror_b6000_k64,signed_correlation_b6000_k64,rmse,,,,,,,,
superconductivity,11,2,13.773642969403692,16.602721142366974,2.829078172963282,coerror_b6000_k64,signed_correlation_b6000_k64,rmse,,,,,,,,
superconductivity,11,0,,,0.06548404453905501,coerror_b6000_k64,signed_correlation_b6000_k64,normalized_squared_loss,0.1653063878723409,0.2307904324113959,,,,,,
superconductivity,11,1,,,0.06439883620231499,coerror_b6000_k64,signed_correlation_b6000_k64,normalized_squared_loss,0.1628873472894294,0.2272861834917444,,,,,,
superconductivity,11,2,,,0.07177540793361262,coerror_b6000_k64,signed_correlation_b6000_k64,normalized_squared_loss,0.1584501206371036,0.2302255285707162,,,,,,
superconductivity,11,0,13.980794211859672,14.254899227456464,0.2741050155967919,coerror_b6000_k64,quality_diversity_l002_b6000_k64,rmse,,,,,,,,
superconductivity,11,1,13.665256249248698,13.808677240741048,0.14342099149235032,coerror_b6000_k64,quality_diversity_l002_b6000_k64,rmse,,,,,,,,
superconductivity,11,2,13.773642969403692,13.945573942538466,0.17193097313477423,coerror_b6000_k64,quality_diversity_l002_b6000_k64,rmse,,,,,,,,
superconductivity,11,0,,,0.006545478340897304,coerror_b6000_k64,quality_diversity_l002_b6000_k64,normalized_squared_loss,0.1653063878723409,0.1718518662132382,,,,,,
superconductivity,11,1,,,0.003437046073057476,coerror_b6000_k64,quality_diversity_l002_b6000_k64,normalized_squared_loss,0.1628873472894294,0.1663243933624869,,,,,,
superconductivity,11,2,,,0.003980430174288618,coerror_b6000_k64,quality_diversity_l002_b6000_k64,normalized_squared_loss,0.1584501206371036,0.1624305508113922,,,,,,
superconductivity,11,0,13.980794211859672,14.045221582992554,0.0644273711328811,coerror_b6000_k64,quality_diversity_l01_b6000_k64,rmse,,,,,,,,
superconductivity,11,1,13.665256249248698,13.747186068694884,0.08192981944618616,coerror_b6000_k64,quality_diversity_l01_b6000_k64,rmse,,,,,,,,
superconductivity,11,2,13.773642969403692,13.89367438526152,0.12003141585782728,coerror_b6000_k64,quality_diversity_l01_b6000_k64,rmse,,,,,,,,
superconductivity,11,0,,,0.001527065702381314,coerror_b6000_k64,quality_diversity_l01_b6000_k64,normalized_squared_loss,0.1653063878723409,0.1668334535747222,,,,,,
superconductivity,11,1,,,0.001959031951635992,coerror_b6000_k64,quality_diversity_l01_b6000_k64,normalized_squared_loss,0.1628873472894294,0.1648463792410654,,,,,,
superconductivity,11,2,,,0.0027736835582219954,coerror_b6000_k64,quality_diversity_l01_b6000_k64,normalized_squared_loss,0.1584501206371036,0.1612238041953256,,,,,,
superconductivity,11,0,13.980794211859672,14.067484911204522,0.08669069934484952,coerror_b6000_k64,quality_diversity_l05_b6000_k64,rmse,,,,,,,,
superconductivity,11,1,13.665256249248698,13.724727696835489,0.059471447586791015,coerror_b6000_k64,quality_diversity_l05_b6000_k64,rmse,,,,,,,,
superconductivity,11,2,13.773642969403692,13.818298350709556,0.044655381305863884,coerror_b6000_k64,quality_diversity_l05_b6000_k64,rmse,,,,,,,,
superconductivity,11,0,,,0.0020563861815890982,coerror_b6000_k64,quality_diversity_l05_b6000_k64,normalized_squared_loss,0.1653063878723409,0.16736277405393,,,,,,
superconductivity,11,1,,,0.001420862584599586,coerror_b6000_k64,quality_diversity_l05_b6000_k64,normalized_squared_loss,0.1628873472894294,0.164308209874029,,,,,,
superconductivity,11,2,,,0.0010290843920434944,coerror_b6000_k64,quality_diversity_l05_b6000_k64,normalized_squared_loss,0.1584501206371036,0.1594792050291471,,,,,,
superconductivity,11,0,13.980794211859672,13.980794211859672,-0.0,coerror_b6000_k64,coerror_cert_b6000_k64,rmse,,,,,,,,
superconductivity,11,1,13.665256249248698,13.665256249248698,-0.0,coerror_b6000_k64,coerror_cert_b6000_k64,rmse,,,,,,,,
superconductivity,11,2,13.773642969403692,13.773642969403692,-0.0,coerror_b6000_k64,coerror_cert_b6000_k64,rmse,,,,,,,,
superconductivity,11,0,,,-0.0,coerror_b6000_k64,coerror_cert_b6000_k64,normalized_squared_loss,0.1653063878723409,0.1653063878723409,,,,,,
superconductivity,11,1,,,-0.0,coerror_b6000_k64,coerror_cert_b6000_k64,normalized_squared_loss,0.1628873472894294,0.1628873472894294,,,,,,
superconductivity,11,2,,,-0.0,coerror_b6000_k64,coerror_cert_b6000_k64,normalized_squared_loss,0.1584501206371036,0.1584501206371036,,,,,,
superconductivity,11,0,13.980794211859672,14.141045577630264,0.1602513657705913,coerror_b6000_k64,coerror_b1000_k64,rmse,,,,,,,,
superconductivity,11,1,13.665256249248698,13.868576086364644,0.2033198371159468,coerror_b6000_k64,coerror_b1000_k64,rmse,,,,,,,,
superconductivity,11,2,13.773642969403692,13.96568088513065,0.19203791572695827,coerror_b6000_k64,coerror_b1000_k64,rmse,,,,,,,,
superconductivity,11,0,,,0.003811284941858395,coerror_b6000_k64,coerror_b1000_k64,normalized_squared_loss,0.1653063878723409,0.1691176728141993,,,,,,
superconductivity,11,1,,,0.0048831291118199005,coerror_b6000_k64,coerror_b1000_k64,normalized_squared_loss,0.1628873472894294,0.1677704764012493,,,,,,
superconductivity,11,2,,,0.004449157563375411,coerror_b6000_k64,coerror_b1000_k64,normalized_squared_loss,0.1584501206371036,0.162899278200479,,,,,,
superconductivity,11,0,13.980794211859672,13.97073867229487,-0.010055539564802984,coerror_b6000_k64,coerror_b3000_k64,rmse,,,,,,,,
superconductivity,11,1,13.665256249248698,13.74795068591431,0.08269443666561216,coerror_b6000_k64,coerror_b3000_k64,rmse,,,,,,,,
superconductivity,11,2,13.773642969403692,13.865879441611384,0.09223647220769138,coerror_b6000_k64,coerror_b3000_k64,rmse,,,,,,,,
superconductivity,11,0,,,-0.00023770425660710193,coerror_b6000_k64,coerror_b3000_k64,normalized_squared_loss,0.1653063878723409,0.1650686836157338,,,,,,
superconductivity,11,1,,,0.0019773699423761837,coerror_b6000_k64,coerror_b3000_k64,normalized_squared_loss,0.1628873472894294,0.1648647172318056,,,,,,
superconductivity,11,2,,,0.002129257325510503,coerror_b6000_k64,coerror_b3000_k64,normalized_squared_loss,0.1584501206371036,0.1605793779626141,,,,,,
superconductivity,11,0,13.980794211859672,14.067750398990514,0.0869561871308413,coerror_b6000_k64,coerror_b6000_k16,rmse,,,,,,,,
superconductivity,11,1,13.665256249248698,13.753113883202486,0.08785763395378865,coerror_b6000_k64,coerror_b6000_k16,rmse,,,,,,,,
superconductivity,11,2,13.773642969403692,13.800725061333557,0.02708209192986466,coerror_b6000_k64,coerror_b6000_k16,rmse,,,,,,,,
superconductivity,11,0,,,0.0020627033295226027,coerror_b6000_k64,coerror_b6000_k16,normalized_squared_loss,0.1653063878723409,0.1673690912018635,,,,,,
superconductivity,11,1,,,0.00210122678834479,coerror_b6000_k64,coerror_b6000_k16,normalized_squared_loss,0.1628873472894294,0.1649885740777742,,,,,,
superconductivity,11,2,,,0.0006237100000878182,coerror_b6000_k64,coerror_b6000_k16,normalized_squared_loss,0.1584501206371036,0.1590738306371914,,,,,,
superconductivity,11,0,13.980794211859672,14.03341561336537,0.05262140150569827,coerror_b6000_k64,coerror_b6000_k128,rmse,,,,,,,,
superconductivity,11,1,13.665256249248698,13.683992817267283,0.018736568018585587,coerror_b6000_k64,coerror_b6000_k128,rmse,,,,,,,,
superconductivity,11,2,13.773642969403692,13.836646753525764,0.0630037841220723,coerror_b6000_k64,coerror_b6000_k128,rmse,,,,,,,,
superconductivity,11,0,,,0.0012467137165622089,coerror_b6000_k64,coerror_b6000_k128,normalized_squared_loss,0.1653063878723409,0.1665531015889031,,,,,,
superconductivity,11,1,,,0.0004469791250852895,coerror_b6000_k64,coerror_b6000_k128,normalized_squared_loss,0.1628873472894294,0.1633343264145147,,,,,,
superconductivity,11,2,,,0.0014528893159799217,coerror_b6000_k64,coerror_b6000_k128,normalized_squared_loss,0.1584501206371036,0.1599030099530835,,,,,,
superconductivity,11,0,13.980794211859672,14.077997375706024,0.09720316384635197,coerror_b6000_k64,coerror_b6000_k256,rmse,,,,,,,,
superconductivity,11,1,13.665256249248698,13.74765005482347,0.08239380557477283,coerror_b6000_k64,coerror_b6000_k256,rmse,,,,,,,,
superconductivity,11,2,13.773642969403692,13.891828340855527,0.11818537145183505,coerror_b6000_k64,coerror_b6000_k256,rmse,,,,,,,,
superconductivity,11,0,,,0.0023066160726900042,coerror_b6000_k64,coerror_b6000_k256,normalized_squared_loss,0.1653063878723409,0.1676130039450309,,,,,,
superconductivity,11,1,,,0.0019701597160662887,coerror_b6000_k64,coerror_b6000_k256,normalized_squared_loss,0.1628873472894294,0.1648575070054957,,,,,,
superconductivity,11,2,,,0.0027308429789945077,coerror_b6000_k64,coerror_b6000_k256,normalized_squared_loss,0.1584501206371036,0.1611809636160981,,,,,,
superconductivity,11,0,13.980794211859672,13.99538548185962,0.014591269999947087,coerror_b6000_k64,coerror_swap_b6000_k64,rmse,,,,,,,,
superconductivity,11,1,13.665256249248698,13.665256249248698,-0.0,coerror_b6000_k64,coerror_swap_b6000_k64,rmse,,,,,,,,
superconductivity,11,2,13.773642969403692,13.772090036524355,-0.001552932879336666,coerror_b6000_k64,coerror_swap_b6000_k64,rmse,,,,,,,,
superconductivity,11,0,,,0.0003452291447380018,coerror_b6000_k64,coerror_swap_b6000_k64,normalized_squared_loss,0.1653063878723409,0.1656516170170789,,,,,,
superconductivity,11,1,,,-0.0,coerror_b6000_k64,coerror_swap_b6000_k64,normalized_squared_loss,0.1628873472894294,0.1628873472894294,,,,,,
superconductivity,11,2,,,-3.572744425800467e-05,coerror_b6000_k64,coerror_swap_b6000_k64,normalized_squared_loss,0.1584501206371036,0.1584143931928456,,,,,,
