dataset,task,method,B,auprc,auroc,balanced_accuracy,brier,certification_rate,certified_count,coefficient_count,cpu_seconds,ece_10,feature_coverage,generated_B,group_auprc,group_auroc,group_balanced_accuracy,group_brier,group_ece_10,group_log_loss,inference_batch_rows,inference_batch_seconds,inference_rows_per_second,leaves,log_loss,mae,max_abs_residual_correlation,mean_abs_residual_correlation,mean_feature_jaccard,mean_residual_correlation,mean_selected_quality,model_bytes,mse,nodes,normalized_squared_loss,observed_peak_rss_bytes,oof_squared_loss,r2,requested_K,residual_effective_rank,retained_count,rmse,train_cpu_seconds,train_wall_seconds,wall_seconds
california_housing,regression,abs_correlation_b6000_k64,6000.0,,,,,0.8982777777777778,5389.666666666667,,,,8.0,6000.0,,,,,,,256.0,0.12704081934255854,2347.837818022533,3850.0,,0.46780037717391915,1.0,0.6060833402406037,0.3550103143109095,0.6060833402406037,0.5096193957756415,7499575.333333333,0.39671931622727996,7636.0,0.2980127931498513,,0.3970602393343565,0.7018863553254189,64.0,2.404357410745861,64.0,0.6297766694850719,156.32960033333336,61.20257530516634,
california_housing,regression,caruana_b6000_k64,6000.0,,,,,0.8982777777777778,5389.666666666667,,,,8.0,6000.0,,,,,,,256.0,0.0341938616863141,9579.830001257065,1134.0,,0.4331375479025199,1.0,0.6218044054127867,0.4030868292736198,0.6218044054127867,0.5762842345598296,2183618.0,0.3529499697866654,2249.3333333333335,0.26507885305205164,,0.35517635628205785,0.7348319595112965,64.0,2.2303175198979206,18.666666666666668,0.5939321018899689,152.9645456666668,58.32747826282866,
california_housing,regression,catboost,,,,,,,,,0.7942120000000349,,,,,,,,,,256.0,0.0011342082483072667,227831.77883380334,19200.0,,0.3322869719441061,,,,,,344696.0,0.23897035823840573,38100.0,0.1795158843423896,2002676394.6666667,,0.8204250020037301,,,300.0,0.48858148017527264,0.7942120000000349,0.8265748057359209,0.8265748057359209
california_housing,regression,coerror_b1000_k128,1000.0,,,,,0.907,907.0,,,,8.0,6000.0,,,,,,,256.0,0.153261472703889,1680.8691144867353,7748.666666666667,,0.45272887790612404,1.0,0.6549621424197015,0.35544638951381075,0.6549621424197015,0.5556891844238236,15030983.333333334,0.3805467630019188,15369.333333333334,0.28584725636009095,,0.3833122150357329,0.7140566603964785,128.0,2.2282645538755284,128.0,0.6167484933925701,156.1800803333333,58.72816708295917,
california_housing,regression,coerror_b1000_k16,1000.0,,,,,0.907,907.0,,,,8.0,6000.0,,,,,,,256.0,0.0164151530091961,15600.146588480071,977.0,,0.4331506466581086,1.0,0.6255643461339969,0.4086375661375661,0.6255643461339969,0.5820455705906172,1872656.3333333333,0.3529026075307278,1938.0,0.2650413794842308,,0.3563929023376224,0.734869567101275,16.0,2.197704337179378,16.0,0.5938796429391585,151.9127353333334,57.44091561040841,
california_housing,regression,coerror_b1000_k64,1000.0,,,,,0.907,907.0,,,,8.0,6000.0,,,,,,,256.0,0.069339791778475,3720.2942511978817,3887.3333333333335,,0.43666795988509594,1.0,0.6377301147867706,0.4002314814814814,0.6377301147867706,0.5744899235101736,7504768.333333333,0.3579013756382092,7710.666666666667,0.26882270337821934,,0.36032263057712316,0.7310872038577481,64.0,2.2345289314264485,64.0,0.598079531501086,153.96607600000004,58.064041277083255,
california_housing,regression,coerror_b3000_k128,3000.0,,,,,0.8992222222222223,2697.6666666666665,,,,8.0,6000.0,,,,,,,256.0,0.1411308053260048,1826.4038060913074,7794.0,,0.43485507887676667,1.0,0.6421908710715357,0.41304251031121103,0.6421908710715357,0.5790166686002945,15037456.333333334,0.35462169088264234,15460.0,0.26634996651915427,,0.35703680122560244,0.7335605521934472,128.0,2.2290395997657684,128.0,0.5953429183389233,156.796967,59.52574255503714,
california_housing,regression,coerror_b3000_k16,3000.0,,,,,0.8992222222222223,2697.6666666666665,,,,8.0,6000.0,,,,,,,256.0,0.016214264013494,16186.586670375456,974.6666666666666,,0.43295535610105523,1.0,0.632137117736422,0.40908730158730156,0.632137117736422,0.5860532827514469,1872325.6666666667,0.3531013706070288,1933.3333333333333,0.265190882541914,,0.3559425801383655,0.7347200637041458,16.0,2.172069053345144,16.0,0.5940427191772414,152.106118,57.638051860888176,
california_housing,regression,coerror_b3000_k64,3000.0,,,,,0.8992222222222223,2697.6666666666665,,,,8.0,6000.0,,,,,,,256.0,0.0710386663364867,3626.563834193003,3897.0,,0.4336468320198707,1.0,0.646279222888197,0.4357827853363567,0.646279222888197,0.584832717456595,7505911.333333333,0.35340750110923813,7730.0,0.2654280698427441,,0.3553685590254789,0.7344827564266755,64.0,2.184498730554183,64.0,0.594312178272277,154.00319233333337,58.3888151520708,
california_housing,regression,coerror_b300_k64,300.0,,,,,0.9144444444444444,274.3333333333333,,,,8.0,6000.0,,,,,,,256.0,0.09850970834183193,2754.6061302534727,3241.3333333333335,,0.492642010553052,1.0,0.6731736185886942,0.3246456916099773,0.6731736185886942,0.5059170773136966,7411127.333333333,0.436431283154248,6418.666666666667,0.3279148463730563,,0.437818578575446,0.6719763497460249,64.0,2.1237579895725127,64.0,0.6604045944361746,153.93095666666667,57.99229673490239,
california_housing,regression,coerror_b6000_k128,6000.0,,,,,0.8982777777777778,5389.666666666667,,,,8.0,6000.0,,,,,,,256.0,0.15612541659114257,1642.0343606242848,7794.0,,0.4336139195881925,1.0,0.6482423120242155,0.4367377905886764,0.6482423120242155,0.5843886078946993,15037248.333333334,0.3535161994168012,15460.0,0.26550740644006193,,0.35537811057040836,0.7344033511170297,128.0,2.1901481357497317,128.0,0.5944045921085789,158.70542,61.14100577690018,
california_housing,regression,coerror_b6000_k16,6000.0,,,,,0.8982777777777778,5389.666666666667,,,,8.0,6000.0,,,,,,,256.0,0.015702610913043164,16311.709380344479,974.6666666666666,,0.4329553561010551,1.0,0.6321338887538959,0.40908730158730156,0.6321338887538959,0.5860615239138394,1872325.6666666667,0.35310137060702873,1933.3333333333333,0.26519088254191386,,0.3559339153077121,0.7347200637041459,16.0,2.1720694437765906,16.0,0.5940427191772413,152.3810256666667,57.936837791077174,
california_housing,regression,coerror_b6000_k256,6000.0,,,,,0.8982777777777778,5389.666666666667,,,,8.0,6000.0,,,,,,,256.0,0.29817241670874256,858.6247783845259,15576.333333333334,,0.43520276800665575,1.0,0.6425645954859137,0.4121603155150948,0.6425645954859137,0.5784051985450919,30071429.666666668,0.35491674380494204,30896.666666666668,0.2665728656326383,,0.3570671884481498,0.7333374958318256,256.0,2.2330921268516613,256.0,0.5955988812597629,166.39104399999994,69.15034102695063,
california_housing,regression,coerror_b6000_k64,6000.0,,,,,0.8982777777777778,5389.666666666667,,,,8.0,6000.0,,,,,,,256.0,0.07599813855874037,3370.507317217791,3898.3333333333335,,0.4331298007939348,1.0,0.6474056967875529,0.4389747102544721,0.6474056967875529,0.5856560251516069,7506092.666666667,0.35295153578773003,7732.666666666667,0.2650800534799716,,0.3551918452992003,0.7348307584921135,64.0,2.1788830577132026,64.0,0.5939334634072134,154.69288600000002,59.07639556874832,
california_housing,regression,coerror_cert_b6000_k64,6000.0,,,,,0.8982777777777778,5389.666666666667,,,,8.0,6000.0,,,,,,,256.0,0.09752466622740026,2784.054750376244,3898.3333333333335,,0.4331298007939348,1.0,0.6474056967875529,0.4389747102544721,0.6474056967875529,0.5856560251516069,7506092.666666667,0.35295153578773003,7732.666666666667,0.2650800534799716,,0.3551918452992003,0.7348307584921135,64.0,2.1788830577132035,64.0,0.5939334634072134,155.20736166666663,59.63058660978762,
california_housing,regression,coerror_f05_d3_b1000_k64,1000.0,,,,,0.7516666666666666,751.6666666666666,,,,2.0,6000.0,,,,,,,256.0,0.05545775010250503,4616.645511880518,512.0,,0.6080878454913083,1.0,0.8304974909799409,0.5940806878306878,0.8304974909799409,0.40892372020749296,7010501.666666667,0.6408137923964482,960.0,0.4813995783619894,,0.6396254423398257,0.5184365180722629,64.0,1.4370648242580695,64.0,0.8004558538101962,152.1172986666667,57.60627111016462,
california_housing,regression,coerror_f05_d6_b1000_k64,1000.0,,,,,0.7600000000000001,760.0,,,,3.0,6000.0,,,,,,,256.0,0.05813418072648343,4414.210222714023,3808.6666666666665,,0.5943328347057322,1.0,0.7918667130177418,0.5218253968253969,0.7918667130177418,0.40632058269439736,7485221.666666667,0.614119528048933,7553.333333333333,0.46133286423413505,,0.6166127271739096,0.5385100796637908,64.0,1.5346272581470621,64.0,0.7835999274473897,152.37700966666668,57.663147708633915,
california_housing,regression,coerror_f20_d3_b1000_k64,1000.0,,,,,0.9646666666666667,964.6666666666666,,,,7.666666666666667,6000.0,,,,,,,256.0,0.05876076361164443,4367.31748655243,512.0,,0.5820634491969856,1.0,0.8024466310573368,0.40779320987654316,0.8024466310573368,0.4420433823310392,7013818.666666667,0.584150719386606,960.0,0.43888286332073795,,0.5809070961256778,0.5609687679716848,64.0,1.5638406229403328,64.0,0.7642235237164142,152.40169333333344,57.67644712437565,
california_housing,regression,coerror_f20_d6_b1000_k64,1000.0,,,,,0.9133333333333334,913.3333333333334,,,,5.0,6000.0,,,,,,,256.0,0.07023119499596449,3687.2631839430446,3905.0,,0.464739045548761,1.0,0.6621005101149884,0.441358024691358,0.6621005101149884,0.5501443593844206,7502448.0,0.3979525157680001,7746.0,0.29891011548688434,,0.3978446271253528,0.7009894082836396,64.0,1.9321666502802881,64.0,0.6306858688375331,152.8436876666666,57.77685856889002,
california_housing,regression,coerror_f50_d3_b1000_k64,1000.0,,,,,1.0,1000.0,,,,8.0,6000.0,,,,,,,256.0,0.0694737917122741,3714.8777000583227,512.0,,0.5795711070791028,1.0,0.8002856571615039,0.39565696649029974,0.8002856571615039,0.4426319374306968,7019328.333333333,0.5806658823426161,960.0,0.4362573480417204,,0.5770932201735911,0.5635953631655725,64.0,1.5861619743862032,64.0,0.7619288175125102,153.34211100000002,57.94227895753769,
california_housing,regression,coerror_f50_d6_b1000_k64,1000.0,,,,,1.0,1000.0,,,,8.0,6000.0,,,,,,,256.0,0.07132670834350084,3604.0894640846623,3892.3333333333335,,0.43321708295519046,1.0,0.6475871940910342,0.43905108339632143,0.6475871940910342,0.5851752895953087,7506091.0,0.353136316530491,7720.666666666667,0.2652198895849505,,0.35554636527731054,0.7346908875884816,64.0,2.1823569560978378,64.0,0.5940891233847753,154.01608900000002,58.08447197180552,
california_housing,regression,coerror_swap_b6000_k64,6000.0,,,,,0.8982777777777778,5389.666666666667,,,,8.0,6000.0,,,,,,,256.0,0.17106713897859052,2023.451493595279,3898.6666666666665,,0.4331469391586203,1.0,0.6470906218395805,0.43717482363315696,0.6470906218395805,0.5854918305604505,7506114.0,0.35288105218510246,7733.333333333333,0.2650280757448847,,0.35518873415687197,0.73488276411679,64.0,2.1795869787418565,64.0,0.5938744040627061,155.3183476666666,59.53433559633171,
california_housing,regression,extra_trees,,,,,,,,,5.947726000000027,,,,,,,,,,256.0,0.02155227772891517,12140.34757709754,3322481.3333333335,,0.3319401466512251,,,,,,478502051.0,0.2549495231467738,6644706.666666667,0.19148649387345915,1931460608.0,,0.8084498950112233,,,256.0,0.5047008836300302,5.947726000000027,5.974256819734971,5.974256819734971
california_housing,regression,lightgbm,,,,,,,,,0.29455633333335146,,,,,,,,,,256.0,0.005488305430238399,47676.3262160075,9300.0,,0.3050679821773156,,,,,,862864.3333333334,0.21158916588128743,18300.0,0.15891950755802883,1977242965.3333333,,0.8410274777011352,,,300.0,0.4598167976479539,0.29455633333335146,0.2981178886257112,0.2981178886257112
california_housing,regression,linear,,,,,,,,9.0,0.012469666666618133,,,,,,,,,,256.0,0.0008551807453234334,302199.9437926879,,,0.5318196673591636,,,,,,3106.0,0.5279033138988826,,0.3966435781739556,2003140608.0,,0.6032231552901104,,,1.0,0.7264571547794455,0.012469666666618133,0.012846819357946434,0.012846819357946434
california_housing,regression,quality_diversity_l002_b6000_k64,6000.0,,,,,0.8982777777777778,5389.666666666667,,,,7.333333333333333,6000.0,,,,,,,256.0,0.0997922779837002,2657.3246922470867,3900.6666666666665,,0.45280656582936585,1.0,0.835095226381966,0.5839065255731922,0.835095226381966,0.6309116451060754,7507227.0,0.4008559546534854,7737.333333333333,0.300960683565143,,0.41131721482388456,0.698939965909492,64.0,1.40032455916936,64.0,0.6326056818061615,156.28954333333334,60.52355970737214,
california_housing,regression,quality_diversity_l01_b6000_k64,6000.0,,,,,0.8982777777777778,5389.666666666667,,,,7.666666666666667,6000.0,,,,,,,256.0,0.22056619434927896,1945.463173563577,3900.6666666666665,,0.4503346329680003,1.0,0.8242472924477185,0.5752865961199293,0.8242472924477185,0.6301659561597371,7507227.0,0.39706745830342977,7737.333333333333,0.29811298009268333,,0.40678638409952983,0.7017880290924653,64.0,1.4356817290995776,64.0,0.6296796249416414,155.97882700000005,60.29233104075926,
california_housing,regression,quality_diversity_l05_b6000_k64,6000.0,,,,,0.8982777777777778,5389.666666666667,,,,8.0,6000.0,,,,,,,256.0,0.10042997240088876,2652.135538405612,3898.6666666666665,,0.4329356227784034,1.0,0.6555897153499715,0.44518691735953636,0.6555897153499715,0.5903614544437997,7505964.666666667,0.3531740925854439,7733.333333333333,0.26524641837624524,,0.3557670979565577,0.7346643357969519,64.0,2.121309301339835,64.0,0.5941199249682492,155.98248566666658,60.49880365196926,
california_housing,regression,random_b1000_k128,1000.0,,,,,0.907,907.0,,,,8.0,6000.0,,,,,,,256.0,0.12025258364155887,2171.2861221067637,4046.0,,0.6531945808897651,1.0,0.7415463001359571,0.1761010342457193,0.7415463001359571,0.2805419470208186,14490535.333333334,0.7147972585470188,7964.0,0.5368777251113528,,0.7129515223004478,0.46293843330888357,128.0,1.6231730983092352,128.0,0.8453737024643685,154.30682933333335,58.101770110273115,
california_housing,regression,random_b1000_k16,1000.0,,,,,0.907,907.0,,,,8.0,6000.0,,,,,,,256.0,0.012630764006947433,20280.952543020267,431.3333333333333,,0.6688007803346291,1.0,0.7413544885213709,0.1689153439153439,0.7413544885213709,0.26538888923560106,1793207.3333333333,0.7453953722427021,846.6666666666666,0.5596215052131138,,0.7442421964095046,0.4401856409943317,16.0,1.5298459815619,16.0,0.8630787266221723,151.633343,57.35822591612426,
california_housing,regression,random_b1000_k64,1000.0,,,,,0.907,907.0,,,,8.0,6000.0,,,,,,,256.0,0.0654764304247995,3931.534000215445,2124.0,,0.6406804195949958,1.0,0.7369130663069207,0.17757267258755352,0.7369130663069207,0.30005446545868625,7246750.333333333,0.6895726370065006,4184.0,0.5174865468555537,,0.6878087060168769,0.4823317797073947,64.0,1.6488102604891095,64.0,0.8297658023303341,152.7339786666667,57.641705652310826,
california_housing,regression,random_b3000_k128,3000.0,,,,,0.8992222222222223,2697.6666666666665,,,,8.0,6000.0,,,,,,,256.0,0.13147736092408494,2001.7538616100203,4127.333333333333,,0.6468965430749497,1.0,0.7410318640147531,0.17862894091363576,0.7410318640147531,0.29049053338373915,14502421.666666666,0.7012553692958887,8126.666666666667,0.526678238972534,,0.7001918211307187,0.47314313280695947,128.0,1.627461168117403,128.0,0.8372570443209636,154.36585200000002,58.19727079096871,
california_housing,regression,random_b3000_k16,3000.0,,,,,0.8992222222222223,2697.6666666666665,,,,8.0,6000.0,,,,,,,256.0,0.02246887500708297,14064.797216492385,663.3333333333334,,0.592865141129188,0.9768720814975355,0.6983734392019679,0.22271164021164017,0.6983734392019679,0.3683369721122404,1826850.0,0.5965536807415178,1310.6666666666667,0.44849816771891843,,0.5981334032739719,0.5513601514269914,16.0,1.7616083984337483,16.0,0.7710468544299989,152.09665900000005,57.79230015204909,
california_housing,regression,random_b3000_k64,3000.0,,,,,0.8992222222222223,2697.6666666666665,,,,8.0,6000.0,,,,,,,256.0,0.06699561094865199,3838.347126191675,2220.3333333333335,,0.6432774522471661,1.0,0.7343011736855259,0.18264282564877798,0.7343011736855259,0.2947111310198034,7260855.333333333,0.6924260510585043,4376.666666666667,0.5200804386318928,,0.6922603148572426,0.47974173516031376,64.0,1.6421281678253707,64.0,0.8320379295809112,152.9125816666667,57.794683860382065,
california_housing,regression,random_b6000_k128,6000.0,,,,,0.8982777777777778,5389.666666666667,,,,8.0,6000.0,,,,,,,256.0,0.15195870841853318,1685.6453843047993,3902.0,,0.6504510776330262,1.0,0.7429293943543271,0.17907732236595422,0.7429293943543271,0.2868958583422201,14469963.0,0.7082561227626037,7676.0,0.5318130218897268,,0.7066615197630249,0.468004685267209,128.0,1.6270357045526744,128.0,0.8413726624540091,154.72303933333328,58.57571922110704,
california_housing,regression,random_b6000_k16,6000.0,,,,,0.8982777777777778,5389.666666666667,,,,8.0,6000.0,,,,,,,256.0,0.014063916712378435,18254.713900132338,450.6666666666667,,0.6430097882811441,0.9953680103358763,0.7391481816528253,0.1816997354497354,0.7391481816528253,0.3078508705182223,1796098.0,0.6906178547180285,885.3333333333334,0.5184503010185668,,0.6905201689536623,0.4813685733629019,16.0,1.590162134376951,16.0,0.8306877140575782,152.39936600000007,58.20944531921608,
california_housing,regression,random_b6000_k64,6000.0,,,,,0.8982777777777778,5389.666666666667,,,,8.0,6000.0,,,,,,,256.0,0.06391056999564167,4005.5979983214947,1993.0,,0.6675375746958716,1.0,0.7484477176165503,0.17011133156966488,0.7484477176165503,0.26159570470801174,7227819.0,0.741597550202782,3922.0,0.5574067306437683,,0.7430305345039837,0.44240302639643203,64.0,1.5525477436004893,64.0,0.8611182005595923,152.93665166666668,57.91722181881778,
california_housing,regression,random_cert_b6000_k64,6000.0,,,,,0.8982777777777778,5389.666666666667,,,,8.0,6000.0,,,,,,,256.0,0.11365426370563599,2749.260447542125,2114.3333333333335,,0.6359375419922086,1.0,0.7318157527057618,0.1983166414714033,0.7318157527057618,0.30656246621357,7245747.666666667,0.6782534571745065,4164.666666666667,0.5096425423815742,,0.677420465713035,0.4901817533712416,64.0,1.6692471995877296,64.0,0.8235609990254923,153.56507766666667,58.465514068879806,
california_housing,regression,random_forest,,,,,,,,,14.362953333333337,,,,,,,,,,256.0,0.019503055295596466,13520.903711957899,2080584.3333333333,,0.3336589227104471,,,,,,299668883.0,0.25866353882940923,4160912.6666666665,0.19426757211111575,1496236032.0,,0.8056677820294094,,,256.0,0.5083675633139743,14.362953333333337,14.461300722323358,14.461300722323358
california_housing,regression,random_patches64,,,,,,,,,0.5585146666665916,,,,,,,,,,256.0,0.05435177792484556,4921.230624370725,3462.3333333333335,,0.6336209075782956,,,,,,4025362.6666666665,0.6765732242931124,6860.666666666667,0.5079908695232102,1775299242.6666667,,0.49183626166356276,,,64.0,0.8222653482345549,0.5585146666665916,0.5592943472632518,0.5592943472632518
california_housing,regression,rf_leaf5,,,,,,,,,12.422417000000015,,,,,,,,,,256.0,0.017405957992499,15751.184015411907,344714.6666666667,,0.33809921650284086,,,,,,49703651.0,0.2663503011037604,689173.3333333334,0.200038541522057,2026121898.6666667,,0.7998949639896255,,,256.0,0.515853042100216,12.422417000000015,12.670412624720484,12.670412624720484
california_housing,regression,rf_shallow64,,,,,,,,,1.7910596666666834,,,,,,,,,,256.0,0.0034051109881450335,77956.81359280694,3873.0,,0.4533866063485419,,,,,,576371.0,0.4005829164900124,7682.0,0.3009751529050822,1773038250.6666667,,0.6989243609554275,,,64.0,0.6327628048101978,1.7910596666666834,1.7974556530049692,1.7974556530049692
california_housing,regression,signed_correlation_b6000_k64,6000.0,,,,,0.8982777777777778,5389.666666666667,,,,8.0,6000.0,,,,,,,256.0,0.1548497086235632,2017.880382727995,3850.0,,0.46780037717391915,1.0,0.6060833402406037,0.3550103143109095,0.6060833402406037,0.5096193957756415,7499575.333333333,0.39671931622727996,7636.0,0.2980127931498513,,0.3970602393343565,0.7018863553254189,64.0,2.404357410745861,64.0,0.6297766694850719,156.0843723333334,62.51916130500225,
california_housing,regression,top_quality_b1000_k128,1000.0,,,,,0.907,907.0,,,,8.0,6000.0,,,,,,,256.0,0.12798306904733173,2022.8255863178117,6928.666666666667,,0.48748035516731786,1.0,0.7910118498155058,0.38379108861392314,0.7910118498155058,0.5717869228077489,14912069.666666666,0.44741807957746677,13729.333333333334,0.33616159286041986,,0.4510162675304217,0.6637251828136018,128.0,1.5566779912052906,128.0,0.6688061130541186,155.9958663333333,58.48069974943064,
california_housing,regression,top_quality_b1000_k16,1000.0,,,,,0.907,907.0,,,,7.333333333333333,6000.0,,,,,,,256.0,0.0152110555985321,16955.527485139686,977.0,,0.45206443064372137,1.0,0.8242101718512044,0.5621164021164019,0.8242101718512044,0.6286785559438669,1872832.3333333333,0.401516867383491,1938.0,0.3014629492504446,,0.41264038409123627,0.6984379648637381,16.0,1.4085853981867806,16.0,0.6330756302417668,151.85647733333337,57.38258288777433,
california_housing,regression,top_quality_b1000_k64,1000.0,,,,,0.907,907.0,,,,8.0,6000.0,,,,,,,256.0,0.07266488927416499,3553.0121551325847,3893.0,,0.4711571573664335,1.0,0.8202680693929545,0.4443940539178634,0.8202680693929545,0.6031895411706879,7505269.666666667,0.42714678017686875,7722.0,0.32085311542726586,,0.4344031277223889,0.6790403803141981,64.0,1.4599611909001986,64.0,0.6532965708693964,153.77450166666668,57.900464415395014,
california_housing,regression,top_quality_b3000_k128,3000.0,,,,,0.8992222222222223,2697.6666666666665,,,,8.0,6000.0,,,,,,,256.0,0.15864948610154286,1626.9198194800158,7764.333333333333,,0.46488782499914577,1.0,0.8318273272310005,0.4786190788651417,0.8318273272310005,0.6154169422794835,15034373.666666666,0.41729927622722207,15400.666666666666,0.31345179238131055,,0.42652854906930315,0.6864442275367025,128.0,1.4207219951041121,128.0,0.6457106753490643,156.8152246666667,58.86034815261761,
california_housing,regression,top_quality_b3000_k16,3000.0,,,,,0.8992222222222223,2697.6666666666665,,,,5.0,6000.0,,,,,,,256.0,0.0172247916149596,15279.155877575722,970.3333333333334,,0.46565014289160245,1.0,0.9016009773089495,0.7799999999999999,0.9016009773089495,0.6370428604027835,1871861.6666666667,0.4232751949967118,1924.6666666666667,0.31778010421527525,,0.4384609085323448,0.6821154186886238,16.0,1.2020810890586717,16.0,0.6499709204231902,152.0473946666667,57.55008758239759,
california_housing,regression,top_quality_b3000_k64,3000.0,,,,,0.8992222222222223,2697.6666666666665,,,,8.0,6000.0,,,,,,,256.0,0.07129724967914317,3597.9849204946713,3911.6666666666665,,0.4546537059809217,1.0,0.8224857334759736,0.534851347946586,0.8224857334759736,0.6241817177928158,7508779.0,0.4028722453537496,7759.333333333333,0.30253896619038856,,0.4127418626820103,0.6973613312850219,64.0,1.4446935439505495,64.0,0.6342775631892915,153.92444666666674,58.01907536030436,
california_housing,regression,top_quality_b300_k64,300.0,,,,,0.9144444444444444,274.3333333333333,,,,8.0,6000.0,,,,,,,256.0,0.09318543054784334,2813.8065398151252,2267.0,,0.5174573412231278,1.0,0.8004855292619316,0.37320090073066264,0.8004855292619316,0.5396022762630895,7270850.0,0.4907229691433835,4470.0,0.3688321138387191,,0.4924041951951028,0.6310447168650919,64.0,1.4850152556585048,64.0,0.7003482625330392,153.68388066666662,57.88419013819657,
california_housing,regression,top_quality_b6000_k128,6000.0,,,,,0.8982777777777778,5389.666666666667,,,,8.0,6000.0,,,,,,,256.0,0.1496692084086438,1710.5526877028144,7815.333333333333,,0.455128373783886,1.0,0.8242757282849807,0.5333255218097737,0.8242757282849807,0.6233453758528592,15041648.333333334,0.4038911097129341,15502.666666666666,0.30330361542696777,,0.4138426820041972,0.6965965330827663,128.0,1.4435051141138746,128.0,0.6350639022602151,157.28419900000003,59.15682184680676,
california_housing,regression,top_quality_b6000_k16,6000.0,,,,,0.8982777777777778,5389.666666666667,,,,4.666666666666667,6000.0,,,,,,,256.0,0.015111944638192598,16979.32358899765,961.3333333333334,,0.4793957731300396,1.0,0.9677512115472711,0.93,0.9677512115472711,0.6400831488599942,1870568.0,0.44953972108006984,1906.6666666666667,0.3377676646104118,,0.4645293007098071,0.6621213056266463,16.0,1.0623226143187747,16.0,0.6701276239057546,152.19113600000006,57.71114177683679,
california_housing,regression,top_quality_b6000_k64,6000.0,,,,,0.8982777777777778,5389.666666666667,,,,7.333333333333333,6000.0,,,,,,,256.0,0.0708132636888573,3626.493654434386,3900.3333333333335,,0.45288796725200964,1.0,0.8352980910933573,0.5847663139329806,0.8352980910933573,0.6309151609396962,7507179.0,0.4009830812791017,7736.666666666667,0.30105813327587333,,0.41141549856036885,0.6988424682005251,64.0,1.3995192127335094,64.0,0.6327119129352046,153.99510800000002,58.13982204083974,
california_housing,regression,top_quality_cert_b6000_k64,6000.0,,,,,0.8982777777777778,5389.666666666667,,,,7.333333333333333,6000.0,,,,,,,256.0,0.1377148470686127,2359.5849207482183,3900.3333333333335,,0.45288796725200964,1.0,0.8352980910933573,0.5847663139329806,0.8352980910933573,0.6309151609396962,7507179.0,0.4009830812791017,7736.666666666667,0.30105813327587333,,0.41141549856036885,0.6988424682005251,64.0,1.3995192127335094,64.0,0.6327119129352046,154.473686,58.502685041244455,
california_housing,regression,top_quality_f05_d3_b1000_k64,1000.0,,,,,0.7516666666666666,751.6666666666666,,,,1.0,6000.0,,,,,,,256.0,0.05750573597227527,4468.468069073852,512.0,,0.6237004722806427,1.0,0.9999999999999996,1.0,0.9999999999999996,0.4768005227316361,7010501.666666667,0.6954351789271391,960.0,0.5224606319129593,,0.6964697987593459,0.4773619612831274,64.0,1.0000000000000082,64.0,0.8338678420619768,152.08371766666664,57.49353406857699,
california_housing,regression,top_quality_f05_d6_b1000_k64,1000.0,,,,,0.7600000000000001,760.0,,,,1.0,6000.0,,,,,,,256.0,0.06160173634998497,4164.6202173857755,3818.6666666666665,,0.6190105392713,1.0,0.9999999999999996,1.0,0.9999999999999996,0.4747432777816713,7486661.666666667,0.6911221847879014,7573.333333333333,0.5192347880619492,,0.6992111854699375,0.4805888983061543,64.0,1.000000000000006,64.0,0.8312826623563693,152.25361666666672,57.502850193607934,
california_housing,regression,top_quality_f20_d3_b1000_k64,1000.0,,,,,0.9646666666666667,964.6666666666666,,,,3.3333333333333335,6000.0,,,,,,,256.0,0.06103413885769743,4207.159755056544,512.0,,0.5978955248214691,1.0,0.9454773526578236,0.6661155202821869,0.9454773526578236,0.5040335473399186,7013719.333333333,0.6282308125640736,960.0,0.4720383375238962,,0.6245639077861926,0.5278016459851492,64.0,1.1129373356497128,64.0,0.7925597701173981,152.2954106666666,57.542836068663746,
california_housing,regression,top_quality_f20_d6_b1000_k64,1000.0,,,,,0.9133333333333334,913.3333333333334,,,,3.3333333333333335,6000.0,,,,,,,256.0,0.06664870896687107,3861.0816714691487,3934.6666666666665,,0.5111705018477908,1.0,0.8719370775709369,0.6613756613756614,0.8719370775709369,0.5783950961072533,7506583.333333333,0.4902249351630796,7805.333333333333,0.3682515003885025,,0.4904603940563415,0.6316246348428726,64.0,1.2829404082386036,64.0,0.7000252100560561,152.85365733333342,57.676823305276535,
california_housing,regression,top_quality_f50_d3_b1000_k64,1000.0,,,,,1.0,1000.0,,,,6.666666666666667,6000.0,,,,,,,256.0,0.07330948634383573,3519.088658647472,512.0,,0.6025717014315459,1.0,0.9977349602561952,0.6393077601410934,0.9977349602561952,0.5228193865073898,7019296.333333333,0.6378219542292501,960.0,0.4792760794845174,,0.6337698761550669,0.5205623939664329,64.0,1.0044594722601803,64.0,0.7985478469126557,153.12160166666672,57.74173198523931,
california_housing,regression,top_quality_f50_d6_b1000_k64,1000.0,,,,,1.0,1000.0,,,,7.333333333333333,6000.0,,,,,,,256.0,0.07502383342944084,3412.430423542441,3900.3333333333335,,0.45288796725200964,1.0,0.8352980910933573,0.5847663139329806,0.8352980910933573,0.6309151609396962,7507179.0,0.4009830812791017,7736.666666666667,0.30105813327587333,,0.41141549856036885,0.6988424682005251,64.0,1.3995192127335094,64.0,0.6327119129352046,154.07840466666667,57.99223220759692,
california_housing,regression,xgboost,,,,,,,,,0.453969666666751,,,,,,,,,,256.0,0.0016948189586400667,156347.09503485364,17293.0,,0.3082893474971591,,,,,,1376604.3333333333,0.21742057533829898,34286.0,0.1633194992935527,1948188672.0,,0.8366258792263795,,,300.0,0.46615351032190966,0.453969666666751,0.4593854166256885,0.4593854166256885
credit_default,binary,abs_correlation_b6000_k64,6000.0,0.5563084746300606,0.7787491850034468,0.5726161373410298,0.14043493193640944,0.9921666666666668,5953.0,,,0.059292039273402264,23.0,6000.0,,,,,,,256.0,0.08434048558895783,3140.0359191755656,3315.3333333333335,0.44532568895182895,,0.9847161786143862,0.8947993844468932,0.24611067283288582,0.8947993844468932,0.6760826960668288,7538312.333333333,,6566.666666666667,0.8151992546246137,,0.14069291135688042,,64.0,1.2418056384510232,64.0,,230.33255700000004,101.57440118057032,
credit_default,binary,caruana_b6000_k64,6000.0,0.5630338387106791,0.7778798211566332,0.6560909627517267,0.13403628470235926,0.9921666666666668,5953.0,,,0.018281198882070367,23.0,6000.0,,,,,,,256.0,0.046890138726060536,5638.221074894776,1620.3333333333333,0.4296851396273902,,0.9810978182624863,0.9328758880083212,0.27874520561576155,0.9328758880083212,0.7375835040680206,3862823.3333333335,,3207.6666666666665,0.7780557321326147,,0.13302109448098817,,64.0,1.1457003996733923,33.0,,227.44701733333332,99.79631881959115,
credit_default,binary,catboost,,0.5664002183460202,0.784370077855787,0.6624206394836296,0.13288830278471608,,,,1.468151333333329,0.010500794881910634,,,,,,,,,256.0,0.0018580549707015,139008.47704228075,19120.0,0.4253873815205474,,,,,,,347476.3333333333,,37940.0,0.7713921095296797,1580701013.3333333,,,,,300.0,,1.468151333333329,1.4919255276521046,1.4919255276521046
credit_default,binary,coerror_b1000_k128,1000.0,0.5641919693200346,0.7780611178404667,0.6565381873375803,0.1342044069879697,0.9933333333333333,993.3333333333334,,,0.0217367857620008,23.0,6000.0,,,,,,,256.0,0.14266431968038276,1809.0282742271172,5644.0,0.4302784126838173,,0.9993502101859134,0.9373821025039003,0.2691350702824961,0.9373821025039003,0.733274839785406,14965635.0,,11160.0,0.7790316691230532,,0.13413706839022851,,128.0,1.1386360696035729,128.0,,231.17486599999998,100.46324098599143,
credit_default,binary,coerror_b1000_k16,1000.0,0.561308016390217,0.7761061606457469,0.6574789956228105,0.13426642815314194,0.9933333333333333,993.3333333333334,,,0.0169720486602308,23.0,6000.0,,,,,,,256.0,0.0191291662243505,13481.352422481,735.0,0.4304250291490031,,0.9844522905683686,0.9404536947507603,0.2649590626474011,0.9404536947507603,0.7402527088063501,1865596.6666666667,,1454.0,0.7793918207094884,,0.13362024643093892,,16.0,1.1227480700017558,16.0,,225.86311999999995,98.86259676376358,
credit_default,binary,coerror_b1000_k64,1000.0,0.5641128725377454,0.7780166679352495,0.6564918090594792,0.13405130846532573,0.9933333333333333,993.3333333333334,,,0.018289466632337634,23.0,6000.0,,,,,,,256.0,0.07974215232146277,3308.9002499013077,3013.0,0.42976193034517857,,0.9926185889412203,0.9374497521470468,0.27395549056934826,0.9374497521470468,0.7366641608290968,7493292.666666667,,5962.0,0.7781429739409571,,0.13380171585313572,,64.0,1.137045537090949,64.0,,228.0668106666666,99.54121818075267,
credit_default,binary,coerror_b3000_k128,3000.0,0.5646645339383013,0.7786915365657604,0.6567815391455665,0.13401085779018063,0.9922222222222222,2976.6666666666665,,,0.019090751935994,23.0,6000.0,,,,,,,256.0,0.14348716669095052,1794.2189435872867,6165.333333333333,0.42956664869139377,,0.9975892476936208,0.9368954654057262,0.2783507053716697,0.9368954654057262,0.7377407707619447,15047420.666666666,,12202.666666666666,0.7779080863817507,,0.13361759799453568,,128.0,1.1396014959655163,128.0,,232.1920489999999,101.28601895862569,
credit_default,binary,coerror_b3000_k16,3000.0,0.5625153335399647,0.7775859343947072,0.6565418094427707,0.13402205812960835,0.9922222222222222,2976.6666666666665,,,0.01748854032574647,23.0,6000.0,,,,,,,256.0,0.01952554169110947,13206.51700092977,776.6666666666666,0.4296729832802684,,0.9763002840508307,0.9414526623474075,0.2596393435354349,0.9414526623474075,0.7430949941787244,1870907.6666666667,,1537.3333333333333,0.7779731559950441,,0.13331838388810832,,16.0,1.1204238358551581,16.0,,226.0493816666666,99.02557838933232,
credit_default,binary,coerror_b3000_k64,3000.0,0.5644465283527955,0.7788266881356002,0.6566855437757284,0.13399265263733162,0.9922222222222222,2976.6666666666665,,,0.0186228869329977,23.0,6000.0,,,,,,,256.0,0.07821665300677216,3294.6052131507045,3107.6666666666665,0.42945753290918054,,0.9897696626945667,0.9370324479876513,0.2818696559914264,0.9370324479876513,0.7392023943841973,7508594.0,,6151.333333333333,0.7778023619530922,,0.13342024442113334,,64.0,1.1380664710334023,64.0,,228.5548213333334,99.9435623191918,
credit_default,binary,coerror_b300_k64,300.0,0.5630206512250974,0.7772755233816647,0.6556314345069721,0.13449710242722016,0.9933333333333333,298.0,,,0.023449917748826835,23.0,6000.0,,,,,,,256.0,0.0808878890238702,3261.9672318701264,2503.6666666666665,0.43126111976157794,,0.9986951372195993,0.9387357174734429,0.2673434974346374,0.9387357174734429,0.7293401642581108,7410679.333333333,,4943.333333333333,0.7807307967947018,,0.13455950633731997,,64.0,1.1343712415032108,64.0,,228.07419199999995,99.44265123619698,
credit_default,binary,coerror_b6000_k128,6000.0,0.564777812910178,0.7788595410055876,0.6562823593894932,0.1339589496168644,0.9921666666666668,5953.0,,,0.0185805607016559,23.0,6000.0,,,,,,,256.0,0.15170213875050342,1709.1354526157731,6200.333333333333,0.4294148539105895,,0.9963161391750756,0.9379590297865356,0.2793941836454075,0.9379590297865356,0.7393192417562684,15045820.666666666,,12272.666666666666,0.7776067840478366,,0.13334691259846068,,128.0,1.1370338883421593,128.0,,233.63825500000007,102.4993955696312,
credit_default,binary,coerror_b6000_k16,6000.0,0.5625597025272328,0.7769954386444656,0.6566563177946937,0.13408827255688127,0.9921666666666668,5953.0,,,0.016476517317676333,23.0,6000.0,,,,,,,256.0,0.0198379582725465,13142.0321070089,769.6666666666666,0.42994492707154225,,0.9756828978182375,0.9411476198348828,0.2675962312875367,0.9411476198348828,0.7423248160116822,1868466.0,,1523.3333333333333,0.7783575943250164,,0.13316388598109544,,16.0,1.121141185556178,16.0,,226.37190066666668,99.33423358357201,
credit_default,binary,coerror_b6000_k256,6000.0,0.5648832275271337,0.7788669225424228,0.6564916557428574,0.1339779070550178,0.9921666666666668,5953.0,,,0.019236327500279166,23.0,6000.0,,,,,,,256.0,0.29370008323652047,879.0982958121053,12313.333333333334,0.42947585412798905,,0.9999999999999982,0.9374440186874646,0.2769401139834329,0.9374440186874646,0.7380451258153643,30083346.0,,24370.666666666668,0.7777168259710074,,0.13357395680011389,,256.0,1.1388821798804103,256.0,,244.36064166666665,106.71019194461405,
credit_default,binary,coerror_b6000_k64,6000.0,0.5640129223797398,0.7786781498719823,0.6566547271347423,0.13397510268138388,0.9921666666666668,5953.0,,,0.018613722382770367,23.0,6000.0,,,,,,,256.0,0.0807562360229591,3243.0383262406394,3134.6666666666665,0.4294649446589452,,0.9851558486224041,0.9376108959670476,0.2821523967539858,0.9376108959670476,0.7401902235368619,7508978.0,,6205.333333333333,0.77770052956431,,0.13319445388218018,,64.0,1.1365721375315496,64.0,,229.45789866666667,100.68528248594764,
credit_default,binary,coerror_cert_b6000_k64,6000.0,0.5640129223797398,0.7786781498719823,0.6566547271347423,0.13397510268138388,0.9921666666666668,5953.0,,,0.018613722382770367,23.0,6000.0,,,,,,,256.0,0.08116674974250293,3228.776964113027,3134.6666666666665,0.4294649446589452,,0.9851558486224041,0.9376108959670476,0.2821523967539858,0.9376108959670476,0.7401902235368619,7508978.0,,6205.333333333333,0.77770052956431,,0.13319445388218018,,64.0,1.1365721375315496,64.0,,229.37292033333338,100.65265644489166,
credit_default,binary,coerror_f05_d3_b1000_k64,1000.0,0.5516825780362672,0.7680423897367351,0.6442924437902935,0.1371919724081305,0.9686666666666666,968.6666666666666,,,0.029107202615292732,13.333333333333334,6000.0,,,,,,,256.0,0.04540168067129947,5755.426225777518,507.6666666666667,0.43980850697716667,,1.0,0.9590066201718521,0.24079585537918868,0.9590066201718521,0.7108530813668154,7026576.0,,951.3333333333334,0.796374135330292,,0.1371696612754791,,64.0,1.0875662553220586,64.0,,225.77661199999997,98.94545495867108,
credit_default,binary,coerror_f05_d6_b1000_k64,1000.0,0.5543722212444173,0.7692809177732601,0.6456816073714632,0.13648631549445384,0.9856666666666666,985.6666666666666,,,0.029206338400905033,15.0,6000.0,,,,,,,256.0,0.04621852755857003,5701.42695920936,2382.3333333333335,0.4376174313676742,,1.0,0.9496597885021725,0.2539131393298059,0.9496597885021725,0.7175671326064382,7326549.666666667,,4700.666666666667,0.7922780495687185,,0.13644099118654218,,64.0,1.1093149749603854,64.0,,225.87168500000016,98.95749769414154,
credit_default,binary,coerror_f20_d3_b1000_k64,1000.0,0.5513326703862632,0.7696601331491078,0.6535082292696762,0.13614696238116122,0.9986666666666667,998.6666666666666,,,0.02605177637469987,23.0,6000.0,,,,,,,256.0,0.06756655569188293,3897.9401870792267,511.6666666666667,0.4370069833560375,,1.0,0.9622444328975446,0.20162050159569997,0.9622444328975446,0.7190518281060392,7056586.666666667,,959.3333333333334,0.790308043349822,,0.13589609712495596,,64.0,1.0803426018523414,64.0,,226.48757700000013,99.18448944475192,
credit_default,binary,coerror_f20_d6_b1000_k64,1000.0,0.5655939090728633,0.7784561913580901,0.6554381405760106,0.13417460354706853,1.0,1000.0,,,0.02076298982481217,23.0,6000.0,,,,,,,256.0,0.06382320798002176,4102.890642589795,3144.6666666666665,0.43024307594203176,,0.9964633079058071,0.9409223275773299,0.2089330330897791,0.9409223275773299,0.7372518409952461,7474677.333333333,,6225.333333333333,0.7788587052521048,,0.13380166900317095,,64.0,1.128766896803653,64.0,,226.7537613333333,99.19424519408494,
credit_default,binary,coerror_f50_d3_b1000_k64,1000.0,0.5472832032095571,0.7665939910591605,0.6561325115562404,0.1362639620166303,1.0,1000.0,,,0.024202896210388333,23.0,6000.0,,,,,,,256.0,0.0902291250725587,2929.5670564678453,511.6666666666667,0.43734416088356215,,1.0,0.9642913502765329,0.3818145314874269,0.9642913502765329,0.7227031896631985,7108168.333333333,,959.3333333333334,0.7909872231446391,,0.13576864019338764,,64.0,1.0754959859972815,64.0,,228.15014299999999,99.61022713951145,
credit_default,binary,coerror_f50_d6_b1000_k64,1000.0,0.5626528357704538,0.7784678126812477,0.6563016197901096,0.13403767853522977,1.0,1000.0,,,0.017002029784855734,23.0,6000.0,,,,,,,256.0,0.09096344459491468,2865.885810399534,3171.0,0.42944310376486833,,0.985866349420907,0.9357412202891634,0.37400572791992515,0.9357412202891634,0.7402592372529019,7534051.0,,6278.0,0.7780637611802416,,0.13339398049537293,,64.0,1.1410100101637737,64.0,,229.4782640000001,99.92589406964059,
credit_default,binary,coerror_swap_b6000_k64,6000.0,0.5641165798518156,0.7786550156280784,0.6565417327844598,0.13396829109765337,0.9921666666666668,5953.0,,,0.018668847782184767,23.0,6000.0,,,,,,,256.0,0.08446781927098827,3141.6212687870743,3144.0,0.429446635425965,,0.9851558486224041,0.9374603623381548,0.2827281198629299,0.9374603623381548,0.7402539298474885,7510871.333333333,,6224.0,0.7776609945138864,,0.13318961804749238,,64.0,1.1369395621095615,64.0,,229.4612516666666,100.6040323197376,
credit_default,binary,extra_trees,,0.5044369723193479,0.7455406570403907,0.6522779592024469,0.14420171895839864,,,,2.4495156666666653,0.036874606473290404,,,,,,,,,256.0,0.026633569660286068,9613.144285035285,1413487.6666666667,0.46567415451522925,,,,,,,226240837.66666666,,2826719.3333333335,0.8370632553825734,1512909482.6666667,,,,,256.0,,2.4495156666666653,2.4476189447256425,2.4476189447256425
credit_default,binary,lightgbm,,0.5566476785697313,0.7754559845696388,0.6604421076436001,0.1354120429583819,,,,0.5248170000000224,0.019999460780857802,,,,,,,,,256.0,0.005513903064032333,46568.54530550112,9300.0,0.4351042018672941,,,,,,,1036484.3333333334,,18300.0,0.7860422395324363,1550357845.3333333,,,,,300.0,,0.5248170000000224,0.5276231386233121,0.5276231386233121
credit_default,binary,linear,,0.5129312359189765,0.7276454150280363,0.6129214865579652,0.14374706682365454,,,34.0,0.0381983333332982,0.04844552169451664,,,,,,,,,256.0,0.0014180972551305333,181892.14935644157,,0.4638644500107157,,,,,,,5706.0,,,0.834426109664158,1581749589.3333333,,,,,1.0,,0.0381983333332982,0.038756972023596334,0.038756972023596334
credit_default,binary,quality_diversity_l002_b6000_k64,6000.0,0.5624045190133762,0.7757004496063088,0.6562704965158798,0.13415745830097983,0.9921666666666668,5953.0,,,0.013984502794716332,23.0,6000.0,,,,,,,256.0,0.08529459731653331,3077.274723105869,3110.0,0.42998640991369025,,0.9873467878235321,0.9545162445116363,0.35900895270036565,0.9545162445116363,0.7509518469552567,7511266.0,,6156.0,0.7787591510920064,,0.13430351867266946,,64.0,1.095897521957176,64.0,,230.15296599999988,100.95692622343388,
credit_default,binary,quality_diversity_l01_b6000_k64,6000.0,0.5626684023144292,0.7760669494767751,0.6560111997792241,0.1341255047923414,0.9921666666666668,5953.0,,,0.013918065210886501,23.0,6000.0,,,,,,,256.0,0.08804849962082996,2991.964085170981,3104.3333333333335,0.4298652347292855,,0.9858683372962345,0.9537796601071733,0.35866683609351396,0.9537796601071733,0.7509028197001725,7511586.0,,6144.666666666667,0.7785736295444697,,0.13426577560640882,,64.0,1.0975655542329743,64.0,,229.91110833333332,100.85024591636223,
credit_default,binary,quality_diversity_l05_b6000_k64,6000.0,0.5642263318960395,0.7785137931983904,0.6573038505469571,0.1339516041553014,0.9921666666666668,5953.0,,,0.016202642180211165,23.0,6000.0,,,,,,,256.0,0.09337120798105993,2860.7663218582234,3142.6666666666665,0.42920109321950456,,0.980977545057677,0.9360542622321953,0.3493201708423433,0.9360542622321953,0.744361354123729,7523613.666666667,,6221.333333333333,0.7775641826973523,,0.133942302305454,,64.0,1.139876984370091,64.0,,230.23694833333332,100.90802824978407,
credit_default,binary,random_b1000_k128,1000.0,0.5443548498170383,0.7750017872076084,0.5739804444648867,0.14274856305951242,0.9933333333333333,993.3333333333334,,,0.061562655641687836,23.0,6000.0,,,,,,,256.0,0.12888440272460375,1998.6184359583488,3619.6666666666665,0.4517647965105005,,0.9998185192198915,0.9252355278027072,0.13744461238556294,0.9252355278027072,0.6713321615530271,14596236.666666666,,7111.333333333333,0.8286298791817585,,0.14300336695570123,,128.0,1.1650166596465261,128.0,,228.58580000000006,99.65998537489213,
credit_default,binary,random_b1000_k16,1000.0,0.5374331719341129,0.7689675710658274,0.5737663569670906,0.14311794588311166,0.9933333333333333,993.3333333333334,,,0.05566445231987743,23.0,6000.0,,,,,,,256.0,0.015088180623327632,16981.541204051002,402.6666666666667,0.45264169070078014,,0.9933140477055672,0.9237330011687882,0.13983842656120773,0.9237330011687882,0.6755099197415606,1807303.6666666667,,789.3333333333334,0.8307747524277639,,0.1432086970845551,,16.0,1.1581013190105338,16.0,,225.63025433333348,98.7900192917635,
credit_default,binary,random_b1000_k64,1000.0,0.5508745550467945,0.775531770892263,0.5664642887258622,0.14262941623574174,0.9933333333333333,993.3333333333334,,,0.06305638209291817,23.0,6000.0,,,,,,,256.0,0.06540851357082524,3953.9909404620653,1847.0,0.45164676646666985,,0.998006156845177,0.9221304318039616,0.13691903236247013,0.9221304318039616,0.667219068050922,7286789.333333333,,3630.0,0.8279375319736407,,0.14293236998481731,,64.0,1.1706817472887874,64.0,,226.86971266666671,99.12081637466326,
credit_default,binary,random_b3000_k128,3000.0,0.5494163214168509,0.7755964870726625,0.5767920221695836,0.14171085393561153,0.9922222222222222,2976.6666666666665,,,0.05948565854251373,23.0,6000.0,,,,,,,256.0,0.12846005560519788,2014.0715757590706,3667.3333333333335,0.44936351640912653,,0.9999999999999991,0.9230204713916286,0.13909648012537001,0.9230204713916286,0.6747733447300055,14604966.333333334,,7206.666666666667,0.8226057432812611,,0.14198718983715888,,128.0,1.170846074465269,128.0,,228.91840433333334,99.80863280617632,
credit_default,binary,random_b3000_k16,3000.0,0.5439355105020302,0.7722735810709063,0.6042731833896772,0.139542796797815,0.9922222222222222,2976.6666666666665,,,0.0451724917125385,23.0,6000.0,,,,,,,256.0,0.0173941523923228,14813.22754870881,554.6666666666666,0.4436431283099959,,0.9835231863811579,0.9209389519499106,0.1806964411195577,0.9209389519499106,0.6932307480569865,1834400.0,,1093.3333333333333,0.8100201208651233,,0.13976787084489814,,16.0,1.1660468719359833,16.0,,225.86903966666662,98.93558843092372,
credit_default,binary,random_b3000_k64,3000.0,0.5456182811707716,0.7732454708758009,0.5810563515243504,0.14155837804496055,0.9922222222222222,2976.6666666666665,,,0.058064675986358505,23.0,6000.0,,,,,,,256.0,0.06824737507849928,3780.796069546086,1997.3333333333333,0.44890059866046705,,0.9993906966468916,0.9217220676068175,0.14395538465736166,0.9217220676068175,0.6790836392632279,7311394.0,,3930.6666666666665,0.8217215852723357,,0.1416487474167101,,64.0,1.172777737032538,64.0,,227.1136743333334,99.29778322259274,
credit_default,binary,random_b6000_k128,6000.0,0.5457710464053477,0.7750752569639143,0.5689070249676119,0.14259429064280094,0.9921666666666668,5953.0,,,0.061290859869295604,23.0,6000.0,,,,,,,256.0,0.13281762491290763,1944.6433665240486,3387.3333333333335,0.45141468482680774,,0.999999999999985,0.9244774368941041,0.13941257298086498,0.9244774368941041,0.6714775620746142,14558300.666666666,,6646.666666666667,0.8277336844886803,,0.1427929108736609,,128.0,1.1664977379535937,128.0,,229.19387833333334,100.03868441632949,
credit_default,binary,random_b6000_k16,6000.0,0.5489971923095308,0.7699813554939872,0.5991087321481958,0.13968287681420594,0.9921666666666668,5953.0,,,0.0495109552171119,22.666666666666668,6000.0,,,,,,,256.0,0.017514194672306332,14812.555774194363,398.6666666666667,0.44466997583781054,,0.9885187657391407,0.9275789493946869,0.16375907809892584,0.9275789493946869,0.6917287519987722,1808091.6666666667,,781.3333333333334,0.8108329741187168,,0.13992242536313068,,16.0,1.150826523087327,16.0,,226.104874,99.26816079222287,
credit_default,binary,random_b6000_k64,6000.0,0.544222667308342,0.7741146404930151,0.5748404740549947,0.1426501602159147,0.9921666666666668,5953.0,,,0.06183857943572443,23.0,6000.0,,,,,,,256.0,0.07037995833282668,3669.097884572911,1783.3333333333333,0.45167624178146754,,0.9989736965671933,0.9253257167170661,0.13321943381346255,0.9253257167170661,0.670921444623816,7273842.0,,3502.6666666666665,0.8280573651388483,,0.1428769706600109,,64.0,1.1636179909367101,64.0,,227.24065600000003,99.44867387491588,
credit_default,binary,random_cert_b6000_k64,6000.0,0.5472189025364012,0.7734845829860527,0.5717155746690278,0.14277053401056702,0.9921666666666668,5953.0,,,0.062160902661848795,23.0,6000.0,,,,,,,256.0,0.07011873632048564,3728.5300134905283,1763.3333333333333,0.45212182336979306,,0.998177490855554,0.9242424374104932,0.13234810396518276,0.9242424374104932,0.6680497592239875,7270357.333333333,,3462.6666666666665,0.828758068253682,,0.14306899442270618,,64.0,1.165771871232838,64.0,,227.37234966666657,99.64340884805036,
credit_default,binary,random_forest,,0.547647129808761,0.7667157552560463,0.662474664428244,0.1369970339449719,,,,4.616914000000008,0.022132012953634702,,,,,,,,,256.0,0.0179111666511744,14321.392837489699,512697.0,0.4374747055253814,,,,,,,82114347.0,,1025138.0,0.7952423149715835,1425708373.3333333,,,,,256.0,,4.616914000000008,4.615611388580874,4.615611388580874
credit_default,binary,random_patches64,,0.5470434235057725,0.777066352720173,0.588318365798128,0.14018201758489465,,,,0.7128039999999677,0.05338969751927314,,,,,,,,,256.0,0.06245226389728483,4107.266542587453,2923.0,0.4445500412191303,,,,,,,4038397.3333333335,,5782.0,0.8137299993978268,1604763648.0,,,,,64.0,,0.7128039999999677,0.7131726670389374,0.7131726670389374
credit_default,binary,rf_leaf5,,0.5638058129583479,0.7787310996808333,0.6626937730454048,0.13399355739291988,,,,3.944868666666688,0.015081635192082233,,,,,,,,,256.0,0.014739874983206365,17406.156672647532,220576.66666666666,0.42857880109230023,,,,,,,35375093.666666664,,440897.3333333333,0.7778078872987887,1601071786.6666667,,,,,256.0,,3.944868666666688,3.96472940267995,3.96472940267995
credit_default,binary,rf_shallow64,,0.5579756812961169,0.7779346594736838,0.635919497274797,0.13515133520720968,,,,0.4914343333332833,0.026211880251287668,,,,,,,,,256.0,0.0033975283925731336,75646.51724476121,3222.3333333333335,0.4321207572956194,,,,,,,541040.3333333334,,6380.666666666667,0.78452864138692,1603381930.6666667,,,,,64.0,,0.4914343333332833,0.49128159733178717,0.49128159733178717
credit_default,binary,signed_correlation_b6000_k64,6000.0,0.5563084746300606,0.7787491850034468,0.5726161373410298,0.14043493193640944,0.9921666666666668,5953.0,,,0.059292039273402264,23.0,6000.0,,,,,,,256.0,0.08449777797795831,3125.129909854008,3315.3333333333335,0.44532568895182895,,0.9847161786143862,0.8947993844468932,0.24611067283288582,0.8947993844468932,0.6760826960668288,7538312.333333333,,6566.666666666667,0.8151992546246137,,0.14069291135688042,,64.0,1.2418056384510232,64.0,,229.81494166666656,100.83723595862587,
credit_default,binary,top_quality_b1000_k128,1000.0,0.5620459524512277,0.7746307576016845,0.6536945089651894,0.13432620295106146,0.9933333333333333,993.3333333333334,,,0.016046698561860067,23.0,6000.0,,,,,,,256.0,0.14003658333482835,1839.1073059139508,5582.666666666667,0.43071219827791646,,0.9997914954556996,0.9536102989583494,0.30145639355550513,0.9536102989583494,0.7411200394289819,14955739.666666666,,11037.333333333334,0.7797387473035885,,0.1348307425609826,,128.0,1.0988809949053315,128.0,,231.08004333333338,100.26865388918668,
credit_default,binary,top_quality_b1000_k16,1000.0,0.558454009837101,0.7743730308986972,0.657076041211508,0.13428442629067852,0.9933333333333333,993.3333333333334,,,0.011998720283810932,23.0,6000.0,,,,,,,256.0,0.018364652991294833,13979.702135321111,770.6666666666666,0.43039429777517874,,0.98033366249174,0.9532396184294057,0.3446913850635471,0.9532396184294057,0.749926405489607,1872637.6666666667,,1525.3333333333333,0.7794966153496888,,0.1344196911398467,,16.0,1.0936497239861573,16.0,,225.89484966666657,98.83598511122788,
credit_default,binary,top_quality_b1000_k64,1000.0,0.5622122186793169,0.7757414242117254,0.6548299718663998,0.13407771578546798,0.9933333333333333,993.3333333333334,,,0.014488993790615565,23.0,6000.0,,,,,,,256.0,0.0736786527559161,3495.5928830146972,3105.3333333333335,0.4298148076802119,,0.9890979664205259,0.9518395867302063,0.32299374828864147,0.9518395867302063,0.7455883150482374,7513249.0,,6146.666666666667,0.7782963460522301,,0.13454968506924195,,64.0,1.101978505572373,64.0,,228.23905900000008,99.4658230416632,
credit_default,binary,top_quality_b3000_k128,3000.0,0.5623162593902408,0.7763170652438176,0.6552160806138798,0.13402511961676908,0.9922222222222222,2976.6666666666665,,,0.012496501679569802,23.0,6000.0,,,,,,,256.0,0.14738354156725106,1741.8698570823108,6223.666666666667,0.4296425298224948,,0.9938004121388241,0.9523394844343809,0.3405874467508629,0.9523394844343809,0.7469566579783401,15071640.333333334,,12319.333333333334,0.777991040938125,,0.13444583107630978,,128.0,1.1017251487202893,128.0,,231.98288133333332,100.55480112570028,
credit_default,binary,top_quality_b3000_k16,3000.0,0.5577131311227508,0.77401931919069,0.6570750638180439,0.13443204194190508,0.9922222222222222,2976.6666666666665,,,0.0134252074058982,23.0,6000.0,,,,,,,256.0,0.020442777546122632,12684.757876687656,767.0,0.43080053686236036,,0.9762654875470581,0.9552230779160702,0.366826684583715,0.9552230779160702,0.7519900483569814,1871693.6666666667,,1518.0,0.7803531615031322,,0.13449052105099382,,16.0,1.089413394501291,16.0,,226.0267613333334,98.94047768057014,
credit_default,binary,top_quality_b3000_k64,3000.0,0.5625468290596504,0.7761206300495784,0.6551865479996014,0.1340460519890246,0.9922222222222222,2976.6666666666665,,,0.013251961834794435,23.0,6000.0,,,,,,,256.0,0.07790163904428477,3310.8635912146206,3097.3333333333335,0.4297068622136484,,0.9900830668000186,0.9532953473772908,0.3431806644805057,0.9532953473772908,0.7489751293588601,7511484.666666667,,6130.666666666667,0.7781124916922834,,0.13435157818770502,,64.0,1.098667334214521,64.0,,228.4671156666666,99.59966158253762,
credit_default,binary,top_quality_b300_k64,300.0,0.5585053641227606,0.7714202826179312,0.6508283888722796,0.1351006148095186,0.9933333333333333,298.0,,,0.0167205627746303,23.0,6000.0,,,,,,,256.0,0.07779487501829856,3369.7330898338737,1967.6666666666667,0.43327601013453104,,0.9996448652555762,0.9624243222917149,0.28434491524155026,0.9624243222917149,0.7356227492094024,7324394.666666667,,3871.3333333333335,0.7842342916228561,,0.13549262319304864,,64.0,1.0784031952469066,64.0,,227.77041100000005,99.37067337543704,
credit_default,binary,top_quality_b6000_k128,6000.0,0.5625851568782562,0.7763020099620133,0.6557028800527409,0.1340772153726153,0.9921666666666668,5953.0,,,0.013985310160906,23.0,6000.0,,,,,,,256.0,0.14857348605679963,1729.599688125378,6205.333333333333,0.42975180347047753,,0.9907623946096327,0.9537574686461122,0.34873835082523447,0.9537574686461122,0.7493034871989778,15062627.0,,12282.666666666666,0.7782934200513533,,0.13431101690165018,,128.0,1.0984721901591579,128.0,,232.28500766666662,100.72783104136276,
credit_default,binary,top_quality_b6000_k16,6000.0,0.557145090319144,0.7736432973008561,0.6582823555565777,0.13474041640435772,0.9921666666666668,5953.0,,,0.014361040848324333,23.0,6000.0,,,,,,,256.0,0.022064638789743133,11728.23927455373,779.3333333333334,0.4314424842868314,,0.9798643635629883,0.9585943489992307,0.4236383190253159,0.9585943489992307,0.7540255438121614,1874952.3333333333,,1542.6666666666667,0.7821427626746047,,0.1348146560830329,,16.0,1.082298325511143,16.0,,226.26966300000012,99.16373527872686,
credit_default,binary,top_quality_b6000_k64,6000.0,0.5621996172314342,0.7757073541695819,0.6560779691680273,0.13418590319304077,0.9921666666666668,5953.0,,,0.014168321907839232,23.0,6000.0,,,,,,,256.0,0.07941640269321697,3259.9195933751093,3111.6666666666665,0.43005446131295777,,0.9873467878235321,0.9547790087193754,0.35910293752640116,0.9547790087193754,0.7509536469106859,7511501.666666667,,6159.333333333333,0.7789242401824877,,0.13431017569264636,,64.0,1.0953071315111693,64.0,,228.61947133333334,99.7296233618011,
credit_default,binary,top_quality_cert_b6000_k64,6000.0,0.5621996172314342,0.7757073541695819,0.6560779691680273,0.13418590319304077,0.9921666666666668,5953.0,,,0.014168321907839232,23.0,6000.0,,,,,,,256.0,0.08322794471556937,3141.40323381589,3111.6666666666665,0.43005446131295777,,0.9873467878235321,0.9547790087193754,0.35910293752640116,0.9547790087193754,0.7509536469106859,7511501.666666667,,6159.333333333333,0.7789242401824877,,0.13431017569264636,,64.0,1.0953071315111693,64.0,,228.81087766666678,99.85333186124141,
credit_default,binary,top_quality_f05_d3_b1000_k64,1000.0,0.5409283960712878,0.7610819519600202,0.6445574899002675,0.1386866746604451,0.9686666666666666,968.6666666666666,,,0.011700542646895967,16.333333333333332,6000.0,,,,,,,256.0,0.044617680599912966,5844.740695494332,509.0,0.44389896351113606,,1.0,0.988976249569112,0.37544091710758365,0.988976249569112,0.7224932326184373,7026821.333333333,,954.0,0.8050507317955943,,0.1388522513156416,,64.0,1.0219952383718318,64.0,,225.6890483333334,98.83068963838741,
credit_default,binary,top_quality_f05_d6_b1000_k64,1000.0,0.5463194089013611,0.7611137092894317,0.6441376131668315,0.13762642131872094,0.9856666666666666,985.6666666666666,,,0.012561885083856833,16.333333333333332,6000.0,,,,,,,256.0,0.04719405574724073,5618.482857150612,2374.0,0.44071803256363085,,1.0,0.9762572585493383,0.3751102292768958,0.9762572585493383,0.7278926124917184,7327994.666666667,,4684.0,0.7988962950995244,,0.13783641929317347,,64.0,1.0484865127491807,64.0,,225.78954733333342,98.85797430536088,
credit_default,binary,top_quality_f20_d3_b1000_k64,1000.0,0.5393910728654316,0.7563743431466484,0.6445059755153354,0.1374444895361032,0.9986666666666667,998.6666666666666,,,0.012567124167783902,23.0,6000.0,,,,,,,256.0,0.07182923611253497,3725.217534504984,510.3333333333333,0.4404909375208772,,1.0,0.9846158632180179,0.2477068373645754,0.9846158632180179,0.7313792214546943,7062032.0,,956.6666666666666,0.79784023465744,,0.1376619280821819,,64.0,1.030915880022909,64.0,,226.38085500000003,99.02221559702109,
credit_default,binary,top_quality_f20_d6_b1000_k64,1000.0,0.5637395900507789,0.7755523425309251,0.6543355257610254,0.13434995106263345,1.0,1000.0,,,0.015013351120091134,23.0,6000.0,,,,,,,256.0,0.0649094583156208,4047.6599645740184,3102.6666666666665,0.43070430048713754,,0.9975312777686162,0.9571375940019703,0.24713141429411267,0.9571375940019703,0.7455720929558073,7468800.0,,6141.333333333333,0.7798766913726473,,0.13450671535233,,64.0,1.090028144683757,64.0,,226.63988500000005,99.07609140259835,
credit_default,binary,top_quality_f50_d3_b1000_k64,1000.0,0.5238666169701837,0.7510681055526119,0.6565358492590975,0.13723688641757614,1.0,1000.0,,,0.0132875517456337,22.666666666666668,6000.0,,,,,,,256.0,0.09371680556796484,2841.0119514163566,512.0,0.4406181705742765,,1.0,0.9883812071524666,0.41815542906321324,0.9883812071524666,0.7342975747668432,7105037.666666667,,960.0,0.7966346810515278,,0.13719402143323456,,64.0,1.0232578541217123,64.0,,227.88995233333335,99.4295943195466,
credit_default,binary,top_quality_f50_d6_b1000_k64,1000.0,0.5610382355845287,0.7748082131017416,0.6559497198138736,0.13425808590212682,1.0,1000.0,,,0.013555572232306965,23.0,6000.0,,,,,,,256.0,0.08702045865356917,3010.180499541652,3101.3333333333335,0.43024358988420913,,0.987256905918092,0.9545291074542694,0.4042252758155567,0.9545291074542694,0.7506131445915595,7518595.0,,6138.666666666667,0.7793432119593134,,0.13448846352254976,,64.0,1.0958686066610535,64.0,,229.19647066666676,99.74306891602464,
credit_default,binary,xgboost,,0.5581182462087002,0.7762557854582397,0.6604369715367692,0.13509468639509634,,,,0.5273069999999697,0.020148071131933433,,,,,,,,,256.0,0.002130763605236967,120569.57725089572,11068.0,0.43352266152699787,,,,,,,954935.6666666666,,21836.0,0.7841993822746586,1529921536.0,,,,,300.0,,0.5273069999999697,0.5321325833598772,0.5321325833598772
higgs,binary,abs_correlation_b6000_k64,6000.0,0.7947221151615101,0.7725826806305216,0.6953812082409149,0.20572620618602092,0.8321666666666667,4993.0,,,0.09450256305072292,28.0,6000.0,,,,,,,256.0,0.07561020809225734,3402.512082112417,3826.6666666666665,0.6001209505045915,,0.9832915864215096,0.8806111172683074,0.33443116734824657,0.8806111172683074,0.6601159729454382,7590098.333333333,,7589.333333333333,0.8256060526678634,,0.20609268142708245,,64.0,1.2821831604032372,64.0,,373.37278466666663,116.93259584670886,
higgs,binary,caruana_b6000_k64,6000.0,0.7854985749120039,0.7635849808153599,0.6909801480874683,0.20091141667693665,0.8321666666666667,4993.0,,,0.0550426960791165,28.0,6000.0,,,,,,,256.0,0.0433928746885309,6111.546460575494,2202.0,0.5871696773857487,,0.9840525748664118,0.89560543435512,0.33113038640328524,0.89560543435512,0.6969133330202223,4303349.0,,4367.666666666667,0.806283666051297,,0.19998360913717805,,64.0,1.2377871650881733,36.333333333333336,,368.00679166666663,114.82631388865411,
higgs,binary,catboost,,0.8121136855479715,0.7928352485869059,0.7130767384965542,0.18553285583598778,,,,1.9604150000000875,0.025325904420421333,,,,,,,,,256.0,0.0009274723318715667,277294.62909816275,19200.0,0.5482363079387179,,,,,,,349128.6666666667,,38100.0,0.7445675101116936,1686672725.3333333,,,,,300.0,,1.9604150000000875,1.993384930693234,1.993384930693234
higgs,binary,coerror_b1000_k128,1000.0,0.7877572062015936,0.7632922117968121,0.6893537720703652,0.20334385428960236,0.8306666666666667,830.6666666666666,,,0.06780770145498537,28.0,6000.0,,,,,,,256.0,0.09714331966824825,2636.40336475814,7657.666666666667,0.5936754834707884,,0.9915169438485223,0.8935546135587153,0.3056988644795034,0.8935546135587153,0.6811341568864401,15204175.666666666,,15187.333333333334,0.8160453722933928,,0.20367629535850865,,128.0,1.2498236374680485,128.0,,378.3105503333333,116.89689698566993,
higgs,binary,coerror_b1000_k16,1000.0,0.7833788363213493,0.7620212917401737,0.6902833377233715,0.2014013595022981,0.8306666666666667,830.6666666666666,,,0.05459444163101287,28.0,6000.0,,,,,,,256.0,0.014466097423185833,17774.44110160921,968.0,0.5882762892997505,,0.9686452868698644,0.893664693941982,0.3416210650661115,0.893664693941982,0.6954519832257545,1894946.3333333333,,1920.0,0.8082498807552595,,0.2011655848014496,,16.0,1.2325518485381328,16.0,,364.3860353333334,113.20161023588541,
higgs,binary,coerror_b1000_k64,1000.0,0.7864182747332177,0.7634712868858827,0.6903633842762131,0.20189230991421359,0.8306666666666667,830.6666666666666,,,0.0609051915659794,28.0,6000.0,,,,,,,256.0,0.0539837084555377,4768.307823124007,3870.0,0.5898370357797013,,0.9858428407782908,0.8942413187319881,0.3400070295465573,0.8942413187319881,0.6888708407488382,7596930.333333333,,7676.0,0.8102201351220234,,0.2019855352636374,,64.0,1.245617735686131,64.0,,370.65110166666665,114.88260076295894,
higgs,binary,coerror_b3000_k128,3000.0,0.7872505380393643,0.764893772680343,0.6920263336127044,0.2012224089800091,0.8287777777777778,2486.3333333333335,,,0.06072801628244403,28.0,6000.0,,,,,,,256.0,0.10437251371331509,2466.281691189301,7736.666666666667,0.588221184887658,,0.9895436172240882,0.8950520777329528,0.34019002914817165,0.8950520777329528,0.691551164256348,15219826.333333334,,15345.333333333334,0.807531726443666,,0.20122147150912872,,128.0,1.2456382452755508,128.0,,380.58743166666653,118.02112309634686,
higgs,binary,coerror_b3000_k16,3000.0,0.7844180484933415,0.7632389835051722,0.6912681695268706,0.2010005832650413,0.8287777777777778,2486.3333333333335,,,0.0553278820769302,28.0,6000.0,,,,,,,256.0,0.014833611436188165,17278.13860560038,965.6666666666666,0.587427183406991,,0.9752050074372599,0.8933532157539851,0.32704407623099013,0.8933532157539851,0.6967784669413858,1894098.3333333333,,1915.3333333333333,0.80664150880955,,0.20057081538124102,,16.0,1.233281960110346,16.0,,364.4923906666665,113.37564098563355,
higgs,binary,coerror_b3000_k64,3000.0,0.7871152176412503,0.7653066173134976,0.6935082724325198,0.2008777527855299,0.8287777777777778,2486.3333333333335,,,0.06053216152665336,28.0,6000.0,,,,,,,256.0,0.05725522238450744,4485.400527853692,3873.6666666666665,0.587328285878716,,0.9895436172240882,0.8947084935565733,0.34448390474993573,0.8947084935565733,0.6936917254692353,7596994.333333333,,7683.333333333333,0.8061485720309708,,0.2006988253643701,,64.0,1.2440000289983235,64.0,,371.13167166666676,115.28424377700624,
higgs,binary,coerror_b300_k64,300.0,0.7859556908050332,0.7599450946689896,0.6854523724157029,0.2059174703443837,0.82,246.0,,,0.07345932769237286,28.0,6000.0,,,,,,,256.0,0.057702180696651305,4443.309237291033,3419.3333333333335,0.5998379422385723,,0.9998696874164367,0.8989577584367141,0.27279904868787824,0.8989577584367141,0.6741972793106471,7520551.666666667,,6774.666666666667,0.8263736301117555,,0.20618411142957474,,64.0,1.2326960539085914,64.0,,369.8915790000001,114.60584537421043,
higgs,binary,coerror_b6000_k128,6000.0,0.7868790872625709,0.764847291513162,0.6926857172424774,0.20092339056500144,0.8321666666666667,4993.0,,,0.0594345667860309,28.0,6000.0,,,,,,,256.0,0.12045406922698017,2126.7615594112735,7754.0,0.5873902542553844,,0.991541845089702,0.895677546598265,0.3378501276513502,0.895677546598265,0.6942343352370254,15220903.666666666,,15380.0,0.8063317200491465,,0.20056310126138568,,128.0,1.2437063453978252,128.0,,383.3309653333333,119.66280866608334,
higgs,binary,coerror_b6000_k16,6000.0,0.7839487617233027,0.7623231667999163,0.6904181587011617,0.20116717426876618,0.8321666666666667,4993.0,,,0.05356498268252997,28.0,6000.0,,,,,,,256.0,0.015553625300526569,16592.88086972071,969.0,0.5877171571677898,,0.9686411855371295,0.8936455240292002,0.33522746957769617,0.8936455240292002,0.6980647453996013,1894578.3333333333,,1922.0,0.8073100600920294,,0.20022969190053555,,16.0,1.232533389105889,16.0,,364.8414723333333,113.74732676389006,
higgs,binary,coerror_b6000_k256,6000.0,0.787220709074797,0.7649041610326023,0.6917597815004098,0.20121516392360947,0.8321666666666667,4993.0,,,0.060374735520314894,28.0,6000.0,,,,,,,256.0,0.19446679181419305,1316.6890949179915,15476.0,0.5882038124262196,,0.9958729408750262,0.8955798305255779,0.33384306060271873,0.8955798305255779,0.6918599848028958,30435378.333333332,,30696.0,0.8075026496183476,,0.20115226164082697,,256.0,1.2453230662769108,256.0,,406.06369233333334,126.88578326332693,
higgs,binary,coerror_b6000_k64,6000.0,0.7862468311891138,0.7642398944284242,0.6924362295688097,0.200870161132742,0.8321666666666667,4993.0,,,0.057390518207401174,28.0,6000.0,,,,,,,256.0,0.0727815696348746,3574.0717725644354,3880.6666666666665,0.587192769384649,,0.9889925550047515,0.8959395733752821,0.34168894574082936,0.8959395733752821,0.6962998200698068,7597151.666666667,,7697.333333333333,0.8061181007742567,,0.20022217771499862,,64.0,1.240536419458322,64.0,,372.4008456666667,116.17564613829988,
higgs,binary,coerror_cert_b6000_k64,6000.0,0.7862468311891138,0.7642398944284242,0.6924362295688097,0.200870161132742,0.8321666666666667,4993.0,,,0.057390518207401174,28.0,6000.0,,,,,,,256.0,0.07489777767720317,3435.0463192163843,3880.6666666666665,0.587192769384649,,0.9889925550047515,0.8959395733752821,0.34168894574082936,0.8959395733752821,0.6962998200698068,7597151.666666667,,7697.333333333333,0.8061181007742567,,0.20022217771499862,,64.0,1.240536419458322,64.0,,372.11258399999974,115.92704393008414,
higgs,binary,coerror_f05_d3_b1000_k64,1000.0,0.7460705892643219,0.7186485759264752,0.6460605487669918,0.22110271969787673,0.5653333333333334,565.3333333333334,,,0.0575393342321966,19.0,6000.0,,,,,,,256.0,0.04876574998100593,5249.6234247202665,511.3333333333333,0.6333716997302271,,1.0,0.9611707182581383,0.20783730158730154,0.9611707182581383,0.6525383227875124,7028689.666666667,,958.6666666666666,0.8873140093306127,,0.22085077167965309,,64.0,1.0814746329681488,64.0,,363.56192333333325,113.09359161074583,
higgs,binary,coerror_f05_d6_b1000_k64,1000.0,0.7546885428369272,0.7255152204298474,0.6533848687197744,0.21723668488077222,0.5579999999999999,558.0,,,0.06317179432198212,17.666666666666668,6000.0,,,,,,,256.0,0.05330677765111123,4804.179527419738,3651.0,0.6249742451056853,,1.0,0.9271663569804905,0.20254629629629628,0.9271663569804905,0.6512679111484018,7530915.333333333,,7238.0,0.8717990939666466,,0.21686766481619255,,64.0,1.1603784894695226,64.0,,364.06309766666664,113.21627274931718,
higgs,binary,coerror_f20_d3_b1000_k64,1000.0,0.7511309854713314,0.7297103043225217,0.6524106662223847,0.21609208841218422,0.9386666666666666,938.6666666666666,,,0.06731756711241789,28.0,6000.0,,,,,,,256.0,0.054956152724723005,4660.570483285934,512.0,0.6225222225567341,,1.0,0.9505453347755313,0.19421289138551037,0.9505453347755313,0.6657155597446288,7039370.333333333,,960.0,0.8672056867293505,,0.2157696744351171,,64.0,1.1045423372486354,64.0,,365.0020036666662,113.45711112511344,
higgs,binary,coerror_f20_d6_b1000_k64,1000.0,0.7859818669673247,0.7614184328367206,0.6858910673184836,0.20446608249869622,0.9313333333333333,931.3333333333334,,,0.06714091766556897,28.0,6000.0,,,,,,,256.0,0.05690479162149129,4500.428053631203,3818.6666666666665,0.5964223476980167,,0.9957058082749622,0.9001268009347664,0.20903865755056228,0.9001268009347664,0.6818622630592883,7568303.666666667,,7573.333333333333,0.8205490206965887,,0.20447665136621074,,64.0,1.2294446184138035,64.0,,366.638747,113.85855058270197,
higgs,binary,coerror_f50_d3_b1000_k64,1000.0,0.7473968255244366,0.7326009459714129,0.664860215538798,0.2142502137008603,0.9996666666666667,999.6666666666666,,,0.0657615445686986,28.0,6000.0,,,,,,,256.0,0.0615068470748762,4222.536550712098,512.0,0.6183809759528561,,1.0,0.9490533838769246,0.35574729946798955,0.9490533838769246,0.672085954377217,7060418.333333333,,960.0,0.859813992058799,,0.21385470844332174,,64.0,1.1071459333767883,64.0,,367.97670033333344,114.19951034655485,
higgs,binary,coerror_f50_d6_b1000_k64,1000.0,0.7861437565549915,0.7642132416577673,0.6937950499941267,0.20086012242345672,1.0,1000.0,,,0.05873300659816727,28.0,6000.0,,,,,,,256.0,0.061124083275596264,4234.6868208556925,3880.0,0.5871457828122683,,0.9889925550047515,0.8954623626253096,0.36568710937100674,0.8954623626253096,0.6958418625557767,7599101.0,,7696.0,0.8060778167363072,,0.2002885196953268,,64.0,1.2418257334413865,64.0,,371.36934133333307,115.06779211092119,
higgs,binary,coerror_swap_b6000_k64,6000.0,0.7862395901927686,0.7642271997591298,0.6927128690900893,0.2008798455158246,0.8321666666666667,4993.0,,,0.0576419204902934,28.0,6000.0,,,,,,,256.0,0.07952259706022834,3219.7882080945224,3880.6666666666665,0.587216181360244,,0.9889925550047515,0.8959610351662434,0.3402710687528497,0.8959610351662434,0.6962883529339366,7597055.666666667,,7697.333333333333,0.8061569648605489,,0.20022113043753412,,64.0,1.240479120279626,64.0,,373.1301653333332,116.45831090250674,
higgs,binary,extra_trees,,0.7837440723663489,0.7673223548913789,0.6936424056152269,0.20589077486591134,,,,3.1742966666667294,0.0885224303141278,,,,,,,,,256.0,0.02670526388101277,9586.405857043545,1483799.3333333333,0.6002119522410158,,,,,,,237489872.33333334,,2967342.6666666665,0.8262664909933851,1606156288.0,,,,,256.0,,3.1742966666667294,3.172380291701605,3.172380291701605
higgs,binary,lightgbm,,0.8136792574894356,0.7941771346959543,0.7121397040883615,0.18446398486309848,,,,0.6868280000000292,0.0169058470218805,,,,,,,,,256.0,0.005173000351836233,49505.527236368915,9300.0,0.5444507016215409,,,,,,,1041737.6666666666,,18300.0,0.7402780062493042,1659901269.3333333,,,,,300.0,,0.6868280000000292,0.6883952501229942,0.6883952501229942
higgs,binary,linear,,0.6885184670665229,0.6894973644445285,0.6415728852348064,0.22138784773594952,,,29.0,0.04210933333327673,0.026814319907811565,,,,,,,,,256.0,0.0007936109323054,322704.9734031286,,0.633599013321338,,,,,,,4746.0,,,0.8884582284313008,1687355392.0,,,,,1.0,,0.04210933333327673,0.04205656936392183,0.04205656936392183
higgs,binary,quality_diversity_l002_b6000_k64,6000.0,0.7642361982998294,0.7458943401096868,0.6775970423318817,0.2043034508046989,0.8321666666666667,4993.0,,,0.018923644400796868,28.0,6000.0,,,,,,,256.0,0.0793634580913931,3225.74585989502,3871.6666666666665,0.5941282375563497,,0.9908034598959796,0.9392962505392437,0.3888345105456345,0.9392962505392437,0.7118036314298687,7596413.0,,7679.333333333333,0.8198963800893829,,0.20574809156593885,,64.0,1.1309745618748757,64.0,,372.9822336666666,116.51970263803378,
higgs,binary,quality_diversity_l01_b6000_k64,6000.0,0.7651622839705371,0.7465866759648124,0.6775782970399629,0.20407228673793731,0.8321666666666667,4993.0,,,0.020790880211764503,28.0,6000.0,,,,,,,256.0,0.07879673596471544,3249.371256536677,3874.0,0.5935750858273364,,0.9914867341079999,0.9372312801084938,0.3862586276529709,0.9372312801084938,0.7116710091023505,7596834.333333333,,7684.0,0.8189686901526118,,0.20531405110378861,,64.0,1.1358330952468332,64.0,,372.9411076666666,116.46703519392759,
higgs,binary,quality_diversity_l05_b6000_k64,6000.0,0.7808443823641116,0.7591268338520231,0.6884059541728019,0.20105027732600567,0.8321666666666667,4993.0,,,0.04342133934129103,28.0,6000.0,,,,,,,256.0,0.07986750034615393,3205.3620926176577,3879.0,0.5869576621483564,,0.9887695521693706,0.9048774573851518,0.3596895579736414,0.9048774573851518,0.7023392574364405,7597559.666666667,,7694.0,0.8068409405106589,,0.2007623133955242,,64.0,1.216849786409987,64.0,,372.85231866666663,116.42966633328858,
higgs,binary,random_b1000_k128,1000.0,0.7834580475131764,0.7571855721532795,0.6612429406833155,0.22512585973115865,0.8306666666666667,830.6666666666666,,,0.11486337212193916,28.0,6000.0,,,,,,,256.0,0.09161618080300586,2798.978405654246,3750.0,0.6426385186997186,,0.9998096873692249,0.9350691813401921,0.1278942442477616,0.9350691813401921,0.5988425626514052,14550133.0,,7372.0,0.903459397440184,,0.22536422259666425,,128.0,1.1385374269933237,128.0,,369.34819,114.48556594465238,
higgs,binary,random_b1000_k16,1000.0,0.7632590394465529,0.742147241530529,0.6539910484732107,0.2251738521478094,0.8306666666666667,830.6666666666666,,,0.10267653927016362,27.666666666666668,6000.0,,,,,,,256.0,0.011358958280955733,22604.680779648417,433.3333333333333,0.6425995901425464,,0.9917278620179721,0.9338240193981399,0.13627166128916024,0.9338240193981399,0.6030433954780311,1805697.0,,850.6666666666666,0.9036520645631096,,0.22535921283536794,,16.0,1.13363341361197,16.0,,363.23762100000005,112.92145690189984,
higgs,binary,random_b1000_k64,1000.0,0.7805927078002896,0.7549885055630576,0.6590433612133996,0.22496021116985707,0.8306666666666667,830.6666666666666,,,0.11096658811891662,28.0,6000.0,,,,,,,256.0,0.05241236090660093,4952.726939487441,2000.3333333333333,0.6422744685467476,,0.9984570742640705,0.9329113465799052,0.1263825153904926,0.9329113465799052,0.597317403846501,7281448.666666667,,3936.6666666666665,0.902794605292485,,0.225083100274639,,64.0,1.1419476780780669,64.0,,366.086833,113.60891690275942,
higgs,binary,random_b3000_k128,3000.0,0.7815283990598223,0.7555314240594085,0.6623422293394363,0.22377305496952893,0.8287777777777778,2486.3333333333335,,,0.11162880550705206,28.0,6000.0,,,,,,,256.0,0.0957719579649468,2686.0009368746564,3902.3333333333335,0.6397942438686127,,0.9999999999999926,0.9319889064371315,0.12836290819597188,0.9319889064371315,0.6018560839301702,14574916.333333334,,7676.666666666667,0.8980304204613003,,0.2240213163878557,,128.0,1.1457839048417353,128.0,,370.1809136666666,114.81527090235613,
higgs,binary,random_b3000_k16,3000.0,0.7704483407544599,0.7484747779770978,0.6617354174604901,0.222346357169539,0.8287777777777778,2486.3333333333335,,,0.10384354802809563,28.0,6000.0,,,,,,,256.0,0.013779818934078,18652.831612641556,596.0,0.6366249353497727,,0.9900633747630913,0.920518482268036,0.16719936755030076,0.920518482268036,0.6074272955435801,1832609.6666666667,,1176.0,0.892304943051248,,0.22254763321686766,,16.0,1.1640704107158841,16.0,,363.6716266666667,113.1260406660537,
higgs,binary,random_b3000_k64,3000.0,0.7799259482933509,0.7545172218340572,0.6581894873580209,0.22443412424241008,0.8287777777777778,2486.3333333333335,,,0.10919584087975494,28.0,6000.0,,,,,,,256.0,0.0529856947250664,4832.771236303231,2099.3333333333335,0.6411623940222172,,0.9976392832108489,0.9311566910403322,0.13246040370107928,0.9311566910403322,0.6012177109556122,7297935.666666667,,4134.666666666667,0.9006834213335546,,0.2247314229165447,,64.0,1.1468036084475253,64.0,,366.46205033333325,113.83869917985673,
higgs,binary,random_b6000_k128,6000.0,0.7815157751186147,0.7552097119634391,0.6621107548817312,0.2242352399222269,0.8321666666666667,4993.0,,,0.11282572893588934,28.0,6000.0,,,,,,,256.0,0.10533925037210183,2434.120842500392,3642.0,0.6407439343561966,,0.9998635804550843,0.9342885623975651,0.12898397216555268,0.9342885623975651,0.6009316996395365,14533336.666666666,,7156.0,0.8998852128562244,,0.2244726724889002,,128.0,1.139989750914,128.0,,370.85420066666666,115.19617412456621,
higgs,binary,random_b6000_k16,6000.0,0.7649315527988838,0.7399671907638418,0.6579585488013712,0.22154472939311753,0.8321666666666667,4993.0,,,0.09754866108365627,28.0,6000.0,,,,,,,256.0,0.0133737360592931,19153.5734337259,442.0,0.6348860632460963,,0.9918487547297188,0.9308391731563225,0.1487234031682925,0.9308391731563225,0.6164389268611608,1807456.6666666667,,868.0,0.8890878215598595,,0.22169476946674047,,16.0,1.140605941070699,16.0,,363.8492656666667,113.51384956971742,
higgs,binary,random_b6000_k64,6000.0,0.7780531793497382,0.7529860546561267,0.6521833162076295,0.22700858724091824,0.8321666666666667,4993.0,,,0.10932679206976596,28.0,6000.0,,,,,,,256.0,0.05658423636729517,4529.956327887062,1904.0,0.6465147973585267,,0.9991190522295219,0.9374467443736368,0.12094732122489664,0.9374467443736368,0.5912060133583479,7265640.666666667,,3744.0,0.9110150855695228,,0.22720448044999272,,64.0,1.1316033436162878,64.0,,366.3919859999999,113.93493051361293,
higgs,binary,random_cert_b6000_k64,6000.0,0.7758255427148805,0.7478163511848713,0.6622844238824852,0.2207014617215137,0.8321666666666667,4993.0,,,0.0989181249266417,28.0,6000.0,,,,,,,256.0,0.05660090277281896,4526.742832787025,2129.3333333333335,0.6331731597616257,,0.997785434001441,0.9271142304532605,0.15665182925811913,0.9271142304532605,0.6206436399629717,7305119.666666667,,4194.666666666667,0.8857036782283761,,0.22070000208693072,,64.0,1.158245118250932,64.0,,367.05074166666645,114.13759826356545,
higgs,binary,random_forest,,0.8036403732020666,0.784726637477708,0.7058626060324803,0.1925725868343692,,,,8.360530333333372,0.0556669032817017,,,,,,,,,256.0,0.0179843336809426,14243.180620216948,495979.3333333333,0.5674229368267402,,,,,,,79438672.33333333,,991702.6666666666,0.7728188740311045,1350483968.0,,,,,256.0,,8.360530333333372,8.355371541266019,8.355371541266019
higgs,binary,random_patches64,,0.7686338826691782,0.7432121292832653,0.6512180475272851,0.225067998652107,,,,1.1762936666667276,0.10054096293730243,,,,,,,,,256.0,0.04180668077121177,6124.1220422913975,3120.3333333333335,0.642368568168036,,,,,,,4043789.0,,6176.666666666667,0.9032272477916198,1718490453.3333333,,,,,64.0,,1.1762936666667276,1.1753290415896724,1.1753290415896724
higgs,binary,rf_leaf5,,0.8080009595949654,0.7864759315047088,0.7062571352803646,0.19194605823916286,,,,7.544355666666775,0.054939958850845266,,,,,,,,,256.0,0.015077610965818099,16985.72941114911,265633.0,0.5661401284398608,,,,,,,42583259.0,,531010.0,0.7703045295341573,1715552256.0,,,,,256.0,,7.544355666666775,7.541383458301425,7.541383458301425
higgs,binary,rf_shallow64,,0.781869876407225,0.7588378293781918,0.6836203792793687,0.20911458102763947,,,,1.0735053333332492,0.0839623429377941,,,,,,,,,256.0,0.003037457975248467,84410.66201539485,3316.3333333333335,0.6074898176852714,,,,,,,555232.3333333334,,6568.666666666667,0.8392040190249377,1716213077.3333333,,,,,64.0,,1.0735053333332492,1.073761403017367,1.073761403017367
higgs,binary,signed_correlation_b6000_k64,6000.0,0.7947221151615101,0.7725826806305216,0.6953812082409149,0.20572620618602092,0.8321666666666667,4993.0,,,0.09450256305072292,28.0,6000.0,,,,,,,256.0,0.07814429203669226,3276.8198502376076,3826.6666666666665,0.6001209505045915,,0.9832915864215096,0.8806111172683074,0.33443116734824657,0.8806111172683074,0.6601159729454382,7590098.333333333,,7589.333333333333,0.8256060526678634,,0.20609268142708245,,64.0,1.2821831604032372,64.0,,373.1011869999999,116.67707706894726,
higgs,binary,top_quality_b1000_k128,1000.0,0.768085532946384,0.739683553849274,0.6613097934132808,0.20868161311406452,0.8306666666666667,830.6666666666666,,,0.0505479570946801,28.0,6000.0,,,,,,,256.0,0.0975187916774302,2628.548529330832,5630.666666666667,0.6047581575688739,,1.0,0.9329813713963918,0.3142588608120247,0.9329813713963918,0.6905373300209569,14878250.333333334,,11133.333333333334,0.8374665065356398,,0.20892159574572286,,128.0,1.1471086530338568,128.0,,375.4977603333334,115.97537333223347,
higgs,binary,top_quality_b1000_k16,1000.0,0.7628868977588382,0.7446900642088939,0.6778353848267873,0.2045053576330557,0.8306666666666667,830.6666666666666,,,0.01836487559734183,28.0,6000.0,,,,,,,256.0,0.0142282080681373,18082.8296323432,962.6666666666666,0.5945473595771212,,0.9844871628225836,0.9344483901679524,0.37116813903057005,0.9344483901679524,0.7095513646752877,1893933.0,,1909.3333333333333,0.8207066428106679,,0.2060935285167982,,16.0,1.1349236003560605,16.0,,364.151539,113.10570944317926,
higgs,binary,top_quality_b1000_k64,1000.0,0.7717202716370218,0.7467576737360136,0.6741897424063491,0.20451174530351132,0.8306666666666667,830.6666666666666,,,0.0287467782009347,28.0,6000.0,,,,,,,256.0,0.06175220835333064,4311.271363154684,3843.3333333333335,0.5949216701506753,,0.9886549828658756,0.9195558870990457,0.33590552905569715,0.9195558870990457,0.6988183726137877,7591367.666666667,,7622.666666666667,0.8207322921372707,,0.20531033469695026,,64.0,1.1790286726759531,64.0,,370.2157849999999,114.68274061063615,
higgs,binary,top_quality_b3000_k128,3000.0,0.7704573505350756,0.7478662137517952,0.6752203737456369,0.20381447651036252,0.8287777777777778,2486.3333333333335,,,0.027036071269698564,28.0,6000.0,,,,,,,256.0,0.10134502764170362,2532.0765344316756,7703.333333333333,0.5932046990898907,,0.9912560000589599,0.9228184894048898,0.34899576102888324,0.9228184894048898,0.7027943181051204,15213405.0,,15278.666666666666,0.817934058943611,,0.20474257984240138,,128.0,1.1725204025375937,128.0,,379.1994153333333,117.00996648644407,
higgs,binary,top_quality_b3000_k16,3000.0,0.753988185012533,0.7412533293175625,0.6746668999074648,0.205441969940535,0.8287777777777778,2486.3333333333335,,,0.0189379879628823,28.0,6000.0,,,,,,,256.0,0.0160026392744233,16068.07522616489,964.6666666666666,0.596883098396037,,0.9848014301335416,0.9471444401118584,0.398361763608432,0.9471444401118584,0.7150360234147164,1894290.3333333333,,1913.3333333333333,0.8244654031014947,,0.20692771576174698,,16.0,1.1067144586576594,16.0,,364.54097466666644,113.31297186055842,
higgs,binary,top_quality_b3000_k64,3000.0,0.7679951613716821,0.7471960616419806,0.6757978311028497,0.20377837975724314,0.8287777777777778,2486.3333333333335,,,0.021288215281123363,28.0,6000.0,,,,,,,256.0,0.05632380559109149,4559.289316979811,3854.6666666666665,0.5928697512149347,,0.989262613964795,0.9300303124851,0.37137653333207893,0.9300303124851,0.7080633326855686,7593789.0,,7645.333333333333,0.8177892073917779,,0.2048463193809222,,64.0,1.1531685681281925,64.0,,370.8651540000001,114.90798637395103,
higgs,binary,top_quality_b300_k64,300.0,0.7674312705119483,0.737278379759753,0.6548321622820289,0.21106327409868553,0.82,246.0,,,0.06326392362176993,28.0,6000.0,,,,,,,256.0,0.056362542323768104,4544.563331599508,2302.0,0.6103919424687012,,0.9998800786509902,0.9399570549350386,0.2933141867452354,0.9399570549350386,0.6852030152330263,7342215.666666667,,4540.0,0.8470244428691277,,0.21128715878028093,,64.0,1.1288587042269078,64.0,,368.895458333333,114.32816888904199,
higgs,binary,top_quality_b6000_k128,6000.0,0.7689197544211929,0.7476174442079554,0.6754874321713561,0.20385505410998528,0.8321666666666667,4993.0,,,0.025962455181696334,28.0,6000.0,,,,,,,256.0,0.11092727778789895,2322.4971187782453,7694.333333333333,0.5931311324249329,,0.9922946088229617,0.9302627649132145,0.3672035535085654,0.9302627649132145,0.7079366593039705,15211791.666666666,,15260.666666666666,0.818096917211573,,0.20478748635546848,,128.0,1.15393655662648,128.0,,380.1858463333333,117.36999640272309,
higgs,binary,top_quality_b6000_k16,6000.0,0.7533337537462964,0.7406575797787168,0.6765018474583008,0.20560346413603556,0.8321666666666667,4993.0,,,0.015041147259296965,28.0,6000.0,,,,,,,256.0,0.01623695832677183,15867.561425884269,975.0,0.5973243174678889,,0.9887555597781867,0.9525352442577627,0.41697053476022156,0.9525352442577627,0.7168187834935741,1895879.6666666667,,1934.0,0.8251135062837242,,0.20737719201736324,,16.0,1.0950220295366944,16.0,,364.7234969999999,113.55911437453081,
higgs,binary,top_quality_b6000_k64,6000.0,0.7634544898725782,0.745720859185309,0.6779137464076316,0.20432608918316442,0.8321666666666667,4993.0,,,0.019135012669349766,28.0,6000.0,,,,,,,256.0,0.060616319378217036,4270.98922189588,3869.6666666666665,0.594185198863999,,0.9908034598959796,0.9397089683067099,0.3894874753023328,0.9397089683067099,0.7118063560299334,7596127.666666667,,7675.333333333333,0.8199872302069765,,0.20584617812168193,,64.0,1.1299979292171836,64.0,,371.3822923333334,115.12388297201444,
higgs,binary,top_quality_cert_b6000_k64,6000.0,0.7634544898725782,0.745720859185309,0.6779137464076316,0.20432608918316442,0.8321666666666667,4993.0,,,0.019135012669349766,28.0,6000.0,,,,,,,256.0,0.06231404142454263,4126.185008992128,3869.6666666666665,0.594185198863999,,0.9908034598959796,0.9397089683067099,0.3894874753023328,0.9397089683067099,0.7118063560299334,7596127.666666667,,7675.333333333333,0.8199872302069765,,0.20584617812168193,,64.0,1.1299979292171836,64.0,,371.5392783333332,115.16181204142049,
higgs,binary,top_quality_f05_d3_b1000_k64,1000.0,0.7023960716553853,0.6946181306304174,0.6386877618227512,0.22469124228883844,0.5653333333333334,565.3333333333334,,,0.03220886391489974,24.0,6000.0,,,,,,,256.0,0.0481442777284731,5317.894030279817,512.0,0.6406820488140497,,1.0,0.9947020669047092,0.36122134038800696,0.9947020669047092,0.6687509108734838,7028762.666666667,,960.0,0.9017152248881452,,0.2246902370000222,,64.0,1.0104414864419256,64.0,,363.3996133333333,112.95637222131093,
higgs,binary,top_quality_f05_d6_b1000_k64,1000.0,0.7180760110382335,0.6937550149315032,0.6380901994452594,0.2226061698027,0.5579999999999999,558.0,,,0.0167592296556853,24.0,6000.0,,,,,,,256.0,0.051915903032446864,4932.693422261089,3624.0,0.636306956322847,,1.0,0.9697786167936008,0.3593474426807759,0.9697786167936008,0.668274393190292,7526766.666666667,,7184.0,0.8933475355334392,,0.22284880258254391,,64.0,1.0618056238269065,64.0,,363.8598930000002,113.06135845805208,
higgs,binary,top_quality_f20_d3_b1000_k64,1000.0,0.6968516809752391,0.6996563166657239,0.6400892134552855,0.22088874485159274,0.9386666666666666,938.6666666666666,,,0.03368027131880347,28.0,6000.0,,,,,,,256.0,0.055370444043849866,4627.998617662427,512.0,0.6324148009809196,,1.0,0.9864747391070704,0.23224678760393047,0.9864747391070704,0.6795034978693542,7039375.666666667,,960.0,0.8864553098845657,,0.2207521025481737,,64.0,1.027093234280706,64.0,,364.8619463333335,113.31027065155406,
higgs,binary,top_quality_f20_d6_b1000_k64,1000.0,0.7645662707976788,0.7370080052971891,0.6643814209097175,0.2086284022788931,0.9313333333333333,931.3333333333334,,,0.037756330524252334,28.0,6000.0,,,,,,,256.0,0.056322388971845265,4548.340673226376,3775.0,0.6047098070329269,,0.9915125900784331,0.9318953955884309,0.230112777434206,0.9318953955884309,0.6928471492600042,7561215.666666667,,7486.0,0.8372529584180309,,0.20888388527437005,,64.0,1.1484151733269174,64.0,,366.5540060000001,113.7286353467498,
higgs,binary,top_quality_f50_d3_b1000_k64,1000.0,0.6779249420483371,0.6919251557252224,0.6418510750655703,0.22045192953421575,0.9996666666666667,999.6666666666666,,,0.017236550528574066,28.0,6000.0,,,,,,,256.0,0.059156583622097934,4331.739331620467,512.0,0.6315269596203891,,1.0,0.9922798710082832,0.3916225643536968,0.9922798710082832,0.683148355852464,7060135.666666667,,960.0,0.8847023028312085,,0.22057356479785376,,64.0,1.015381285303688,64.0,,367.90386633333327,114.07614565299203,
higgs,binary,top_quality_f50_d6_b1000_k64,1000.0,0.7643846782161702,0.7459274287887104,0.6781911421998675,0.20429895277255916,1.0,1000.0,,,0.020935295065939566,28.0,6000.0,,,,,,,256.0,0.0592265694091717,4347.7564324131135,3865.6666666666665,0.5940967150882227,,0.9908034598959793,0.9388100501024422,0.3984572247331928,0.9388100501024422,0.7115769193502794,7596626.333333333,,7667.333333333333,0.8198783321895019,,0.20575313454474428,,64.0,1.1320839659885928,64.0,,371.45478633333363,114.97134337434545,
higgs,binary,xgboost,,0.8110707085135989,0.7919624558888528,0.7111362601803854,0.18559876780655435,,,,1.0525913333333012,0.019064920180200968,,,,,,,,,256.0,0.001436819632848067,178246.58931256444,14475.666666666666,0.5475604931513468,,,,,,,1185893.0,,28651.333333333332,0.7448320344231302,1628083541.3333333,,,,,300.0,,1.0525913333333012,1.0572146109770983,1.0572146109770983
miniboone,binary,abs_correlation_b6000_k64,6000.0,0.930602408686466,0.9723233288515883,0.8756116677753569,0.0733940353488222,1.0,6000.0,,,0.11021812609219661,50.0,6000.0,,,,,,,256.0,0.07917423600641386,3233.6017467890047,3799.6666666666665,0.266097934511867,,0.9248435162052253,0.6431867123350749,0.16987981197541235,0.6431867123350749,0.8804092516737332,7587437.0,,7535.333333333333,0.36358262074417835,,0.07272922034413416,,64.0,2.3200165114386393,64.0,,677.2410043333329,190.1121364029435,
miniboone,binary,caruana_b6000_k64,6000.0,0.9239296308430438,0.9701441506089982,0.8879445975942318,0.06344636344566026,1.0,6000.0,,,0.04993497815549993,50.0,6000.0,,,,,,,256.0,0.04183469472142557,6160.4354893626805,2423.3333333333335,0.21895682331890554,,0.8864255831580242,0.6964220629885262,0.31440322785914976,0.6964220629885262,0.927039024838979,4861246.666666667,,4805.666666666667,0.3143033312958827,,0.06170762090894353,,64.0,2.0125094087572504,41.0,,675.5277156666663,189.11778058344498,
miniboone,binary,catboost,,0.9501827459704106,0.9809833355678451,0.921054803803091,0.0469326743292785,,,,3.2111846666668953,0.012469490800091467,,,,,,,,,256.0,0.0009970136452465666,256782.20751983975,19200.0,0.15878345155313034,,,,,,,351362.6666666667,,38100.0,0.2324963842972212,1439754922.6666667,,,,,300.0,,3.2111846666668953,3.2393518056099615,3.2393518056099615
miniboone,binary,coerror_b1000_k128,1000.0,0.9230575664530715,0.9696108195794252,0.8847606392107444,0.06460022381758483,1.0,1000.0,,,0.053865432275007806,50.0,6000.0,,,,,,,256.0,0.10475827769065889,2446.241772741097,7597.333333333333,0.22289441963038512,,0.9229669950824575,0.7052617203169632,0.2845178481938832,0.7052617203169632,0.9238811482504269,15233468.666666666,,15066.666666666666,0.32001953026762103,,0.0642234405429751,,128.0,1.9986011900777456,128.0,,696.5856503333331,193.9135335686151,
miniboone,binary,coerror_b1000_k16,1000.0,0.9207312247234115,0.968751351516504,0.8860174054702089,0.06450992871934037,1.0,1000.0,,,0.04692600033480576,50.0,6000.0,,,,,,,256.0,0.016131805721670334,15971.094989930898,944.0,0.2210510505838503,,0.8501708315711546,0.6978240633126279,0.30169725517355206,0.6978240633126279,0.928029238053178,1895963.0,,1872.0,0.3195719999771543,,0.06286637218076394,,16.0,1.928463441319283,16.0,,668.1105079999999,186.54595456893244,
miniboone,binary,coerror_b1000_k64,1000.0,0.9229832644039488,0.9696589410321615,0.8868704387585611,0.06417534670825244,1.0,1000.0,,,0.0521350731951212,50.0,6000.0,,,,,,,256.0,0.0565467913014193,4532.36878585507,3797.0,0.22107153876360056,,0.9039044954094918,0.7038400245440104,0.3042714183018395,0.7038400245440104,0.9260862351507636,7603792.333333333,,7530.0,0.3179147261374528,,0.06321824993683436,,64.0,1.9901592157946688,64.0,,679.8660409999998,189.5652655555556,
miniboone,binary,coerror_b3000_k128,3000.0,0.9238853006577453,0.9700913065187929,0.885944707794602,0.0638090222269328,1.0,3000.0,,,0.0523905753120669,50.0,6000.0,,,,,,,256.0,0.11899263869660588,2164.7608236642104,7566.333333333333,0.220241826709033,,0.9220958887560361,0.7031295475987717,0.3106685547028354,0.7031295475987717,0.9259740334639103,15233876.0,,15004.666666666666,0.3160999879347279,,0.0627779426607006,,128.0,2.0088546055695278,128.0,,699.7703556666667,195.2126126810132,
miniboone,binary,coerror_b3000_k16,3000.0,0.922008910740351,0.9691375142714774,0.8856563543838329,0.0638813650302587,1.0,3000.0,,,0.04737642432225706,50.0,6000.0,,,,,,,256.0,0.01742087475334603,14705.912253926295,942.6666666666666,0.21966762339686005,,0.8520585847305354,0.6990939461647513,0.32784391384194955,0.6990939461647513,0.9283527788816052,1896489.3333333333,,1869.3333333333333,0.3164582727163113,,0.062348237518977466,,16.0,1.9220414164308162,16.0,,668.3727566666668,186.71518949985816,
miniboone,binary,coerror_b3000_k64,3000.0,0.9231834919847856,0.9700061567031386,0.8840086165186981,0.06379798015983473,1.0,3000.0,,,0.05145444432803473,50.0,6000.0,,,,,,,256.0,0.05891206922630463,4347.804086532767,3777.6666666666665,0.22021894211340454,,0.900716691556296,0.7007537073303785,0.31336102026357177,0.7007537073303785,0.9265209646397907,7601614.666666667,,7491.333333333333,0.31604529397290976,,0.06231833481931543,,64.0,2.0066836602771896,64.0,,681.3320913333333,190.27396825056834,
miniboone,binary,coerror_b300_k64,300.0,0.9216384078651929,0.9690965648653957,0.8820958012251733,0.06580369806662686,1.0,300.0,,,0.0567986436520146,50.0,6000.0,,,,,,,256.0,0.06013533333316443,4267.253724405006,3791.3333333333335,0.22784349149550562,,0.8870008941422185,0.7023153024496817,0.2474434809513771,0.7023153024496817,0.9200069527288112,7596844.666666667,,7518.666666666667,0.3259813036449655,,0.06590286282983114,,64.0,1.9996468159617733,64.0,,678.7588273333334,189.2178654720386,
miniboone,binary,coerror_b6000_k128,6000.0,0.9238369774115155,0.9700687219903404,0.886557821032064,0.0637756044123767,1.0,6000.0,,,0.051682611200004135,50.0,6000.0,,,,,,,256.0,0.11528813901046907,2220.776364793565,7562.333333333333,0.22006290695913308,,0.924526366436579,0.7023622376558811,0.31581396046525606,0.7023622376558811,0.9265260536012603,15234196.0,,14996.666666666666,0.3159344091517287,,0.06228068620591993,,128.0,2.0132026133894954,128.0,,703.7574129999998,197.22163766638064,
miniboone,binary,coerror_b6000_k16,6000.0,0.9222764536651065,0.9693072109763371,0.8856109257933276,0.0638094411114134,1.0,6000.0,,,0.0465666913250228,50.0,6000.0,,,,,,,256.0,0.018363791750743933,13943.633783924348,948.0,0.2193286343694777,,0.8495698229128462,0.6968777889434662,0.31340622996831335,0.6968777889434662,0.9289499115234302,1896974.6666666667,,1880.0,0.31610189654819537,,0.062116702501095196,,16.0,1.9333857118839957,16.0,,668.5096656666664,187.00040995818563,
miniboone,binary,coerror_b6000_k256,6000.0,0.9239915688697761,0.9700348877877906,0.8860580986700447,0.06387495689461926,1.0,6000.0,,,0.0522040597605746,50.0,6000.0,,,,,,,256.0,0.19550655564914143,1309.9321750657698,15152.0,0.22034257223055767,,0.9499888397720054,0.7044096499978872,0.3122743741843679,0.7044096499978872,0.9259763101692293,30469620.0,,30048.0,0.31642657303372895,,0.0627795870700409,,256.0,2.0100625602814595,256.0,,738.4247980000004,207.16643448608616,
miniboone,binary,coerror_b6000_k64,6000.0,0.9240220069359815,0.9700295040498084,0.8870970776020816,0.06373780171836353,1.0,6000.0,,,0.05112167182457061,50.0,6000.0,,,,,,,256.0,0.0796804858837276,3243.7934191412346,3785.0,0.21983262688365934,,0.9169440041862313,0.700267766461338,0.31999721271434994,0.700267766461338,0.927072847540081,7603326.666666667,,7506.0,0.3157470544508502,,0.06195917507939023,,64.0,2.010218898318166,64.0,,682.9598979999997,191.2927049860203,
miniboone,binary,coerror_cert_b6000_k64,6000.0,0.9240220069359815,0.9700295040498084,0.8870970776020816,0.06373780171836353,1.0,6000.0,,,0.05112167182457061,50.0,6000.0,,,,,,,256.0,0.0779903053771704,3299.9315608432303,3785.0,0.21983262688365934,,0.9169440041862313,0.700267766461338,0.31999721271434994,0.700267766461338,0.927072847540081,7603326.666666667,,7506.0,0.3157470544508502,,0.06195917507939023,,64.0,2.010218898318166,64.0,,682.5576706666666,191.14851547242142,
miniboone,binary,coerror_f05_d3_b1000_k64,1000.0,0.8916383714735251,0.9546784014614058,0.8288648005342271,0.0883325444311222,1.0,1000.0,,,0.09973814241636315,43.0,6000.0,,,,,,,256.0,0.05028819463526204,5095.359505474974,512.0,0.30424017301771394,,0.9999999999999994,0.7547520618118523,0.08890542328042321,0.7547520618118523,0.8704412310539186,7030630.333333333,,960.0,0.4375855928854211,,0.08793283202830376,,64.0,1.7285190382958735,64.0,,665.4720469999999,185.92055583341667,
miniboone,binary,coerror_f05_d6_b1000_k64,1000.0,0.9100121147886533,0.9632283874051137,0.854907831348927,0.07887772129685146,1.0,1000.0,,,0.09360340372907656,42.666666666666664,6000.0,,,,,,,256.0,0.0559897913287083,4593.153323527524,3788.3333333333335,0.2750566730368346,,0.9998865881055767,0.7100888410311242,0.08473875661375657,0.7100888410311242,0.8927915991316976,7554858.333333333,,7512.666666666667,0.39074795642255816,,0.07897196491701584,,64.0,1.9441278018107662,64.0,,666.3084273333334,186.1457864853243,
miniboone,binary,coerror_f20_d3_b1000_k64,1000.0,0.8897364044098687,0.9548535708588176,0.8432585249115813,0.0824364461305954,1.0,1000.0,,,0.0775943795095913,50.0,6000.0,,,,,,,256.0,0.05733455539060134,4465.78597219323,512.0,0.28314968316704103,,1.0,0.766844896756198,0.13345685137027766,0.766844896756198,0.889449347636508,7047774.333333333,,960.0,0.408377708379778,,0.081421086176102,,64.0,1.6797454758006047,64.0,,668.4003436666663,186.63142011174932,
miniboone,binary,coerror_f20_d6_b1000_k64,1000.0,0.9240822415458814,0.9701328434759695,0.8816897502703855,0.0656113772550373,1.0,1000.0,,,0.0624784889564054,50.0,6000.0,,,,,,,256.0,0.05492259732758,4661.566823776999,3784.6666666666665,0.22888510956492528,,0.8834453593466862,0.6971659290207475,0.1440816881620944,0.6971659290207475,0.9217976803611948,7571374.333333333,,7505.333333333333,0.32502876639063855,,0.06506757292609316,,64.0,2.0259727121318125,64.0,,671.2440823333333,187.35665980540216,
miniboone,binary,coerror_f50_d3_b1000_k64,1000.0,0.8849387356797255,0.9534028724025894,0.8386190100061289,0.08220529980847463,1.0,1000.0,,,0.0703037030922873,50.0,6000.0,,,,,,,256.0,0.06034095833698903,4244.2128063469945,512.0,0.2802666316444325,,1.0,0.7774659982277567,0.34236909397922255,0.7774659982277567,0.8943459046736688,7082398.666666667,,960.0,0.40723255609428716,,0.08052310625920177,,64.0,1.633575321658325,64.0,,674.6953949999996,188.23274865311882,
miniboone,binary,coerror_f50_d6_b1000_k64,1000.0,0.9233845630808931,0.969867161373028,0.8867363599662227,0.06369973322606473,1.0,1000.0,,,0.049119278916281234,50.0,6000.0,,,,,,,256.0,0.05878452793695027,4354.9301113043375,3776.6666666666665,0.2192567298621817,,0.9154173105931537,0.7035551488857154,0.34480187199208595,0.7035551488857154,0.9275396407352989,7604708.0,,7489.333333333333,0.31555852462358525,,0.062019981610825135,,64.0,1.989805030309418,64.0,,681.1318823333331,189.8408161388555,
miniboone,binary,coerror_swap_b6000_k64,6000.0,0.9240891152578833,0.9700414326630087,0.8871319716909863,0.0637286550371714,1.0,6000.0,,,0.0513991803940242,50.0,6000.0,,,,,,,256.0,0.06497513890887296,3957.1031611266685,3784.6666666666665,0.21986382354823095,,0.9169440041862313,0.6999978475720751,0.3200355384101749,0.6999978475720751,0.9269148149817532,7603284.0,,7505.333333333333,0.31570172654817247,,0.06195796539588736,,64.0,2.011624687231809,64.0,,682.4520650000001,191.12022037493685,
miniboone,binary,extra_trees,,0.9369998932459516,0.9761630063545529,0.9022079467525236,0.058230564136483,,,,2.3791799999998298,0.0555421446505682,,,,,,,,,256.0,0.0174917913197229,14644.212236351626,549151.6666666666,0.20294085353164815,,,,,,,87946773.66666667,,1098047.3333333333,0.288465008430695,1352957952.0,,,,,256.0,,2.3791799999998298,2.3774424999331436,2.3774424999331436
miniboone,binary,lightgbm,,0.9521075657259045,0.982064405267792,0.9259572011759589,0.04600263843327987,,,,1.2917316666666163,0.014182657057548433,,,,,,,,,256.0,0.0064037916405747,39999.3023620385,9300.0,0.1557994851601455,,,,,,,1043311.0,,18300.0,0.22788937441235166,1410121728.0,,,,,300.0,,1.2917316666666163,1.2954170829616487,1.2954170829616487
miniboone,binary,linear,,0.8593976307770265,0.93198481097097,0.8300672025596693,0.08724422675651412,,,51.0,0.0850299999999606,0.0180186024390327,,,,,,,,,256.0,0.0008520833992709333,300448.93980686023,,0.28886337056752104,,,,,,,5978.0,,,0.43219859558836954,1440404821.3333333,,,,,1.0,,0.0850299999999606,0.08494366674373544,0.08494366674373544
miniboone,binary,quality_diversity_l002_b6000_k64,6000.0,0.9133876696040316,0.9645889222697238,0.8804256406701039,0.06639033820662667,1.0,6000.0,,,0.029308488247716535,50.0,6000.0,,,,,,,256.0,0.07472118091148629,3427.8012498513544,3854.6666666666665,0.22261031340454032,,0.9233808925564704,0.7697737088064565,0.3244578617071274,0.7697737088064565,0.9349473635645853,7613550.666666667,,7645.333333333333,0.3288872657446084,,0.06564616808869604,,64.0,1.6662808602782457,64.0,,682.485161666666,191.12099463911727,
miniboone,binary,quality_diversity_l01_b6000_k64,6000.0,0.9212932249553419,0.9689279025206243,0.8861934516104607,0.06399194739340854,1.0,6000.0,,,0.04475412862511336,50.0,6000.0,,,,,,,256.0,0.0728426249697804,3597.1723249563215,3822.0,0.21837785891222625,,0.9191738027851571,0.7234427611013858,0.31386697413919523,0.7234427611013858,0.9326160370776949,7608532.0,,7580.0,0.31700623022242086,,0.06318652149040783,,64.0,1.8814828759076871,64.0,,682.1558929999998,191.12358173619336,
miniboone,binary,quality_diversity_l05_b6000_k64,6000.0,0.9284748684071601,0.9718246893793613,0.888016068757549,0.06480799532636226,1.0,6000.0,,,0.0690606633496368,50.0,6000.0,,,,,,,256.0,0.0608535556433101,4210.670233721449,3797.3333333333335,0.2279390739264903,,0.9018388466014082,0.6669669715861883,0.25633889800174287,0.6669669715861883,0.9191501722677624,7598107.0,,7530.666666666667,0.3210487824564173,,0.06384823845906533,,64.0,2.206953793802603,64.0,,679.9468743333329,190.51007773711657,
miniboone,binary,random_b1000_k128,1000.0,0.9003702649631896,0.9599635390234192,0.830958996739256,0.08498124106855466,1.0,1000.0,,,0.1081095788915939,50.0,6000.0,,,,,,,256.0,0.09866500001711143,2602.6270313966534,4272.0,0.29578518112738983,,0.9936068331713752,0.727238786801298,0.11662552288228238,0.727238786801298,0.8696901313686167,14654971.0,,8416.0,0.42098429954460626,,0.08489817585994784,,128.0,1.8605235764848407,128.0,,678.2378889999999,189.0853534025761,
miniboone,binary,random_b1000_k16,1000.0,0.8966842131981343,0.9575815358584464,0.8323137410745282,0.08513907030488048,1.0,1000.0,,,0.10143925145815687,49.666666666666664,6000.0,,,,,,,256.0,0.014288208292176266,17938.98403088647,471.3333333333333,0.296506490656047,,0.9243049763597752,0.720919424098328,0.12372062325411932,0.720919424098328,0.8655842530657653,1814725.6666666667,,926.6666666666666,0.4217659550952351,,0.08559339379745767,,16.0,1.7935115515910576,16.0,,665.5178403333331,185.899100500547,
miniboone,binary,random_b1000_k64,1000.0,0.9022766653510917,0.9606410182424577,0.8354048854949715,0.08395074885435512,1.0,1000.0,,,0.10534127673184783,50.0,6000.0,,,,,,,256.0,0.058688666593904266,4401.918728714299,2271.3333333333335,0.29320722855829245,,0.9624387967639224,0.721247029673476,0.11424518433569286,0.721247029673476,0.8714748941459104,7335090.333333333,,4478.666666666667,0.4158789094876178,,0.08407357426851253,,64.0,1.8732754070464015,64.0,,671.5698623333333,187.3630651809896,
miniboone,binary,random_b3000_k128,3000.0,0.9018755804638431,0.960008888095134,0.8341148484781183,0.08421013892325567,1.0,3000.0,,,0.1066655516981716,50.0,6000.0,,,,,,,256.0,0.10021852763990553,2555.5627800348902,4414.0,0.2934762818466428,,0.9948907014944077,0.7256258181699105,0.11779182140904604,0.7256258181699105,0.8715604799269489,14678959.333333334,,8700.0,0.4171639955449175,,0.0842299244492224,,128.0,1.8664035225244398,128.0,,679.2733739999998,189.47194868062311,
miniboone,binary,random_b3000_k16,3000.0,0.9050829979206014,0.9617922373814501,0.8515689194277702,0.07787934343903073,1.0,3000.0,,,0.08605253206822865,50.0,6000.0,,,,,,,256.0,0.014584055403247434,17579.66069933649,648.6666666666666,0.2711875254256606,,0.847956129190961,0.7073666880720992,0.16604391670934035,0.7073666880720992,0.8885151927672474,1844646.3333333333,,1281.3333333333333,0.38580315916795316,,0.07821654365565506,,16.0,1.8760781566657483,16.0,,666.2970509999999,186.18686069447236,
miniboone,binary,random_b3000_k64,3000.0,0.9045436738635413,0.9608835824172942,0.8410963548404372,0.08339492154107082,1.0,3000.0,,,0.10636379910376033,50.0,6000.0,,,,,,,256.0,0.0544830973570545,4699.0382383052165,2359.0,0.29189310456227036,,0.9803966001638363,0.7144017390387981,0.12291062383806443,0.7144017390387981,0.8715567009823526,7350133.666666667,,4654.0,0.4131248820014935,,0.08303533565583267,,64.0,1.9056450867984969,64.0,,671.9725109999997,187.64454527835673,
miniboone,binary,random_b6000_k128,6000.0,0.901631339402808,0.9599189530380965,0.8335036883079724,0.08537559061719546,1.0,6000.0,,,0.11088403096114047,50.0,6000.0,,,,,,,256.0,0.10904691663260258,2347.74426275627,4065.3333333333335,0.29748461901555373,,0.9916201096746863,0.7245309046311945,0.11786046890879,0.7245309046311945,0.8693506293960391,14623119.0,,8002.666666666667,0.4229369242303776,,0.08539437964155937,,128.0,1.864154569805537,128.0,,679.4849953333332,189.79550612500557,
miniboone,binary,random_b6000_k16,6000.0,0.8926462090192157,0.9561871338455177,0.8357510833929677,0.08480387537680056,1.0,6000.0,,,0.0954028693310844,50.0,6000.0,,,,,,,256.0,0.014766999986022667,17376.65781278767,465.6666666666667,0.2923067998658507,,0.9419178066046094,0.729600397629711,0.13761480933484893,0.729600397629711,0.8770522717732815,1814343.3333333333,,915.3333333333334,0.4201048038612753,,0.08468598743092264,,16.0,1.773956289522893,16.0,,666.1006219999998,186.3605020136262,
miniboone,binary,random_b6000_k64,6000.0,0.9019934302116012,0.9597357020742715,0.8293062853045106,0.0866733483348608,1.0,6000.0,,,0.11532361016243677,50.0,6000.0,,,,,,,256.0,0.06445408333092924,4061.664103316509,2185.3333333333335,0.30188925165243,,0.9567820408112011,0.7198161933517283,0.11125342006120924,0.7198161933517283,0.8641398687078751,7320548.333333333,,4306.666666666667,0.4293668189638504,,0.08657968503067696,,64.0,1.8627627561439712,64.0,,671.6504126666669,187.67326884755553,
miniboone,binary,random_cert_b6000_k64,6000.0,0.9019934302116012,0.9597357020742715,0.8293062853045106,0.0866733483348608,1.0,6000.0,,,0.11532361016243677,50.0,6000.0,,,,,,,256.0,0.05572716666695967,4606.027764188247,2185.3333333333335,0.30188925165243,,0.9567820408112011,0.7198161933517283,0.11125342006120924,0.7198161933517283,0.8641398687078751,7320548.333333333,,4306.666666666667,0.4293668189638504,,0.08657968503067696,,64.0,1.8627627561439712,64.0,,671.4998479999995,187.79073429161994,
miniboone,binary,random_forest,,0.9360541436540281,0.9756524118986051,0.9051762651337697,0.05707680970623733,,,,12.081127999999884,0.045211599927148065,,,,,,,,,256.0,0.012450389020765765,20569.84340275722,178342.0,0.1964125906159474,,,,,,,28617227.0,,356428.0,0.28274919899382117,1410618709.3333333,,,,,256.0,,12.081127999999884,12.07912683339479,12.07912683339479
miniboone,binary,random_patches64,,0.9129003415628699,0.965096958685832,0.8630594619014166,0.07352245652882024,,,,1.941841666666657,0.0780566774237159,,,,,,,,,256.0,0.04478833358734843,5757.708384513546,3466.6666666666665,0.25510836747298066,,,,,,,4106865.0,,6869.333333333333,0.36421909931392604,1448711509.3333333,,,,,64.0,,1.941841666666657,1.9405734027580668,1.9405734027580668
miniboone,binary,rf_leaf5,,0.9348858713811787,0.9748365875541269,0.9017346360314183,0.0581062723172307,,,,11.075886666666975,0.04350861604672893,,,,,,,,,256.0,0.012095250034083868,21166.752961038175,105651.0,0.19860712198977212,,,,,,,16986667.0,,211046.0,0.2878490246741117,1446920192.0,,,,,256.0,,11.075886666666975,11.070019778019438,11.070019778019438
miniboone,binary,rf_shallow64,,0.9110909701922183,0.9646776337345969,0.8689937686620302,0.06983666223680707,,,,1.564388000000008,0.056347025275682604,,,,,,,,,256.0,0.0030268887057899665,84626.62017541361,3555.3333333333335,0.23899936384848755,,,,,,,594000.3333333334,,7046.666666666667,0.3459602524878121,1447144106.6666667,,,,,64.0,,1.564388000000008,1.563369638985023,1.563369638985023
miniboone,binary,signed_correlation_b6000_k64,6000.0,0.930602408686466,0.9723233288515883,0.8756116677753569,0.0733940353488222,1.0,6000.0,,,0.11021812609219661,50.0,6000.0,,,,,,,256.0,0.07509169471450146,3424.8352525650394,3799.6666666666665,0.266097934511867,,0.9248435162052253,0.6431867123350749,0.16987981197541235,0.6431867123350749,0.8804092516737332,7587437.0,,7535.333333333333,0.36358262074417835,,0.07272922034413416,,64.0,2.3200165114386393,64.0,,677.5950229999993,190.094999153167,
miniboone,binary,top_quality_b1000_k128,1000.0,0.9191667093527395,0.9679016927509636,0.8839807480530139,0.06519594064675822,1.0,1000.0,,,0.045223486062056034,50.0,6000.0,,,,,,,256.0,0.10370605570885037,2470.951611872157,7605.666666666667,0.22222796537129044,,0.9229669950823802,0.7298224209500415,0.2936057020665022,0.7298224209500415,0.9274344507517399,15236853.666666666,,15083.333333333334,0.3229707149082179,,0.06535020924692823,,128.0,1.8620271573386604,128.0,,695.5973179999997,193.38569709767276,
miniboone,binary,top_quality_b1000_k16,1000.0,0.9073792303251865,0.9619564117714893,0.8756115244309667,0.06844010103173066,1.0,1000.0,,,0.0286573656983404,50.0,6000.0,,,,,,,256.0,0.017166917057087002,14961.21679062336,966.6666666666666,0.2282084819535941,,0.8922593317160001,0.7732932299516047,0.3172430191382363,0.7732932299516047,0.9347747791812736,1899572.0,,1917.3333333333333,0.3390410690927048,,0.0668126300412048,,16.0,1.6021384603910152,16.0,,667.9509093333332,186.48958957001255,
miniboone,binary,top_quality_b1000_k64,1000.0,0.9167035451684332,0.9664491086982091,0.8817058535704364,0.06559229039058656,1.0,1000.0,,,0.03796271809161197,50.0,6000.0,,,,,,,256.0,0.05643670796416697,4541.313788210566,3819.0,0.22183805104847545,,0.9169083381226186,0.7447111336935576,0.31420467401446617,0.7447111336935576,0.9307833526458024,7608361.333333333,,7574.0,0.3249340640792181,,0.06513268389273551,,64.0,1.7779184050748358,64.0,,680.3691056666665,189.59438412597714,
miniboone,binary,top_quality_b3000_k128,3000.0,0.91515077008358,0.9657189586398109,0.8775707487818852,0.0659599705868505,1.0,3000.0,,,0.03352617655046237,50.0,6000.0,,,,,,,256.0,0.1098691253767659,2332.854432341708,7656.0,0.22180375686513312,,0.9255120435014074,0.7596529390164486,0.32047390968938405,0.7596529390164486,0.9318924752946045,15248852.0,,15184.0,0.32675534279174007,,0.06566420120025597,,128.0,1.71971590034311,128.0,,698.2633033333332,194.1947914317716,
miniboone,binary,top_quality_b3000_k16,3000.0,0.9073225246112369,0.9614995112019863,0.8780266857695791,0.06808042057021733,1.0,3000.0,,,0.02190734375946657,50.0,6000.0,,,,,,,256.0,0.016685874977459467,15419.356589455218,968.6666666666666,0.22711471852915002,,0.9051930280849453,0.7914046229523993,0.3324321108052979,0.7914046229523993,0.9361348480579791,1900078.6666666667,,1921.3333333333333,0.33725996060378205,,0.06757504096728037,,16.0,1.5361202896097474,16.0,,668.0844549999998,186.56296852758774,
miniboone,binary,top_quality_b3000_k64,3000.0,0.9118969336017674,0.964089117637639,0.8766868898942634,0.06691441304381486,1.0,3000.0,,,0.0301680626747311,50.0,6000.0,,,,,,,256.0,0.05968933304150897,4294.713287579212,3842.6666666666665,0.22394471820980563,,0.9217101207573526,0.7726208656427502,0.3249445355740625,0.7726208656427502,0.9336323557376405,7611961.333333333,,7621.333333333333,0.3314834635544576,,0.066183924423512,,64.0,1.654269758768252,64.0,,680.8821116666668,189.83031091691615,
miniboone,binary,top_quality_b300_k64,300.0,0.9179904041436715,0.9677464415392801,0.8808162353412116,0.06652437944937484,1.0,300.0,,,0.052411768671680736,50.0,6000.0,,,,,,,256.0,0.06508802770016094,3964.7551760017973,3688.3333333333335,0.2282791792251949,,0.931939848080245,0.716741402255618,0.26198812735682675,0.716741402255618,0.9221146886120454,7582140.666666667,,7312.666666666667,0.3295518342247235,,0.066693904863809,,64.0,1.9161535780519945,64.0,,678.9886533333334,189.20181747238772,
miniboone,binary,top_quality_b6000_k128,6000.0,0.9119745440123982,0.964054028049314,0.8752204575537202,0.06692315458972507,1.0,6000.0,,,0.0291582660012361,50.0,6000.0,,,,,,,256.0,0.11346016692308086,2264.563477207115,7703.0,0.22381219289807075,,0.9307466359085558,0.7779745674122901,0.3243781898085191,0.7779745674122901,0.93376052654541,15255410.0,,15278.0,0.33152674510592967,,0.0664492222305529,,128.0,1.6404815792846457,128.0,,698.8653600000001,194.47110827833725,
miniboone,binary,top_quality_b6000_k16,6000.0,0.9078442979044666,0.9617854463118448,0.8791854184509874,0.06785399522156667,1.0,6000.0,,,0.021799675352022863,50.0,6000.0,,,,,,,256.0,0.017264916328713267,14863.76222163633,968.3333333333334,0.22618033528936654,,0.9204310175931529,0.7948697377737378,0.3416250485316114,0.7948697377737378,0.9366373840884372,1900212.0,,1920.6666666666667,0.3361384037166382,,0.06763436352009007,,16.0,1.5240320671140963,16.0,,668.3160986666668,186.7517500274504,
miniboone,binary,top_quality_b6000_k64,6000.0,0.9106883063435559,0.9631999339906234,0.8762878169269079,0.06728716655863694,1.0,6000.0,,,0.026067525035043965,50.0,6000.0,,,,,,,256.0,0.07012120836103954,3701.588669725667,3858.6666666666665,0.22473143408149188,,0.9246591880982256,0.786203397878237,0.33180068442717037,0.786203397878237,0.9351034367972235,7614734.666666667,,7653.333333333333,0.33333008312127627,,0.0666939455215843,,64.0,1.5991755896611302,64.0,,681.5990539999997,190.20684030644284,
miniboone,binary,top_quality_cert_b6000_k64,6000.0,0.9106883063435559,0.9631999339906234,0.8762878169269079,0.06728716655863694,1.0,6000.0,,,0.026067525035043965,50.0,6000.0,,,,,,,256.0,0.058567375022297065,4382.83026557826,3858.6666666666665,0.22473143408149188,,0.9246591880982256,0.786203397878237,0.33180068442717037,0.786203397878237,0.9351034367972235,7614734.666666667,,7653.333333333333,0.33333008312127627,,0.0666939455215843,,64.0,1.5991755896611302,64.0,,681.3304089999997,190.1354191529099,
miniboone,binary,top_quality_f05_d3_b1000_k64,1000.0,0.8609587983009884,0.9374958284120578,0.8098497364897453,0.09447357745802958,1.0,1000.0,,,0.06881782147104483,44.333333333333336,6000.0,,,,,,,256.0,0.04905676391596594,5225.270489242807,512.0,0.31218772559910746,,0.9999999999999994,0.8194401787981485,0.11999007936507933,0.8194401787981485,0.8825852675461351,7030591.666666667,,960.0,0.46800779374114104,,0.09435001716025476,,64.0,1.4573474334929373,64.0,,665.2990176666664,185.7731235686224,
miniboone,binary,top_quality_f05_d6_b1000_k64,1000.0,0.8951891649935092,0.9565295195097869,0.8390195795675822,0.0819490157144019,1.0,1000.0,,,0.0750057697781094,42.666666666666664,6000.0,,,,,,,256.0,0.051946666634951975,4929.27521509758,3771.6666666666665,0.2768967987191998,,0.999871798722185,0.7490357566554137,0.10238095238095234,0.7490357566554137,0.8996411104677063,7552145.0,,7479.333333333333,0.40596336948250794,,0.0818637779382772,,64.0,1.745208425222371,64.0,,666.1270840000001,185.9786944721515,
miniboone,binary,top_quality_f20_d3_b1000_k64,1000.0,0.8618015307167086,0.941737161296326,0.8254393140642288,0.08865109112842856,1.0,1000.0,,,0.05097509703941853,50.0,6000.0,,,,,,,256.0,0.05767155562837917,4439.612804709279,512.0,0.29157855998399146,,1.0,0.8578508509500594,0.1611090766028508,0.8578508509500594,0.9029363657575877,7047758.333333333,,960.0,0.43916472930524336,,0.0877615805619425,,64.0,1.3457212863496688,64.0,,668.4556419999998,186.55555480493544,
miniboone,binary,top_quality_f20_d6_b1000_k64,1000.0,0.9131302532349569,0.9653359205581385,0.8750674413504461,0.0677580291862615,1.0,1000.0,,,0.04262203525450307,50.0,6000.0,,,,,,,256.0,0.065113528088356,4000.9351355900512,3808.6666666666665,0.22980375589103352,,0.9080407787416687,0.7513728489033746,0.15566300728693533,0.7513728489033746,0.9282156327874348,7575134.333333333,,7553.333333333333,0.33566288367497066,,0.06772843839940969,,64.0,1.7477361454555298,64.0,,671.1516623333333,187.22079849949418,
miniboone,binary,top_quality_f50_d3_b1000_k64,1000.0,0.8278155145263234,0.9266975725376031,0.8376753096428934,0.0914704016858346,1.0,1000.0,,,0.028503417389423236,50.0,6000.0,,,,,,,256.0,0.06027701365140573,4248.872004981284,512.0,0.30050956272128,,1.0,0.9310129887008048,0.3645222263925791,0.9310129887008048,0.9087437300938966,7082324.0,,960.0,0.45313049565339814,,0.09120740541329364,,64.0,1.1484072018504417,64.0,,674.7026996666667,188.11843773590712,
miniboone,binary,top_quality_f50_d6_b1000_k64,1000.0,0.9109843044153413,0.9631353213677017,0.8763226633800244,0.06717568489443573,1.0,1000.0,,,0.026017236426429568,50.0,6000.0,,,,,,,256.0,0.06317461080228283,4067.003759620396,3854.0,0.2244522236636907,,0.9279598634921943,0.7852550560295214,0.35703604592137966,0.7852550560295214,0.9349419560218858,7617054.666666667,,7644.0,0.33277776531037256,,0.06662153466235426,,64.0,1.6026509124300212,64.0,,681.3272336666661,189.77559749976112,
miniboone,binary,xgboost,,0.9510713556929394,0.9816721133283863,0.9246142654903652,0.04655992239600824,,,,2.0797323333332165,0.0145315926868793,,,,,,,,,256.0,0.0016189166344701665,158231.4113445708,13175.333333333334,0.15723181764284766,,,,,,,1097960.3333333333,,26050.666666666668,0.23065002592283287,1385846101.3333333,,,,,300.0,,2.0797323333332165,2.0832552223000675,2.0832552223000675
musk2,binary,abs_correlation_b6000_k64,6000.0,0.5386364102522455,0.8271959416443978,0.6837648772180484,0.11267162596454604,0.4509444444444444,2705.6666666666665,,,0.11140029985937167,166.0,6000.0,0.7735126406502566,0.8320964749536177,0.7402597402597403,0.1709104009264598,0.14416134868595787,0.5170482602104803,256.0,0.0851733056673159,3039.8465069386,2045.6666666666667,0.35630206519915913,,0.858733521963304,0.41746315872073053,0.08296539864786827,0.41746315872073053,0.6801387658767503,2759224.3333333335,,4027.3333333333335,0.8638124972228699,,0.10873429088459934,,64.0,4.213331696489161,64.0,,453.3023833333334,137.50851115281694,
musk2,binary,caruana_b6000_k64,6000.0,0.48719796398626486,0.7983550899171741,0.6594150407698828,0.11515949239656927,0.4509444444444444,2705.6666666666665,,,0.09088809055114262,153.0,6000.0,0.7342476325661189,0.8065862708719852,0.7005772005772006,0.18250456735736956,0.16039623764170863,0.546746116748684,256.0,0.03701255524841444,8623.305566171777,594.0,0.36418808461196295,,0.8716644369255654,0.5311744538612125,0.06585639595087503,0.5311744538612125,0.7343555648903238,1083833.6666666667,,1161.6666666666667,0.8830021885245145,,0.07311369074213747,,64.0,3.2952614998219456,26.333333333333332,,450.2508970000002,136.3667651252666,
musk2,binary,catboost,,0.7016584327864961,0.8946893791108814,0.7656519137297138,0.1117150418604642,,,,10.662592666666683,0.09703519328087444,,,0.8507886253703322,0.8638425066996495,0.7435064935064934,0.20482607784746373,0.23416001867690395,0.6059233938836363,256.0,0.0021332779433577997,121323.86478870119,19200.0,0.34571137045371886,,,,,,,357930.0,,38100.0,0.8563814818016384,485703680.0,,,,,300.0,,10.662592666666683,11.047971680605164,11.047971680605164
musk2,binary,coerror_b1000_k128,1000.0,0.44311653954027364,0.7816041833882124,0.6168922237976971,0.12598330894419293,0.4493333333333333,449.3333333333333,,,0.10986081459094306,166.0,6000.0,0.691578818355134,0.7688105545248402,0.7124819624819625,0.18547895057381855,0.15025219365567022,0.5521419743623861,256.0,0.163354069693014,1685.5807649276994,2626.0,0.38880171922802215,,0.9577851009230048,0.5585870814276523,0.08524682799581461,0.5585870814276523,0.6988431257989235,5319664.0,,5124.0,0.9660286764857645,,0.08818374159347532,,128.0,3.1856289163384304,128.0,,456.1789576666666,138.11937358323485,
musk2,binary,coerror_b1000_k16,1000.0,0.4617677014879829,0.7816652648243113,0.6382089862211542,0.13529428947759603,0.4493333333333333,449.3333333333333,,,0.11705732258305107,151.0,6000.0,0.6964470912054369,0.766749123891981,0.7005772005772005,0.19756005615520333,0.16901195367638075,0.584493103291448,256.0,0.01770654165496423,14563.317709855675,373.0,0.4149880905471075,,0.7786966658688304,0.5343550710034245,0.06388892706119197,0.5343550710034245,0.7353347622225765,660635.6666666666,,730.0,1.0373261228339345,,0.0791969615982419,,16.0,3.04020954648777,16.0,,449.41879033333345,135.97739219494784,
musk2,binary,coerror_b1000_k64,1000.0,0.4528955793453741,0.7868471541028713,0.6172169402915055,0.12706031312053925,0.4493333333333333,449.3333333333333,,,0.11460573607278583,166.0,6000.0,0.6791883450718036,0.7602556173984746,0.7005772005772006,0.1906979167857081,0.17406920449777732,0.5659904971223445,256.0,0.08241369427802657,3131.403261734997,1393.3333333333333,0.3936880828050409,,0.9174486094658171,0.5537023709191771,0.0807308455252473,0.5537023709191771,0.7125584045742236,2653844.6666666665,,2722.6666666666665,0.9742058733737237,,0.08368764551149531,,64.0,3.1979012364266968,64.0,,452.5728823333332,136.88077054234842,
musk2,binary,coerror_b3000_k128,3000.0,0.4626214095700217,0.7912523177202804,0.6357735679806304,0.12125900041540506,0.4543333333333333,1363.0,,,0.1082626845189699,166.0,6000.0,0.7042344133546545,0.7813852813852814,0.7085137085137085,0.1844300540530491,0.17377218921759363,0.5500408957602608,256.0,0.16514498624019322,1604.1861305280145,2830.0,0.3787187374889329,,0.9463523298048043,0.5518570677502103,0.07745882844944346,0.5518570677502103,0.7181716831495857,5337806.333333333,,5532.0,0.9297536562041372,,0.08148704765606486,,128.0,3.280934253000691,128.0,,455.8977883333334,138.23584182017171,
musk2,binary,coerror_b3000_k16,3000.0,0.45551544092434854,0.7791196531073279,0.6370423227306979,0.12554579845330677,0.4543333333333333,1363.0,,,0.10658111077610877,145.0,6000.0,0.7422166359879961,0.7955060812203669,0.6926406926406926,0.18680219943840815,0.14325902668151416,0.5541091939165997,256.0,0.023802305649345063,13093.127370678647,383.3333333333333,0.38612664562347837,,0.8163768632801784,0.5265007055790442,0.055330324881117166,0.5265007055790442,0.7332670163584482,660175.6666666666,,750.6666666666666,0.9626584204890914,,0.07603577033082877,,16.0,3.1665717452001343,16.0,,449.51029000000017,136.22143829218112,
musk2,binary,coerror_b3000_k64,3000.0,0.45294333872980236,0.7817009625052754,0.6232120352217183,0.12397551630950766,0.4543333333333333,1363.0,,,0.10701395403721366,165.33333333333334,6000.0,0.7071036791997827,0.7788084930942074,0.7005772005772006,0.18474348067627333,0.1696052059855212,0.5512280623051374,256.0,0.09452309715561563,3062.1934842559367,1463.0,0.38518305409338266,,0.9185644387387816,0.5433039949688316,0.07175238766398394,0.5433039949688316,0.7263093267202021,2657732.0,,2862.0,0.9505939035587847,,0.07860773636961144,,64.0,3.3239546149079486,64.0,,452.09907599999997,137.03017284728898,
musk2,binary,coerror_b300_k64,300.0,0.4706570382447242,0.7868206712426189,0.6211899558199615,0.12267840421392721,0.4533333333333333,136.0,,,0.10768484701949499,166.0,6000.0,0.7735409173287668,0.8038548752834468,0.7243867243867244,0.17837405000314746,0.13017964899213122,0.5343929023846282,256.0,0.08752926338153581,2996.4256978655612,1281.6666666666667,0.37972083956422975,,0.900977615470142,0.5662922671345775,0.0810827845088878,0.5662922671345775,0.6950584687020669,2636980.6666666665,,2499.3333333333335,0.9407532825474615,,0.09195327238204527,,64.0,3.036523547051999,64.0,,452.36614666666674,136.7967869725544,
musk2,binary,coerror_b6000_k128,6000.0,0.4496892011068773,0.7846786869042996,0.6263417026582493,0.12212327541283846,0.4509444444444444,2705.6666666666665,,,0.10351351513117613,166.0,6000.0,0.7110271636815143,0.7850958565244279,0.7005772005772006,0.1825184202352549,0.2089399257940434,0.5459300456485057,256.0,0.15907090304729835,1661.19685937136,2915.6666666666665,0.3801663272422123,,0.9633434492350578,0.5482176695605216,0.06958690598330713,0.5482176695605216,0.7263561562435492,5339182.666666667,,5703.333333333333,0.9364211944739532,,0.07830711126876212,,128.0,3.332733358337917,128.0,,455.70969633333334,138.33541101442339,
musk2,binary,coerror_b6000_k16,6000.0,0.4737939492527388,0.7961620495557199,0.6355870950761838,0.11780764678037246,0.4509444444444444,2705.6666666666665,,,0.1000673659374936,142.0,6000.0,0.7138270618274077,0.7871057513914658,0.7243867243867244,0.18657519227459982,0.1700274062689743,0.5558603667447979,256.0,0.027632513937229864,11088.313142435713,366.6666666666667,0.3688846306434634,,0.857374126931223,0.5372133509883517,0.056816997348506836,0.5372133509883517,0.7443248942604271,657776.3333333334,,717.3333333333334,0.9033178398505785,,0.07424084648664515,,16.0,3.066636728471161,16.0,,449.66611566666666,136.1824454177016,
musk2,binary,coerror_b6000_k256,6000.0,0.45602961087475435,0.7890428664193555,0.6321057636940769,0.12076894832822453,0.4509444444444444,2705.6666666666665,,,0.10568963146917694,166.0,6000.0,0.7070797530674371,0.7813852813852814,0.7085137085137085,0.18348284878869006,0.20568679577513002,0.5478389541612693,256.0,0.27661277772858733,934.6174894914252,5673.0,0.37655581465091964,,0.9697121661288247,0.5536448164142612,0.0759269470259561,0.5536448164142612,0.7161901971428378,10671688.0,,11090.0,0.9260331877433668,,0.08127799585949076,,256.0,3.2939753693781935,256.0,,464.68479566666656,141.61700792998695,
musk2,binary,coerror_b6000_k64,6000.0,0.4492805602768864,0.7849125458933658,0.6276257742269168,0.12334217562720377,0.4509444444444444,2705.6666666666665,,,0.10469978455667762,165.66666666666666,6000.0,0.7326163586131997,0.7928262213976499,0.7124819624819625,0.18488629555560687,0.1784417622812162,0.551376497316324,256.0,0.09420738858170807,2949.6568645839375,1541.6666666666667,0.3829145167924417,,0.9262337730506864,0.5381870271824943,0.0693100250027394,0.5381870271824943,0.7312215517220135,2665698.0,,3019.3333333333335,0.9457596614288599,,0.07603096900402706,,64.0,3.393056323916261,64.0,,452.40888666666666,137.51168740331195,
musk2,binary,coerror_cert_b6000_k64,6000.0,0.4542484521238373,0.7874449541035168,0.629327907508955,0.12207182295744672,0.4509444444444444,2705.6666666666665,,,0.10257332017080967,165.66666666666666,6000.0,0.7331541242244947,0.7939600082457225,0.7124819624819625,0.18336733768853086,0.1936945194425166,0.5479063159241178,256.0,0.07773155532777304,3434.521048583247,1540.3333333333333,0.37995836115604736,,0.9353056434115885,0.5397105936948283,0.06966672359220603,0.5397105936948283,0.7373841234979212,2666279.3333333335,,3016.6666666666665,0.9359978609266681,,0.076530022661989,,64.0,3.3705488633193106,64.0,,452.04414266666663,136.79874670862532,
musk2,binary,coerror_f05_d3_b1000_k64,1000.0,0.4530468037325645,0.7698525176200888,0.6069495094182612,0.11618649301552174,0.41700000000000004,417.0,,,0.0898606924027124,158.66666666666666,6000.0,0.6437565617275673,0.7012987012987013,0.6136363636363636,0.205446226510937,0.17029673442543372,0.5959180236099542,256.0,0.05902637502488987,4339.991901577158,499.3333333333333,0.37244457384164925,,0.9477859864928121,0.6337914964465262,0.03428499872171087,0.6337914964465262,0.7199286524382668,2464906.0,,934.6666666666666,0.8910175155460708,,0.0847630970805804,,64.0,2.470079254380258,64.0,,449.58757633333335,136.03812787565403,
musk2,binary,coerror_f05_d6_b1000_k64,1000.0,0.5441792159969828,0.8252182107810695,0.6837051082569369,0.10983154464495033,0.48300000000000004,483.0,,,0.1026238753182573,158.33333333333334,6000.0,0.7765892514619278,0.805607091321377,0.7005772005772006,0.17636795959081683,0.17290766339319028,0.528362746822162,256.0,0.059995666611939634,4268.016788871609,2139.3333333333335,0.35234047742809144,,0.8233482000731334,0.5221253640095505,0.03345610947370397,0.5221253640095505,0.7253185503896104,2727318.3333333335,,4214.666666666667,0.8421084412013339,,0.08221082935296287,,64.0,3.4477757300637943,64.0,,449.9345003333333,136.1191829040181,
musk2,binary,coerror_f20_d3_b1000_k64,1000.0,0.4206699289649607,0.7638103533518383,0.6063844678653855,0.12772028981751807,0.43133333333333335,431.3333333333333,,,0.1141520644085202,166.0,6000.0,0.6468342918626788,0.7338693052978768,0.6926406926406926,0.20063852782400113,0.14664022179919936,0.585313431649881,256.0,0.0769667776767164,3387.332201563908,496.6666666666667,0.3948323140985006,,0.9506105792837899,0.6033297232819743,0.11850658570439887,0.6033297232819743,0.7005069490796668,2515675.6666666665,,929.3333333333334,0.9794710250516044,,0.0881682099384013,,64.0,2.7360115560477625,64.0,,451.5021373333334,136.49373258355385,
musk2,binary,coerror_f20_d6_b1000_k64,1000.0,0.45993337700165154,0.7847778295475877,0.6701656599024415,0.13440126758865842,0.49533333333333335,495.3333333333333,,,0.1154407355670511,166.0,6000.0,0.7695678530694058,0.8235415378272521,0.7362914862914863,0.17277589494303328,0.16516762845237717,0.5180788528535596,256.0,0.08590220830713707,2984.5632099110976,1963.6666666666667,0.40510815169261355,,0.8700037904031667,0.5184440210825264,0.11763801855954824,0.5184440210825264,0.7070712464883441,2750391.0,,3863.3333333333335,1.0306023157510231,,0.0884296074176139,,64.0,3.5854950579555083,64.0,,453.38079300000004,136.99571791671528,
musk2,binary,coerror_f50_d3_b1000_k64,1000.0,0.4520893098743873,0.7713190420176215,0.6233398252744956,0.13063503953374156,0.4416666666666667,441.6666666666667,,,0.1225246953736488,166.0,6000.0,0.6759170502070729,0.7450525664811378,0.6933621933621934,0.20508539344511334,0.15388545232243642,0.596570178834739,256.0,0.11078812507912512,2313.172869411165,501.0,0.40356253519066704,,0.9856145499499092,0.6225558879931462,0.33733733458027954,0.6225558879931462,0.6789909189877502,2615312.6666666665,,938.0,1.0017431415462925,,0.09922232828668275,,64.0,2.573079287540761,64.0,,455.97553833333336,137.67862111136006,
musk2,binary,coerror_f50_d6_b1000_k64,1000.0,0.4816984384988799,0.79266826192067,0.6693019265211327,0.14983649762889673,0.43733333333333335,437.3333333333333,,,0.1442234258088932,166.0,6000.0,0.733995620762424,0.8232323232323232,0.764069264069264,0.18240771762101335,0.22678435016529655,0.5895736271193468,256.0,0.11252797208726402,2279.9217944205925,1941.3333333333333,0.4569055588774773,,0.9209648583856881,0.5642636158279499,0.3363918925074983,0.5642636158279499,0.6952823939371631,2845771.3333333335,,3818.6666666666665,1.1489627824702848,,0.098523676500664,,64.0,3.069500106675676,64.0,,460.3643726666665,139.15973937449357,
musk2,binary,coerror_swap_b6000_k64,6000.0,0.45535993570784444,0.7856119978025781,0.6278923272773329,0.12281487443920223,0.4509444444444444,2705.6666666666665,,,0.10453862248367517,165.66666666666666,6000.0,0.7462286722255134,0.7954030096887239,0.7124819624819625,0.18479579023597922,0.18299464566709508,0.5512379326893045,256.0,0.0779183885703484,3447.78360423867,1536.3333333333333,0.3818028352738652,,0.9262337730506864,0.5377958864390296,0.06919508688606296,0.5377958864390296,0.730946762364414,2664844.6666666665,,3008.6666666666665,0.9417097652457448,,0.07602815958125833,,64.0,3.3957075802011,64.0,,452.36006633333335,137.07742573670112,
musk2,binary,extra_trees,,0.6874363054790494,0.8804492741015704,0.791781308584274,0.11280253070789924,,,,1.426390000000083,0.1513133127187633,,,0.8407568605365906,0.8716759431045146,0.7554112554112554,0.16916541599092025,0.21863025483630952,0.5061232219436048,256.0,0.0179449447120229,16444.03857604216,78646.0,0.3602331129445943,,,,,,,12668459.0,,157036.0,0.8648305138803624,561627136.0,,,,,256.0,,1.426390000000083,1.678949000236268,1.678949000236268
musk2,binary,lightgbm,,0.6479711361051531,0.8692344958461939,0.7726177491467471,0.1415003244800038,,,,4.461450333333498,0.14702692624904407,,,0.8788487397239768,0.8850752422180994,0.7904040404040403,0.22090658088194318,0.23482996362178263,1.2746959499390542,256.0,0.013530166664471167,23446.70823162895,9196.333333333334,0.7883299614220372,,,,,,,1069860.3333333333,,18092.666666666668,1.0849772734621845,510301525.3333333,,,,,300.0,,4.461450333333498,5.210075180589532,5.210075180589532
musk2,binary,linear,,0.5742504329808898,0.8495268976108682,0.7663402267092353,0.13343104452342996,,,167.0,0.10460666666669265,0.12966479230952913,,,0.6796944146424129,0.7873634302205731,0.7077922077922079,0.2732902680613554,0.2882435729452401,1.4813319458226577,256.0,0.001694069787239,151136.5169726455,,0.7373333014952017,,,,,,,12282.0,,,1.0235554257236104,448856064.0,,,,,1.0,,0.10460666666669265,0.10580538872939839,0.10580538872939839
musk2,binary,quality_diversity_l002_b6000_k64,6000.0,0.49956669445763396,0.8149637002693016,0.6753299641151682,0.1299835044243748,0.4509444444444444,2705.6666666666665,,,0.12274346046316986,166.0,6000.0,0.7627529161770848,0.8163265306122449,0.7362914862914862,0.18136969009602924,0.16574329891826448,0.540114505668265,256.0,0.08827147221503152,2951.6043053119247,1515.0,0.39491359100263584,,0.942612437272459,0.5900312466246759,0.08506832661559906,0.5900312466246759,0.7790168577200758,2675490.0,,2966.0,0.9967212869884241,,0.09491257581226743,,64.0,2.6721718393241836,64.0,,453.1648646666666,137.4253065699401,
musk2,binary,quality_diversity_l01_b6000_k64,6000.0,0.5196500280813915,0.8179099320003814,0.6711144722948644,0.12707603936018527,0.4509444444444444,2705.6666666666665,,,0.12783248461136054,166.0,6000.0,0.7697331276671884,0.8135435992578849,0.7323232323232324,0.17953464955884527,0.17792969756552027,0.5357916924582103,256.0,0.07958780570576583,3240.922535318328,1608.6666666666667,0.3898158796392374,,0.942612437272459,0.5501326265531694,0.0790020393414106,0.5501326265531694,0.7765569829172344,2686589.6666666665,,3153.3333333333335,0.9743393015765934,,0.09118119621204561,,64.0,3.0177848443213438,64.0,,453.01845933333317,137.26256661132598,
musk2,binary,quality_diversity_l05_b6000_k64,6000.0,0.5487593864995568,0.8286708757769109,0.6834987053420051,0.11842690740474537,0.4509444444444444,2705.6666666666665,,,0.1307684788475981,166.0,6000.0,0.80759860276667,0.8400329828901257,0.7085137085137085,0.1726242554509686,0.15332401462373307,0.5204018318137517,256.0,0.0808714163334419,3307.8576355230816,1927.6666666666667,0.3717950837148663,,0.8781260967430637,0.46902025747552484,0.077792414695645,0.46902025747552484,0.7552731219297847,2736339.0,,3791.3333333333335,0.9078997586848995,,0.09295173727578925,,64.0,3.736044682803309,64.0,,452.8863620000002,137.2000350970775,
musk2,binary,random_b1000_k128,1000.0,0.5289161180437736,0.8139886543502634,0.633294486701324,0.11299624839992967,0.4493333333333333,449.3333333333333,,,0.11324322488913313,166.0,6000.0,0.7691994769536535,0.8134405277262421,0.7085137085137085,0.17244794808539834,0.16463257853783944,0.5211304143236677,256.0,0.17284281963172055,1485.4758250960438,2525.3333333333335,0.358709467500162,,0.96060524141807,0.5799282979865051,0.11335833130906793,0.5799282979865051,0.6519453145239198,5336724.333333333,,4922.666666666667,0.866422726074549,,0.12312908111288756,,128.0,2.7405946087883115,128.0,,458.369369,138.4146549172389,
musk2,binary,random_b1000_k16,1000.0,0.4507798001783844,0.7728861716099306,0.6251280519440683,0.12321076104221973,0.4493333333333333,449.3333333333333,,,0.1083113517225228,164.66666666666666,6000.0,0.7050882568641942,0.7790146361574933,0.6926406926406926,0.18883920994331693,0.138085638998431,0.5589619656862218,256.0,0.017541999851043,14696.754857077467,280.6666666666667,0.3824324199068685,,0.8425502911094669,0.5762013368241489,0.12109266179726808,0.5762013368241489,0.6488002500070004,655263.3333333334,,545.3333333333334,0.9449463332564939,,0.12513028127302192,,16.0,2.4775604730095107,16.0,,449.664875,136.04524162504822,
musk2,binary,random_b1000_k64,1000.0,0.5164043594000187,0.8098721444037963,0.6350636039112595,0.11412818531684397,0.4493333333333333,449.3333333333333,,,0.11231939052121613,166.0,6000.0,0.7903885883974852,0.8210678210678211,0.7402597402597403,0.17143420222402536,0.14526495506834738,0.5211485389923879,256.0,0.09430366669160621,2793.2347068014974,1321.0,0.3620978030994996,,0.9071941661667305,0.5670625934749989,0.11210996573330077,0.5670625934749989,0.6506024336443043,2663484.6666666665,,2578.0,0.8751038020090021,,0.1226777182576388,,64.0,2.8288776085549343,64.0,,453.3705306666668,137.02877822285518,
musk2,binary,random_b3000_k128,3000.0,0.5000148975238758,0.8072167239102676,0.6411344199982215,0.11404245233238264,0.4543333333333333,1363.0,,,0.1058462651121659,166.0,6000.0,0.7229623970636582,0.7991135848278706,0.7164502164502164,0.1796692074027729,0.1422814459330351,0.5383762535112885,256.0,0.21733277803286907,1232.9925659401085,2538.0,0.3620847318537537,,0.9710513563535536,0.575035561001786,0.11494114336452543,0.575035561001786,0.6533347235012411,5342191.333333333,,4948.0,0.8744553578091453,,0.12293112958449737,,128.0,2.7756470576854197,128.0,,458.29741833333327,138.8332811529593,
musk2,binary,random_b3000_k16,3000.0,0.4926377151048391,0.7886171623776757,0.636513267054405,0.12863523732112078,0.4543333333333333,1363.0,,,0.11531765047017027,166.0,6000.0,0.76062307739278,0.8140589569160999,0.7204184704184704,0.18366238147921124,0.19864483384773549,0.548556486781862,256.0,0.034686069702729534,10291.895031947615,364.6666666666667,0.39344561717509746,,0.8690904487754788,0.5727310415389052,0.16276935668912254,0.5727310415389052,0.6510262022239242,673107.0,,713.3333333333334,0.9864099246914174,,0.13313262827718117,,16.0,2.4952764301309673,16.0,,450.3016566666666,136.31219106928134,
musk2,binary,random_b3000_k64,3000.0,0.5128583882067711,0.8088317631912106,0.6247964708274073,0.1124462342716334,0.4543333333333333,1363.0,,,0.10917132752218817,166.0,6000.0,0.7694930979446207,0.8170480313337456,0.7561327561327561,0.16957049985693837,0.14755704914615247,0.5171969689125892,256.0,0.104973083284373,2530.349832251397,1366.6666666666667,0.3586931374365867,,0.9049978521898326,0.5796166970252937,0.1185094335578341,0.5796166970252937,0.6430186805924084,2673684.3333333335,,2669.3333333333335,0.8621998839299801,,0.13108061674151184,,64.0,2.6756037349941075,64.0,,453.510654,137.611558209251,
musk2,binary,random_b6000_k128,6000.0,0.5111285297296077,0.8106215544623567,0.6201583927683559,0.1136062065835457,0.4509444444444444,2705.6666666666665,,,0.11447929339497047,166.0,6000.0,0.7325863918838449,0.7942692228406515,0.7124819624819625,0.1797332498690731,0.13599590871443706,0.5386112747295635,256.0,0.1775684860379745,1444.1901819084376,2362.6666666666665,0.36074087172995833,,0.9621875064256148,0.57791074179709,0.11440659931470908,0.57791074179709,0.6470314303052215,5314037.333333333,,4597.333333333333,0.8711315210702765,,0.12368589976232662,,128.0,2.7547529141736224,128.0,,459.19471666666664,138.88875154196285,
musk2,binary,random_b6000_k16,6000.0,0.47940752716415486,0.7918924006752285,0.6217496221866708,0.11547553313244974,0.4509444444444444,2705.6666666666665,,,0.09536963003860977,165.33333333333334,6000.0,0.7058362761281991,0.774788703360132,0.6893939393939394,0.18364878482905725,0.14857592290256852,0.5439745579968035,256.0,0.023853360985716134,10894.210830923183,260.0,0.36629047028158784,,0.9035635557407636,0.5971503397145519,0.1353763849652401,0.5971503397145519,0.6434444280322942,653518.3333333334,,504.0,0.8853757732621458,,0.12431360007481536,,16.0,2.462840060903366,16.0,,450.15102666666684,136.37445906953266,
musk2,binary,random_b6000_k64,6000.0,0.5107790718758988,0.804122861248508,0.6332898249926829,0.11322320488108033,0.4509444444444444,2705.6666666666665,,,0.10313371972468993,166.0,6000.0,0.7455902767868569,0.8030303030303031,0.7442279942279942,0.17291827114778135,0.16881184899314813,0.5236611123639978,256.0,0.11361873592250048,2325.866510359235,1283.3333333333333,0.3602288563016269,,0.9105384757946169,0.5770354204002616,0.10642527168358706,0.5770354204002616,0.6522517775371219,2655178.6666666665,,2502.6666666666665,0.8681961806422285,,0.12387536083077873,,64.0,2.70477318160718,64.0,,453.5975130000001,137.53668423641162,
musk2,binary,random_cert_b6000_k64,6000.0,0.4962257098809609,0.8062899957439255,0.6401116345198051,0.12288681759769134,0.4509444444444444,2705.6666666666665,,,0.11708282518204631,166.0,6000.0,0.7273512960449352,0.8121005978148835,0.7442279942279942,0.1789210615972507,0.15252814453506933,0.5381490799113293,256.0,0.0882825556521614,2925.893096333278,1324.0,0.3806296932240794,,0.9320086681588652,0.5646293323670093,0.1122985844105427,0.5646293323670093,0.6937814915263837,2663181.6666666665,,2584.0,0.9422170434813489,,0.11205997097379396,,64.0,2.8504258442046395,64.0,,453.3759466666666,137.04997498705052,
musk2,binary,random_forest,,0.580463042491658,0.8125861970869024,0.7412428719789877,0.13565892432824703,,,,4.2684636666667375,0.16365692841400015,,,0.8234156529025803,0.8461657390228817,0.7323232323232324,0.1773946126302083,0.20651971726190474,0.5248649703765693,256.0,0.015919916719819068,19106.81970745881,32494.333333333332,0.41499815983502075,,,,,,,5284192.333333333,,64732.666666666664,1.0401370083930002,645606058.6666666,,,,,256.0,,4.2684636666667375,4.469704403076321,4.469704403076321
musk2,binary,random_patches64,,0.5198635014603638,0.7947566850618747,0.6648755014520414,0.12232975310318185,,,,1.846256333333372,0.1173811102457548,,,0.7646298520131206,0.8125128839414554,0.7243867243867244,0.17565984645786512,0.16672709443026365,0.52744352067407,256.0,0.06744638900272544,3961.3583167855454,1697.6666666666667,0.3787824086492167,,,,,,,1581534.3333333333,,3331.3333333333335,0.9379369110695858,448299008.0,,,,,64.0,,1.846256333333372,1.8838761663840462,1.8838761663840462
musk2,binary,rf_leaf5,,0.5848219832050513,0.824544428257605,0.7548987711108007,0.12364483053836188,,,,4.146576333333314,0.14325623857568173,,,0.8220796768799841,0.8424036281179138,0.768037518037518,0.17398817812696407,0.2325805387243438,0.5207688463138106,256.0,0.016223916706318602,19201.12321332355,22752.0,0.383977879107245,,,,,,,3725419.0,,45248.0,0.9480238882302262,453285205.3333333,,,,,256.0,,4.146576333333314,4.308259361345942,4.308259361345942
musk2,binary,rf_shallow64,,0.5255748004918822,0.810484378204408,0.6936512013518129,0.11542088543769126,,,,0.8176219999999148,0.11177492493288714,,,0.7693757455248175,0.8173572459286745,0.7323232323232323,0.1749187423743294,0.1505271644767028,0.5266552699323743,256.0,0.004382513541107334,60522.6099519708,1860.0,0.36287306037922856,,,,,,,325339.0,,3656.0,0.8849476190779394,444929365.3333333,,,,,64.0,,0.8176219999999148,0.8366657363561293,0.8366657363561293
musk2,binary,signed_correlation_b6000_k64,6000.0,0.5386364102522455,0.8271959416443978,0.6837648772180484,0.11267162596454604,0.4509444444444444,2705.6666666666665,,,0.11140029985937167,166.0,6000.0,0.7735126406502566,0.8320964749536177,0.7402597402597403,0.1709104009264598,0.14416134868595787,0.5170482602104803,256.0,0.08994738897308703,2886.7979957190214,2045.6666666666667,0.35630206519915913,,0.858733521963304,0.41746315872073053,0.08296539864786827,0.41746315872073053,0.6801387658767503,2759224.3333333335,,4027.3333333333335,0.8638124972228699,,0.10873429088459934,,64.0,4.213331696489161,64.0,,453.47746866666677,137.55860519416942,
musk2,binary,top_quality_b1000_k128,1000.0,0.499443836737753,0.8171272131894991,0.6568867828668009,0.12231582069681536,0.4493333333333333,449.3333333333333,,,0.12324872587482665,166.0,6000.0,0.7331535639809262,0.8052978767264483,0.7442279942279942,0.18200306343695435,0.17168017995645402,0.5461209503655035,256.0,0.16146054165437818,1620.9423055452992,2721.0,0.3783210843648713,,0.9637750772108215,0.5722592651426457,0.11403763000392474,0.5722592651426457,0.7329414760152826,5367754.0,,5314.0,0.937758685223956,,0.10586324827935052,,128.0,2.805593747900384,128.0,,458.3900153333332,138.4343611669416,
musk2,binary,top_quality_b1000_k16,1000.0,0.5021965546261483,0.8038600572578396,0.6759793907262729,0.13384730647996654,0.4493333333333333,449.3333333333333,,,0.11976864828469198,161.0,6000.0,0.7188962605535268,0.7858173572459286,0.6926406926406926,0.1937139626412462,0.19255349765590388,0.581875043431055,256.0,0.0183972639497369,14019.987466670727,346.3333333333333,0.41659938950350445,,0.8945377301559847,0.5885356839183848,0.09364006397566738,0.5885356839183848,0.7722371052099924,661075.3333333334,,676.6666666666666,1.0261957897768006,,0.10004275374917367,,16.0,2.4743123325486995,16.0,,449.5989833333333,135.9974162222352,
musk2,binary,top_quality_b1000_k64,1000.0,0.5003742635425318,0.817880961288388,0.6497130281629683,0.12674848000562897,0.4493333333333333,449.3333333333333,,,0.11418637721016467,166.0,6000.0,0.737073780969325,0.8013811585240157,0.7243867243867244,0.18363745067049328,0.16573997352772993,0.550989687346623,256.0,0.09959874992879726,2612.8054041739933,1412.0,0.3906080009728046,,0.9471424576173885,0.5675543617820448,0.10595160668880159,0.5675543617820448,0.7477874051370126,2672265.6666666665,,2760.0,0.971701779226705,,0.10320386666170134,,64.0,2.776945909314398,64.0,,453.42565700000006,137.0863011953576,
musk2,binary,top_quality_b3000_k128,3000.0,0.4962324357622581,0.8155339176013777,0.6658125764844302,0.12519632449111287,0.4543333333333333,1363.0,,,0.12154849112915189,166.0,6000.0,0.7541044055995588,0.8136466707895279,0.7402597402597403,0.1796604160509542,0.15845559529742395,0.5379151236954193,256.0,0.21050324997243777,1238.5073053515182,2846.6666666666665,0.38411104400756546,,0.9570117306649464,0.5877641095693112,0.09960393852828527,0.5877641095693112,0.7565533862502124,5372735.333333333,,5565.333333333333,0.959930708847223,,0.10305147862860287,,128.0,2.6898366986913262,128.0,,457.43266266666666,138.3787035830319,
musk2,binary,top_quality_b3000_k16,3000.0,0.48542406530886245,0.8026373638785581,0.6333772276079753,0.13215344395662307,0.4543333333333333,1363.0,,,0.12363796118062342,161.0,6000.0,0.7133429893800991,0.7940630797773656,0.7243867243867244,0.19199002122193662,0.17279209225893463,0.573203099547697,256.0,0.028668957995250766,11538.628834262658,384.6666666666667,0.4047350089754102,,0.8447569045829427,0.5915550676081143,0.07831430086815129,0.5915550676081143,0.787440833827069,665129.3333333334,,753.3333333333334,1.0132781070759838,,0.09278116787965036,,16.0,2.5208137075256603,16.0,,449.71803400000005,136.462757778354,
musk2,binary,top_quality_b3000_k64,3000.0,0.4876793170104163,0.8077914160568778,0.6671659507390887,0.1310436151043455,0.4543333333333333,1363.0,,,0.12580146969691705,166.0,6000.0,0.7247045188841007,0.8059163059163059,0.768037518037518,0.18004907301183248,0.16736206335639525,0.5393258338454938,256.0,0.13982956934099391,2260.182383525774,1392.0,0.39741788095855163,,0.9519355294280635,0.6001437896459866,0.0973772722858427,0.6001437896459866,0.7685614436979303,2664435.6666666665,,2720.0,1.004864296515693,,0.10099687205263556,,64.0,2.57092696021057,64.0,,452.9175843333333,137.08465963889225,
musk2,binary,top_quality_b300_k64,300.0,0.5053382900263557,0.8120178806401634,0.6690960925525081,0.12293594458618894,0.4533333333333333,136.0,,,0.11203573028311598,166.0,6000.0,0.756741741800023,0.8068439497010926,0.7362914862914863,0.18396401244485014,0.16709897784112038,0.5516022407300629,256.0,0.09570162494977309,2682.587835815891,1385.0,0.3815127051169925,,0.8940579510470822,0.5748352504947559,0.11622791243107757,0.5748352504947559,0.7233983281654476,2673400.0,,2706.0,0.9425203854189265,,0.10872890824941073,,64.0,2.7124310116904478,64.0,,453.53930666666673,137.0160405828307,
musk2,binary,top_quality_b6000_k128,6000.0,0.49605623477819544,0.8120460541133618,0.670266878905451,0.127681956148212,0.4509444444444444,2705.6666666666665,,,0.11753415468648813,166.0,6000.0,0.7752637710827218,0.8182848897134612,0.7481962481962482,0.1796812702302283,0.1711719568179618,0.5349709725683812,256.0,0.1764929027607043,1457.6481894534097,2790.0,0.3885436294174294,,0.9678031434584389,0.601932877452215,0.0947163808429561,0.601932877452215,0.7681674619151306,5355107.666666667,,5452.0,0.9791046186778516,,0.09982870464339456,,128.0,2.595523329929606,128.0,,457.17328799999996,138.1352077643387,
musk2,binary,top_quality_b6000_k16,6000.0,0.48863787173396345,0.8110640532938284,0.6780525035188586,0.13149683026548387,0.4509444444444444,2705.6666666666665,,,0.11680306698572178,161.0,6000.0,0.7023192231626902,0.790146361574933,0.7204184704184704,0.19046284472721475,0.22012556310397588,0.5665359339205797,256.0,0.0232046533686419,11386.476568436381,389.3333333333333,0.3991454546866274,,0.8911731522880865,0.6076760677085818,0.0813809632099748,0.6076760677085818,0.7956364564988404,665827.6666666666,,762.6666666666666,1.0082694153726257,,0.09036261778345371,,16.0,2.428764532619313,16.0,,449.8535119999999,136.19657881992558,
musk2,binary,top_quality_b6000_k64,6000.0,0.5020880162400784,0.8137227558314155,0.6739879896328981,0.13099329351449526,0.4509444444444444,2705.6666666666665,,,0.12420014984514677,166.0,6000.0,0.7600192301100654,0.8171511028653886,0.7442279942279942,0.1812708407284712,0.18190208324559057,0.5394462002993989,256.0,0.09760648570954795,2662.5127114702586,1500.6666666666667,0.39781767311284,,0.9463753646551393,0.6012387270645213,0.08926472432288717,0.6012387270645213,0.779136989069221,2675533.3333333335,,2937.3333333333335,1.0044603410688067,,0.09600231988626107,,64.0,2.58910122786789,64.0,,453.20737633333346,137.1710313199243,
musk2,binary,top_quality_cert_b6000_k64,6000.0,0.5004261049104192,0.8132385148104917,0.674971273802023,0.13097829687506296,0.4509444444444444,2705.6666666666665,,,0.12410816303455845,166.0,6000.0,0.7606891950657447,0.818284889713461,0.7561327561327561,0.18110895632827564,0.1921499233151908,0.5392238480165847,256.0,0.08318395827276004,3100.2656614518505,1501.0,0.397618973652712,,0.9463753646551393,0.6014068071134736,0.089837287180961,0.6014068071134736,0.7790021128570609,2676100.3333333335,,2938.0,1.004345332086105,,0.09601188513171544,,64.0,2.586001110517431,64.0,,452.7640033333337,136.87735549996918,
musk2,binary,top_quality_f05_d3_b1000_k64,1000.0,0.4893579724611519,0.7976141046008033,0.6276212123892866,0.11204847825767927,0.41700000000000004,417.0,,,0.08923908835462897,156.66666666666666,6000.0,0.6716370904576552,0.729488765203051,0.6424963924963926,0.2060869655036198,0.1790895019645273,0.5960242025990586,256.0,0.0628600139946987,4128.449377135335,505.0,0.3607327306093319,,0.9542057022274902,0.6535025995549385,0.03673848011426787,0.6535025995549385,0.7504110753632812,2465838.6666666665,,946.0,0.8592157765162218,,0.09314883511888121,,64.0,2.321587749124698,64.0,,449.5581379999998,136.04102172283456,
musk2,binary,top_quality_f05_d6_b1000_k64,1000.0,0.5331900349492327,0.8307248380215392,0.6946897479821774,0.1123139910526883,0.48300000000000004,483.0,,,0.1081768105626229,156.66666666666666,6000.0,0.7622447363397248,0.8018965161822305,0.6886724386724387,0.17969533783717087,0.15836756472218724,0.5320121863558188,256.0,0.06303520834383859,4082.825406726832,2175.0,0.3569631681652288,,0.8393754685085879,0.5430060736449597,0.036573865657374034,0.5430060736449597,0.7559968307338728,2733028.0,,4286.0,0.8610501531413136,,0.0938985988283203,,64.0,3.0867250313792005,64.0,,449.8833583333333,136.08159522355223,
musk2,binary,top_quality_f20_d3_b1000_k64,1000.0,0.4520891464733435,0.7888611860604038,0.6050813660797165,0.13113921800682127,0.43133333333333335,431.3333333333333,,,0.12297112222466133,166.0,6000.0,0.6731329673310252,0.7580911152339724,0.6901154401154401,0.19940769719809692,0.16139633033568979,0.5835021377120623,256.0,0.0764603056789686,3405.3730223353737,499.6666666666667,0.39978441252149327,,0.9503999605675192,0.6256414215092296,0.11972251433062146,0.6256414215092296,0.7398826770198602,2516118.3333333335,,935.3333333333334,1.0057441314228888,,0.1025222799128336,,64.0,2.4743794305024887,64.0,,451.3927956666668,136.43740179156885,
musk2,binary,top_quality_f20_d6_b1000_k64,1000.0,0.502802471649538,0.7982283667659358,0.7047089668219179,0.13470692751489963,0.49533333333333335,495.3333333333333,,,0.1352768480001413,166.0,6000.0,0.7958046305146551,0.8330241187384044,0.7561327561327561,0.17950171763436532,0.1854636728415914,0.5339351865878473,256.0,0.08943330535354706,2864.3718183799247,1977.6666666666667,0.408556573660515,,0.8710427645071525,0.5771156246762864,0.11938554467162166,0.5771156246762864,0.7499237658740604,2752662.3333333335,,3891.3333333333335,1.032943545559781,,0.10888386145263566,,64.0,2.7177609703188974,64.0,,453.1215906666667,136.90255749962913,
musk2,binary,top_quality_f50_d3_b1000_k64,1000.0,0.4379237713704436,0.7777217285018594,0.6352523177608891,0.16063979736405246,0.4416666666666667,441.6666666666667,,,0.14897843574281633,166.0,6000.0,0.6615405429106972,0.7447433518862091,0.6583694083694084,0.22631621041145014,0.23987005669661135,0.6598358854732589,256.0,0.11402147263288497,2250.7121893420863,505.3333333333333,0.4841304865486035,,0.995626996491395,0.7339134021077268,0.3394195580665266,0.7339134021077268,0.7385320047204585,2616086.0,,946.6666666666666,1.2320097774547087,,0.13447029995480075,,64.0,1.8636497886648542,64.0,,455.6811240000002,137.5380272086865,
musk2,binary,top_quality_f50_d6_b1000_k64,1000.0,0.45364592490541683,0.7841761095950724,0.6626293512075798,0.1605411297084187,0.43733333333333335,437.3333333333333,,,0.14614073889283022,166.0,6000.0,0.714098530214058,0.8015873015873017,0.7442279942279942,0.2024501792599954,0.21476356621217108,0.6481058535645626,256.0,0.10797704127617173,2376.493914837265,1976.0,0.48855984328397684,,0.9341612766106596,0.6520169963013652,0.33831298170283003,0.6520169963013652,0.7463629561894485,2851339.3333333335,,3888.0,1.2311612575332658,,0.13309306828623788,,64.0,2.214503696295266,64.0,,459.95633800000013,138.69632515287958,
musk2,binary,xgboost,,0.6547517475417672,0.8780763697358673,0.7755988613577971,0.12883687432579613,,,,3.4046469999999545,0.13045465719709834,,,0.8433356468503476,0.8684807256235828,0.7283549783549783,0.21803589346447627,0.2474346633340853,0.7289948562781016,256.0,0.0036153053709615667,76390.62165368402,5328.333333333333,0.44866124788920086,,,,,,,567190.3333333334,,10356.666666666666,0.9882662755211076,549240832.0,,,,,300.0,,3.4046469999999545,3.572568806121126,3.572568806121126
superconductivity,regression,abs_correlation_b6000_k64,6000.0,,,,,1.0,6000.0,,,,81.0,6000.0,,,,,,,256.0,0.0815447220423569,3139.414601466402,2859.0,,12.19806044469795,0.9065313881616183,0.619650848189827,0.07031774369140263,0.619650848189827,0.6267662835623471,7396993.333333333,269.70370223139594,5654.0,0.22943404815795218,,266.15455977326184,0.7704860526031805,64.0,2.475229123239085,64.0,16.421435348691816,959.6353996666663,257.68248372284387,
superconductivity,regression,caruana_b6000_k64,6000.0,,,,,1.0,6000.0,,,,81.0,6000.0,,,,,,,256.0,0.04730818071402604,5417.22288945755,1926.3333333333333,,9.448128289234486,0.8932546279315772,0.7238823418136621,0.2322972280128538,0.7238823418136621,0.7848493190054703,3910852.0,191.55536523151258,3819.6666666666665,0.16300387520682771,,184.01837256571582,0.8369388757698643,64.0,1.8586385498722748,33.0,13.83981594392534,961.1036836666667,257.0706555279127,
superconductivity,regression,catboost,,,,,,,,,4.942767666666366,,,,,,,,,,256.0,0.0014893473902096,173640.66179643324,19200.0,,7.695223231536673,,,,,,354014.3333333333,135.52100140090397,38100.0,0.11534446132258318,1828487168.0,,0.8846147555169291,,,300.0,11.640766525509607,4.942767666666366,4.976561736237879,4.976561736237879
superconductivity,regression,coerror_b1000_k128,1000.0,,,,,1.0,1000.0,,,,81.0,6000.0,,,,,,,256.0,0.13853323607084647,1850.114237286208,7407.666666666667,,9.651005832674548,0.9193599281963957,0.7397301748418431,0.2224578345773525,0.7397301748418431,0.7737293512910662,15212158.666666666,198.46790783717958,14687.333333333334,0.1688622347609171,,197.07906535542693,0.8310788172031462,128.0,1.8180715878279656,128.0,14.086854572308127,983.3170976666669,262.28983976412565,
superconductivity,regression,coerror_b1000_k16,1000.0,,,,,1.0,1000.0,,,,81.0,6000.0,,,,,,,256.0,0.02322320803068573,11026.54236590767,930.6666666666666,,9.522115718715678,0.824318165627551,0.7275936993367004,0.22908988275928707,0.7275936993367004,0.7827567194246269,1895876.0,194.53371848672523,1845.3333333333333,0.16553728645589202,,190.0425818773259,0.8344043400122175,16.0,1.790680728094156,16.0,13.94742326410506,955.3521106666666,254.89882605623765,
superconductivity,regression,coerror_b1000_k64,1000.0,,,,,1.0,1000.0,,,,81.0,6000.0,,,,,,,256.0,0.09149397226671374,2798.6268028520103,3708.6666666666665,,9.55903885535515,0.9070311227752771,0.7366345684425069,0.2386422511650336,0.7366345684425069,0.7779093374142699,7598694.666666667,195.7822717590684,7353.333333333333,0.16659580913864255,,193.22806999042766,0.8333457086963646,64.0,1.8202728659394862,64.0,13.991767516375186,967.4847129999997,258.10528708365746,
superconductivity,regression,coerror_b3000_k128,3000.0,,,,,1.0,3000.0,,,,81.0,6000.0,,,,,,,256.0,0.15624837499732766,1657.9328625785158,7433.0,,9.520309385055164,0.9275825563487201,0.7338093679658168,0.23002414021025772,0.7338093679658168,0.7795625302603142,15219884.0,193.87967876072537,14738.0,0.16497104033673007,,190.5325861923701,0.8349711259542155,128.0,1.8462331812393977,128.0,13.923548975621918,988.0945426666667,264.1335359861453,
superconductivity,regression,coerror_b3000_k16,3000.0,,,,,1.0,3000.0,,,,81.0,6000.0,,,,,,,256.0,0.020375499967485635,12637.333023785066,933.0,,9.463643967569048,0.8520015835607523,0.720387846926017,0.2224680577681122,0.720387846926017,0.7853337498085656,1895132.0,191.52869797197522,1850.0,0.16298670921492797,,186.03686981006373,0.8369559691230327,16.0,1.8234274007770734,16.0,13.838910745954296,955.1445573333327,254.99512677872553,
superconductivity,regression,coerror_b3000_k64,3000.0,,,,,1.0,3000.0,,,,81.0,6000.0,,,,,,,256.0,0.09081995859742163,2819.37611982088,3717.6666666666665,,9.476138141582824,0.9100146154943757,0.7289401987395846,0.23115063828685914,0.7289401987395846,0.7816787313731162,7596036.0,192.15009993372948,7371.333333333333,0.1635042596033845,,188.0080211038426,0.8364382964627101,64.0,1.857859381947901,64.0,13.86152293327352,968.6478786666667,258.895306667313,
superconductivity,regression,coerror_b300_k64,300.0,,,,,1.0,300.0,,,,81.0,6000.0,,,,,,,256.0,0.0914295692928135,2802.13366368367,3694.6666666666665,,9.704803199931122,0.9005990858447093,0.741987076903785,0.21115259667842656,0.741987076903785,0.7696308966402069,7587389.333333333,199.95045045355047,7325.333333333333,0.1701160979163285,,201.7205450671951,0.8298245428279861,64.0,1.7971211109739853,64.0,14.139514552056845,967.9409480000007,258.0800315561549,
superconductivity,regression,coerror_b6000_k128,6000.0,,,,,1.0,6000.0,,,,81.0,6000.0,,,,,,,256.0,0.16538340264620877,1558.482564528,7426.666666666667,,9.473016060788789,0.9257025329845373,0.7298793740288673,0.23797723827688255,0.7298793740288673,0.781592664548633,15223097.333333334,191.8804021941082,14725.333333333334,0.16326347931883378,,187.76534798500634,0.8366794086010435,128.0,1.8660415621943478,128.0,13.851351728052805,989.7140593333335,265.7675687226777,
superconductivity,regression,coerror_b6000_k16,6000.0,,,,,1.0,6000.0,,,,81.0,6000.0,,,,,,,256.0,0.022394291280458303,11432.00736038559,933.6666666666666,,9.459434652935103,0.8605665680064281,0.7182122243811726,0.2209945312387659,0.7182122243811726,0.7859777609423694,1894857.3333333333,192.50325166371826,1851.3333333333333,0.16381049863894304,,184.95375360307105,0.8361320051197669,16.0,1.833199381421003,16.0,13.873863114508852,955.5553033333334,255.42291920857193,
superconductivity,regression,coerror_b6000_k256,6000.0,,,,,1.0,6000.0,,,,81.0,6000.0,,,,,,,256.0,0.2701734860117237,958.344325029272,14842.0,,9.509115311185191,0.9378094679170146,0.7340040500812224,0.23772482742375578,0.7340040500812224,0.7794894259480966,30443812.0,193.39026226402345,29428.0,0.16455049152220824,,190.355294731761,0.8353919016518317,256.0,1.851768435022918,256.0,13.905825257128342,1026.392971333333,277.9368312228471,
superconductivity,regression,coerror_b6000_k64,6000.0,,,,,1.0,6000.0,,,,81.0,6000.0,,,,,,,256.0,0.09087743028067047,2817.0082150149487,3721.6666666666665,,9.447664892508818,0.9218913742075947,0.7264169410640053,0.2283646438931423,0.7264169410640053,0.7833669293507589,7594780.0,190.6383586002011,7379.333333333333,0.16221461859962463,,185.90689045342484,0.8377285277221119,64.0,1.8706622753890165,64.0,13.806564476837353,970.0770479999995,259.90607425073784,
superconductivity,regression,coerror_cert_b6000_k64,6000.0,,,,,1.0,6000.0,,,,81.0,6000.0,,,,,,,256.0,0.09228026362446444,2774.494653184987,3721.6666666666665,,9.447664892508818,0.9218913742075947,0.7264169410640053,0.2283646438931423,0.7264169410640053,0.7833669293507589,7594780.0,190.6383586002011,7379.333333333333,0.16221461859962463,,185.90689045342484,0.8377285277221119,64.0,1.8706622753890165,64.0,13.806564476837353,970.863828666666,260.1634677646992,
superconductivity,regression,coerror_f05_d3_b1000_k64,1000.0,,,,,1.0,1000.0,,,,77.0,6000.0,,,,,,,256.0,0.06801102799363427,3817.799190869832,512.0,,12.97222183994591,0.9705003448744202,0.7582066755285318,0.0483886841773746,0.7582066755285318,0.6519755156012093,7029398.666666667,313.8602600535596,960.0,0.2671050766112834,,310.95349206803513,0.7328003865412519,64.0,1.7228802352765367,64.0,17.716090545841364,953.1035736666664,254.31693493070392,
superconductivity,regression,coerror_f05_d6_b1000_k64,1000.0,,,,,1.0,1000.0,,,,78.0,6000.0,,,,,,,256.0,0.07915744441561397,3289.6565112575095,3739.3333333333335,,10.228044049042708,0.8669651995061288,0.7097731789812661,0.05422230620643317,0.7097731789812661,0.747140203789915,7494336.0,213.6054998006197,7414.666666666667,0.18175255010294325,,211.92348399996874,0.8181836987431668,64.0,1.9596947842643277,64.0,14.614855662135923,954.2312823333335,254.59838199972486,
superconductivity,regression,coerror_f20_d3_b1000_k64,1000.0,,,,,1.0,1000.0,,,,81.0,6000.0,,,,,,,256.0,0.09220013930462297,2830.802763939153,512.0,,12.635512579366987,0.9901827508783582,0.7821906945763489,0.12308506291910509,0.7821906945763489,0.676241898590706,7076753.333333333,304.0087338403301,960.0,0.2586747713998558,,298.6405175238874,0.741234195941178,64.0,1.6176648462876742,64.0,17.435477344024132,957.3208906666665,255.4298094859502,
superconductivity,regression,coerror_f20_d6_b1000_k64,1000.0,,,,,1.0,1000.0,,,,81.0,6000.0,,,,,,,256.0,0.08646187504443024,2966.3504804270287,3728.3333333333335,,9.580034231429002,0.859821144549163,0.7218235364099552,0.12803948167754803,0.7218235364099552,0.7766377113114741,7540161.333333333,194.1232460558929,7392.666666666667,0.16517592945564288,,190.56254267884694,0.8347660623794305,64.0,1.8932877336105787,64.0,13.932541333080264,960.5999613333335,256.4170144870877,
superconductivity,regression,coerror_f50_d3_b1000_k64,1000.0,,,,,1.0,1000.0,,,,81.0,6000.0,,,,,,,256.0,0.10232005602059262,2530.6174812936692,512.0,,12.68168594191521,0.9994899196393824,0.815806166545949,0.34496550633983386,0.815806166545949,0.6839820991428098,7171406.666666667,313.5973338503991,960.0,0.266856122293133,,303.9407239273109,0.7330497562108375,64.0,1.4877167254564523,64.0,17.708557549599224,965.936866,257.7968599864592,
superconductivity,regression,coerror_f50_d6_b1000_k64,1000.0,,,,,1.0,1000.0,,,,81.0,6000.0,,,,,,,256.0,0.09959591669030483,2587.378497280637,3701.0,,9.488432467316178,0.9218913742075947,0.7405975658849467,0.34645911999389806,0.7405975658849467,0.7845290461665607,7631166.666666667,193.9417565160096,7338.0,0.16502313551177333,,188.54068060603504,0.8349191456074837,64.0,1.7992660945252545,64.0,13.925241404706442,973.7876116666663,260.1745465840989,
superconductivity,regression,coerror_swap_b6000_k64,6000.0,,,,,1.0,6000.0,,,,81.0,6000.0,,,,,,,256.0,0.09086341666989019,2819.86030504941,3722.0,,9.448885542256535,0.9218913742075947,0.7263522897668286,0.22857070509166752,0.7263522897668286,0.7833477508726382,7594806.666666667,190.7601690392037,7380.0,0.16231778583311796,,185.90506613233683,0.8376253453703982,64.0,1.8710237791916688,64.0,13.810910589210891,969.9294883333331,259.79182551397633,
superconductivity,regression,extra_trees,,,,,,,,,30.58541033333351,,,,,,,,,,256.0,0.018641264100248533,13777.42274202111,2391122.0,,5.429849610714206,,,,,,344390467.0,98.1670825405581,4781988.0,0.08346959974831757,1810628608.0,,0.9165013759100925,,,256.0,9.899487145330518,30.58541033333351,30.56812479160726,30.56812479160726
superconductivity,regression,lightgbm,,,,,,,,,1.9105096666665606,,,,,,,,,,256.0,0.006218902921924933,41527.88371162165,9300.0,,6.3777424324560785,,,,,,850967.0,106.61198354590312,18300.0,0.09068335423517067,1773862912.0,,0.9092853238297304,,,300.0,10.323691517595915,1.9105096666665606,1.9128461939593155,1.9128461939593155
superconductivity,regression,linear,,,,,,,,82.0,0.08199899999992033,,,,,,,,,,256.0,0.0010505412550022,244294.16539486777,,,13.496797528738169,,,,,,9562.0,315.88993572048855,,0.26878635785542787,1829360981.3333333,,0.7311193284945992,,,1.0,17.772847444065956,0.08199899999992033,0.08273306970174106,0.08273306970174106
superconductivity,regression,quality_diversity_l002_b6000_k64,6000.0,,,,,1.0,6000.0,,,,81.0,6000.0,,,,,,,256.0,0.09451244429995613,2708.9564340800716,3713.3333333333335,,9.4419437023934,0.9359761858763629,0.7832036730821482,0.30600443307356723,0.7832036730821482,0.790375674961187,7620116.0,196.12025057023553,7362.666666666667,0.16686893679570577,,193.87396980682138,0.8330728173478025,64.0,1.610744616510292,64.0,14.003050136911993,973.2997426666662,260.9968935416546,
superconductivity,regression,quality_diversity_l01_b6000_k64,6000.0,,,,,1.0,6000.0,,,,81.0,6000.0,,,,,,,256.0,0.09453822229988869,2708.8397458709564,3712.3333333333335,,9.441546833449982,0.9348274681280021,0.756463169082403,0.27604390205250023,0.756463169082403,0.7888363559510259,7610908.0,193.09585401545021,7360.666666666667,0.16430121233703773,,188.68820268175008,0.8356412199535943,64.0,1.7252846160776698,64.0,13.895360678982987,973.0786046666664,261.08561766714166,
superconductivity,regression,quality_diversity_l05_b6000_k64,6000.0,,,,,1.0,6000.0,,,,81.0,6000.0,,,,,,,256.0,0.09166238938147815,2794.7387932255865,3726.6666666666665,,9.529701034526793,0.9090462992194528,0.7089110211049269,0.19615846861443983,0.7089110211049269,0.7763922246481819,7583608.0,192.40255046282417,7389.333333333333,0.1637167296523687,,187.18590462391816,0.8362259116323699,64.0,1.9647277265963705,64.0,13.870170319583188,968.408711333333,259.7769030694229,
superconductivity,regression,random_b1000_k128,1000.0,,,,,1.0,1000.0,,,,81.0,6000.0,,,,,,,256.0,0.12963383365422487,1975.67864104851,4198.0,,11.70482541489011,0.9888524925974956,0.7489044634785994,0.11954115295813438,0.7489044634785994,0.6922821400063137,14667553.333333334,270.04413418249175,8268.0,0.2298258778384387,,269.2298454504994,0.7700924292678945,128.0,1.7525909193139324,128.0,16.432747632720897,968.2053139999999,258.20434395906824,
superconductivity,regression,random_b1000_k16,1000.0,,,,,1.0,1000.0,,,,81.0,6000.0,,,,,,,256.0,0.018891986304273134,13555.484129508193,454.0,,11.878502087924803,0.9274364413101731,0.7688969056296248,0.12592021010101864,0.7688969056296248,0.6939292901768014,1818312.0,279.0652168246134,892.0,0.23735894074256025,,280.7924484830642,0.7625588217939202,16.0,1.5869351034473158,16.0,16.70293023042723,953.2910116666661,254.36964083408625,
superconductivity,regression,random_b1000_k64,1000.0,,,,,1.0,1000.0,,,,81.0,6000.0,,,,,,,256.0,0.08396045832584297,3050.0420921451446,2242.0,,11.644146064980502,0.9564673033034653,0.736904077469262,0.1177968423200962,0.736904077469262,0.6878994299151846,7341832.0,266.92021315599817,4420.0,0.22711746861505308,,268.39380095144116,0.7728029164630695,64.0,1.8042854643111568,64.0,16.337146267041174,960.4156996666666,256.1380931114157,
superconductivity,regression,random_b3000_k128,3000.0,,,,,1.0,3000.0,,,,81.0,6000.0,,,,,,,256.0,0.14294549970266715,1811.5219906270897,4299.333333333333,,11.675909085037945,0.9880526241736506,0.7385677173078075,0.12088084215145574,0.7385677173078075,0.6873121615911572,14685649.333333334,266.99612631309896,8470.666666666666,0.2272157736412883,,268.6247088668476,0.7727036465498518,128.0,1.810695895736804,128.0,16.339637969608855,970.6390160000004,259.0938195557489,
superconductivity,regression,random_b3000_k16,3000.0,,,,,1.0,3000.0,,,,81.0,6000.0,,,,,,,256.0,0.0167005553375929,15337.45862250485,643.3333333333334,,11.008410172375205,0.8645374552503019,0.7228816557835804,0.17269558555499184,0.7228816557835804,0.7172109610197038,1849790.6666666667,243.56857109430794,1270.6666666666667,0.20721826484715888,,242.76468887217416,0.7927086279705309,16.0,1.8010373645877678,16.0,15.603215039916805,954.1983416666666,254.77416862508593,
superconductivity,regression,random_b3000_k64,3000.0,,,,,1.0,3000.0,,,,81.0,6000.0,,,,,,,256.0,0.07939499996912973,3279.7787137575583,2307.3333333333335,,11.529401975373583,0.983257231275191,0.7329827252339189,0.1249609156758434,0.7329827252339189,0.6932284343062382,7353873.333333333,262.3777891961163,4550.666666666667,0.2232854592692358,,262.50250447804507,0.7766360335883205,64.0,1.8229275780662244,64.0,16.19705804085313,960.58423,256.31745423562825,
superconductivity,regression,random_b6000_k128,6000.0,,,,,1.0,6000.0,,,,81.0,6000.0,,,,,,,256.0,0.16244404134340582,1588.8320797740234,4000.6666666666665,,11.823824332677544,0.994402535465499,0.747118938009268,0.12019383379137329,0.747118938009268,0.6850696477917645,14642754.666666666,273.92077096753354,7873.333333333333,0.2330335974998946,,274.4572337026891,0.7668856701434087,128.0,1.7622885000191992,128.0,16.54754710373366,971.8617903333337,259.6750123477541,
superconductivity,regression,random_b6000_k16,6000.0,,,,,1.0,6000.0,,,,81.0,6000.0,,,,,,,256.0,0.018052069625506734,14221.854996587592,450.6666666666667,,12.010361267459812,0.9429548181706143,0.7492582235634145,0.1413904416078862,0.7492582235634145,0.681926793086968,1819450.0,277.6468224903986,885.3333333333334,0.2362987673957603,,282.89337643963387,0.7636183659947426,16.0,1.6898170157622456,16.0,16.658442955233337,954.0555963333333,255.13495158365308,
superconductivity,regression,random_b6000_k64,6000.0,,,,,1.0,6000.0,,,,81.0,6000.0,,,,,,,256.0,0.08906551341836648,2889.5415413927244,2146.6666666666665,,11.807041467453047,0.9705272228240643,0.7366016050162675,0.11329073396538884,0.7366016050162675,0.6838809984234228,7325405.333333333,272.899482558995,4229.333333333333,0.2320789263105646,,272.00699494588963,0.7678406910903611,64.0,1.8035780743235847,64.0,16.51484923312921,960.583201,256.5155436674443,
superconductivity,regression,random_cert_b6000_k64,6000.0,,,,,1.0,6000.0,,,,81.0,6000.0,,,,,,,256.0,0.0858641526040931,2981.66336747505,2146.6666666666665,,11.807041467453047,0.9705272228240643,0.7366016050162675,0.11329073396538884,0.7366016050162675,0.6838809984234228,7325405.333333333,272.899482558995,4229.333333333333,0.2320789263105646,,272.00699494588963,0.7678406910903611,64.0,1.8035780743235847,64.0,16.51484923312921,960.6344123333332,256.87469440333854,
superconductivity,regression,random_forest,,,,,,,,,98.88918166666645,,,,,,,,,,256.0,0.017075416631996566,15059.901253596277,1602364.0,,5.806895976892363,,,,,,230809315.0,104.29278428894038,3204472.0,0.08866908388027771,1365928618.6666667,,0.9113003800866335,,,256.0,10.206069219050379,98.88918166666645,98.84868255552526,98.84868255552526
superconductivity,regression,random_patches64,,,,,,,,,2.48695800000011,,,,,,,,,,256.0,0.04872697227013603,5269.235288503315,3454.6666666666665,,10.156905867319727,,,,,,4086761.3333333335,217.13668444690185,6845.333333333333,0.18476763051245326,1438892032.0,,0.8151674745105248,,,64.0,14.735153185496147,2.48695800000011,2.4850840279832482,2.4850840279832482
superconductivity,regression,rf_leaf5,,,,,,,,,80.78559866666653,,,,,,,,,,256.0,0.013994708424434033,18348.96728280341,329123.6666666667,,6.04158935649455,,,,,,47462707.0,106.98688713993926,657991.3333333334,0.0910030898282362,1834805930.6666667,,0.9089654320413989,,,256.0,10.34204426456468,80.78559866666653,80.74304833333008,80.74304833333008
superconductivity,regression,rf_shallow64,,,,,,,,,11.208431666666305,,,,,,,,,,256.0,0.0029330973823865,87535.7270179679,3672.6666666666665,,9.685887454329523,,,,,,551683.0,206.67909830429008,7281.333333333333,0.17583440956079777,1436947797.3333333,,0.8241045708898778,,,64.0,14.374059849416804,11.208431666666305,11.202063583303243,11.202063583303243
superconductivity,regression,signed_correlation_b6000_k64,6000.0,,,,,1.0,6000.0,,,,81.0,6000.0,,,,,,,256.0,0.0810359023356189,3159.328318408421,2859.0,,12.19806044469795,0.9065313881616183,0.619650848189827,0.07031774369140263,0.619650848189827,0.6267662835623471,7396993.333333333,269.70370223139594,5654.0,0.22943404815795218,,266.15455977326184,0.7704860526031805,64.0,2.475229123239085,64.0,16.421435348691816,959.6811529999999,257.2618309862446,
superconductivity,regression,top_quality_b1000_k128,1000.0,,,,,1.0,1000.0,,,,81.0,6000.0,,,,,,,256.0,0.13831772236153475,1852.3041782403977,7414.0,,9.61366419999847,0.9234691697821451,0.7618330882757459,0.27355812691560466,0.7618330882757459,0.7772868051396916,15248658.666666666,198.87654382579262,14700.0,0.1692071422940146,,199.9634431277675,0.830733824719737,128.0,1.7104767767875566,128.0,14.101307759396908,986.957800333333,263.00759663906257,
superconductivity,regression,top_quality_b1000_k16,1000.0,,,,,1.0,1000.0,,,,81.0,6000.0,,,,,,,256.0,0.023845347265402467,10741.604071107024,932.3333333333334,,9.56302440029402,0.9060955780389336,0.7879450222527038,0.308127035871443,0.7879450222527038,0.7882936359317482,1902749.0,201.96681910917388,1848.6666666666667,0.1718150452218065,,199.405067029365,0.8281252796932166,16.0,1.5490645615364773,16.0,14.210051313850341,955.8220106666664,254.95799563941546,
superconductivity,regression,top_quality_b1000_k64,1000.0,,,,,1.0,1000.0,,,,81.0,6000.0,,,,,,,256.0,0.09113129205070432,2809.303627266649,3721.6666666666665,,9.578037375146087,0.9211590157009985,0.7673816469751173,0.2881646249966608,0.7673816469751173,0.7822230206629786,7616894.666666667,198.7933047880829,7379.333333333333,0.16910433991913842,,197.4131058888513,0.8308371123552014,64.0,1.6767348122116459,64.0,14.097488020547388,969.8972349999999,258.6230068337948,
superconductivity,regression,top_quality_b3000_k128,3000.0,,,,,1.0,3000.0,,,,81.0,6000.0,,,,,,,256.0,0.15712877797583735,1660.920131226695,7448.333333333333,,9.493150261101695,0.931602080331371,0.7756262588640498,0.30433467033342193,0.7756262588640498,0.7847775436578696,15271806.666666666,196.71319900111996,14768.666666666666,0.1673444795800997,,196.71096965766347,0.8325974340051469,128.0,1.6502019889456818,128.0,14.023901125299588,991.8327263333332,264.41119502826285,
superconductivity,regression,top_quality_b3000_k16,3000.0,,,,,1.0,3000.0,,,,81.0,6000.0,,,,,,,256.0,0.022009041703616533,11706.229055909513,929.3333333333334,,9.437890846967283,0.905473172120467,0.7922075371664207,0.31597180283549214,0.7922075371664207,0.7927691902817978,1902745.3333333333,198.03963526453992,1842.6666666666667,0.168504594588664,,196.2228284128865,0.8314364626302377,16.0,1.5341588153250243,16.0,14.071877318661793,955.8672606666668,255.03514781982327,
superconductivity,regression,top_quality_b3000_k64,3000.0,,,,,1.0,3000.0,,,,81.0,6000.0,,,,,,,256.0,0.0900375970328847,2860.8116087443796,3717.3333333333335,,9.486426380159395,0.931602080331371,0.7844388986625125,0.31343090321250794,0.7844388986625125,0.788018342132728,7623668.0,197.9768598083987,7370.666666666667,0.16841987789586607,,196.35873102870735,0.831521672427208,64.0,1.6060078425625532,64.0,14.068814051284212,970.927371666667,258.9808547363306,
superconductivity,regression,top_quality_b300_k64,300.0,,,,,1.0,300.0,,,,81.0,6000.0,,,,,,,256.0,0.09148840264727666,2798.5861722179543,3700.3333333333335,,9.688680595547945,0.9034615089285561,0.7574737410997904,0.23989343051092993,0.7574737410997904,0.7726187173834617,7598198.666666667,200.71851480394753,7336.666666666667,0.1707672663016431,,203.46153342517997,0.8291731626054916,64.0,1.72086616887002,64.0,14.166645903944186,969.5604736666673,258.4802670414404,
superconductivity,regression,top_quality_b6000_k128,6000.0,,,,,1.0,6000.0,,,,81.0,6000.0,,,,,,,256.0,0.16589098602222896,1549.4787657786744,7417.666666666667,,9.489245562504705,0.9436231131939022,0.7850797903141989,0.31021148494838396,0.7850797903141989,0.7880144431367624,15269574.666666666,197.62181438931748,14707.333333333334,0.1681214591865139,,196.10332316655345,0.8318202407308471,128.0,1.6118915093416577,128.0,14.055773605534903,994.7206893333333,265.3861595563746,
superconductivity,regression,top_quality_b6000_k16,6000.0,,,,,1.0,6000.0,,,,80.66666666666667,6000.0,,,,,,,256.0,0.0238452500198036,10737.046506126911,924.6666666666666,,9.414526449434764,0.9031652829250804,0.7930052353808842,0.30863092125668373,0.7930052353808842,0.7941465987607349,1900953.3333333333,196.47798424299916,1833.3333333333333,0.16720109687444884,,195.10178656381015,0.8327400610444716,16.0,1.531557279621314,16.0,14.016600746338717,955.9769863333328,255.3365360412281,
superconductivity,regression,top_quality_b6000_k64,6000.0,,,,,1.0,6000.0,,,,81.0,6000.0,,,,,,,256.0,0.09495420831566054,2696.4550171961005,3707.3333333333335,,9.440277380309098,0.9359761858763629,0.7935602960032856,0.31915407327431966,0.7935602960032856,0.7904571617233511,7623070.666666667,197.10276594238755,7350.666666666667,0.1677077011719983,,196.3292367390137,0.8322337639590113,64.0,1.570968700324138,64.0,14.037884347181505,972.970707666667,259.6632217784257,
superconductivity,regression,top_quality_cert_b6000_k64,6000.0,,,,,1.0,6000.0,,,,81.0,6000.0,,,,,,,256.0,0.09405505564063783,2721.9042367498964,3707.3333333333335,,9.440277380309098,0.9359761858763629,0.7935602960032856,0.31915407327431966,0.7935602960032856,0.7904571617233511,7623070.666666667,197.10276594238755,7350.666666666667,0.1677077011719983,,196.3292367390137,0.8322337639590113,64.0,1.570968700324138,64.0,14.037884347181505,972.9995016666661,259.7152751116858,
superconductivity,regression,top_quality_f05_d3_b1000_k64,1000.0,,,,,1.0,1000.0,,,,75.0,6000.0,,,,,,,256.0,0.06608306973551707,3932.6505645451093,512.0,,13.007212726617704,0.9844867878910645,0.8297274638738674,0.06485746304694717,0.8297274638738674,0.6680445396194822,7029664.0,327.1756356166975,960.0,0.2784295208759194,,324.92074680215256,0.7214718067559689,64.0,1.4388855333408639,64.0,18.087746931821204,952.8698366666666,254.13427911116742,
superconductivity,regression,top_quality_f05_d6_b1000_k64,1000.0,,,,,1.0,1000.0,,,,76.33333333333333,6000.0,,,,,,,256.0,0.0748385000818719,3435.4803799869983,3758.6666666666665,,10.212903483128907,0.8839037375131727,0.7512112838172104,0.07046603363567645,0.7512112838172104,0.7535986841285038,7496838.0,219.32667134909468,7453.333333333333,0.18660492779414264,,218.7189272735558,0.8133300388084446,64.0,1.7477533917678916,64.0,14.808327453075984,953.9205570000004,254.40990226413123,
superconductivity,regression,top_quality_f20_d3_b1000_k64,1000.0,,,,,1.0,1000.0,,,,81.0,6000.0,,,,,,,256.0,0.08406858379021283,3045.306063982743,512.0,,12.698677118181251,0.996181575683763,0.8658312670949471,0.1350388582314717,0.8658312670949471,0.6901870199904864,7077548.0,319.74967108092613,960.0,0.2721134992925119,,316.2084638549279,0.7277902328147379,64.0,1.322979907867295,64.0,17.881525010908756,957.2605616666664,255.3021959865,
superconductivity,regression,top_quality_f20_d6_b1000_k64,1000.0,,,,,1.0,1000.0,,,,81.0,6000.0,,,,,,,256.0,0.09088961135906475,2854.3469591933667,3705.6666666666665,,9.644256504670826,0.9058695881021599,0.7519964576023433,0.13557528569142044,0.7519964576023433,0.7806755489719945,7537201.333333333,198.73221049127335,7347.333333333333,0.16909600832712543,,194.9225156876577,0.8308448256389043,64.0,1.745428235634092,64.0,14.096442581868265,960.7615893333331,256.29747306974605,
superconductivity,regression,top_quality_f50_d3_b1000_k64,1000.0,,,,,1.0,1000.0,,,,81.0,6000.0,,,,,,,256.0,0.09403069433756166,2724.1501850740224,512.0,,12.821314997890418,1.0,0.9320950894020057,0.3532969247561419,0.9320950894020057,0.6972196224756045,7172612.0,338.9556458802533,960.0,0.28839212125536734,,332.289350831023,0.7115075253589968,64.0,1.1446306487851885,64.0,18.4080360859214,965.7048459999997,257.6248817218002,
superconductivity,regression,top_quality_f50_d6_b1000_k64,1000.0,,,,,1.0,1000.0,,,,81.0,6000.0,,,,,,,256.0,0.09736595869374766,2629.8246896026976,3700.0,,9.459434802868392,0.9370259897008416,0.8000940329192784,0.35135397165108806,0.8000940329192784,0.7900711459816745,7631860.0,198.63066889320316,7336.0,0.16901385213491338,,198.27562697910344,0.830927153595474,64.0,1.5472301633679317,64.0,14.09173702776345,974.0296269999999,259.8615774034988,
superconductivity,regression,xgboost,,,,,,,,,3.3404723333333854,,,,,,,,,,256.0,0.0018676109611987333,137733.62013675025,15704.333333333334,,6.282516442908604,,,,,,1272993.3333333333,105.01753826236391,31108.666666666668,0.08932336552187616,1759390378.6666667,,0.9106457059977519,,,300.0,10.246423772769335,3.3404723333333854,3.348429361358285,3.348429361358285
