B,certified_count,certification_rate,seed,fold,task,dataset,method,status,auroc,auprc,log_loss,brier,balanced_accuracy,ece_10,normalized_squared_loss,mean_selected_quality,mean_residual_correlation,mean_abs_residual_correlation,max_abs_residual_correlation,residual_effective_rank,mean_feature_jaccard,feature_coverage,oof_squared_loss,requested_K,aggregation,search_charged,model_bytes,train_wall_seconds,train_cpu_seconds,retained_count,nodes,leaves,inference_batch_rows,inference_batch_seconds,inference_rows_per_second,inference_timing_scope,generated_B,wall_seconds,cpu_seconds,observed_peak_rss_bytes,coefficient_count,rmse,mse,mae,r2,group_auroc,group_auprc,group_log_loss,group_brier,group_balanced_accuracy,group_ece_10
1000.0,1000.0,1.0,11,0,binary,credit_default,random_b1000_k16,complete,0.764858191219869,0.5393262528208141,0.4490588709419377,0.1415808145020824,0.5900308166409861,0.0471927945192166,0.8217479020818013,0.6887847686070883,0.9234796895564742,0.9234796895564742,0.990215951672194,1.1598130482145277,0.1536906943389141,23.0,0.1406606338353042,16.0,equal,True,1811867,83.6559145830106,187.64616300000003,16,846.0,431.0,256,0.0144817498512566,17677.42176390282,median 5 warm calls on training rows; end-to-end preprocessing,6000.0,,,,,,,,,,,,,,
1000.0,1000.0,1.0,11,0,binary,credit_default,top_quality_b1000_k16,complete,0.7701797419759211,0.5506192645778418,0.4323316715848427,0.134859104975063,0.6521764252696456,0.0120480496229281,0.7827344896949823,0.7517194226281819,0.954535360091667,0.954535360091667,0.9755459492832091,1.0908572427559469,0.3455162911993408,23.0,0.1342700261809835,16.0,equal,True,1875179,83.7005019581411,187.890301,16,1566.0,791.0,256,0.0170944170095026,14975.64964383937,median 5 warm calls on training rows; end-to-end preprocessing,6000.0,,,,,,,,,,,,,,
1000.0,1000.0,1.0,11,0,binary,credit_default,coerror_b1000_k16,complete,0.7687375623514664,0.5534918034344132,0.4333797157982224,0.1351870724365833,0.6533474576271187,0.0168847379387588,0.7846380426191777,0.7435276232776669,0.9434119445921582,0.9434119445921582,0.9999858546495778,1.1159972570615049,0.2579199038477289,23.0,0.1333118484959505,16.0,equal,True,1860408,83.70623641624115,187.837644,16,1406.0,711.0,256,0.016884374897927,15161.947158104742,median 5 warm calls on training rows; end-to-end preprocessing,6000.0,,,,,,,,,,,,,,
1000.0,1000.0,1.0,11,0,binary,credit_default,random_b1000_k64,complete,0.7725400224595859,0.5500839352165894,0.4554865441450593,0.1441779064521708,0.5536825885978428,0.0644552863652355,0.8368216595609068,0.6625531114200787,0.9219688402153704,0.9219688402153704,0.9999999999999308,1.1707748017064803,0.1260642903088286,23.0,0.1431832625732029,64.0,equal,True,7280888,83.91211733245291,188.60777200000004,64,3606.0,1835.0,256,0.0565896248444914,4523.797439963404,median 5 warm calls on training rows; end-to-end preprocessing,6000.0,,,,,,,,,,,,,,
1000.0,1000.0,1.0,11,0,binary,credit_default,top_quality_b1000_k64,complete,0.7709401687080515,0.5565544233744383,0.4322307293812339,0.1348860465779664,0.6477657935285054,0.0144970159168198,0.7828908612043739,0.7473844609452108,0.951688191890038,0.951688191890038,0.999971388545122,1.1023096795281573,0.3106184479246039,23.0,0.1344060268664261,64.0,equal,True,7504712,84.16356424917467,189.67032400000005,64,6102.0,3083.0,256,0.0658151251263916,3889.683404967726,median 5 warm calls on training rows; end-to-end preprocessing,6000.0,,,,,,,,,,,,,,
1000.0,1000.0,1.0,11,0,binary,credit_default,coerror_b1000_k64,complete,0.7734854143271265,0.5607728975021014,0.4323524947318771,0.1349592135255048,0.6497996918335901,0.020068310920861,0.7833155288110188,0.7366448887168962,0.936492367870978,0.936492367870978,0.9999999999999856,1.139610140751638,0.2656022754074639,23.0,0.1335652926518764,64.0,equal,True,7469336,84.30541587527841,189.68167300000005,64,5722.0,2893.0,256,0.0630088329780846,4062.9224173861503,median 5 warm calls on training rows; end-to-end preprocessing,6000.0,,,,,,,,,,,,,,
1000.0,1000.0,1.0,11,0,binary,credit_default,random_b1000_k128,complete,0.7706170510041525,0.5414312637725925,0.4522564662301492,0.1429664421962278,0.576560092449923,0.0598625669804987,0.8297902110255293,0.6775872281456335,0.924201341978432,0.924201341978432,0.9994555576598148,1.167859571115572,0.1400668865704495,23.0,0.1419665616775855,128.0,equal,True,14634267,84.35584758291952,190.04038800000004,128,7542.0,3835.0,256,0.1169866251293569,2188.2843420513254,median 5 warm calls on training rows; end-to-end preprocessing,6000.0,,,,,,,,,,,,,,
1000.0,1000.0,1.0,11,0,binary,credit_default,top_quality_b1000_k128,complete,0.7685781906975531,0.555708832662703,0.4335519707691593,0.1352695009524034,0.6472765793528505,0.0143044085178114,0.7851164652090254,0.7428292546585809,0.9541509255254268,0.9541509255254268,0.9999999999999976,1.0976504894271073,0.2872960280731367,23.0,0.1347346533573334,128.0,equal,True,14910040,84.73141008242965,191.672453,128,10626.0,5377.0,256,0.125753124943003,2035.7346993645735,median 5 warm calls on training rows; end-to-end preprocessing,6000.0,,,,,,,,,,,,,,
1000.0,1000.0,1.0,11,0,binary,credit_default,coerror_b1000_k128,complete,0.7735353607897417,0.5609961537406067,0.4329410129631136,0.1351501373097504,0.6491217257318952,0.0233064217378769,0.7844236677895452,0.7338036091865676,0.9366440650036636,0.9366440650036636,1.0,1.1406264809129991,0.261364467120727,23.0,0.1339076576465452,128.0,equal,True,14921355,84.98223791504279,191.87180100000003,128,10686.0,5407.0,256,0.1252320420462638,2044.205267414128,median 5 warm calls on training rows; end-to-end preprocessing,6000.0,,,,,,,,,,,,,,
3000.0,2996.0,0.9986666666666668,11,0,binary,credit_default,random_b3000_k16,complete,0.7656216212687054,0.5304768497538325,0.446531567945412,0.1408880077783403,0.5975154083204931,0.0388100215767841,0.8177267889543945,0.699221430838442,0.9211269003530644,0.9211269003530644,0.97734665777099,1.1650936824077374,0.2337477889828896,23.0,0.1394967037726495,16.0,equal,True,1850008,83.81090649892576,187.92635600000003,16,1270.0,643.0,256,0.0163149160798639,15691.162537817692,median 5 warm calls on training rows; end-to-end preprocessing,6000.0,,,,,,,,,,,,,,
3000.0,2996.0,0.9986666666666668,11,0,binary,credit_default,top_quality_b3000_k16,complete,0.7680192473427176,0.5476981220433164,0.4337514320082721,0.1353635567851264,0.648351309707242,0.0135525917162886,0.7856623738018708,0.754299105596371,0.9550080798907348,0.9550080798907348,0.974060220920808,1.089868853605929,0.4117117548773895,23.0,0.1344169566296843,16.0,equal,True,1871467,83.7757287491113,188.01990200000003,16,1504.0,760.0,256,0.0173886658158153,14722.23359236469,median 5 warm calls on training rows; end-to-end preprocessing,6000.0,,,,,,,,,,,,,,
3000.0,2996.0,0.9986666666666668,11,0,binary,credit_default,coerror_b3000_k16,complete,0.771248988012849,0.5570192078291771,0.4325336306406074,0.1349746152556689,0.6520338983050847,0.0189365619064272,0.7834049218512782,0.7456409342424191,0.9416101653894527,0.9416101653894527,0.9796139894365534,1.1200104050589528,0.2574270549425348,23.0,0.1330566714862041,16.0,equal,True,1870104,83.852995084133,187.982556,16,1524.0,770.0,256,0.0172848750371485,14810.636435022276,median 5 warm calls on training rows; end-to-end preprocessing,6000.0,,,,,,,,,,,,,,
3000.0,2996.0,0.9986666666666668,11,0,binary,credit_default,random_b3000_k64,complete,0.7695844976626361,0.5470181300706127,0.4488525089967388,0.1414887139473526,0.5856240369799692,0.0561785279844577,0.8212133420999568,0.6845571687889518,0.9224358069806632,0.9224358069806632,0.998172089940675,1.1712130071882534,0.1554725091416083,23.0,0.1404440504918374,64.0,equal,True,7276568,84.07302533322945,188.90750000000003,64,3490.0,1777.0,256,0.0599645420443266,4269.189612267214,median 5 warm calls on training rows; end-to-end preprocessing,6000.0,,,,,,,,,,,,,,
3000.0,2996.0,0.9986666666666668,11,0,binary,credit_default,top_quality_b3000_k64,complete,0.7706652999399337,0.5559886708074706,0.432251861473679,0.1348704390028424,0.6500462249614792,0.0131777731322118,0.7828002734212776,0.7511630491532739,0.9534421515258228,0.9534421515258228,0.9864858972323032,1.098310640678043,0.3463676010462324,23.0,0.134052830627775,64.0,equal,True,7512635,84.30857433192432,189.89041700000004,64,6126.0,3095.0,256,0.068943666992709,3713.176440514436,median 5 warm calls on training rows; end-to-end preprocessing,6000.0,,,,,,,,,,,,,,
3000.0,2996.0,0.9986666666666668,11,0,binary,credit_default,coerror_b3000_k64,complete,0.7739620276305137,0.5588125044149376,0.4321595090292335,0.1349458641112297,0.6506741140215716,0.0218180114581131,0.7832380475985172,0.7406517443994295,0.935547831415274,0.935547831415274,1.0,1.1418731510652258,0.2827892199811773,23.0,0.1331320054209094,64.0,equal,True,7506136,84.66990691493265,190.09466200000003,64,6104.0,3084.0,256,0.0697334171272814,3671.123695727317,median 5 warm calls on training rows; end-to-end preprocessing,6000.0,,,,,,,,,,,,,,
3000.0,2996.0,0.9986666666666668,11,0,binary,credit_default,random_b3000_k128,complete,0.7709940978297772,0.5450423954565782,0.4512716711098957,0.1425465827024892,0.57326656394453,0.058218107753892,0.8273533084030789,0.6785051364619631,0.9224913179328798,0.9224913179328798,1.0,1.1724997386154017,0.1394144039041812,23.0,0.1415607828259619,128.0,equal,True,14608088,84.4254516242072,190.100209,128,7322.0,3725.0,256,0.113188583869487,2261.7121908264417,median 5 warm calls on training rows; end-to-end preprocessing,6000.0,,,,,,,,,,,,,,
3000.0,2996.0,0.9986666666666668,11,0,binary,credit_default,top_quality_b3000_k128,complete,0.7713158444543105,0.5564026311759913,0.4319542331666177,0.1347830798727896,0.6491217257318952,0.0131500679509342,0.7822932330987515,0.7491601851350903,0.9526810329509244,0.9526810329509244,0.9865863507739516,1.1009279002965051,0.3383168575431999,23.0,0.1342006171544879,128.0,equal,True,15069323,84.99357395921834,192.36963500000007,128,12332.0,6230.0,256,0.1366308748256415,1873.6614277460255,median 5 warm calls on training rows; end-to-end preprocessing,6000.0,,,,,,,,,,,,,,
3000.0,2996.0,0.9986666666666668,11,0,binary,credit_default,coerror_b3000_k128,complete,0.773961113577603,0.5594578625821532,0.4321446271130116,0.1349266203631317,0.6519337442218798,0.021967358642842,0.7831263551373359,0.7390678494054405,0.9362673537981132,0.9362673537981132,1.0,1.1412718483124475,0.2825483861779105,23.0,0.1333260046449914,128.0,equal,True,15019851,85.8447483330965,192.939269,128,11832.0,5980.0,256,0.1296016669366508,1975.283235555392,median 5 warm calls on training rows; end-to-end preprocessing,6000.0,,,,,,,,,,,,,,
6000.0,5993.0,0.9988333333333334,11,0,binary,credit_default,random_b6000_k16,complete,0.7634957953566112,0.5383893680154093,0.4456342435626448,0.1400954862104562,0.6160708782742681,0.0406028171443681,0.8131269218180617,0.7053048533139907,0.9405664330723836,0.9405664330723836,0.9923272070786846,1.1219975293865772,0.1681385594611213,23.0,0.1388383433844674,16.0,equal,True,1798939,84.07760258298367,188.01598600000003,16,676.0,346.0,256,0.0148866670206189,17196.596098067137,median 5 warm calls on training rows; end-to-end preprocessing,6000.0,,,,,,,,,,,,,,
6000.0,5993.0,0.9988333333333334,11,0,binary,credit_default,top_quality_b6000_k16,complete,0.7639265754354808,0.5448543096332227,0.4358540048819397,0.1360590476594979,0.6537942989214176,0.0101500447591921,0.7896990659832351,0.7570214546837193,0.9634173440645604,0.9634173440645604,0.9825149604858048,1.0721726305299453,0.4681010123347585,23.0,0.1351740178117501,16.0,equal,True,1874027,83.96278475015424,188.184251,16,1526.0,771.0,256,0.0190832081716507,13414.935145983636,median 5 warm calls on training rows; end-to-end preprocessing,6000.0,,,,,,,,,,,,,,
6000.0,5993.0,0.9988333333333334,11,0,binary,credit_default,coerror_b6000_k16,complete,0.7723653077746728,0.5549875627878212,0.4323751822478387,0.1349491268478739,0.6502426810477658,0.0164516772684709,0.7832569848182372,0.7443310747427636,0.9408317870249516,0.9408317870249516,0.978647980318117,1.1221084945840123,0.2837034587789231,23.0,0.1329317349296011,16.0,equal,True,1871259,84.11438612407073,188.244504,16,1552.0,784.0,256,0.0167021658271551,15327.353509075092,median 5 warm calls on training rows; end-to-end preprocessing,6000.0,,,,,,,,,,,,,,
6000.0,5993.0,0.9988333333333334,11,0,binary,credit_default,random_b6000_k64,complete,0.7699604345668695,0.5461663710128177,0.4521698796825032,0.1428031182861281,0.5743297380585516,0.0604593782221614,0.8288422642224527,0.6723891760369267,0.9212804610239592,0.9212804610239592,0.9999999999999986,1.1739244485485114,0.1364939336573961,23.0,0.1416828725868849,64.0,equal,True,7305403,84.16512670717202,188.88549200000003,64,3838.0,1951.0,256,0.0617427909746766,4146.233041279211,median 5 warm calls on training rows; end-to-end preprocessing,6000.0,,,,,,,,,,,,,,
6000.0,5993.0,0.9988333333333334,11,0,binary,credit_default,top_quality_b6000_k64,complete,0.7700381290642709,0.5542216679708076,0.4327615142147964,0.1350255729706305,0.650246533127889,0.0152805908379425,0.7837006850555787,0.7536857341999893,0.9555848625978164,0.9555848625978164,0.9885238806611456,1.0934695913124777,0.3782907636317009,23.0,0.1341605801951122,64.0,equal,True,7514683,84.40069416700862,189.9692830000001,64,6158.0,3111.0,256,0.0680812920909375,3760.210656079439,median 5 warm calls on training rows; end-to-end preprocessing,6000.0,,,,,,,,,,,,,,
6000.0,5993.0,0.9988333333333334,11,0,binary,credit_default,coerror_b6000_k64,complete,0.7735217805750699,0.5588641516025085,0.4319914917833252,0.1348286899998284,0.6498536209553158,0.0197354043124906,0.7825579584172182,0.7430558145910172,0.937013535161776,0.937013535161776,0.9825149604857448,1.138010241756762,0.2802184981476847,23.0,0.1328811618409055,64.0,equal,True,7513960,85.32155775022693,190.630611,64,6292.0,3178.0,256,0.0645244580227881,3967.4877998911393,median 5 warm calls on training rows; end-to-end preprocessing,6000.0,,,,,,,,,,,,,,
6000.0,5993.0,0.9988333333333334,11,0,binary,credit_default,random_b6000_k128,complete,0.770259591026612,0.5416033521477951,0.4545094226082711,0.1438259802288111,0.5636248073959939,0.0619638278564234,0.83477904780768,0.671640638899132,0.9259442457406152,0.9259442457406152,0.9999999999999558,1.1630011429690643,0.1348310527651691,23.0,0.1426684426373341,128.0,equal,True,14518107,84.53901208308525,190.13889200000003,128,6138.0,3133.0,256,0.1176692908629775,2175.5888738898293,median 5 warm calls on training rows; end-to-end preprocessing,6000.0,,,,,,,,,,,,,,
6000.0,5993.0,0.9988333333333334,11,0,binary,credit_default,top_quality_b6000_k128,complete,0.7712258102426158,0.555760822110181,0.4321976084668483,0.1348591914005963,0.6501926040061633,0.0129393230688679,0.7827349913166244,0.7517693274766841,0.9538358174331042,0.9538358174331042,0.9885238806611456,1.0982703053530816,0.3537707026600054,23.0,0.1340762772546426,128.0,equal,True,15067083,85.09723637485877,192.5480200000001,128,12260.0,6194.0,256,0.1359999999403953,1882.3529420014484,median 5 warm calls on training rows; end-to-end preprocessing,6000.0,,,,,,,,,,,,,,
6000.0,5993.0,0.9988333333333334,11,0,binary,credit_default,coerror_b6000_k128,complete,0.7741446423441539,0.5587091620284517,0.4321230311408142,0.1349096197993284,0.649464560862866,0.0216250383594702,0.7830276823214696,0.7410041404595574,0.9370074660211798,0.9370074660211798,1.0,1.139482619132631,0.2768321530017902,23.0,0.133033429490162,128.0,equal,True,15035832,86.93852699897252,193.872901,128,12144.0,6136.0,256,0.1287636670749634,1988.1384696116356,median 5 warm calls on training rows; end-to-end preprocessing,6000.0,,,,,,,,,,,,,,
300.0,300.0,1.0,11,0,binary,credit_default,top_quality_b300_k64,complete,0.7654342404220313,0.5522422182147471,0.436027149727288,0.1360407793850037,0.6434437596302003,0.0140902711742271,0.7895930352594187,0.738927136639872,0.9634279459934916,0.9634279459934916,0.9999999999999976,1.0761852225611412,0.2930752501133532,23.0,0.1354122553352417,64.0,equal,True,7296936,84.05626137391664,189.232067,64,3586.0,1825.0,256,0.0620138749945908,4128.1084277079835,median 5 warm calls on training rows; end-to-end preprocessing,6000.0,,,,,,,,,,,,,,
300.0,300.0,1.0,11,0,binary,credit_default,coerror_b300_k64,complete,0.7727267504113238,0.5602488044694309,0.4339324295223089,0.1354772390116832,0.6495069337442219,0.0260698016660897,0.7863221957664891,0.7312002665690225,0.9374996846142633,0.9374996846142633,0.9971508158920735,1.137270610260244,0.2617838820810634,23.0,0.1343196175037341,64.0,equal,True,7391880,84.10431566624902,189.3688260000001,64,4788.0,2426.0,256,0.0625120000913739,4095.213712979976,median 5 warm calls on training rows; end-to-end preprocessing,6000.0,,,,,,,,,,,,,,
6000.0,5993.0,0.9988333333333334,11,0,binary,credit_default,random_cert_b6000_k64,complete,0.7704497140320179,0.5483795699542773,0.4513448332253478,0.1424569869487235,0.5755893682588598,0.0592314280413967,0.8268332865134512,0.6769844170790607,0.9234850675752768,0.9234850675752768,0.9972591048344468,1.168421516116158,0.1241109735570266,23.0,0.1413378483569705,64.0,equal,True,7257352,84.41065458324738,189.00112200000004,64,3312.0,1688.0,256,0.057172792032361,4477.654333465094,median 5 warm calls on training rows; end-to-end preprocessing,6000.0,,,,,,,,,,,,,,
6000.0,5993.0,0.9988333333333334,11,0,binary,credit_default,top_quality_cert_b6000_k64,complete,0.7700381290642709,0.5542216679708076,0.4327615142147964,0.1350255729706305,0.650246533127889,0.0152805908379425,0.7837006850555787,0.7536857341999893,0.9555848625978164,0.9555848625978164,0.9885238806611456,1.0934695913124777,0.3782907636317009,23.0,0.1341605801951122,64.0,equal,True,7514683,84.60591299925,190.14652200000003,64,6158.0,3111.0,256,0.0681302919983863,3757.5062793810303,median 5 warm calls on training rows; end-to-end preprocessing,6000.0,,,,,,,,,,,,,,
6000.0,5993.0,0.9988333333333334,11,0,binary,credit_default,coerror_cert_b6000_k64,complete,0.7735217805750699,0.5588641516025085,0.4319914917833252,0.1348286899998284,0.6498536209553158,0.0197354043124906,0.7825579584172182,0.7430558145910172,0.937013535161776,0.937013535161776,0.9825149604857448,1.138010241756762,0.2802184981476847,23.0,0.1328811618409055,64.0,equal,True,7513960,85.2128263739869,190.5220630000001,64,6292.0,3178.0,256,0.064783708192408,3951.6107852251703,median 5 warm calls on training rows; end-to-end preprocessing,6000.0,,,,,,,,,,,,,,
6000.0,5993.0,0.9988333333333334,11,0,binary,credit_default,abs_correlation_b6000_k64,complete,0.7753406152881878,0.5554652881456595,0.4469859624406293,0.1411356944766122,0.5680238828967643,0.0570289665868849,0.8191643850396714,0.6785148750387625,0.8940954166384293,0.8940954166384293,0.9781436683787992,1.243892757331701,0.239871524970762,23.0,0.1403945594181043,64.0,equal,True,7544571,86.00714962393977,191.29980499999996,64,6660.0,3362.0,256,0.0652031248901039,3926.192194491799,median 5 warm calls on training rows; end-to-end preprocessing,6000.0,,,,,,,,,,,,,,
6000.0,5993.0,0.9988333333333334,11,0,binary,credit_default,signed_correlation_b6000_k64,complete,0.7753406152881878,0.5554652881456595,0.4469859624406293,0.1411356944766122,0.5680238828967643,0.0570289665868849,0.8191643850396714,0.6785148750387625,0.8940954166384293,0.8940954166384293,0.9781436683787992,1.243892757331701,0.239871524970762,23.0,0.1403945594181043,64.0,equal,True,7544571,85.30985933309421,190.770943,64,6660.0,3362.0,256,0.064950207946822,3941.4808372838447,median 5 warm calls on training rows; end-to-end preprocessing,6000.0,,,,,,,,,,,,,,
6000.0,5993.0,0.9988333333333334,11,0,binary,credit_default,quality_diversity_l002_b6000_k64,complete,0.7700332976417436,0.555018903249811,0.432681269192301,0.1349794828864172,0.6507781201848999,0.0142263072610905,0.7834331740220937,0.7536843065285084,0.9553189040292472,0.9553189040292472,0.9885238806611456,1.094070424476598,0.3763656140606675,23.0,0.1341348571459817,64.0,equal,True,7514379,85.45714437542483,191.039904,64,6154.0,3109.0,256,0.0674119999166578,3797.5434687666234,median 5 warm calls on training rows; end-to-end preprocessing,6000.0,,,,,,,,,,,,,,
6000.0,5993.0,0.9988333333333334,11,0,binary,credit_default,quality_diversity_l01_b6000_k64,complete,0.7700605886500744,0.5549873491813896,0.4326594615997527,0.1349693209445009,0.6505816640986133,0.0143339488454211,0.7833741931885668,0.7536278407947956,0.9545123266926856,0.9545123266926856,0.9885238806611456,1.0958934853947282,0.3779746426201718,23.0,0.134101006138698,64.0,equal,True,7514027,85.33360662427731,190.928366,64,6144.0,3104.0,256,0.0687359999865293,3724.3947865771943,median 5 warm calls on training rows; end-to-end preprocessing,6000.0,,,,,,,,,,,,,,
6000.0,5993.0,0.9988333333333334,11,0,binary,credit_default,quality_diversity_l05_b6000_k64,complete,0.7737534276984148,0.5599457295712608,0.4315674538832909,0.1347446564380732,0.6516448382126347,0.0165667205665576,0.7820702199950341,0.7468704321145823,0.9361036642966516,0.9361036642966516,0.9825149604857448,1.1398268812453307,0.345600531843195,23.0,0.1335435219332673,64.0,equal,True,7520507,85.31988583295606,190.980347,64,6204.0,3134.0,256,0.0687135411426425,3725.612095417545,median 5 warm calls on training rows; end-to-end preprocessing,6000.0,,,,,,,,,,,,,,
6000.0,5993.0,0.9988333333333334,11,0,binary,credit_default,caruana_b6000_k64,complete,0.7724253741087985,0.5558081109396398,0.4323042253441125,0.1349233855896278,0.6508705701078583,0.0178210858356412,0.7831075802182211,0.7415580908842144,0.9344996546314182,0.9344996546314182,0.9820336955685762,1.142264687792986,0.2889045027967702,23.0,0.1327843735809306,64.0,frequency_weighted,True,4216011,84.58966745715588,189.2671870000001,36,3508.0,1772.0,256,0.0380855000112205,6721.71823724458,median 5 warm calls on training rows; end-to-end preprocessing,6000.0,,,,,,,,,,,,,,
6000.0,5993.0,0.9988333333333334,11,0,binary,credit_default,coerror_swap_b6000_k64,complete,0.7734521819748766,0.558931736476597,0.4320060466748017,0.134827342120496,0.6495146379044684,0.0197283539315996,0.7825501352031936,0.7429560880642958,0.9368263730495038,0.9368263730495038,0.9825149604857448,1.138498597393429,0.2798543697731004,23.0,0.1328792686315649,64.0,equal,True,7514792,85.15415470907465,190.5274860000001,64,6300.0,3182.0,256,0.0635356248822063,4029.235574130552,median 5 warm calls on training rows; end-to-end preprocessing,6000.0,,,,,,,,,,,,,,
6000.0,5993.0,0.9988333333333334,11,0,binary,credit_default,coerror_b6000_k256,complete,0.7738791752631167,0.5591434303523203,0.4321749764389417,0.1349210664162966,0.6507704160246534,0.0224425991762562,0.7830941195256392,0.7395710449878244,0.936728070913886,0.936728070913886,1.0,1.1407256512981985,0.2735884510002883,23.0,0.1332733765940801,256.0,equal,True,30034827,89.93320429231972,200.19318000000007,256,23734.0,11995.0,256,0.2576779169030487,993.4883170307525,median 5 warm calls on training rows; end-to-end preprocessing,6000.0,,,,,,,,,,,,,,
1000.0,993.0,0.993,11,0,binary,credit_default,top_quality_f05_d3_b1000_k64,complete,0.7536137734715731,0.5329102993963817,0.4462080841637592,0.139444341148356,0.6386941448382126,0.0091622605459426,0.8093476167574606,0.7262142264815911,0.9883021930385912,0.9883021930385912,1.0,1.023357993480405,0.3720238095238094,17.0,0.1385633655441688,64.0,equal,True,7025576,83.66381299798377,187.636173,64,942.0,503.0,256,0.0370817088987678,6903.673201762999,median 5 warm calls on training rows; end-to-end preprocessing,6000.0,,,,,,,,,,,,,,
1000.0,993.0,0.993,11,0,binary,credit_default,coerror_f05_d3_b1000_k64,complete,0.7611654827505159,0.5459094194925311,0.4421825274829465,0.1381107985398878,0.6378659476117103,0.0282539086893372,0.8016076143800248,0.7145900365009572,0.958491688233252,0.958491688233252,1.0,1.0886599081705357,0.2410714285714285,13.0,0.1368325238769357,64.0,equal,True,7026696,83.7910932910163,187.731434,64,956.0,510.0,256,0.0370267499238252,6913.9203555987515,median 5 warm calls on training rows; end-to-end preprocessing,6000.0,,,,,,,,,,,,,,
1000.0,1000.0,1.0,11,0,binary,credit_default,top_quality_f05_d6_b1000_k64,complete,0.7560676137995873,0.544179862357985,0.442312668133977,0.138170725803218,0.6376771956856703,0.0074118558661965,0.8019554376574392,0.7327900364209505,0.9748516055676656,0.9748516055676656,1.0,1.0514760755157315,0.3776455026455025,15.0,0.1372755914510588,64.0,equal,True,7335496,83.67478329129517,187.6887690000001,64,4816.0,2440.0,256,0.036264750175178,7059.196568661957,median 5 warm calls on training rows; end-to-end preprocessing,6000.0,,,,,,,,,,,,,,
1000.0,1000.0,1.0,11,0,binary,credit_default,coerror_f05_d6_b1000_k64,complete,0.7638845942910867,0.5509278922758973,0.4396408404780611,0.1372547508046038,0.6373343605546995,0.0270534987551697,0.7966390356002978,0.7209624792811089,0.9504286888058272,0.9504286888058272,1.0,1.1078710455290384,0.2663690476190475,13.0,0.1359305654988661,64.0,equal,True,7322856,83.79333774931729,187.7820690000001,64,4658.0,2361.0,256,0.0366669578943401,6981.762728658646,median 5 warm calls on training rows; end-to-end preprocessing,6000.0,,,,,,,,,,,,,,
1000.0,1000.0,1.0,11,0,binary,credit_default,top_quality_f20_d3_b1000_k64,complete,0.7517577237470946,0.5310421430074994,0.4421127892921073,0.1379947220178427,0.6386402157164869,0.0079949757693442,0.8009338957070044,0.7347512008747938,0.9841178419903756,0.9841178419903756,1.0,1.0319632838567665,0.2495846718316956,23.0,0.1370369066200084,64.0,equal,True,7058616,83.79181945719756,188.103574,64,960.0,512.0,256,0.0532072081696242,4811.378172368559,median 5 warm calls on training rows; end-to-end preprocessing,6000.0,,,,,,,,,,,,,,
1000.0,1000.0,1.0,11,0,binary,credit_default,coerror_f20_d3_b1000_k64,complete,0.7640472304196808,0.5476742570034021,0.4393031535270934,0.1370477522403874,0.6484399075500771,0.0271590492297878,0.7954375971393239,0.72195769156898,0.9603227352359508,0.9603227352359508,1.0,1.084645307175552,0.2037076404635928,23.0,0.1354633095072446,64.0,equal,True,7064472,83.94381070742384,188.183862,64,960.0,512.0,256,0.0544842919334769,4698.601944071614,median 5 warm calls on training rows; end-to-end preprocessing,6000.0,,,,,,,,,,,,,,
1000.0,1000.0,1.0,11,0,binary,credit_default,top_quality_f20_d6_b1000_k64,complete,0.7686867671254342,0.5557061798385975,0.4338847475519626,0.1354127542361829,0.6492141756548536,0.011221895119594,0.785947920274644,0.7477325303647661,0.9565381916055944,0.9565381916055944,0.9998260902250232,1.0913770265499627,0.2418883062484253,23.0,0.1342881739644908,64.0,equal,True,7477224,83.84935962432064,188.31863700000005,64,6210.0,3137.0,256,0.0512536249589175,4994.768666707918,median 5 warm calls on training rows; end-to-end preprocessing,6000.0,,,,,,,,,,,,,,
1000.0,1000.0,1.0,11,0,binary,credit_default,coerror_f20_d6_b1000_k64,complete,0.7730622731190097,0.5574989824338745,0.4332332668062368,0.1352707330742975,0.6508628659476117,0.0235042452864384,0.7851236165563686,0.73879280209104,0.938583673884109,0.938583673884109,0.9946518513696926,1.134497861499247,0.1977710065507684,23.0,0.1335404167933896,64.0,equal,True,7481208,83.96520074922591,188.462407,64,6268.0,3166.0,256,0.0513320409227162,4987.138547353391,median 5 warm calls on training rows; end-to-end preprocessing,6000.0,,,,,,,,,,,,,,
1000.0,1000.0,1.0,11,0,binary,credit_default,top_quality_f50_d3_b1000_k64,complete,0.7367979420751612,0.49708017210822,0.4453511330285314,0.138706334925541,0.6515408320493066,0.0089970099112608,0.8050641616335845,0.7382575661139049,0.9921980010870828,0.9921980010870828,1.0,1.0155387653096923,0.438567860230012,22.0,0.1373249289966913,64.0,equal,True,7104491,84.06424720794894,189.091377,64,960.0,512.0,256,0.0698015419766306,3667.540755556774,median 5 warm calls on training rows; end-to-end preprocessing,6000.0,,,,,,,,,,,,,,
1000.0,1000.0,1.0,11,0,binary,credit_default,coerror_f50_d3_b1000_k64,complete,0.760780797054138,0.5399540942875884,0.4399289801017121,0.137256968605629,0.6509630200308166,0.0274594532529583,0.7966519079188117,0.7247494079888243,0.9620003494290972,0.9620003494290972,1.0,1.080668392674868,0.3787761009302915,23.0,0.1354644021526604,64.0,equal,True,7104107,84.23250374919735,189.35797799999995,64,960.0,512.0,256,0.0691372081637382,3702.781856532491,median 5 warm calls on training rows; end-to-end preprocessing,6000.0,,,,,,,,,,,,,,
1000.0,1000.0,1.0,11,0,binary,credit_default,top_quality_f50_d6_b1000_k64,complete,0.7692541981144394,0.5544151886464889,0.4329007270810668,0.1350654081228422,0.6503428351309708,0.0139977372838154,0.7839318918958144,0.7534791588619265,0.955477629816024,0.955477629816024,0.9885238806611456,1.0937135533627431,0.4063447279087482,23.0,0.1342994561473928,64.0,equal,True,7520715,84.2887607482262,190.0340520000001,64,6150.0,3107.0,256,0.070297084050253,3641.6873254229745,median 5 warm calls on training rows; end-to-end preprocessing,6000.0,,,,,,,,,,,,,,
1000.0,1000.0,1.0,11,0,binary,credit_default,coerror_f50_d6_b1000_k64,complete,0.7738867488443759,0.5567596421127038,0.43186199028178,0.1348722446966341,0.6497573189522342,0.0178920750551804,0.782810753831991,0.7424738315573305,0.9340767093513692,0.9340767093513692,0.9864858972323032,1.1450901081739648,0.3755256440489744,23.0,0.13308872986642,64.0,equal,True,7541035,84.45481591625139,190.32235700000004,64,6364.0,3214.0,256,0.0745064169168472,3435.945662045571,median 5 warm calls on training rows; end-to-end preprocessing,6000.0,,,,,,,,,,,,,,
,,,11,0,binary,credit_default,random_forest,complete,0.7623045885456112,0.5410749839897453,0.43994669152034,0.1379592101759796,0.6575346687211094,0.0225188322057111,0.8007277817525628,,,,,,,,,,,,81873067,4.173969999887049,4.171496999999988,256,1022122.0,511189.0,256,0.0169746249448508,15081.334688202154,median 5 warm calls on training rows; end-to-end preprocessing,,4.173969999887049,4.171496999999988,1513684992.0,,,,,,,,,,,
,,,11,0,binary,credit_default,extra_trees,complete,0.7401080541119324,0.5034564643097978,0.4696182371882241,0.1449153437256115,0.6497265023112481,0.0369995172116394,0.8411018124509579,,,,,,,,,,,,225726811,2.230531207984314,2.232488000000046,256,2820294.0,1410275.0,256,0.0267350419890135,9575.447837530988,median 5 warm calls on training rows; end-to-end preprocessing,,2.230531207984314,2.232488000000046,1577975808.0,,,,,,,,,,,
,,,11,0,binary,credit_default,xgboost,complete,0.7712129482123737,0.5585287136172213,0.43577441573143,0.1359250271277759,0.6504506933744222,0.0226418707870115,0.7889211986488389,,,,,,,,,,,,950858,0.529334792168811,0.513576999999998,300,21716.0,11008.0,256,0.0019558330532163,130890.51725504476,median 5 warm calls on training rows; end-to-end preprocessing,,0.529334792168811,0.513576999999998,1600749568.0,,,,,,,,,,,
,,,11,0,binary,credit_default,lightgbm,complete,0.771099540361965,0.5595125853517615,0.4358018116291703,0.1357673468111382,0.6537942989214176,0.0181603729076225,0.7880060077746212,,,,,,,,,,,,1036767,0.5097452909685671,0.5005959999999732,300,18300.0,9300.0,256,0.0051066670566797,50130.54447423623,median 5 warm calls on training rows; end-to-end preprocessing,,0.5097452909685671,0.5005959999999732,1622949888.0,,,,,,,,,,,
,,,11,0,binary,credit_default,catboost,complete,0.7812497061972787,0.5650975687902287,0.4269859068504527,0.1335030629909253,0.6556278890600924,0.0089692171101118,0.7748638988983484,,,,,,,,,,,,347303,1.4840223751962185,1.397006000000033,300,37924.0,19112.0,256,0.0016212908085435,157898.87825859556,median 5 warm calls on training rows; end-to-end preprocessing,,1.4840223751962185,1.397006000000033,1661599744.0,,,,,,,,,,,
,,,11,0,binary,credit_default,linear,complete,0.7215867305633179,0.5149776588585511,0.4663867427768715,0.1443899426548723,0.6065100154083205,0.0473432993648024,0.838052336933036,,,,,,,,,,,,5706,0.0375538328662514,0.0358049999999821,1,,,256,0.0012577499728649,203538.0683943617,median 5 warm calls on training rows; end-to-end preprocessing,,0.0375538328662514,0.0358049999999821,1662894080.0,34.0,,,,,,,,,,
,,,11,0,binary,credit_default,rf_leaf5,complete,0.7755372672429552,0.5583339958099538,0.4303525324271894,0.1346952989581457,0.6536902927580894,0.0137877985839088,0.7817837447001635,,,,,,,,,,,,35343147,3.7191484170034528,3.654787999999997,256,440498.0,220377.0,256,0.0138092918787151,18538.242384070654,median 5 warm calls on training rows; end-to-end preprocessing,,3.7191484170034528,3.654787999999997,1681506304.0,,,,,,,,,,,
,,,11,0,binary,credit_default,rf_shallow64,complete,0.7744973361886605,0.5543250638494537,0.4337813858866562,0.1357551777016742,0.6368104776579353,0.0225072242587475,0.7879353771584078,,,,,,,,,,,,528827,0.4456327920779586,0.4460169999999834,64,6228.0,3146.0,256,0.0031137091573327,82217.05594985344,median 5 warm calls on training rows; end-to-end preprocessing,,0.4456327920779586,0.4460169999999834,1684488192.0,,,,,,,,,,,
,,,11,0,binary,credit_default,random_patches64,complete,0.7705473218249719,0.5363627225911844,0.4492287555519991,0.1421400082178042,0.5787942989214175,0.047931742352403,0.8249935131793764,,,,,,,,,,,,4034000,0.6476648340467364,0.6487140000000409,64,5704.0,2884.0,256,0.0588879999704659,4347.235432149024,median 5 warm calls on training rows; end-to-end preprocessing,,0.6476648340467364,0.6487140000000409,1686306816.0,,,,,,,,,,,
1000.0,988.0,0.988,11,1,binary,credit_default,random_b1000_k16,complete,0.774914909274889,0.5440610843215976,0.453969895638088,0.1437744222804529,0.5627975300692225,0.0622631194707686,0.8347954015379777,0.6659604094712204,0.9245498226074452,0.9245498226074452,0.9934606264189848,1.1556112191774806,0.1317476131253221,23.0,0.1458563570931612,16.0,equal,True,1806880,110.16734308353624,253.7481800000001,16,790.0,403.0,256,0.0155065830331295,16509.117415039793,median 5 warm calls on training rows; end-to-end preprocessing,6000.0,,,,,,,,,,,,,,
1000.0,988.0,0.988,11,1,binary,credit_default,top_quality_b1000_k16,complete,0.7767980903717858,0.5698019112246362,0.4279568983554386,0.1334050150396298,0.6573991559919968,0.0131116817002748,0.7745876584358823,0.7472933250878144,0.9537874434710631,0.9537874434710631,0.9765066206668018,1.0924939801051865,0.3682769518063636,23.0,0.1353100317037072,16.0,equal,True,1871651,110.22082233265974,254.06119800000005,16,1514.0,765.0,256,0.0185403749346733,13807.703506644908,median 5 warm calls on training rows; end-to-end preprocessing,6000.0,,,,,,,,,,,,,,
1000.0,988.0,0.988,11,1,binary,credit_default,coerror_b1000_k16,complete,0.7823764198338744,0.5732899382439743,0.4267299616005037,0.1329515310635864,0.6571519329393096,0.0202147901196693,0.7719546008177912,0.7363466549744065,0.9439820759077622,0.9439820759077622,0.9768808193551388,1.114740664447,0.256053759335493,23.0,0.1345215548709269,16.0,equal,True,1865427,110.22608325001784,253.92440900000017,16,1454.0,735.0,256,0.0202094158157706,12667.36269537429,median 5 warm calls on training rows; end-to-end preprocessing,6000.0,,,,,,,,,,,,,,
1000.0,988.0,0.988,11,1,binary,credit_default,random_b1000_k64,complete,0.7790299578936806,0.5604151430995823,0.4485355620257514,0.1413827087676324,0.573949876963411,0.0634540122193892,0.8209084290804979,0.6677120786379307,0.9258921487772648,0.9258921487772648,0.9964912483284648,1.1611774291995145,0.1462571747566172,23.0,0.1438637211087005,64.0,equal,True,7276304,110.53351212479174,255.1343890000001,64,3464.0,1764.0,256,0.0716070409398526,3575.0674324754045,median 5 warm calls on training rows; end-to-end preprocessing,6000.0,,,,,,,,,,,,,,
1000.0,988.0,0.988,11,1,binary,credit_default,top_quality_b1000_k64,complete,0.7809947408914246,0.573783537100748,0.4261000023664029,0.1327179100724302,0.6560423038888761,0.018376235792706,0.7705981305498074,0.7421096397284936,0.9529879582944816,0.9529879582944816,0.9783740931912416,1.0993866223964348,0.3331632176084184,23.0,0.1353626651760257,64.0,equal,True,7513024,110.94139366666786,256.7075700000002,64,6138.0,3101.0,256,0.0774130830541253,3306.934563257365,median 5 warm calls on training rows; end-to-end preprocessing,6000.0,,,,,,,,,,,,,,
1000.0,988.0,0.988,11,1,binary,credit_default,coerror_b1000_k64,complete,0.7829813453742633,0.5751786979342779,0.4258851990434616,0.1325790183802674,0.6574954579950786,0.021610012054783,0.7697916856753283,0.7342554375946698,0.940292737043298,0.940292737043298,0.9889073492984454,1.1300962927190394,0.2744392945375065,23.0,0.1346342137246458,64.0,equal,True,7499155,110.96282758377492,256.3081650000001,64,6020.0,3042.0,256,0.0964681659825146,2653.72516822183,median 5 warm calls on training rows; end-to-end preprocessing,6000.0,,,,,,,,,,,,,,
1000.0,988.0,0.988,11,1,binary,credit_default,random_b1000_k128,complete,0.7804430623880179,0.5551266738026841,0.4511654179817087,0.1424872888565998,0.5716716877860313,0.0664794448031287,0.8273219368816396,0.6625348355153626,0.9277744464874496,0.9277744464874496,0.999999999999918,1.158251778972495,0.1351577204102482,23.0,0.1449615778893773,128.0,equal,True,14575635,111.1561927497387,257.06287200000014,128,6820.0,3474.0,256,0.1278241660911589,2002.7511841339235,median 5 warm calls on training rows; end-to-end preprocessing,6000.0,,,,,,,,,,,,,,
1000.0,988.0,0.988,11,1,binary,credit_default,top_quality_b1000_k128,complete,0.7804899067138047,0.5739550850402044,0.4268513787525276,0.1329354586687999,0.6552129567877102,0.0223082895282051,0.7718612798984882,0.7373852810039401,0.9545177261396668,0.9545177261396668,0.9993744863671042,1.0968218158316223,0.3163087184351493,23.0,0.1356069745513022,128.0,equal,True,14953440,111.83180270995943,259.83906900000005,128,10922.0,5525.0,256,0.14299420802854,1790.282302545466,median 5 warm calls on training rows; end-to-end preprocessing,6000.0,,,,,,,,,,,,,,
1000.0,988.0,0.988,11,1,binary,credit_default,coerror_b1000_k128,complete,0.7834086936796617,0.5755803934619153,0.4263164298021656,0.132712209240248,0.6584627900558839,0.0250192302075367,0.7705650298882633,0.7302020258411736,0.9393842850976206,0.9393842850976206,0.9980506305577516,1.1338971706601897,0.2749222932314558,23.0,0.1349725179544016,128.0,equal,True,14965027,111.9483807508368,259.741924,128,11098.0,5613.0,256,0.1492454998660832,1715.2946000362265,median 5 warm calls on training rows; end-to-end preprocessing,6000.0,,,,,,,,,,,,,,
3000.0,2965.0,0.9883333333333332,11,1,binary,credit_default,random_b3000_k16,complete,0.7790091817491894,0.5622165423936107,0.4404061227717091,0.1381141119103487,0.6061593036359036,0.0543338937692647,0.8019300212200271,0.6848104799022616,0.9200467801706615,0.9200467801706615,0.98311898351518,1.1686989738320968,0.1523526446678536,23.0,0.1410550181416682,16.0,equal,True,1833648,110.28938666777684,253.93467000000004,16,1112.0,564.0,256,0.0164415829349309,15570.276962573713,median 5 warm calls on training rows; end-to-end preprocessing,6000.0,,,,,,,,,,,,,,
3000.0,2965.0,0.9883333333333332,11,1,binary,credit_default,top_quality_b3000_k16,complete,0.7774943525473905,0.572044848273889,0.4272675884810505,0.1330927452262518,0.6588523100981993,0.0144492976079276,0.7727745306200138,0.7484786986906192,0.9551934681437512,0.9551934681437512,0.9777908252194633,1.0895039484659146,0.3467354460340142,23.0,0.1353261832699588,16.0,equal,True,1871811,110.32710520760156,254.159161,16,1524.0,770.0,256,0.0212175420019775,12065.48807473268,median 5 warm calls on training rows; end-to-end preprocessing,6000.0,,,,,,,,,,,,,,
3000.0,2965.0,0.9883333333333332,11,1,binary,credit_default,coerror_b3000_k16,complete,0.7837650894916091,0.5727459109051097,0.4256005579229109,0.1325156844621843,0.6574451509785433,0.0243293994524909,0.7694239508394751,0.7389500408875453,0.9413627165927742,0.9413627165927742,0.9725193793106144,1.1208634128252033,0.2668809096963122,23.0,0.1340797594455429,16.0,equal,True,1873024,110.41403183271176,254.18707200000011,16,1562.0,789.0,256,0.0202361249830573,12650.643352634708,median 5 warm calls on training rows; end-to-end preprocessing,6000.0,,,,,,,,,,,,,,
3000.0,2965.0,0.9883333333333332,11,1,binary,credit_default,random_b3000_k64,complete,0.7756924466824026,0.547394036359835,0.450008200505162,0.142006188095876,0.5744903180553319,0.0609340020932086,0.8245285283159268,0.6708857075789676,0.9254441670263508,0.9254441670263508,1.0,1.1634947660483996,0.1369856279828245,23.0,0.1440553043840584,64.0,equal,True,7332419,110.68854408268815,255.22525200000013,64,4196.0,2130.0,256,0.0719330001156777,3558.8672735506425,median 5 warm calls on training rows; end-to-end preprocessing,6000.0,,,,,,,,,,,,,,
3000.0,2965.0,0.9883333333333332,11,1,binary,credit_default,top_quality_b3000_k64,complete,0.7813033777045575,0.575386806830412,0.4258860602251936,0.132615668519883,0.6544425407630569,0.016776841746793,0.770004486864382,0.7455872659881728,0.9539550688638928,0.9539550688638928,0.9948148856425224,1.097188205302142,0.3440915885491249,23.0,0.13519288065748,64.0,equal,True,7506803,111.02191841672176,256.81816399999997,64,6112.0,3088.0,256,0.0801992500200867,3192.04980016499,median 5 warm calls on training rows; end-to-end preprocessing,6000.0,,,,,,,,,,,,,,
3000.0,2965.0,0.9883333333333332,11,1,binary,credit_default,coerror_b3000_k64,complete,0.7844047072732708,0.5776479597511196,0.4251781015909296,0.1323490938543771,0.6572985419589265,0.0223090500007611,0.768456678141515,0.7358925486937204,0.9394902173399016,0.9394902173399016,0.9890549660247194,1.1322698874967971,0.2757994358571514,23.0,0.1342519314401915,64.0,equal,True,7512003,111.28576470864937,256.62522800000016,64,6200.0,3132.0,256,0.0805037089157849,3179.977710937542,median 5 warm calls on training rows; end-to-end preprocessing,6000.0,,,,,,,,,,,,,,
3000.0,2965.0,0.9883333333333332,11,1,binary,credit_default,random_b3000_k128,complete,0.7802488250371619,0.5605030303415508,0.4473197279086862,0.1408774462835245,0.5748252190511235,0.0625307576709464,0.8179747306408669,0.6700579580700671,0.924018809673575,0.924018809673575,0.9999999999999972,1.1677829641343327,0.1350689151775314,23.0,0.1432637643464947,128.0,equal,True,14610147,111.24303637607954,257.32465399999995,128,7360.0,3744.0,256,0.1265891660004854,2022.2899643640776,median 5 warm calls on training rows; end-to-end preprocessing,6000.0,,,,,,,,,,,,,,
3000.0,2965.0,0.9883333333333332,11,1,binary,credit_default,top_quality_b3000_k128,complete,0.7813072323980322,0.5735781358545757,0.4260032636186185,0.132673936589112,0.6548277487753835,0.0160901324482772,0.7703428079334386,0.7433208544538044,0.9529160227569629,0.9529160227569629,0.9948148856425224,1.1004191108516783,0.346521885523922,23.0,0.135295415515176,128.0,equal,True,15069683,112.14409404294564,260.8792700000001,128,12282.0,6205.0,256,0.151357082882896,1691.364521064835,median 5 warm calls on training rows; end-to-end preprocessing,6000.0,,,,,,,,,,,,,,
3000.0,2965.0,0.9883333333333332,11,1,binary,credit_default,coerror_b3000_k128,complete,0.7839129398531923,0.5776979948410499,0.4254701491180113,0.132431188037989,0.656134293861969,0.022117078558544,0.7689333404426756,0.7340838713425641,0.9380413563766312,0.9380413563766312,0.9927677430808642,1.1369952053893833,0.2661392315297242,23.0,0.1344600005801094,128.0,equal,True,15061520,112.5515760006383,260.30875299999997,128,12450.0,6289.0,256,0.145409416174516,1760.5462337649192,median 5 warm calls on training rows; end-to-end preprocessing,6000.0,,,,,,,,,,,,,,
6000.0,5922.0,0.987,11,1,binary,credit_default,random_b6000_k16,complete,0.7754526063477263,0.564185973764715,0.4401886021433283,0.1378628079497918,0.6015943012211669,0.0531692638388334,0.8004708785760599,0.6931250142820767,0.926896075381824,0.926896075381824,0.989707091701158,1.1524411266755323,0.1779086688094041,22.0,0.1401528636421791,16.0,equal,True,1805296,110.67212400073186,254.241194,16,744.0,380.0,256,0.0180420000106096,14189.114280537568,median 5 warm calls on training rows; end-to-end preprocessing,6000.0,,,,,,,,,,,,,,
6000.0,5922.0,0.987,11,1,binary,credit_default,top_quality_b6000_k16,complete,0.7810666733916913,0.574993880930458,0.4260251913516389,0.1327753937247497,0.6592461421705034,0.0201071141454881,0.7709318970700191,0.7509292684230628,0.9557295066312258,0.9557295066312258,0.9801327137022572,1.0883294095966014,0.4294042704801218,23.0,0.1353721979325681,16.0,equal,True,1877379,110.64513362571596,254.5391670000002,16,1546.0,781.0,256,0.0244827920105308,10456.323767725766,median 5 warm calls on training rows; end-to-end preprocessing,6000.0,,,,,,,,,,,,,,
6000.0,5922.0,0.987,11,1,binary,credit_default,coerror_b6000_k16,complete,0.7818576042256848,0.5757582922018273,0.4262502655958629,0.1326848543471647,0.657596072028149,0.0232351823749877,0.77040619955813,0.7384377070901125,0.941976347825895,0.941976347825895,0.9725193793106144,1.1191975453778134,0.2614594008431082,23.0,0.1338685400597708,16.0,equal,True,1864467,110.77262887684628,254.5275890000001,16,1484.0,750.0,256,0.0195555840618908,13090.890008183536,median 5 warm calls on training rows; end-to-end preprocessing,6000.0,,,,,,,,,,,,,,
6000.0,5922.0,0.987,11,1,binary,credit_default,random_b6000_k64,complete,0.7800884959221263,0.5576462845725499,0.446631446676278,0.1406081065563747,0.5799220384978038,0.062704939878274,0.8164108671795517,0.6726552364826265,0.9259238689730684,0.9259238689730684,0.999999999999994,1.162245433377609,0.1309806019249089,23.0,0.1430734355167325,64.0,equal,True,7294928,110.8064793755766,255.45698800000008,64,3822.0,1943.0,256,0.0723393340595066,3538.876923990111,median 5 warm calls on training rows; end-to-end preprocessing,6000.0,,,,,,,,,,,,,,
6000.0,5922.0,0.987,11,1,binary,credit_default,top_quality_b6000_k64,complete,0.7805622312167972,0.5762368932651836,0.4259528235605194,0.1326695215103996,0.6555104868569326,0.0167377385232408,0.7703171727241422,0.7476681314126524,0.9547387273623504,0.9547387273623504,0.9845680652842206,1.0954173909178204,0.3688469685054667,23.0,0.1351105237051132,64.0,equal,True,7508643,111.24878583452664,257.20326600000016,64,6134.0,3099.0,256,0.0835476659703999,3064.119111247201,median 5 warm calls on training rows; end-to-end preprocessing,6000.0,,,,,,,,,,,,,,
6000.0,5922.0,0.987,11,1,binary,credit_default,coerror_b6000_k64,complete,0.7839988537840283,0.5779283449149367,0.4252866710333592,0.1323889309912426,0.6568170319435181,0.0232521846916287,0.7686879839477794,0.7366128155012763,0.9391274215256626,0.9391274215256626,0.9898999895118764,1.1330984147077998,0.292469859673139,23.0,0.133997730920848,64.0,equal,True,7512227,112.15241658268496,257.853418,64,6172.0,3118.0,256,0.0897330420557409,2852.9067346337847,median 5 warm calls on training rows; end-to-end preprocessing,6000.0,,,,,,,,,,,,,,
6000.0,5922.0,0.987,11,1,binary,credit_default,random_b6000_k128,complete,0.7808163796509816,0.557946717798674,0.4484979470037639,0.1414163913548002,0.5709429547179358,0.0632295891540412,0.8211039998116026,0.6679064112854523,0.9243872652612852,0.9243872652612852,0.9999999999999994,1.1667321985593415,0.1344140039182241,23.0,0.1437888262409291,128.0,equal,True,14607328,111.46487279073337,257.52729400000015,128,7296.0,3712.0,256,0.13255324983038,1931.2993104853097,median 5 warm calls on training rows; end-to-end preprocessing,6000.0,,,,,,,,,,,,,,
6000.0,5922.0,0.987,11,1,binary,credit_default,top_quality_b6000_k128,complete,0.7813285965466128,0.5752963345761751,0.4259717113666915,0.1326884456165188,0.6551209668146172,0.0177608565227397,0.7704270514947607,0.7460199593552499,0.9543429573504302,0.9543429573504302,0.9948148856425224,1.0971461748377962,0.3580065902629916,23.0,0.1351078898663899,128.0,equal,True,15055059,112.3457598744426,261.2580970000001,128,12208.0,6168.0,256,0.1535437500569969,1667.2772412095594,median 5 warm calls on training rows; end-to-end preprocessing,6000.0,,,,,,,,,,,,,,
6000.0,5922.0,0.987,11,1,binary,credit_default,coerror_b6000_k128,complete,0.7839774243016602,0.5776944166236729,0.4253569762815042,0.1324003244060847,0.6571059379527632,0.0221165559948888,0.7687541373717831,0.7356238412390068,0.9392984610657618,0.9392984610657618,0.9999999999999968,1.1339556538981823,0.2822558635441728,23.0,0.1341706764954943,128.0,equal,True,15052275,113.97125354176389,262.2410690000002,128,12306.0,6217.0,256,0.1596493332181126,1603.5143701493157,median 5 warm calls on training rows; end-to-end preprocessing,6000.0,,,,,,,,,,,,,,
300.0,295.0,0.9833333333333332,11,1,binary,credit_default,top_quality_b300_k64,complete,0.7766612160865374,0.5682104881437238,0.4302921030394454,0.1340118245811429,0.6506939493595199,0.0246961780246929,0.7781109681235846,0.7296519766496207,0.9634261287388068,0.9634261287388068,0.9989345957667358,1.0761870367769737,0.2801076598871292,23.0,0.1364643916493389,64.0,equal,True,7319168,110.78296083468013,256.02563700000013,64,3782.0,1923.0,256,0.083030458074063,3083.2059215143477,median 5 warm calls on training rows; end-to-end preprocessing,6000.0,,,,,,,,,,,,,,
300.0,295.0,0.9833333333333332,11,1,binary,credit_default,coerror_b300_k64,complete,0.782114692680316,0.5739371489901476,0.4277105148307485,0.1331177931979302,0.6580229629970333,0.0281147989001434,0.7729199663049108,0.7241816426142893,0.9396218024419956,0.9396218024419956,0.9989345957667358,1.132369108359948,0.2718488261485806,23.0,0.1354940654404612,64.0,equal,True,7409075,110.88478537439369,256.360481,64,4858.0,2461.0,256,0.0870109170209616,2942.1595446273427,median 5 warm calls on training rows; end-to-end preprocessing,6000.0,,,,,,,,,,,,,,
6000.0,5922.0,0.987,11,1,binary,credit_default,random_cert_b6000_k64,complete,0.7761749367046265,0.5492333211626723,0.4535007369289303,0.1433997857475413,0.5720612078283467,0.0649437728985854,0.8326201547175616,0.6588937215582644,0.9278571813853432,0.9278571813853432,1.0,1.1564301860399016,0.1345172983301507,23.0,0.145964341839891,64.0,equal,True,7288656,111.02207050099967,255.526854,64,3712.0,1888.0,256,0.0720932919066399,3550.9545094919145,median 5 warm calls on training rows; end-to-end preprocessing,6000.0,,,,,,,,,,,,,,
6000.0,5922.0,0.987,11,1,binary,credit_default,top_quality_cert_b6000_k64,complete,0.7805622312167972,0.5762368932651836,0.4259528235605194,0.1326695215103996,0.6555104868569326,0.0167377385232408,0.7703171727241422,0.7476681314126524,0.9547387273623504,0.9547387273623504,0.9845680652842206,1.0954173909178204,0.3688469685054667,23.0,0.1351105237051132,64.0,equal,True,7508643,111.28878162475304,257.280775,64,6134.0,3099.0,256,0.0845697501208633,3027.0871042439667,median 5 warm calls on training rows; end-to-end preprocessing,6000.0,,,,,,,,,,,,,,
6000.0,5922.0,0.987,11,1,binary,credit_default,coerror_cert_b6000_k64,complete,0.7839988537840283,0.5779283449149367,0.4252866710333592,0.1323889309912426,0.6568170319435181,0.0232521846916287,0.7686879839477794,0.7366128155012763,0.9391274215256626,0.9391274215256626,0.9898999895118764,1.1330984147077998,0.292469859673139,23.0,0.133997730920848,64.0,equal,True,7512227,112.08619629382156,257.70097300000003,64,6172.0,3118.0,256,0.0867260000668466,2951.825286565511,median 5 warm calls on training rows; end-to-end preprocessing,6000.0,,,,,,,,,,,,,,
6000.0,5922.0,0.987,11,1,binary,credit_default,abs_correlation_b6000_k64,complete,0.7830365524248766,0.5640704995979546,0.4433324282396648,0.1396180194699983,0.5750595060138445,0.0607721923276922,0.8106621384855358,0.6728435617316243,0.8957228813840244,0.8957228813840244,0.9815944723194416,1.239150311710606,0.2475305650262804,23.0,0.141388019932995,64.0,equal,True,7531603,113.22571479179896,258.84745800000013,64,6520.0,3292.0,256,0.0857140410225838,2986.6751928374183,median 5 warm calls on training rows; end-to-end preprocessing,6000.0,,,,,,,,,,,,,,
6000.0,5922.0,0.987,11,1,binary,credit_default,signed_correlation_b6000_k64,complete,0.7830365524248766,0.5640704995979546,0.4433324282396648,0.1396180194699983,0.5750595060138445,0.0607721923276922,0.8106621384855358,0.6728435617316243,0.8957228813840244,0.8957228813840244,0.9815944723194416,1.239150311710606,0.2475305650262804,23.0,0.141388019932995,64.0,equal,True,7531603,112.24681987497024,258.135473,64,6520.0,3292.0,256,0.0921351669821888,2778.5264669839785,median 5 warm calls on training rows; end-to-end preprocessing,6000.0,,,,,,,,,,,,,,
6000.0,5922.0,0.987,11,1,binary,credit_default,quality_diversity_l002_b6000_k64,complete,0.7804409717068111,0.5757355849240108,0.4259688894059125,0.1326799706480943,0.6554601798403974,0.0177458373557787,0.7703778434050549,0.7476663933349221,0.954502639519537,0.954502639519537,0.9845680652842206,1.095940188699802,0.3699368587463134,23.0,0.1351460565629192,64.0,equal,True,7509363,112.64546529273504,259.13233699999995,64,6140.0,3102.0,256,0.0928909580688923,2755.919470764186,median 5 warm calls on training rows; end-to-end preprocessing,6000.0,,,,,,,,,,,,,,
6000.0,5922.0,0.987,11,1,binary,credit_default,quality_diversity_l01_b6000_k64,complete,0.7815364886590996,0.5766503932684496,0.4256744778441389,0.1325973112004365,0.6557993928661776,0.0168468424361247,0.7698978990192322,0.7476219079813957,0.9538389854424728,0.9538389854424728,0.980132713702328,1.0974390929761864,0.3635921564198138,23.0,0.1350572145871512,64.0,equal,True,7509584,112.32082141679712,258.48906100000016,64,6140.0,3102.0,256,0.093188582919538,2747.117640162406,median 5 warm calls on training rows; end-to-end preprocessing,6000.0,,,,,,,,,,,,,,
6000.0,5922.0,0.987,11,1,binary,credit_default,quality_diversity_l05_b6000_k64,complete,0.783511790396665,0.5771487255008207,0.4252684091915317,0.132444570951609,0.6590995331508865,0.0198525353598956,0.7690110454653908,0.7411556577018751,0.9362562057925472,0.9362562057925472,0.983074192414593,1.1393460028277629,0.3650766516414667,23.0,0.1349617916121813,64.0,equal,True,7526611,112.38379999948664,258.80906799999997,64,6232.0,3148.0,256,0.1002755828667432,2552.9644673339853,median 5 warm calls on training rows; end-to-end preprocessing,6000.0,,,,,,,,,,,,,,
6000.0,5922.0,0.987,11,1,binary,credit_default,caruana_b6000_k64,complete,0.7829813453742633,0.576796653000003,0.4257718247762226,0.1325209019234677,0.6558037048961664,0.0231903861549982,0.7694542449113829,0.7334035864606999,0.9323798280138822,0.9323798280138822,0.9827385389426974,1.1466960914199622,0.2794364080656383,23.0,0.1337384352510404,64.0,frequency_weighted,True,3511440,111.09458954259752,255.4540120000001,30,2906.0,1468.0,256,0.043913166038692,5829.686699757375,median 5 warm calls on training rows; end-to-end preprocessing,6000.0,,,,,,,,,,,,,,
6000.0,5922.0,0.987,11,1,binary,credit_default,coerror_swap_b6000_k64,complete,0.7839988537840283,0.5779283449149367,0.4252866710333592,0.1323889309912426,0.6568170319435181,0.0232521846916287,0.7686879839477794,0.7366128155012763,0.9391274215256626,0.9391274215256626,0.9898999895118764,1.1330984147077998,0.292469859673139,23.0,0.133997730920848,64.0,equal,True,7512227,112.06479908293112,257.87779600000005,64,6172.0,3118.0,256,0.0929304999299347,2754.7468290067527,median 5 warm calls on training rows; end-to-end preprocessing,6000.0,,,,,,,,,,,,,,
6000.0,5922.0,0.987,11,1,binary,credit_default,coerror_b6000_k256,complete,0.78418694975884,0.5782002218631428,0.4253925633026192,0.1324156733876856,0.6572022399558448,0.0217163447924474,0.7688432579473033,0.7344151501694058,0.938630807753293,0.938630807753293,0.9999999999999968,1.1362106703626995,0.2746385216741502,23.0,0.1344045474735544,256.0,equal,True,30093155,118.185740707675,273.576624,256,24550.0,12403.0,256,0.3030799578409642,844.6615930121366,median 5 warm calls on training rows; end-to-end preprocessing,6000.0,,,,,,,,,,,,,,
1000.0,956.0,0.956,11,1,binary,credit_default,top_quality_f05_d3_b1000_k64,complete,0.768473324475814,0.5521450918105054,0.4408182103780385,0.1375968896467227,0.6461878780212956,0.01285633718788,0.798926880881158,0.7169275238673907,0.9892830260522624,0.9892830260522624,1.0,1.0213751709874177,0.3753306878306877,17.0,0.1394926845627529,64.0,equal,True,7027872,110.19540949934162,253.8022620000001,64,960.0,512.0,256,0.0451039159670472,5675.78212470582,median 5 warm calls on training rows; end-to-end preprocessing,6000.0,,,,,,,,,,,,,,
1000.0,956.0,0.956,11,1,binary,credit_default,coerror_f05_d3_b1000_k64,complete,0.7748819810458842,0.5624407007807359,0.4364335271670521,0.1359447414369267,0.645065312880896,0.0373300790334865,0.7893340360182061,0.7073113995659881,0.9595559489048026,0.9595559489048026,1.0,1.0863255646922467,0.2394179894179894,14.0,0.1379878904739539,64.0,equal,True,7027136,110.29436766682193,253.86131900000004,64,952.0,508.0,256,0.0470324580091983,5443.049562706953,median 5 warm calls on training rows; end-to-end preprocessing,6000.0,,,,,,,,,,,,,,
1000.0,968.0,0.968,11,1,binary,credit_default,top_quality_f05_d6_b1000_k64,complete,0.7674355625918594,0.5528862304617173,0.438091614337968,0.1367358361086626,0.6461878780212956,0.0172751661413185,0.7939273578599598,0.7217699025329876,0.9761932773873524,0.9761932773873524,1.0,1.0486032498518905,0.3713624338624338,18.0,0.1388918794889255,64.0,equal,True,7342608,110.25405487488024,253.943278,64,4848.0,2456.0,256,0.0481047921348363,5321.715127308721,median 5 warm calls on training rows; end-to-end preprocessing,6000.0,,,,,,,,,,,,,,
1000.0,968.0,0.968,11,1,binary,credit_default,coerror_f05_d6_b1000_k64,complete,0.7744363392799276,0.5635858273876568,0.4345907911244442,0.1354131530750213,0.6443868868293356,0.0365281160449972,0.7862474820053925,0.7140092638140327,0.9473539227896272,0.9473539227896272,1.0,1.1140383820437412,0.2415674603174603,16.0,0.1374201562928433,64.0,equal,True,7356177,110.33126891590656,254.0245180000001,64,5064.0,2564.0,256,0.0463994999881833,5517.300834388212,median 5 warm calls on training rows; end-to-end preprocessing,6000.0,,,,,,,,,,,,,,
1000.0,998.0,0.998,11,1,binary,credit_default,top_quality_f20_d3_b1000_k64,complete,0.7596271296201441,0.5513811076062826,0.437982191400231,0.1365829634943886,0.6456057539728169,0.0189978014330771,0.7930397357544917,0.728113950518317,0.9851364411102832,0.9851364411102832,1.0,1.0298444426961484,0.244817255605946,23.0,0.1385450655514977,64.0,equal,True,7063536,110.39533937489614,254.49595400000004,64,960.0,512.0,256,0.0736514581367373,3475.830709620496,median 5 warm calls on training rows; end-to-end preprocessing,6000.0,,,,,,,,,,,,,,
1000.0,998.0,0.998,11,1,binary,credit_default,coerror_f20_d3_b1000_k64,complete,0.7740167656952666,0.56021049036849,0.4337430839462197,0.134907568416424,0.6517072764068716,0.0316116680124116,0.7833119129285655,0.7166877555981661,0.9641474734043274,0.9641474734043274,1.0,1.076223969577422,0.2084514361300075,23.0,0.1366414900631913,64.0,equal,True,7054800,110.5188936269842,254.50615900000008,64,960.0,512.0,256,0.0658738331403583,3886.2168450792456,median 5 warm calls on training rows; end-to-end preprocessing,6000.0,,,,,,,,,,,,,,
1000.0,1000.0,1.0,11,1,binary,credit_default,top_quality_f20_d6_b1000_k64,complete,0.7819431261537946,0.5751410338218603,0.4270004349834407,0.1330828862879441,0.6520551134926293,0.0226901551987225,0.7727172868054832,0.7410824513470855,0.9568703737504012,0.9568703737504012,0.9927677430808274,1.090629003513433,0.2461813429075333,23.0,0.1353205808297446,64.0,equal,True,7459760,110.4498679577373,254.79319000000004,64,6070.0,3067.0,256,0.0689147089142352,3714.736723601249,median 5 warm calls on training rows; end-to-end preprocessing,6000.0,,,,,,,,,,,,,,
1000.0,1000.0,1.0,11,1,binary,credit_default,coerror_f20_d6_b1000_k64,complete,0.783246143215844,0.5790614782714859,0.4264555425807497,0.1327368175964697,0.6553552537773383,0.0246593032322701,0.7707079130401301,0.7330113174746513,0.941427931263747,0.941427931263747,0.9947380723477662,1.1276318200003206,0.2174725214159738,23.0,0.1346021459588572,64.0,equal,True,7476128,110.60037183202805,254.95944400000013,64,6216.0,3140.0,256,0.0731793330051004,3498.255442997235,median 5 warm calls on training rows; end-to-end preprocessing,6000.0,,,,,,,,,,,,,,
1000.0,1000.0,1.0,11,1,binary,credit_default,top_quality_f50_d3_b1000_k64,complete,0.7591097513552841,0.5475659249353012,0.4359907794194996,0.1357544081709943,0.6593841271301428,0.0235169287245878,0.7882289066590347,0.7302023517785674,0.9852284278940968,0.9852284278940968,1.0,1.0296865868433815,0.4096799144759118,23.0,0.137537593375259,64.0,equal,True,7105955,110.87733691674656,256.238673,64,960.0,512.0,256,0.1105711248237639,2315.251838199447,median 5 warm calls on training rows; end-to-end preprocessing,6000.0,,,,,,,,,,,,,,
1000.0,1000.0,1.0,11,1,binary,credit_default,coerror_f50_d3_b1000_k64,complete,0.7699936417157803,0.5583973984544361,0.434024955223015,0.135048728969424,0.6585130970724191,0.0279438881506735,0.7841315314577436,0.7203586474302055,0.9670641050540764,0.9670641050540764,1.0,1.0693674533787607,0.3877270405769963,23.0,0.1364405212610183,64.0,equal,True,7108835,111.04457129258662,256.41448099999997,64,960.0,512.0,256,0.0975224170833826,2625.03748016333,median 5 warm calls on training rows; end-to-end preprocessing,6000.0,,,,,,,,,,,,,,
1000.0,1000.0,1.0,11,1,binary,credit_default,top_quality_f50_d6_b1000_k64,complete,0.7800024513237147,0.5752608913554519,0.4260472702035139,0.1326924536428003,0.6560926109054113,0.0161033944130837,0.7704503232412646,0.7474382159911108,0.9544799360970532,0.9544799360970532,0.9845680652842206,1.0959835407379088,0.4031199860326906,23.0,0.1352117140770672,64.0,equal,True,7513059,111.21778891677968,257.61969500000015,64,6120.0,3092.0,256,0.0894316670019179,2862.5207220447965,median 5 warm calls on training rows; end-to-end preprocessing,6000.0,,,,,,,,,,,,,,
1000.0,1000.0,1.0,11,1,binary,credit_default,coerror_f50_d6_b1000_k64,complete,0.783823040561306,0.5770652440490704,0.4252474146980859,0.1324376921184671,0.6564318239311915,0.020748723185919,0.7689711049934785,0.73709295520243,0.9378652690264304,0.9378652690264304,0.9898999895118764,1.1361822700308066,0.3765258808201643,23.0,0.1342052520772332,64.0,equal,True,7531763,111.39647287572734,257.93610000000007,64,6232.0,3148.0,256,0.0991161249112337,2582.828981956952,median 5 warm calls on training rows; end-to-end preprocessing,6000.0,,,,,,,,,,,,,,
,,,11,1,binary,credit_default,random_forest,complete,0.7690274856631537,0.5607422157168273,0.4349530745607973,0.1354256524050886,0.6647583538394315,0.0239052225535053,0.7863200566893797,,,,,,,,,,,,82626187,4.707577374996617,4.710616000000073,256,1031536.0,515896.0,256,0.0178222500253468,14364.067367246884,median 5 warm calls on training rows; end-to-end preprocessing,,4.707577374996617,4.710616000000073,1203027968.0,,,,,,,,,,,
,,,11,1,binary,credit_default,extra_trees,complete,0.7520953852393725,0.5204370396864593,0.4547372549868725,0.1412947642929169,0.6565295632776027,0.0322592806155615,0.820397798316564,,,,,,,,,,,,227373531,2.4977438340429217,2.499371999999994,256,2840878.0,1420567.0,256,0.0262278749141842,9760.607782277986,median 5 warm calls on training rows; end-to-end preprocessing,,2.4977438340429217,2.499371999999994,1451606016.0,,,,,,,,,,,
,,,11,1,binary,credit_default,xgboost,complete,0.7802712998601334,0.5656969819275472,0.4300428628921509,0.1333280877595319,0.6635682335625417,0.0162722955715216,0.7741409966537657,,,,,,,,,,,,990991,0.5346854580566287,0.5353189999999586,300,22896.0,11598.0,256,0.0022267918102443,114963.59867243803,median 5 warm calls on training rows; end-to-end preprocessing,,0.5346854580566287,0.5353189999999586,1465712640.0,,,,,,,,,,,
,,,11,1,binary,credit_default,lightgbm,complete,0.7773619209597064,0.5570620954324341,0.4341208106722565,0.1345457262498647,0.6615458914978267,0.0194504814211295,0.7812109538571596,,,,,,,,,,,,1036543,0.5276206249836832,0.52800000000002,300,18300.0,9300.0,256,0.0056205000728368,45547.54856017416,median 5 warm calls on training rows; end-to-end preprocessing,,0.5276206249836832,0.52800000000002,1484898304.0,,,,,,,,,,,
,,,11,1,binary,credit_default,catboost,complete,0.7881915842764049,0.575747695761329,0.4223195750627848,0.1316580894919803,0.661830485477083,0.0127147513578176,0.7644445092520703,,,,,,,,,,,,346871,1.4701820409391075,1.4778549999999768,300,37860.0,19080.0,256,0.0020099580287933,127365.84363091797,median 5 warm calls on training rows; end-to-end preprocessing,,1.4701820409391075,1.4778549999999768,1509441536.0,,,,,,,,,,,
,,,11,1,binary,credit_default,linear,complete,0.7299406978275732,0.5116286054634744,0.4626114635114474,0.1436133966376307,0.607470160752478,0.0517237852275864,0.83386044061777,,,,,,,,,,,,5706,0.0383775411173701,0.0384159999999837,1,,,256,0.0014463339466601,176999.23353880263,median 5 warm calls on training rows; end-to-end preprocessing,,0.0383775411173701,0.0384159999999837,1510375424.0,34.0,,,,,,,,,,
,,,11,1,binary,credit_default,rf_leaf5,complete,0.7827470584115421,0.5754969235260898,0.4259073266723562,0.1327236473669561,0.665997343789527,0.0168860483110541,0.7706314429221442,,,,,,,,,,,,35574187,4.017225750023499,4.019369999999981,256,443386.0,221821.0,256,0.0149788330309093,17090.784006453363,median 5 warm calls on training rows; end-to-end preprocessing,,4.017225750023499,4.019369999999981,1531510784.0,,,,,,,,,,,
,,,11,1,binary,credit_default,rf_shallow64,complete,0.7809375084933924,0.5703486299024424,0.4293197039566143,0.1339625843478541,0.63454970908171,0.0332740243266922,0.7778250652510973,,,,,,,,,,,,537787,0.5084216250106692,0.5087899999999763,64,6340.0,3202.0,256,0.0034634170588105,73915.44121108984,median 5 warm calls on training rows; end-to-end preprocessing,,0.5084216250106692,0.5087899999999763,1533493248.0,,,,,,,,,,,
,,,11,1,binary,credit_default,random_patches64,complete,0.7837302012489731,0.5619944269648764,0.4388474296424519,0.1378176078969041,0.5981561759768186,0.0542114956469271,0.8002084341460883,,,,,,,,,,,,4042504,0.7582110420335084,0.7554099999999835,64,5836.0,2950.0,256,0.0656285828445106,3900.739417252439,median 5 warm calls on training rows; end-to-end preprocessing,,0.7582110420335084,0.7554099999999835,1534115840.0,,,,,,,,,,,
1000.0,992.0,0.992,11,2,binary,credit_default,random_b1000_k16,complete,0.7671296127027238,0.5289121786599268,0.4548963055223146,0.1439986008667997,0.5684707241910631,0.0575374429696471,0.8357809536635125,0.6717845811463733,0.9231694913424452,0.9231694913424452,0.9962655650255228,1.158879689639593,0.134076972219387,23.0,0.1431091003252,16.0,equal,True,1803164,102.54680020874366,235.49642000000028,16,732.0,374.0,256,0.0152762089855968,16758.084433210388,median 5 warm calls on training rows; end-to-end preprocessing,6000.0,,,,,,,,,,,,,,
1000.0,992.0,0.992,11,2,binary,credit_default,top_quality_b1000_k16,complete,0.7761412603483847,0.5549408537088252,0.4308943233852551,0.1345891588573428,0.6616525423728814,0.0108364295282299,0.7811676979182018,0.7507664687528247,0.9513960517254872,0.9513960517254872,0.988948417525209,1.0975979490973389,0.3202809121849369,23.0,0.1336790155348494,16.0,equal,True,1871083,102.5866310428828,235.7330499999997,16,1496.0,756.0,256,0.0194591670297086,13155.75325547906,median 5 warm calls on training rows; end-to-end preprocessing,6000.0,,,,,,,,,,,,,,
1000.0,992.0,0.992,11,2,binary,credit_default,coerror_b1000_k16,complete,0.7772044997519,0.5571423074922633,0.4311654100482832,0.1346606809592561,0.6619375963020031,0.0138166179222643,0.7815828186914964,0.7408838481669767,0.9339670637523606,0.9339670637523606,0.9764901977003893,1.1375062884967626,0.2809035247589814,23.0,0.1330273359259393,16.0,equal,True,1870955,102.65547062503174,235.82730699999968,16,1502.0,759.0,256,0.0202937079593539,12614.747413963973,median 5 warm calls on training rows; end-to-end preprocessing,6000.0,,,,,,,,,,,,,,
1000.0,992.0,0.992,11,2,binary,credit_default,random_b1000_k64,complete,0.7750253323235226,0.5421245868242119,0.4509181932291988,0.142327633487422,0.5717604006163328,0.0612598476941298,0.8260825072795176,0.6713920140947566,0.9185303064192496,0.9185303064192496,0.9975272222071356,1.1800930109603671,0.1384356320219646,23.0,0.1417501262725486,64.0,equal,True,7303176,102.91681966674514,236.866977,64,3820.0,1942.0,256,0.0680288749281317,3763.107948947387,median 5 warm calls on training rows; end-to-end preprocessing,6000.0,,,,,,,,,,,,,,
1000.0,992.0,0.992,11,2,binary,credit_default,top_quality_b1000_k64,complete,0.7752893630357003,0.5562986955627642,0.4311136912929989,0.1346291907060073,0.6606818181818181,0.0105937296623209,0.7814000464025088,0.7472708444710077,0.9508426100060994,0.9508426100060994,0.9889484175252145,1.1042392147925268,0.3251995793329021,23.0,0.1338803631652741,64.0,equal,True,7522011,103.29251120914704,238.3392829999999,64,6200.0,3132.0,256,0.0778077500872314,3290.1606808190018,median 5 warm calls on training rows; end-to-end preprocessing,6000.0,,,,,,,,,,,,,,
1000.0,992.0,0.992,11,2,binary,credit_default,coerror_b1000_k64,complete,0.7775832441043586,0.5563870221768572,0.431048097260197,0.134615693490205,0.6621802773497689,0.0131900769213689,0.7813217073365243,0.7390921561757243,0.9355641515268648,0.9355641515268648,0.98894841752523,1.1414301778021692,0.2818249017630744,23.0,0.133205641182885,64.0,equal,True,7511387,103.35541108320469,238.2105939999998,64,6144.0,3104.0,256,0.0797494580037891,3210.053164095943,median 5 warm calls on training rows; end-to-end preprocessing,6000.0,,,,,,,,,,,,,,
1000.0,992.0,0.992,11,2,binary,credit_default,random_b1000_k128,complete,0.7739452482306548,0.5365066118758381,0.4518725053196437,0.1427919581257096,0.5737095531587056,0.0583459551414361,0.8287774896381065,0.6738744209980851,0.9237307949422404,0.9237307949422404,0.999999999999942,1.1689386288515111,0.1371092301759911,23.0,0.1420819613001409,128.0,equal,True,14578808,103.46791579201818,238.65414,128,6972.0,3550.0,256,0.1418424169532954,1804.8197816897975,median 5 warm calls on training rows; end-to-end preprocessing,6000.0,,,,,,,,,,,,,,
1000.0,992.0,0.992,11,2,binary,credit_default,top_quality_b1000_k128,complete,0.7748241753936956,0.5564739396507759,0.4317332453120625,0.1347736492319811,0.6585939907550077,0.0115273976395637,0.7822384968032522,0.7431455826244245,0.9521622452099542,0.9521622452099542,0.9999999999999968,1.1021706794572652,0.3007644341582294,23.0,0.1341505997743122,128.0,equal,True,15003739,104.24274887517096,241.728608,128,11564.0,5846.0,256,0.1513624170329421,1691.3049158318129,median 5 warm calls on training rows; end-to-end preprocessing,6000.0,,,,,,,,,,,,,,
1000.0,992.0,0.992,11,2,binary,credit_default,coerror_b1000_k128,complete,0.7772392990519966,0.5559993607575816,0.4315777952861726,0.1347508744139107,0.6620300462249615,0.0168847053405888,0.7821063096913511,0.7358188843284769,0.9361179574104168,0.9361179574104168,0.9999999999999888,1.14138455723753,0.2711184504953055,23.0,0.1335310295697387,128.0,equal,True,15010523,104.45910429209472,241.91087299999992,128,11696.0,5912.0,256,0.1535154171288013,1667.584955230997,median 5 warm calls on training rows; end-to-end preprocessing,6000.0,,,,,,,,,,,,,,
3000.0,2969.0,0.9896666666666668,11,2,binary,credit_default,random_b3000_k16,complete,0.7721899401948239,0.5391131393586472,0.4439916942128666,0.139626270704756,0.6091448382126349,0.0423735597915667,0.8104035524209481,0.6956603334302558,0.921643175326006,0.921643175326006,0.9901039178573036,1.1643479595681154,0.1559888897079299,23.0,0.1387518906203767,16.0,equal,True,1819544,102.70647212606856,235.74609299999983,16,898.0,457.0,256,0.0194259581621736,13178.243145735025,median 5 warm calls on training rows; end-to-end preprocessing,6000.0,,,,,,,,,,,,,,
3000.0,2969.0,0.9896666666666668,11,2,binary,credit_default,top_quality_b3000_k16,complete,0.7765443576819618,0.553396423051047,0.4313825900977585,0.1348398238143371,0.6640215716486904,0.0122737328934784,0.7826225800875123,0.7531923407839538,0.9554676857137244,0.9554676857137244,0.9769454165009032,1.0888673814320289,0.3420328528397414,23.0,0.1337284232533384,16.0,equal,True,1871803,102.71859908499756,235.9012210000002,16,1526.0,771.0,256,0.0227221248205751,11266.5519629656,median 5 warm calls on training rows; end-to-end preprocessing,6000.0,,,,,,,,,,,,,,
3000.0,2969.0,0.9896666666666668,11,2,binary,credit_default,coerror_b3000_k16,complete,0.7777437256796638,0.5577808818856075,0.4308847612772868,0.1345758746709719,0.6601463790446842,0.0091996596183213,0.7810905952943787,0.7446940074062086,0.9413851050599958,0.9413851050599958,0.9767674834053242,1.1203976896813186,0.2546100659674576,23.0,0.132818720732578,16.0,equal,True,1869595,102.8097082511522,235.97851699999967,16,1526.0,771.0,256,0.0210556250531226,12158.271215132325,median 5 warm calls on training rows; end-to-end preprocessing,6000.0,,,,,,,,,,,,,,
3000.0,2969.0,0.9896666666666668,11,2,binary,credit_default,random_b3000_k64,complete,0.7744594682823641,0.5424426770818671,0.4478410864795004,0.141180232091653,0.5830546995377504,0.0570814978814092,0.8194228854011237,0.6818080414217644,0.9172862288134388,0.9172862288134388,1.0,1.1836254378609612,0.1394080168476522,23.0,0.1404468873742345,64.0,equal,True,7325195,103.13178025186062,237.20827100000008,64,4106.0,2085.0,256,0.0728445830754935,3514.331322820402,median 5 warm calls on training rows; end-to-end preprocessing,6000.0,,,,,,,,,,,,,,
3000.0,2969.0,0.9896666666666668,11,2,binary,credit_default,top_quality_b3000_k64,complete,0.7763932125042439,0.5562650095410684,0.4309826649420725,0.1346520484443484,0.661070878274268,0.0098012706253785,0.7815327147911902,0.7501750729351335,0.9524888217421568,0.9524888217421568,0.98894841752523,1.1005031566633785,0.3390828038461598,23.0,0.13380902327786,64.0,equal,True,7515016,103.46849199896678,238.69276599999975,64,6154.0,3109.0,256,0.0845620001200586,3027.3645329644364,median 5 warm calls on training rows; end-to-end preprocessing,6000.0,,,,,,,,,,,,,,
3000.0,2969.0,0.9896666666666668,11,2,binary,credit_default,coerror_b3000_k64,complete,0.7781133295030164,0.5568791208923294,0.4310349881073784,0.1346829999463881,0.6620839753466872,0.0117415993401189,0.7817123601192442,0.7410628900594421,0.9360592952077784,0.9360592952077784,0.9802540220589804,1.140056374538184,0.2870203121359505,23.0,0.1328767964022991,64.0,equal,True,7507643,103.87501533399336,238.944574,64,6150.0,3107.0,256,0.0844128329772502,3032.714232787254,median 5 warm calls on training rows; end-to-end preprocessing,6000.0,,,,,,,,,,,,,,
3000.0,2969.0,0.9896666666666668,11,2,binary,credit_default,random_b3000_k128,complete,0.7755465383510485,0.5427035384524237,0.4494991502087978,0.1417085328208209,0.5822842835130971,0.0577081102027028,0.8224891907998374,0.6757569396579862,0.922551286568431,0.922551286568431,1.0,1.1722555206460723,0.1428061212943975,23.0,0.1411370223390201,128.0,equal,True,14596664,103.75741041824222,239.33035000000007,128,6938.0,3533.0,256,0.1456024169456213,1758.2125720866927,median 5 warm calls on training rows; end-to-end preprocessing,6000.0,,,,,,,,,,,,,,
3000.0,2969.0,0.9896666666666668,11,2,binary,credit_default,top_quality_b3000_k128,complete,0.77632811887911,0.5569680111401554,0.4309700926822482,0.1346183423884056,0.6616987673343606,0.008249304639498,0.7813370817821849,0.7483889343461256,0.9514213975952556,0.9514213975952556,0.999999999999998,1.103828435012684,0.3369235971854666,23.0,0.1338414605592655,128.0,equal,True,15075915,104.52673537493683,242.6997389999998,128,12344.0,6236.0,256,0.1541626669932156,1660.583622436072,median 5 warm calls on training rows; end-to-end preprocessing,6000.0,,,,,,,,,,,,,,
3000.0,2969.0,0.9896666666666668,11,2,binary,credit_default,coerror_b3000_k128,complete,0.7782005562664855,0.5568377443917009,0.4310851698431583,0.1346747649694212,0.6622765793528506,0.013187818606596,0.7816645635652404,0.7400705915378296,0.9363776860424344,0.9363776860424344,0.999999999999998,1.1405374341947183,0.2863644984073745,23.0,0.1330667887585063,128.0,equal,True,15060891,105.46173254214229,243.3281249999999,128,12326.0,6227.0,256,0.1554504169616848,1646.8273614415489,median 5 warm calls on training rows; end-to-end preprocessing,6000.0,,,,,,,,,,,,,,
6000.0,5944.0,0.9906666666666668,11,2,binary,credit_default,random_b6000_k16,complete,0.7709956647776239,0.5444162351484683,0.4481870818074586,0.1410903362823698,0.5796610169491525,0.0547607846681342,0.818901121962029,0.676756388400249,0.9152743397298528,0.9152743397298528,0.9835219984375796,1.1780409131998717,0.1452300060262521,23.0,0.1407760690627455,16.0,equal,True,1820040,103.05475579295307,236.05744199999992,16,924.0,470.0,256,0.0196139169856905,13051.956943978388,median 5 warm calls on training rows; end-to-end preprocessing,6000.0,,,,,,,,,,,,,,
6000.0,5944.0,0.9906666666666668,11,2,binary,credit_default,top_quality_b6000_k16,complete,0.7759366430753962,0.5515870803937516,0.4324482566269156,0.1353868078288256,0.661806625577812,0.0128259636402928,0.78579732497056,0.754125908329702,0.9566361963019062,0.9566361963019062,0.9769454165009032,1.0863929364068818,0.3734096742610674,23.0,0.1338977525047805,16.0,equal,True,1873451,102.88328746031038,236.0855710000002,16,1556.0,786.0,256,0.0226279161870479,11313.458909951789,median 5 warm calls on training rows; end-to-end preprocessing,6000.0,,,,,,,,,,,,,,
6000.0,5944.0,0.9906666666666668,11,2,binary,credit_default,coerror_b6000_k16,complete,0.7767634039330392,0.5569332525920496,0.431209333370925,0.1346308364756052,0.6621302003081664,0.0097426923095704,0.7814095985986818,0.7442056662021703,0.9406347246538018,0.9406347246538018,0.9758813338259812,1.1221175167067077,0.2576258342405788,23.0,0.1326913829539144,16.0,equal,True,1869672,103.115685749799,236.3436089999999,16,1534.0,775.0,256,0.0232561249285936,11007.852803768072,median 5 warm calls on training rows; end-to-end preprocessing,6000.0,,,,,,,,,,,,,,
6000.0,5944.0,0.9906666666666668,11,2,binary,credit_default,random_b6000_k64,complete,0.77229499099005,0.5288553463396585,0.4562273989856213,0.1445392558052413,0.5702696456086287,0.0623514202067379,0.8389189640145406,0.6677199213518947,0.9287728201541704,0.9287728201541704,0.9969210897015872,1.15468409088401,0.1321837658580826,23.0,0.1438746038764153,64.0,equal,True,7221195,103.37441554199904,237.37948799999992,64,2848.0,1456.0,256,0.0770577499642968,3322.18368844941,median 5 warm calls on training rows; end-to-end preprocessing,6000.0,,,,,,,,,,,,,,
6000.0,5944.0,0.9906666666666668,11,2,binary,credit_default,top_quality_b6000_k64,complete,0.7765217022276776,0.5561402904583113,0.4314490461635576,0.1348626150980922,0.6624768875192604,0.0104866363623344,0.7827548627677423,0.7515070751194157,0.9540134361979596,0.9540134361979596,0.98894841752523,1.0970344123032103,0.3301710804420358,23.0,0.1336594231777137,64.0,equal,True,7511179,103.53939008386806,238.6858649999998,64,6186.0,3125.0,256,0.0866202500183135,2955.429012798689,median 5 warm calls on training rows; end-to-end preprocessing,6000.0,,,,,,,,,,,,,,
6000.0,5944.0,0.9906666666666668,11,2,binary,credit_default,coerror_b6000_k64,complete,0.7785138152568488,0.5552462706217743,0.4311166711601513,0.1347076870530806,0.6632935285053929,0.0128535781441918,0.7818556463279325,0.7409020405182922,0.9366917312137044,0.9366917312137044,0.9830525958695912,1.1386077561300871,0.2737688324411336,23.0,0.132704468884787,64.0,equal,True,7500747,104.581873124931,239.88966700000003,64,6152.0,3108.0,256,0.0880112079903483,2908.7204441969934,median 5 warm calls on training rows; end-to-end preprocessing,6000.0,,,,,,,,,,,,,,
6000.0,5944.0,0.9906666666666668,11,2,binary,credit_default,random_b6000_k128,complete,0.7741498002141496,0.5377630692695738,0.4512366848683883,0.1425405003447915,0.572153312788906,0.0586791625974222,0.8273180058467584,0.674885636039258,0.923100799680412,0.923100799680412,1.0,1.1697598723323752,0.1489926622592017,23.0,0.1419214637427195,128.0,equal,True,14549467,104.11216837516986,239.91544899999977,128,6506.0,3317.0,256,0.1482303340453654,1727.0419151970066,median 5 warm calls on training rows; end-to-end preprocessing,6000.0,,,,,,,,,,,,,,
6000.0,5944.0,0.9906666666666668,11,2,binary,credit_default,top_quality_b6000_k128,complete,0.7763516230968113,0.5566983139484123,0.431086090577893,0.1346840091007308,0.6617950693374423,0.0112557508911104,0.7817182173426748,0.750121174764999,0.9530936311548024,0.9530936311548024,0.98894841752523,1.100000090286596,0.3344377595527064,23.0,0.133748883583918,128.0,equal,True,15065739,104.74049687478691,243.04890599999965,128,12380.0,6254.0,256,0.1561767081730067,1639.1688811651263,median 5 warm calls on training rows; end-to-end preprocessing,6000.0,,,,,,,,,,,,,,
6000.0,5944.0,0.9906666666666668,11,2,binary,credit_default,coerror_b6000_k128,complete,0.7784565563709488,0.5579298600784094,0.43076455430945,0.1345669046451801,0.6622765793528506,0.0120000877506087,0.781038532450257,0.7413297435702411,0.937571162272665,0.937571162272665,0.98894841752523,1.1376633919956642,0.2790945343902595,23.0,0.1328366318097257,128.0,equal,True,15049355,106.58840616815723,244.800795,128,12368.0,6248.0,256,0.1666934159584343,1535.7535180863688,median 5 warm calls on training rows; end-to-end preprocessing,6000.0,,,,,,,,,,,,,,
300.0,299.0,0.9966666666666668,11,2,binary,credit_default,top_quality_b300_k64,complete,0.7721653913452247,0.5550633860098111,0.4335087776368599,0.1352492404624092,0.6583474576271187,0.0113752391249709,0.7849988714855649,0.7382891343387146,0.9604188921428464,0.9604188921428464,0.9999999999999952,1.0828373264026048,0.2798518357241683,23.0,0.1346012225945653,64.0,equal,True,7357080,103.27279791771434,238.0535289999999,64,4246.0,2155.0,256,0.0883402919862419,2897.884920279291,median 5 warm calls on training rows; end-to-end preprocessing,6000.0,,,,,,,,,,,,,,
300.0,299.0,0.9966666666666668,11,2,binary,credit_default,coerror_b300_k64,complete,0.7769851270533545,0.5548760002157137,0.4321404149316765,0.1348962750720471,0.659364406779661,0.0161651526802474,0.7829502283127057,0.7326385835910203,0.93908566536407,0.93908566536407,0.9999999999999888,1.1334740058894404,0.2683977840742684,23.0,0.1338648360677646,64.0,equal,True,7431083,103.33885266794825,238.4932689999997,64,5184.0,2624.0,256,0.0931407499592751,2748.52843800306,median 5 warm calls on training rows; end-to-end preprocessing,6000.0,,,,,,,,,,,,,,
6000.0,5944.0,0.9906666666666668,11,2,binary,credit_default,random_cert_b6000_k64,complete,0.7738290982215141,0.544043816492254,0.4515198999551011,0.1424548293354363,0.5674961479198768,0.0623075070455643,0.8268207635300334,0.6682711390346372,0.9213850632708596,0.9213850632708596,0.9972733677322152,1.172463911542454,0.138416040008371,23.0,0.1419047930712571,64.0,equal,True,7265064,103.49750145990402,237.58907299999976,64,3364.0,1714.0,256,0.081090125022456,3156.9811975145763,median 5 warm calls on training rows; end-to-end preprocessing,6000.0,,,,,,,,,,,,,,
6000.0,5944.0,0.9906666666666668,11,2,binary,credit_default,top_quality_cert_b6000_k64,complete,0.7765217022276776,0.5561402904583113,0.4314490461635576,0.1348626150980922,0.6624768875192604,0.0104866363623344,0.7827548627677423,0.7515070751194157,0.9540134361979596,0.9540134361979596,0.98894841752523,1.0970344123032103,0.3301710804420358,23.0,0.1336594231777137,64.0,equal,True,7511179,103.6653009597212,239.00533600000028,64,6186.0,3125.0,256,0.0969837920274585,2639.6163178226725,median 5 warm calls on training rows; end-to-end preprocessing,6000.0,,,,,,,,,,,,,,
6000.0,5944.0,0.9906666666666668,11,2,binary,credit_default,coerror_cert_b6000_k64,complete,0.7785138152568488,0.5552462706217743,0.4311166711601513,0.1347076870530806,0.6632935285053929,0.0128535781441918,0.7818556463279325,0.7409020405182922,0.9366917312137044,0.9366917312137044,0.9830525958695912,1.1386077561300871,0.2737688324411336,23.0,0.132704468884787,64.0,equal,True,7500747,104.65894666686654,239.89572499999997,64,6152.0,3108.0,256,0.0919905409682542,2782.8948205484,median 5 warm calls on training rows; end-to-end preprocessing,6000.0,,,,,,,,,,,,,,
6000.0,5944.0,0.9906666666666668,11,2,binary,credit_default,abs_correlation_b6000_k64,complete,0.7778703872972761,0.5493896361465676,0.4456586761751928,0.1405510818626178,0.5747650231124808,0.0600749589056297,0.815771240348634,0.6768896514300995,0.8945798553182256,0.8945798553182256,0.994410395144918,1.2423738463107632,0.2509299285016151,23.0,0.140296154719542,64.0,equal,True,7538763,105.49033912597224,240.8504079999999,64,6520.0,3292.0,256,0.1021042908541858,2507.24037019748,median 5 warm calls on training rows; end-to-end preprocessing,6000.0,,,,,,,,,,,,,,
6000.0,5944.0,0.9906666666666668,11,2,binary,credit_default,signed_correlation_b6000_k64,complete,0.7778703872972761,0.5493896361465676,0.4456586761751928,0.1405510818626178,0.5747650231124808,0.0600749589056297,0.815771240348634,0.6768896514300995,0.8945798553182256,0.8945798553182256,0.994410395144918,1.2423738463107632,0.2509299285016151,23.0,0.140296154719542,64.0,equal,True,7538763,104.95502866781317,240.5384089999997,64,6520.0,3292.0,256,0.0964079590048641,2655.3824252942018,median 5 warm calls on training rows; end-to-end preprocessing,6000.0,,,,,,,,,,,,,,
6000.0,5944.0,0.9906666666666668,11,2,binary,credit_default,quality_diversity_l002_b6000_k64,complete,0.7766270794703717,0.5564590688663069,0.4313090711428572,0.134812921368428,0.662573189522342,0.0099813637672798,0.7824664358488705,0.7515048410023396,0.9537271899861248,0.9537271899861248,0.98894841752523,1.0976819526951285,0.3307243852941161,23.0,0.1336296423091075,64.0,equal,True,7510056,104.7681690021418,240.28665699999976,64,6174.0,3119.0,256,0.0955808339640498,2678.361229786796,median 5 warm calls on training rows; end-to-end preprocessing,6000.0,,,,,,,,,,,,,,
6000.0,5944.0,0.9906666666666668,11,2,binary,credit_default,quality_diversity_l01_b6000_k64,complete,0.7766037711211512,0.5563674644934484,0.4312617647439649,0.1348098822320868,0.6616525423728814,0.0105734043511137,0.7824487964256103,0.7514587103243259,0.9529876681863616,0.9529876681863616,0.98894841752523,1.099364084328008,0.3344337092405563,23.0,0.1336391060933772,64.0,equal,True,7511147,104.89630970801228,240.31589799999972,64,6150.0,3107.0,256,0.1022209159564226,2504.3798287733416,median 5 warm calls on training rows; end-to-end preprocessing,6000.0,,,,,,,,,,,,,,
6000.0,5944.0,0.9906666666666668,11,2,binary,credit_default,quality_diversity_l05_b6000_k64,complete,0.7782761615000915,0.5555845406160371,0.4307674165836912,0.1346655850762221,0.6611671802773498,0.0121886706141803,0.7816112826316319,0.7450579725547293,0.9358029166073872,0.9358029166073872,0.977343482272693,1.14045806903718,0.3372833290423682,23.0,0.1333215933709134,64.0,equal,True,7523723,105.02039891690949,240.92143,64,6228.0,3146.0,256,0.1111244999337941,2303.722402823139,median 5 warm calls on training rows; end-to-end preprocessing,6000.0,,,,,,,,,,,,,,
6000.0,5944.0,0.9906666666666668,11,2,binary,credit_default,caruana_b6000_k64,complete,0.7782327439868377,0.5564967521923945,0.4309793687618354,0.1346645665939823,0.6615986132511555,0.0138321246555717,0.78160537126824,0.7377888348591475,0.9317481813796632,0.9317481813796632,0.9785212202761856,1.1481404198072287,0.2678947059848762,23.0,0.1325404746109935,64.0,frequency_weighted,True,3861019,103.70469945902003,237.6198529999998,33,3209.0,1621.0,256,0.0586717501282691,4363.258287682374,median 5 warm calls on training rows; end-to-end preprocessing,6000.0,,,,,,,,,,,,,,
6000.0,5944.0,0.9906666666666668,11,2,binary,credit_default,coerror_swap_b6000_k64,complete,0.7785140111253298,0.5554896581639133,0.4310471885697342,0.1346886001812215,0.6632935285053929,0.013026004723326,0.781744864390686,0.7411928859768935,0.936427292439298,0.936427292439298,0.9830525958695912,1.1392216742274557,0.2758601301425503,23.0,0.1326918545900642,64.0,equal,True,7505595,104.59314316720702,239.97847299999975,64,6200.0,3132.0,256,0.0969373330008238,2640.881403223919,median 5 warm calls on training rows; end-to-end preprocessing,6000.0,,,,,,,,,,,,,,
6000.0,5944.0,0.9906666666666668,11,2,binary,credit_default,coerror_b6000_k256,complete,0.7785346426053119,0.5573060303659381,0.4308600226424062,0.1345969813610713,0.661502311248074,0.0135500385321339,0.7812131004400796,0.7401491822888623,0.9369731773952148,0.9369731773952148,0.999999999999998,1.139710217980333,0.2825933692758601,23.0,0.1330439463327072,256.0,equal,True,30122056,112.01163083384743,259.3121209999998,256,24828.0,12542.0,256,0.3203423749655485,799.1449773934271,median 5 warm calls on training rows; end-to-end preprocessing,6000.0,,,,,,,,,,,,,,
1000.0,957.0,0.957,11,2,binary,credit_default,top_quality_f05_d3_b1000_k64,complete,0.7611587579326735,0.5377297970069765,0.4446705959916104,0.1390187931862566,0.6487904468412943,0.0130830302068653,0.8068776977481641,0.7243379475063301,0.9893435296164822,0.9893435296164822,1.0,1.0212525506476728,0.3789682539682538,15.0,0.1385007038400031,64.0,equal,True,7027016,102.63284641783684,235.62871000000007,64,960.0,512.0,256,0.0516674169339239,4954.766760014176,median 5 warm calls on training rows; end-to-end preprocessing,6000.0,,,,,,,,,,,,,,
1000.0,957.0,0.957,11,2,binary,credit_default,coerror_f05_d3_b1000_k64,complete,0.7680797054138049,0.5466976138355346,0.4408094662815014,0.137520377247577,0.6499460708782743,0.0217376201230545,0.7981807555926449,0.7106578080335006,0.9589722233775017,0.9589722233775017,1.0,1.087713293103394,0.2418981481481481,13.0,0.1366885694755477,64.0,equal,True,7025896,102.75090391817504,235.73708299999987,64,946.0,505.0,256,0.0521458340808749,4909.308759026849,median 5 warm calls on training rows; end-to-end preprocessing,6000.0,,,,,,,,,,,,,,
1000.0,989.0,0.989,11,2,binary,credit_default,top_quality_f05_d6_b1000_k64,complete,0.7598379514768483,0.541892133884381,0.4417498152189474,0.1379727020442822,0.6485477657935286,0.0129986332440555,0.8008060897811742,0.7291178985212172,0.9777268926929968,0.9777268926929968,1.0,1.04538021287992,0.3763227513227512,16.0,0.1373417869395361,64.0,equal,True,7305880,102.64508474990726,235.7365950000002,64,4388.0,2226.0,256,0.0572126249317079,4474.536875481158,median 5 warm calls on training rows; end-to-end preprocessing,6000.0,,,,,,,,,,,,,,
1000.0,989.0,0.989,11,2,binary,credit_default,coerror_f05_d6_b1000_k64,complete,0.769521819748766,0.5486029440696979,0.4386206625005174,0.1367910426037364,0.6553235747303544,0.0240374004025482,0.7939476311004651,0.7177296547241734,0.9511967539110632,0.9511967539110632,1.0,1.1060354973083764,0.25380291005291,16.0,0.1359722517679172,64.0,equal,True,7300616,102.7478864172008,235.8084680000003,64,4380.0,2222.0,256,0.0555891247931867,4605.217314581221,median 5 warm calls on training rows; end-to-end preprocessing,6000.0,,,,,,,,,,,,,,
1000.0,998.0,0.998,11,2,binary,credit_default,top_quality_f20_d3_b1000_k64,complete,0.7577381760727064,0.535749967982513,0.4413778318702934,0.1377557830960783,0.6492719568567026,0.0107085953009304,0.799547072510824,0.7312725129709721,0.9845933065533948,0.9845933065533948,1.0,1.0309399135158124,0.2487185846560846,23.0,0.1374038120750396,64.0,equal,True,7063944,102.87948795896956,236.54303700000003,64,950.0,507.0,256,0.0886290420312434,2888.4437215258977,median 5 warm calls on training rows; end-to-end preprocessing,6000.0,,,,,,,,,,,,,,
1000.0,998.0,0.998,11,2,binary,credit_default,coerror_f20_d3_b1000_k64,complete,0.7709164033323757,0.5461132637868975,0.4379747125947994,0.1364855664866723,0.6603775038520802,0.0193846118819002,0.7921746199815763,0.7185100371509714,0.9622630900523554,0.9622630900523554,1.0,1.0801585288040505,0.1927024281934996,23.0,0.135583491804432,64.0,equal,True,7050488,103.0907639998477,236.7727100000003,64,958.0,511.0,256,0.0823415420018136,3109.0017720868204,median 5 warm calls on training rows; end-to-end preprocessing,6000.0,,,,,,,,,,,,,,
1000.0,1000.0,1.0,11,2,binary,credit_default,top_quality_f20_d6_b1000_k64,complete,0.7760271343135463,0.560371556491879,0.4312277189260092,0.1345542126637733,0.6617372881355932,0.0111280030419569,0.7809648670378142,0.7479012971555705,0.9580042166499156,0.9580042166499156,0.999999999999998,1.0880784039878757,0.2533245937263794,23.0,0.1339113912627546,64.0,equal,True,7469416,102.9290466257371,236.8078280000001,64,6144.0,3104.0,256,0.0745600410737097,3433.4745034128873,median 5 warm calls on training rows; end-to-end preprocessing,6000.0,,,,,,,,,,,,,,
1000.0,1000.0,1.0,11,2,binary,credit_default,coerror_f20_d6_b1000_k64,complete,0.7790601577394166,0.5602212665132297,0.4310404184391088,0.1345162599704384,0.6600963020030817,0.014125420955728,0.7807445861598155,0.739951403420047,0.9427553775841336,0.9427553775841336,0.9999999999999624,1.1241710089113917,0.2115555713025951,23.0,0.1332624442572661,64.0,equal,True,7466696,103.01716300100088,236.83943299999976,64,6192.0,3128.0,256,0.0669582500122487,3823.277937418759,median 5 warm calls on training rows; end-to-end preprocessing,6000.0,,,,,,,,,,,,,,
1000.0,1000.0,1.0,11,2,binary,credit_default,top_quality_f50_d3_b1000_k64,complete,0.7572966232273902,0.5269537538670296,0.4405125992747986,0.1372499161561931,0.6586825885978429,0.0073487166010525,0.7966109748619642,0.7344328064080574,0.9877171924762198,0.9877171924762198,1.0,1.0245482102120635,0.4062185124837159,23.0,0.1367195419277534,64.0,equal,True,7104667,103.34719883394428,238.33980700000015,64,960.0,512.0,256,0.1007777499035,2540.2432604928495,median 5 warm calls on training rows; end-to-end preprocessing,6000.0,,,,,,,,,,,,,,
1000.0,1000.0,1.0,11,2,binary,credit_default,coerror_f50_d3_b1000_k64,complete,0.7690075344075632,0.5434981168866468,0.4380785473259592,0.1364861884748379,0.6589214175654854,0.0172053472275332,0.7921782300573619,0.7230015135705654,0.963809596346425,0.963809596346425,1.0,1.0764521119382158,0.3789404529549929,23.0,0.1354009971664842,64.0,equal,True,7111563,103.5536063767504,238.67797000000007,64,958.0,511.0,256,0.1040277499705553,2460.8818327077142,median 5 warm calls on training rows; end-to-end preprocessing,6000.0,,,,,,,,,,,,,,
1000.0,1000.0,1.0,11,2,binary,credit_default,top_quality_f50_d6_b1000_k64,complete,0.7751679898670707,0.5534386267516452,0.4317827723680466,0.1350163959407379,0.6614137134052388,0.0105655850000218,0.783647420740861,0.750922058921641,0.9536297564497314,0.9536297564497314,0.98867877180891,1.0979087258825084,0.4032111135052312,23.0,0.1339542203431893,64.0,equal,True,7522011,103.72265708306804,239.93566500000009,64,6146.0,3105.0,256,0.1013326249085366,2526.333451157185,median 5 warm calls on training rows; end-to-end preprocessing,6000.0,,,,,,,,,,,,,,
1000.0,1000.0,1.0,11,2,binary,credit_default,coerror_f50_d6_b1000_k64,complete,0.7776936486380611,0.554133621149587,0.4312199063147391,0.1348030987905881,0.662715716486903,0.0123652911134678,0.7824094247152552,0.7412109249989451,0.9352816824896903,0.9352816824896903,0.9812131615185412,1.1417576522865498,0.3699656588906367,23.0,0.1328879595424656,64.0,equal,True,7529355,103.92639341694304,240.17633500000025,64,6238.0,3151.0,256,0.0992677919566631,2578.88278719608,median 5 warm calls on training rows; end-to-end preprocessing,6000.0,,,,,,,,,,,,,,
,,,11,2,binary,credit_default,random_forest,complete,0.7688151915593742,0.5411241897197104,0.437524350495007,0.1376062392538475,0.665130970724191,0.0199719841016877,0.798679106472808,,,,,,,,,,,,81843787,4.965286790858954,4.968628999999964,256,1021756.0,511006.0,256,0.0189366249833256,13518.77645702006,median 5 warm calls on training rows; end-to-end preprocessing,,4.965286790858954,4.968628999999964,1560412160.0,,,,,,,,,,,
,,,11,2,binary,credit_default,extra_trees,complete,0.7444185317698676,0.4894174129617867,0.4726669713705913,0.1463950488566676,0.65057781201849,0.0413650215926703,0.8496901553801982,,,,,,,,,,,,225622171,2.6145817921496928,2.616686999999956,256,2818986.0,1409621.0,256,0.0269377920776605,9503.37723529688,median 5 warm calls on training rows; end-to-end preprocessing,,2.6145817921496928,2.616686999999956,1509146624.0,,,,,,,,,,,
,,,11,2,binary,credit_default,xgboost,complete,0.7772831083022119,0.550129043081332,0.4347507059574127,0.1360309442979812,0.6672919876733436,0.0215300470372672,0.7895359515213711,,,,,,,,,,,,922958,0.5323774998541921,0.5330249999999523,300,20896.0,10598.0,256,0.0022096659522503,115854.61582520435,median 5 warm calls on training rows; end-to-end preprocessing,,0.5323774998541921,0.5330249999999523,1523302400.0,,,,,,,,,,,
,,,11,2,binary,credit_default,lightgbm,complete,0.7779064923872451,0.5533683549249983,0.4353899833004553,0.1359230558141428,0.6659861325115563,0.0223875280138214,0.7889097569655283,,,,,,,,,,,,1036143,0.545503499917686,0.5458550000000741,300,18300.0,9300.0,256,0.0058145420625805,44027.54288209297,median 5 warm calls on training rows; end-to-end preprocessing,,0.545503499917686,0.5458550000000741,1543225344.0,,,,,,,,,,,
,,,11,2,binary,credit_default,catboost,complete,0.7836689430936774,0.558355390486503,0.4268566626484047,0.1335037558712427,0.6698035439137134,0.0098184161778025,0.7748679204386204,,,,,,,,,,,,348255,1.521572166820988,1.529592999999977,300,38036.0,19168.0,256,0.0019429160747677,131760.70923732867,median 5 warm calls on training rows; end-to-end preprocessing,,1.521572166820988,1.529592999999977,1571061760.0,,,,,,,,,,,
,,,11,2,binary,credit_default,linear,complete,0.7314088166932178,0.5121874434349039,0.4625951437438283,0.1432378611784606,0.624784283513097,0.0462694804911611,0.8313655514416679,,,,,,,,,,,,5706,0.0403395420871675,0.0403739999999288,1,,,256,0.0015502078458666,165139.14613616033,median 5 warm calls on training rows; end-to-end preprocessing,,0.0403395420871675,0.0403739999999288,1571979264.0,34.0,,,,,,,,,,
,,,11,2,binary,credit_default,rf_leaf5,complete,0.7779089733880024,0.557586519539,0.4294765441773551,0.1345617258536579,0.6683936825885979,0.0145710586812838,0.7810084742740583,,,,,,,,,,,,35207947,4.157814041012898,4.160448000000088,256,438808.0,219532.0,256,0.0154315000399947,16589.443627418586,median 5 warm calls on training rows; end-to-end preprocessing,,4.157814041012898,4.160448000000088,1590198272.0,,,,,,,,,,,
,,,11,2,binary,credit_default,rf_shallow64,complete,0.7783691337389986,0.5492533501364547,0.4332611820435877,0.1357362435721007,0.6363983050847457,0.0228543921684233,0.787825481751255,,,,,,,,,,,,556507,0.5197903749067336,0.51949599999989,64,6574.0,3319.0,256,0.0036154589615762,70807.05457334033,median 5 warm calls on training rows; end-to-end preprocessing,,0.5197903749067336,0.51949599999989,1592164352.0,,,,,,,,,,,
,,,11,2,binary,credit_default,random_patches64,complete,0.7769215350865738,0.5427731209612567,0.4455739384629398,0.1405884366399757,0.5880046224961479,0.0580258545584893,0.8159880508680155,,,,,,,,,,,,4038688,0.7336421250365674,0.7342879999998786,64,5806.0,2935.0,256,0.062840208876878,4073.824778360896,median 5 warm calls on training rows; end-to-end preprocessing,,0.7336421250365674,0.7342879999998786,1593868288.0,,,,,,,,,,,
1000.0,823.0,0.823,11,0,binary,higgs,random_b1000_k16,complete,0.7457331807381988,0.7711805312326733,0.6417949469517454,0.2247610161716845,0.6553696790482282,0.1036748906654023,0.9019897735315842,0.6028638708081508,0.9316786104289334,0.9316786104289334,0.9930137130277428,1.1381459463770998,0.1443339316865363,28.0,0.2247937482302943,16.0,equal,True,1808021,110.9449762078002,358.68339100000003,16,876.0,446.0,256,0.0105703750159591,24218.629860671113,median 5 warm calls on training rows; end-to-end preprocessing,6000.0,,,,,,,,,,,,,,
1000.0,823.0,0.823,11,0,binary,higgs,top_quality_b1000_k16,complete,0.7445240274136751,0.7607311641652914,0.5957245473620809,0.2046539172161509,0.681696402614245,0.0206117332539227,0.821297854878639,0.7098678113404887,0.9434357996365924,0.9434357996365924,0.9781762996110072,1.1147151914815183,0.372686298498319,28.0,0.2079747441292823,16.0,equal,True,1893493,111.09333108202554,359.44420299999996,16,1906.0,961.0,256,0.0132005410268902,19393.14452934262,median 5 warm calls on training rows; end-to-end preprocessing,6000.0,,,,,,,,,,,,,,
1000.0,823.0,0.823,11,0,binary,higgs,coerror_b1000_k16,complete,0.763870751463624,0.7873674422173892,0.5896881032918879,0.201734868987582,0.6929224105023397,0.0616292680580536,0.8095834050355954,0.6913627302317014,0.8944256672304115,0.8944256672304115,0.966983781423674,1.2307067275829706,0.3489726402083381,28.0,0.2025770199985441,16.0,equal,True,1893733,111.17357945791446,359.65011999999996,16,1902.0,959.0,256,0.013144209049642,19476.257493559177,median 5 warm calls on training rows; end-to-end preprocessing,6000.0,,,,,,,,,,,,,,
1000.0,823.0,0.823,11,0,binary,higgs,random_b1000_k64,complete,0.7512056773190734,0.7769883760390404,0.6484743938743704,0.227946571718675,0.6503476637451368,0.1106027855314481,0.9147737454825184,0.5873805156997658,0.9381788999861014,0.9381788999861014,0.999090880504487,1.12961087847863,0.112680144761485,28.0,0.227999123210759,64.0,equal,True,7277992,111.45986987510696,360.891806,64,3912.0,1988.0,256,0.0463714578654617,5520.637301133321,median 5 warm calls on training rows; end-to-end preprocessing,6000.0,,,,,,,,,,,,,,
1000.0,823.0,0.823,11,0,binary,higgs,top_quality_b1000_k64,complete,0.7447442346161026,0.7706639172695544,0.5974745684183929,0.2054045440696615,0.6724265732220096,0.0296616522895614,0.8243101999780557,0.6996227337889657,0.924583999205318,0.924583999205318,0.9898231362540968,1.1665130399774586,0.3350847942354021,28.0,0.2061622722507506,64.0,equal,True,7586901,112.43152437498792,364.727212,64,7574.0,3819.0,256,0.0504406250547617,5075.274141073173,median 5 warm calls on training rows; end-to-end preprocessing,6000.0,,,,,,,,,,,,,,
1000.0,823.0,0.823,11,0,binary,higgs,coerror_b1000_k64,complete,0.762975070630625,0.7880061419397697,0.5911074775166821,0.2023687159302251,0.6872985948270538,0.0590324587085789,0.8121270999787242,0.6878520643364243,0.897461864722776,0.897461864722776,0.9813867099913418,1.2371494366860731,0.3418658241916295,28.0,0.2030824736551236,64.0,equal,True,7593733,112.68923120689578,365.31470599999994,64,7636.0,3850.0,256,0.0511180001776665,5008.020640679258,median 5 warm calls on training rows; end-to-end preprocessing,6000.0,,,,,,,,,,,,,,
1000.0,823.0,0.823,11,0,binary,higgs,random_b1000_k128,complete,0.7569188759916546,0.7848684413105034,0.6451927791678187,0.2263568283290798,0.6614878549272423,0.1179706427743724,0.9083939368111648,0.5947631313558657,0.935216826181246,0.935216826181246,0.9994290621076746,1.1383414056322,0.1312273648907571,28.0,0.2263161425161409,128.0,equal,True,14582197,112.45451554236934,364.5807000000001,128,7772.0,3950.0,256,0.0865201251581311,2958.849164077304,median 5 warm calls on training rows; end-to-end preprocessing,6000.0,,,,,,,,,,,,,,
1000.0,823.0,0.823,11,0,binary,higgs,top_quality_b1000_k128,complete,0.7336534749400774,0.7628696759072617,0.6105767108698597,0.2111767856677032,0.6535085715585831,0.0536903752305461,0.8474748171366212,0.6915723995850254,0.9422417272661948,0.9422417272661948,1.0,1.124700905550294,0.3281063065434952,28.0,0.2101098491375843,128.0,equal,True,14763525,113.7612554980442,370.014629,128,9686.0,4907.0,256,0.094038208015263,2722.29772773264,median 5 warm calls on training rows; end-to-end preprocessing,6000.0,,,,,,,,,,,,,,
1000.0,823.0,0.823,11,0,binary,higgs,coerror_b1000_k128,complete,0.7627304411041889,0.7897682880668352,0.5946730303308115,0.2037525646015206,0.6902394308668562,0.0697947980231201,0.8176806313289754,0.6803365393650833,0.8956794934672812,0.8956794934672812,0.9898231362540706,1.244152830610328,0.3012680600138697,28.0,0.2044406673323137,128.0,equal,True,15206869,114.85651270789094,373.4219910000001,128,15236.0,7682.0,256,0.0968612500000745,2642.955774365942,median 5 warm calls on training rows; end-to-end preprocessing,6000.0,,,,,,,,,,,,,,
3000.0,2456.0,0.8186666666666667,11,0,binary,higgs,random_b3000_k16,complete,0.7600611397758672,0.785855631456343,0.6229072462353878,0.2158775841645496,0.6782821526892726,0.1047484862293868,0.8663396196001825,0.6267227052907802,0.9045477433949648,0.9045477433949648,0.9866702044057732,1.201802689578619,0.2179907754771464,28.0,0.2158425401665402,16.0,equal,True,1848888,111.19246095768176,359.2611,16,1368.0,692.0,256,0.0149210828822106,17156.93170669344,median 5 warm calls on training rows; end-to-end preprocessing,6000.0,,,,,,,,,,,,,,
3000.0,2456.0,0.8186666666666667,11,0,binary,higgs,top_quality_b3000_k16,complete,0.7394286097097743,0.7502223946805067,0.5986773912449893,0.2057342121347465,0.6768466527241229,0.0133912114821472,0.8256331928548076,0.7143254979831446,0.9553540395216564,0.9553540395216564,0.9796191621259156,1.0890328638177078,0.3935693810496946,28.0,0.2089455675987686,16.0,equal,True,1894245,111.36188774881884,360.00331299999993,16,1916.0,966.0,256,0.0152881669346243,16744.976758476954,median 5 warm calls on training rows; end-to-end preprocessing,6000.0,,,,,,,,,,,,,,
3000.0,2456.0,0.8186666666666667,11,0,binary,higgs,coerror_b3000_k16,complete,0.7613758824088123,0.7854256317144912,0.5897297387743858,0.2018087779260575,0.690914543354004,0.0559963493333073,0.8098800094370748,0.6945849292486479,0.8967641393786546,0.8967641393786546,0.9659771796341045,1.2252789174776817,0.312492065256401,28.0,0.2020380899433377,16.0,equal,True,1893797,111.39633662393317,359.89504999999997,16,1912.0,964.0,256,0.0141313751228153,18115.71752749548,median 5 warm calls on training rows; end-to-end preprocessing,6000.0,,,,,,,,,,,,,,
3000.0,2456.0,0.8186666666666667,11,0,binary,higgs,random_b3000_k64,complete,0.7511824738541191,0.7784918534069265,0.6406655711554132,0.2242022179657547,0.6606151518445581,0.1090904864228395,0.8997472571210362,0.6025181839248449,0.9318152140113072,0.9318152140113072,0.999586838919276,1.1451106060397895,0.1423691786126265,28.0,0.2241570378039711,64.0,equal,True,7262557,111.8511484998744,361.930488,64,3680.0,1872.0,256,0.0518029169179499,4941.8066632324135,median 5 warm calls on training rows; end-to-end preprocessing,6000.0,,,,,,,,,,,,,,
3000.0,2456.0,0.8186666666666667,11,0,binary,higgs,top_quality_b3000_k64,complete,0.746434701838184,0.7667498305203557,0.5942890288244477,0.2040930049497927,0.6767690971739444,0.0189459545613491,0.8190468545195861,0.7081757472780691,0.9366951569405368,0.9366951569405368,0.9883368485689964,1.1370655838599275,0.3681074337870661,28.0,0.2063448471410867,64.0,equal,True,7591269,112.71776133170351,365.50861,64,7626.0,3845.0,256,0.0524392498191446,4881.839478690237,median 5 warm calls on training rows; end-to-end preprocessing,6000.0,,,,,,,,,,,,,,
3000.0,2456.0,0.8186666666666667,11,0,binary,higgs,coerror_b3000_k64,complete,0.7644919181518991,0.7886172296740656,0.5894888889024466,0.2016611379901483,0.6921227035341134,0.0616118018836178,0.8092875147303717,0.6911272551210383,0.8973448885625139,0.8973448885625139,0.9882447738664883,1.237215232365112,0.3373234952443945,28.0,0.2020227252609223,64.0,equal,True,7593893,113.22643187409268,366.150818,64,7648.0,3856.0,256,0.0531163339037448,4819.609735564815,median 5 warm calls on training rows; end-to-end preprocessing,6000.0,,,,,,,,,,,,,,
3000.0,2456.0,0.8186666666666667,11,0,binary,higgs,random_b3000_k128,complete,0.7520843392682439,0.781122449416312,0.6411614565565822,0.2244413785145352,0.6594886552210686,0.1088654641034516,0.9007070337446986,0.6031666590017299,0.9328544035762434,0.9328544035762434,1.0,1.144419161405621,0.1304049317287122,28.0,0.2242527409200409,128.0,equal,True,14565704,112.69419170706531,365.062805,128,7578.0,3853.0,256,0.0885154579300433,2892.1502072815933,median 5 warm calls on training rows; end-to-end preprocessing,6000.0,,,,,,,,,,,,,,
3000.0,2456.0,0.8186666666666667,11,0,binary,higgs,top_quality_b3000_k128,complete,0.7456811760852269,0.7673523660048036,0.5962084442125487,0.2048697706233408,0.6749160251254702,0.023022678873275,0.8221640974734782,0.7035792204298663,0.9294645319438668,0.9294645319438668,0.991591169314867,1.1558975006390322,0.3467508773587738,28.0,0.2059711145600701,128.0,equal,True,15206853,114.83302091713996,373.819292,128,15220.0,7674.0,256,0.0956521248444914,2676.365009310536,median 5 warm calls on training rows; end-to-end preprocessing,6000.0,,,,,,,,,,,,,,
3000.0,2456.0,0.8186666666666667,11,0,binary,higgs,coerror_b3000_k128,complete,0.7639374275681721,0.7888133979573131,0.5901456459842901,0.2019424621483367,0.6865719742591414,0.0573449388009673,0.810416498386236,0.6896488048737512,0.8979506108006473,0.8979506108006473,0.9882447738664883,1.2380509016583374,0.3345108827337031,28.0,0.2024337161787792,128.0,equal,True,15212645,115.93484520795757,375.4141029999999,128,15268.0,7698.0,256,0.1003490420989692,2551.0956023628014,median 5 warm calls on training rows; end-to-end preprocessing,6000.0,,,,,,,,,,,,,,
6000.0,4953.0,0.8255,11,0,binary,higgs,random_b6000_k16,complete,0.723778504598981,0.7557579795218508,0.6396688275572154,0.2238721896497022,0.644638437650213,0.0894844654594696,0.8984228185189798,0.6166323949108601,0.9416296465275534,0.9416296465275534,0.9956208081409136,1.1177435681700432,0.1584097687222266,28.0,0.2227554816266729,16.0,equal,True,1792693,111.35254987492226,359.10258799999997,16,682.0,349.0,256,0.0129530420526862,19763.697126800456,median 5 warm calls on training rows; end-to-end preprocessing,6000.0,,,,,,,,,,,,,,
6000.0,4953.0,0.8255,11,0,binary,higgs,top_quality_b6000_k16,complete,0.7412684548803657,0.7506273847927867,0.5970566357168771,0.2051074631434809,0.6776033836249626,0.0034985475822191,0.8231179827426545,0.7152204874609113,0.958196002543825,0.958196002543825,0.9904778207535476,1.0830241267814589,0.4105878109628615,28.0,0.2091695081188616,16.0,equal,True,1896085,111.399081250187,359.92994200000004,16,1938.0,977.0,256,0.0150189169216901,17045.170522934877,median 5 warm calls on training rows; end-to-end preprocessing,6000.0,,,,,,,,,,,,,,
6000.0,4953.0,0.8255,11,0,binary,higgs,coerror_b6000_k16,complete,0.7632517967788173,0.7878811732810401,0.5897769553189416,0.2018234137190067,0.6902954080974857,0.0585556261484431,0.809938744424986,0.692847011897957,0.894959460372178,0.894959460372178,0.9532955769296556,1.229664178565033,0.3172893339778183,28.0,0.2018584784619216,16.0,equal,True,1894997,111.7533297499176,360.19688,16,1928.0,972.0,256,0.0139913340099155,18297.040140602323,median 5 warm calls on training rows; end-to-end preprocessing,6000.0,,,,,,,,,,,,,,
6000.0,4953.0,0.8255,11,0,binary,higgs,random_b6000_k64,complete,0.743650015186081,0.7756501881159276,0.6421342478514724,0.2249308743813393,0.649530937893082,0.0974134984413006,0.9026714325250728,0.5986400139426364,0.9329249351633376,0.9329249351633376,0.9999999999999972,1.142537189062006,0.124300298411824,28.0,0.2247825889326718,64.0,equal,True,7293525,111.97853695903903,361.78775100000007,64,4092.0,2078.0,256,0.0559494171757251,4575.5615147153185,median 5 warm calls on training rows; end-to-end preprocessing,6000.0,,,,,,,,,,,,,,
6000.0,4953.0,0.8255,11,0,binary,higgs,top_quality_b6000_k64,complete,0.7444491804391721,0.7609671656343564,0.5955371638858321,0.2045745307689989,0.6787556568602986,0.0139292530945021,0.8209792686544449,0.7116025646560871,0.9480408957669704,0.9480408957669704,0.990477820753514,1.1105079929672486,0.3847540937136629,28.0,0.2077623402637218,64.0,equal,True,7595021,113.0313334579114,366.332596,64,7676.0,3870.0,256,0.056496333098039,4531.26753475768,median 5 warm calls on training rows; end-to-end preprocessing,6000.0,,,,,,,,,,,,,,
6000.0,4953.0,0.8255,11,0,binary,higgs,coerror_b6000_k64,complete,0.763227329311881,0.7877063741619267,0.5894951349283745,0.2016982325996587,0.6895902755632664,0.057328951782431,0.8094363793288747,0.6931526190633812,0.8982156913658251,0.8982156913658251,0.9854233910242198,1.234861454512013,0.3373115916105403,28.0,0.2016966666066154,64.0,equal,True,7594629,114.20365437376311,367.740329,64,7662.0,3863.0,256,0.0604433750268071,4235.369052215593,median 5 warm calls on training rows; end-to-end preprocessing,6000.0,,,,,,,,,,,,,,
6000.0,4953.0,0.8255,11,0,binary,higgs,random_b6000_k128,complete,0.7532792725704709,0.7816092322280841,0.6464786543757677,0.2269813624918386,0.6538346389269996,0.1113218333239855,0.9109002585818374,0.5915686017728924,0.9397483106023952,0.9397483106023952,0.999590741365274,1.126890829341705,0.1245786833647531,28.0,0.2269874214206695,128.0,equal,True,14487941,112.97694804193452,365.625714,128,6604.0,3366.0,256,0.1103414581157267,2320.070845280165,median 5 warm calls on training rows; end-to-end preprocessing,6000.0,,,,,,,,,,,,,,
6000.0,4953.0,0.8255,11,0,binary,higgs,top_quality_b6000_k128,complete,0.7466885856648452,0.7678061716869289,0.5944098112055869,0.2041260830491374,0.6772334373306013,0.022236830517453,0.8191796004372056,0.7077070632042853,0.9351186741996986,0.9351186741996986,0.990477820753514,1.142104222771772,0.3650693826822772,28.0,0.2059968174377588,128.0,equal,True,15209253,115.2386515410617,375.2122250000001,128,15236.0,7682.0,256,0.1054768750909715,2427.0722827084646,median 5 warm calls on training rows; end-to-end preprocessing,6000.0,,,,,,,,,,,,,,
6000.0,4953.0,0.8255,11,0,binary,higgs,coerror_b6000_k128,complete,0.7636078390513774,0.7880575610779456,0.5895268162721492,0.2017119445732307,0.6899987287751497,0.0586889080925937,0.8094914069317374,0.691869651422663,0.8987256645843005,0.8987256645843005,0.9908654109096228,1.2357690953251528,0.3302793617723507,28.0,0.2019574308779329,128.0,equal,True,15215861,117.77580741606651,378.7035640000001,128,15322.0,7725.0,256,0.1160255409777164,2206.4107423482446,median 5 warm calls on training rows; end-to-end preprocessing,6000.0,,,,,,,,,,,,,,
300.0,245.0,0.8166666666666667,11,0,binary,higgs,top_quality_b300_k64,complete,0.7317042484551187,0.7645579893206815,0.6148602715803054,0.2130731559119114,0.6475623450920428,0.0664003939079752,0.8550851518656601,0.6858614814995729,0.944279671288069,0.944279671288069,0.9996402359529704,1.1190005085215435,0.3006533951791196,28.0,0.2122043550352859,64.0,equal,True,7360293,112.36600920907222,364.45362099999994,64,4764.0,2414.0,256,0.0549815839622169,4656.104490840456,median 5 warm calls on training rows; end-to-end preprocessing,6000.0,,,,,,,,,,,,,,
300.0,245.0,0.8166666666666667,11,0,binary,higgs,coerror_b300_k64,complete,0.7573560852486275,0.7866003374598471,0.6014416330378918,0.2066731456569999,0.6805525259635036,0.0710781388229743,0.8294012325688284,0.6716543390638983,0.900025653004519,0.900025653004519,0.99960906224931,1.2302177065388291,0.2788013269935947,28.0,0.2071951058818631,64.0,equal,True,7532485,112.65712974988855,365.469233,64,6920.0,3492.0,256,0.0561799169518053,4556.788508954415,median 5 warm calls on training rows; end-to-end preprocessing,6000.0,,,,,,,,,,,,,,
6000.0,4953.0,0.8255,11,0,binary,higgs,random_cert_b6000_k64,complete,0.7495313261222623,0.7812078832928208,0.6315162527561623,0.2199160509205568,0.6688532396190225,0.102480067228666,0.8825464146072105,0.6237041673114667,0.9258739228980344,0.9258739228980344,0.9994575320327872,1.1612266010557664,0.1534548600633189,28.0,0.2197395658523792,64.0,equal,True,7306373,112.16396058280952,362.501499,64,4210.0,2137.0,256,0.0563297499902546,4544.667782908488,median 5 warm calls on training rows; end-to-end preprocessing,6000.0,,,,,,,,,,,,,,
6000.0,4953.0,0.8255,11,0,binary,higgs,top_quality_cert_b6000_k64,complete,0.7444491804391721,0.7609671656343564,0.5955371638858321,0.2045745307689989,0.6787556568602986,0.0139292530945021,0.8209792686544449,0.7116025646560871,0.9480408957669704,0.9480408957669704,0.990477820753514,1.1105079929672486,0.3847540937136629,28.0,0.2077623402637218,64.0,equal,True,7595021,113.18980304105207,366.85163399999993,64,7676.0,3870.0,256,0.0583662081044167,4386.099565385811,median 5 warm calls on training rows; end-to-end preprocessing,6000.0,,,,,,,,,,,,,,
6000.0,4953.0,0.8255,11,0,binary,higgs,coerror_cert_b6000_k64,complete,0.763227329311881,0.7877063741619267,0.5894951349283745,0.2016982325996587,0.6895902755632664,0.057328951782431,0.8094363793288747,0.6931526190633812,0.8982156913658251,0.8982156913658251,0.9854233910242198,1.234861454512013,0.3373115916105403,28.0,0.2016966666066154,64.0,equal,True,7594629,113.92888974980453,367.6145860000001,64,7662.0,3863.0,256,0.0778927081264555,3286.5720830298355,median 5 warm calls on training rows; end-to-end preprocessing,6000.0,,,,,,,,,,,,,,
6000.0,4953.0,0.8255,11,0,binary,higgs,abs_correlation_b6000_k64,complete,0.7715875738493159,0.7952407769199292,0.6021042809190202,0.2065637351081884,0.6977893598480019,0.0986891684359227,0.8289621564433269,0.6574000094716467,0.8831482602832224,0.8831482602832224,0.9791629299970468,1.274942514992756,0.3302356942543946,28.0,0.207222629442247,64.0,equal,True,7585205,114.483143000165,367.9551669999999,64,7532.0,3798.0,256,0.068296916084364,3748.33908582014,median 5 warm calls on training rows; end-to-end preprocessing,6000.0,,,,,,,,,,,,,,
6000.0,4953.0,0.8255,11,0,binary,higgs,signed_correlation_b6000_k64,complete,0.7715875738493159,0.7952407769199292,0.6021042809190202,0.2065637351081884,0.6977893598480019,0.0986891684359227,0.8289621564433269,0.6574000094716467,0.8831482602832224,0.8831482602832224,0.9791629299970468,1.274942514992756,0.3302356942543946,28.0,0.207222629442247,64.0,equal,True,7585205,114.36026754090562,368.0374859999999,64,7532.0,3798.0,256,0.0783865000121295,3265.8684845016232,median 5 warm calls on training rows; end-to-end preprocessing,6000.0,,,,,,,,,,,,,,
6000.0,4953.0,0.8255,11,0,binary,higgs,quality_diversity_l002_b6000_k64,complete,0.7447019356926352,0.7628807223869751,0.5955108777438752,0.2045649073344583,0.6778054433703637,0.0134698913594595,0.8209406487919363,0.711600520026275,0.94758535105565,0.94758535105565,0.990477820753514,1.1115511258294934,0.3869654324671643,28.0,0.2076683175394797,64.0,equal,True,7595365,114.41767270723358,367.95911599999994,64,7676.0,3870.0,256,0.0799219161272049,3203.1264064358347,median 5 warm calls on training rows; end-to-end preprocessing,6000.0,,,,,,,,,,,,,,
6000.0,4953.0,0.8255,11,0,binary,higgs,quality_diversity_l01_b6000_k64,complete,0.7454015607896474,0.7633273964428032,0.5948721281657019,0.2042809617451785,0.6766273483802536,0.0163537187163508,0.8198011450553357,0.711396255635016,0.9443714804042578,0.9443714804042578,0.9904778207535476,1.1189785952214852,0.3828254115742638,28.0,0.2069842426861123,64.0,equal,True,7594837,114.2683043750003,367.96292,64,7668.0,3866.0,256,0.077446499839425,3305.5076798923337,median 5 warm calls on training rows; end-to-end preprocessing,6000.0,,,,,,,,,,,,,,
6000.0,4953.0,0.8255,11,0,binary,higgs,quality_diversity_l05_b6000_k64,complete,0.7577726190446095,0.7818900173206496,0.5890039417943351,0.2017654957845508,0.6853466597664196,0.0415725015662256,0.8097063136170409,0.7002161168243873,0.9087488948598236,0.9087488948598236,0.9847543825180768,1.2071038687978493,0.3561847518701831,28.0,0.2023425914769844,64.0,equal,True,7595349,114.2357963330578,367.950766,64,7664.0,3864.0,256,0.080106042092666,3195.7639313132117,median 5 warm calls on training rows; end-to-end preprocessing,6000.0,,,,,,,,,,,,,,
6000.0,4953.0,0.8255,11,0,binary,higgs,caruana_b6000_k64,complete,0.7631508120490448,0.787967380265207,0.589347440042383,0.2016704801653109,0.6898224456415947,0.0575708706519214,0.8093250058691942,0.6928233329737743,0.8971236665638079,0.8971236665638079,0.9805187274302396,1.2356227797167003,0.3260960148959638,28.0,0.2015440868701517,64.0,frequency_weighted,True,5210597,113.1691134169232,364.5064989999999,44,5266.0,2655.0,256,0.055272415978834,4631.605032391427,median 5 warm calls on training rows; end-to-end preprocessing,6000.0,,,,,,,,,,,,,,
6000.0,4953.0,0.8255,11,0,binary,higgs,coerror_swap_b6000_k64,complete,0.7631299560163425,0.7877181404390332,0.5896061561243129,0.2017471237000718,0.6904931792647337,0.0583309731262583,0.8096325844953242,0.6931158003827826,0.8982896011678926,0.8982896011678926,0.9854233910242198,1.234665613401306,0.3325271821421863,28.0,0.2016948407831234,64.0,equal,True,7593845,114.83760370779784,369.1987269999999,64,7656.0,3860.0,256,0.0810087081044912,3160.154087012369,median 5 warm calls on training rows; end-to-end preprocessing,6000.0,,,,,,,,,,,,,,
6000.0,4953.0,0.8255,11,0,binary,higgs,coerror_b6000_k256,complete,0.7637400175443475,0.7883031263601169,0.5900316365393732,0.2019100480016083,0.6868901416151706,0.056948393390072,0.8102864169808183,0.6902033565213013,0.8987905785465172,0.8987905785465172,0.9925613562139748,1.2367999339833515,0.3311147325506519,28.0,0.2023997965184461,256.0,equal,True,30428869,125.12845516577364,401.2687600000001,256,30620.0,15438.0,256,0.1905569171067327,1343.4306342005525,median 5 warm calls on training rows; end-to-end preprocessing,6000.0,,,,,,,,,,,,,,
1000.0,558.0,0.558,11,0,binary,higgs,top_quality_f05_d3_b1000_k64,complete,0.6911826020600343,0.6912665565912275,0.6452154109768651,0.2266608149294804,0.6341392309017426,0.0099390357810255,0.9096138672489348,0.6683548328283293,0.9946853180802352,0.9946853180802352,1.0,1.0104654748510955,0.3601190476190475,25.0,0.2243966793929112,64.0,equal,True,7028600,110.97713566571474,358.83518900000007,64,960.0,512.0,256,0.0487743329722434,5248.662245072319,median 5 warm calls on training rows; end-to-end preprocessing,6000.0,,,,,,,,,,,,,,
1000.0,558.0,0.558,11,0,binary,higgs,coerror_f05_d3_b1000_k64,complete,0.7138083729658146,0.7471694593433684,0.636443510054757,0.2225839497945909,0.6390363357232601,0.0486958550800288,0.8932529754787674,0.6526650858060921,0.9621443458203544,0.9621443458203544,1.0,1.079395984897275,0.2078373015873016,22.0,0.2207061575090464,64.0,equal,True,7028216,111.1061852502171,358.96677300000005,64,956.0,510.0,256,0.0488207919988781,5243.667493265631,median 5 warm calls on training rows; end-to-end preprocessing,6000.0,,,,,,,,,,,,,,
1000.0,539.0,0.539,11,0,binary,higgs,top_quality_f05_d6_b1000_k64,complete,0.6891915280808875,0.716067906481714,0.6404946771635441,0.2241510395865832,0.6384902868670556,0.011928181082362,0.8995418728625694,0.6719439803742063,0.9733349682700716,0.9733349682700716,1.0,1.0542342374316096,0.3617724867724867,22.0,0.2224402725253575,64.0,equal,True,7537116,111.0579196671024,359.2187659999999,64,7316.0,3690.0,256,0.0511813329067081,5001.823623207108,median 5 warm calls on training rows; end-to-end preprocessing,6000.0,,,,,,,,,,,,,,
1000.0,539.0,0.539,11,0,binary,higgs,coerror_f05_d6_b1000_k64,complete,0.7211067655525512,0.7525862998258221,0.6266397311728397,0.2180182731846238,0.6502450990128867,0.0584275808257914,0.8749304314647427,0.6541899641237222,0.9302782208374883,0.9302782208374883,1.0,1.1529939526717854,0.2073412698412698,17.0,0.2166824383829187,64.0,equal,True,7538061,111.21165812504478,359.40985100000006,64,7330.0,3697.0,256,0.0518908749800175,4933.4300124748725,median 5 warm calls on training rows; end-to-end preprocessing,6000.0,,,,,,,,,,,,,,
1000.0,934.0,0.934,11,0,binary,higgs,top_quality_f20_d3_b1000_k64,complete,0.6907820037176104,0.6799031950663817,0.6379164355514442,0.2232756725700972,0.6339457483126476,0.0321477597398907,0.8960289322716882,0.6820548852010466,0.9874619941570696,0.9874619941570696,1.0,1.025081705501209,0.2307810245310246,28.0,0.2199022555512155,64.0,equal,True,7039325,111.29105699900538,360.19583700000004,64,960.0,512.0,256,0.0534139999654144,4792.750967270007,median 5 warm calls on training rows; end-to-end preprocessing,6000.0,,,,,,,,,,,,,,
1000.0,934.0,0.934,11,0,binary,higgs,coerror_f20_d3_b1000_k64,complete,0.7200837816627983,0.7428639439879604,0.625994429220006,0.2178049160706313,0.6427466329695777,0.0643540938634006,0.8740742067590112,0.6672581765016024,0.9524989077801372,0.9524989077801372,1.0,1.100268853335652,0.1948217291967292,28.0,0.2156493730591342,64.0,equal,True,7039245,111.43572766706347,360.301655,64,960.0,512.0,256,0.0564951249398291,4531.364436713013,median 5 warm calls on training rows; end-to-end preprocessing,6000.0,,,,,,,,,,,,,,
1000.0,922.0,0.922,11,0,binary,higgs,top_quality_f20_d6_b1000_k64,complete,0.7325548766460466,0.7613936765693459,0.6094227697636357,0.2103667125799389,0.6621722668575429,0.0295541113216557,0.8442239080002325,0.6947879821707292,0.9372711957766452,0.9372711957766452,0.9932258059194676,1.1354997674684295,0.2380643166357452,28.0,0.2094421672216892,64.0,equal,True,7563181,111.74803587514909,361.998814,64,7514.0,3789.0,256,0.0546323340386152,4685.869723578972,median 5 warm calls on training rows; end-to-end preprocessing,6000.0,,,,,,,,,,,,,,
1000.0,922.0,0.922,11,0,binary,higgs,coerror_f20_d6_b1000_k64,complete,0.7596642431535332,0.7873103460621028,0.5982283147353085,0.2052089520416198,0.6852992596920964,0.0676156840205821,0.8235252684446305,0.6816425791532232,0.9023389982939312,0.9023389982939312,0.9920599584137674,1.2238025412017115,0.2086395416752559,28.0,0.2050335462530997,64.0,equal,True,7568925,111.89579787501134,362.1134879999999,64,7586.0,3825.0,256,0.0584482077974826,4379.946103514675,median 5 warm calls on training rows; end-to-end preprocessing,6000.0,,,,,,,,,,,,,,
1000.0,1000.0,1.0,11,0,binary,higgs,top_quality_f50_d3_b1000_k64,complete,0.6833308926056968,0.6671546490931662,0.6375616986779509,0.2230999968102648,0.6368521402984417,0.02205893428537,0.8953239268329105,0.684199406105322,0.9948137389740582,0.9948137389740582,1.0,1.0102707356933762,0.3894690593330074,28.0,0.2204109280487828,64.0,equal,True,7059797,112.07999825105072,363.284194,64,960.0,512.0,256,0.060080082854256,4260.979476693001,median 5 warm calls on training rows; end-to-end preprocessing,6000.0,,,,,,,,,,,,,,
1000.0,1000.0,1.0,11,0,binary,higgs,coerror_f50_d3_b1000_k64,complete,0.7224331550609014,0.7403898379672302,0.6217859101189125,0.2159277339563703,0.6554906169521445,0.060475347869727,0.8665408760286215,0.6717137179849032,0.951063141372112,0.951063141372112,1.0,1.1028701090954731,0.3547918584844118,28.0,0.2142873185193111,64.0,equal,True,7060149,112.19250295776874,363.3731779999999,64,960.0,512.0,256,0.0577044999226927,4436.395780969689,median 5 warm calls on training rows; end-to-end preprocessing,6000.0,,,,,,,,,,,,,,
1000.0,1000.0,1.0,11,0,binary,higgs,top_quality_f50_d6_b1000_k64,complete,0.7453740687465398,0.7632939683908978,0.595039077715153,0.204396595873074,0.679589762739605,0.0176066350038418,0.8202651970631505,0.7112758187732693,0.9460694776971657,0.9460694776971657,0.990477820753514,1.1150505900292138,0.3999123237917855,28.0,0.2074848665564763,64.0,equal,True,7595829,112.88637383305468,366.5328560000002,64,7660.0,3862.0,256,0.0657851661089807,3891.4547935610017,median 5 warm calls on training rows; end-to-end preprocessing,6000.0,,,,,,,,,,,,,,
1000.0,1000.0,1.0,11,0,binary,higgs,coerror_f50_d6_b1000_k64,complete,0.763896708647182,0.788201551396237,0.5894204950978638,0.2016514681577153,0.6924967578349164,0.0612599765930944,0.8092487086682044,0.6921737777173707,0.897191938284,0.897191938284,0.9854233910242198,1.2375866238325417,0.3581248633178008,28.0,0.2017550894256876,64.0,equal,True,7596533,113.10224304185247,366.79876799999994,64,7664.0,3864.0,256,0.0563747498672455,4541.0401039976805,median 5 warm calls on training rows; end-to-end preprocessing,6000.0,,,,,,,,,,,,,,
,,,11,0,binary,higgs,random_forest,complete,0.789721442854651,0.809109055667272,0.5646642872812605,0.1912853469265013,0.7101721552642252,0.0604129949752512,0.7676483657751045,,,,,,,,,,,,79499739,8.30473708291538,8.309555000000046,256,992466.0,496361.0,256,0.0176939589437097,14468.21487573356,median 5 warm calls on training rows; end-to-end preprocessing,,8.30473708291538,8.309555000000046,1405403136.0,,,,,,,,,,,
,,,11,0,binary,higgs,extra_trees,complete,0.7694742076784148,0.7863853641111747,0.6006000030250985,0.2059956801354268,0.6968304789159052,0.0921270342732863,0.8266824916466373,,,,,,,,,,,,237806939,3.1421382499393076,3.144209000000046,256,2971306.0,1485781.0,256,0.0267120418138802,9583.692694991829,median 5 warm calls on training rows; end-to-end preprocessing,,3.1421382499393076,3.144209000000046,1660436480.0,,,,,,,,,,,
,,,11,0,binary,higgs,xgboost,complete,0.7949983351288181,0.8157513809992702,0.544628918170929,0.1843150267284144,0.7140073629921166,0.021381212830615,0.7396757322463766,,,,,,,,,,,,1178020,1.0491524999961257,1.0328100000000404,300,28420.0,14360.0,256,0.0014210420195013,180149.49346102757,median 5 warm calls on training rows; end-to-end preprocessing,,1.0491524999961257,1.0328100000000404,1686454272.0,,,,,,,,,,,
,,,11,0,binary,higgs,lightgbm,complete,0.799631218393179,0.8208030254424408,0.5389002348403839,0.1821149980321532,0.7146695194589494,0.0210244620925945,0.7308467839736573,,,,,,,,,,,,1041855,0.7027412501629442,0.6970810000000256,300,18300.0,9300.0,256,0.005189917050302,49326.41456863015,median 5 warm calls on training rows; end-to-end preprocessing,,0.7027412501629442,0.6970810000000256,1718976512.0,,,,,,,,,,,
,,,11,0,binary,higgs,catboost,complete,0.7969481936147675,0.8170081414817397,0.5454773605331977,0.1841578524356334,0.7174857158747454,0.0313960231098194,0.7390449751552883,,,,,,,,,,,,349166,2.0949999168515205,1.987681000000066,300,38100.0,19200.0,256,0.0010184999555349,251350.03551919063,median 5 warm calls on training rows; end-to-end preprocessing,,2.0949999168515205,1.987681000000066,1756250112.0,,,,,,,,,,,
,,,11,0,binary,higgs,linear,complete,0.6882673169174386,0.686687798010156,0.6361511597121337,0.2221091738907213,0.6429743338980413,0.0267095050177304,0.8913476494693742,,,,,,,,,,,,4746,0.0444261659868061,0.0444689999999354,1,,,256,0.0008086250163614,316586.7921721108,median 5 warm calls on training rows; end-to-end preprocessing,,0.0444261659868061,0.0444689999999354,1757167616.0,29.0,,,,,,,,,,
,,,11,0,binary,higgs,rf_leaf5,complete,0.7904932966363463,0.8131041312453748,0.5643899131372342,0.1910637857851073,0.7113975600428027,0.0610276335329615,0.7667592174381138,,,,,,,,,,,,42609819,7.617282042047009,7.621815999999967,256,531342.0,265799.0,256,0.0147725408896803,17329.449409670156,median 5 warm calls on training rows; end-to-end preprocessing,,7.617282042047009,7.621815999999967,1787183104.0,,,,,,,,,,,
,,,11,0,binary,higgs,rf_shallow64,complete,0.757505914626417,0.7846808078719101,0.6058830858324904,0.2084708501941292,0.6808534487210647,0.076501757870741,0.8366156113607596,,,,,,,,,,,,555339,1.0387227090541271,1.03937899999994,64,6570.0,3317.0,256,0.0028910411056131,88549.41546938305,median 5 warm calls on training rows; end-to-end preprocessing,,1.0387227090541271,1.03937899999994,1788215296.0,,,,,,,,,,,
,,,11,0,binary,higgs,random_patches64,complete,0.7412479599910871,0.7721893699494085,0.6414486025302218,0.224622248304693,0.6521020533531625,0.0985732099386031,0.9014328833775306,,,,,,,,,,,,4038165,1.1670736658852547,1.1677810000001043,64,6110.0,3087.0,256,0.042385125067085,6039.854774400599,median 5 warm calls on training rows; end-to-end preprocessing,,1.1670736658852547,1.1677810000001043,1789853696.0,,,,,,,,,,,
1000.0,826.0,0.826,11,1,binary,higgs,random_b1000_k16,complete,0.7429465207568218,0.7557965713118381,0.6475474774289572,0.2275114974298676,0.6507220470921953,0.1076437856261242,0.913044355807089,0.5875811490683132,0.9388293933246592,0.9388293933246592,0.9926625751631876,1.1221839076919309,0.123654269233755,28.0,0.2285829982450301,16.0,equal,True,1805925,113.79729424789548,363.3133009999999,16,854.0,435.0,256,0.0114299168344587,22397.363314859456,median 5 warm calls on training rows; end-to-end preprocessing,6000.0,,,,,,,,,,,,,,
1000.0,826.0,0.826,11,1,binary,higgs,top_quality_b1000_k16,complete,0.7450444835486554,0.7610022126630597,0.5938672668754535,0.2043665359670791,0.6712226464198212,0.0183077713934514,0.8201594833162567,0.7048299157804507,0.9218072999255764,0.9218072999255764,0.9856452812342248,1.1637649892306516,0.3514870589730934,28.0,0.2048615295937475,16.0,equal,True,1893837,113.98808953980917,364.229429,16,1908.0,962.0,256,0.0138601250946521,18470.251765532452,median 5 warm calls on training rows; end-to-end preprocessing,6000.0,,,,,,,,,,,,,,
1000.0,826.0,0.826,11,1,binary,higgs,coerror_b1000_k16,complete,0.7615010212773952,0.7791891090007859,0.5862827678727034,0.2007233366022117,0.690246331240684,0.0502265324819455,0.805538672259455,0.6947147843574247,0.8939682282960965,0.8939682282960965,0.9846355106359416,1.2316943835956384,0.3346485931011103,28.0,0.2014874960323209,16.0,equal,True,1894909,114.07657574978656,364.48539099999994,16,1920.0,968.0,256,0.0150753750931471,16981.335351076632,median 5 warm calls on training rows; end-to-end preprocessing,6000.0,,,,,,,,,,,,,,
1000.0,826.0,0.826,11,1,binary,higgs,random_b1000_k64,complete,0.7537018144562593,0.7779019477872549,0.6394616791550914,0.2235916968152613,0.6649720638907093,0.1101106490872306,0.8973134944331111,0.5994505292040548,0.9323131831364606,0.9323131831364606,1.0,1.1435759371658234,0.1371178686030493,28.0,0.2242497854210076,64.0,equal,True,7269493,114.5307477079332,366.28841299999976,64,3768.0,1916.0,256,0.0496637499891221,5154.665124080877,median 5 warm calls on training rows; end-to-end preprocessing,6000.0,,,,,,,,,,,,,,
1000.0,826.0,0.826,11,1,binary,higgs,top_quality_b1000_k64,complete,0.7449331256579417,0.768257099276384,0.5954257763676967,0.2049799802295992,0.6701833061064946,0.0234774715479273,0.8226213449268721,0.6969113126185452,0.919161933626895,0.919161933626895,0.986501904721011,1.1799222776722982,0.3280943647944349,28.0,0.205865406318498,64.0,equal,True,7592509,115.42176587483846,369.88268199999993,64,7640.0,3852.0,256,0.0550763751380145,4648.090934788206,median 5 warm calls on training rows; end-to-end preprocessing,6000.0,,,,,,,,,,,,,,
1000.0,826.0,0.826,11,1,binary,higgs,coerror_b1000_k64,complete,0.763102298975977,0.7836258691009763,0.5887216344256703,0.2014770928422693,0.6894717933081946,0.0583176200927101,0.8085636309468771,0.6861293882325772,0.8936872688696407,0.8936872688696407,0.986501904721011,1.2469870308355335,0.335701271048835,28.0,0.2024861405060286,64.0,equal,True,7594573,115.67824891489,370.463223,64,7646.0,3855.0,256,0.0510474999900907,5014.937069390164,median 5 warm calls on training rows; end-to-end preprocessing,6000.0,,,,,,,,,,,,,,
1000.0,826.0,0.826,11,1,binary,higgs,random_b1000_k128,complete,0.7564488230563758,0.7799283255117647,0.6417682498352311,0.2246978810603609,0.6628942864099661,0.1149652850796539,0.901752809777085,0.5975821273402488,0.9362876300606676,0.9362876300606676,1.0,1.135223624075166,0.1248119310362456,28.0,0.2255014394703261,128.0,equal,True,14519821,115.32670624973252,369.2377379999998,128,6988.0,3558.0,256,0.0952890422195196,2686.5628411947596,median 5 warm calls on training rows; end-to-end preprocessing,6000.0,,,,,,,,,,,,,,
1000.0,826.0,0.826,11,1,binary,higgs,top_quality_b1000_k128,complete,0.7394244774939652,0.7652998970678665,0.6046873593442075,0.2088031086641759,0.6581748974568133,0.0565210055745517,0.8379642435414437,0.6896906467195323,0.9334692085015384,0.9334692085015384,1.0,1.145838122353008,0.2949350376705391,28.0,0.2093748287080153,128.0,equal,True,14891349,116.69957495783456,375.067307,128,11328.0,5728.0,256,0.09613045793958,2663.047752887031,median 5 warm calls on training rows; end-to-end preprocessing,6000.0,,,,,,,,,,,,,,
1000.0,826.0,0.826,11,1,binary,higgs,coerror_b1000_k128,complete,0.7630255315736197,0.7845158471058936,0.5927062879127166,0.2029477079690468,0.6854455688410326,0.0614085025118789,0.8144654726394387,0.6792930921460774,0.8938701594301854,0.8938701594301854,0.986501904721011,1.2490078487380805,0.2978581267582995,28.0,0.2041495359611905,128.0,equal,True,15201573,117.57169062294996,377.7152859999999,128,15162.0,7645.0,256,0.0948372920975089,2699.3600759581827,median 5 warm calls on training rows; end-to-end preprocessing,6000.0,,,,,,,,,,,,,,
3000.0,2491.0,0.8303333333333334,11,1,binary,higgs,random_b3000_k16,complete,0.7487893780648256,0.7616318898606537,0.640318191615326,0.2240365486014182,0.6647154801376538,0.1106964487826612,0.8990987642639092,0.5997434551388091,0.9267668156432604,0.9267668156432604,0.9924451833298904,1.1491865675330843,0.1431899194044166,28.0,0.2249281563559888,16.0,equal,True,1829216,113.98710629157722,363.669144,16,1138.0,577.0,256,0.0127815830055624,20028.818017970952,median 5 warm calls on training rows; end-to-end preprocessing,6000.0,,,,,,,,,,,,,,
3000.0,2491.0,0.8303333333333334,11,1,binary,higgs,top_quality_b3000_k16,complete,0.7417454270109989,0.7493743752247124,0.5974924582479876,0.2058400309620476,0.6718553001298362,0.0270638882999936,0.8260728824352649,0.7106533026972358,0.9383989459868322,0.9383989459868322,0.9843489125002984,1.1258296698294663,0.3839846837539999,28.0,0.2065689885583554,16.0,equal,True,1893165,114.1758673330769,364.52734199999986,16,1898.0,957.0,256,0.015181666938588,16862.443434937413,median 5 warm calls on training rows; end-to-end preprocessing,6000.0,,,,,,,,,,,,,,
3000.0,2491.0,0.8303333333333334,11,1,binary,higgs,coerror_b3000_k16,complete,0.7648249594848745,0.7817403699905401,0.5850017270939963,0.2001299787270978,0.6930244983746986,0.0559685284365416,0.803157420916263,0.6949889359480087,0.8920349879238436,0.8920349879238436,0.9836375815394574,1.2359130896711363,0.3273547768158416,28.0,0.2007573069564657,16.0,equal,True,1892653,114.21778208273464,364.4687079999999,16,1896.0,956.0,256,0.0152495000511407,16787.435597329575,median 5 warm calls on training rows; end-to-end preprocessing,6000.0,,,,,,,,,,,,,,
3000.0,2491.0,0.8303333333333334,11,1,binary,higgs,random_b3000_k64,complete,0.7574703713952737,0.7782118787313095,0.6444750018270646,0.226000767763275,0.6549419060424797,0.112133061083277,0.9069815272871462,0.5946842491166884,0.9351392630207812,0.9351392630207812,0.9949979354758308,1.1373895658531674,0.1252805395575083,28.0,0.2268790393117993,64.0,equal,True,7312301,114.65362787386402,366.28992900000026,64,4322.0,2193.0,256,0.053342959145084,4799.133833271648,median 5 warm calls on training rows; end-to-end preprocessing,6000.0,,,,,,,,,,,,,,
3000.0,2491.0,0.8303333333333334,11,1,binary,higgs,top_quality_b3000_k64,complete,0.7454052903397346,0.7640276970425347,0.594280526630599,0.2045238060594461,0.6712454960113464,0.0216779488685383,0.8207906363427853,0.7046178889703141,0.9248407323479904,0.9248407323479904,0.9890147775509782,1.1658001406125464,0.3707192694878381,28.0,0.2047674214703018,64.0,equal,True,7591853,115.83077199896798,371.11583700000006,64,7608.0,3836.0,256,0.0564278329256922,4536.768235227414,median 5 warm calls on training rows; end-to-end preprocessing,6000.0,,,,,,,,,,,,,,
3000.0,2491.0,0.8303333333333334,11,1,binary,higgs,coerror_b3000_k64,complete,0.7669289281970101,0.7857537423885879,0.5848771100609195,0.1999224921934845,0.6939275539701932,0.0591694167290623,0.8023247403240218,0.69191881197334,0.8935373796144277,0.8935373796144277,0.9899498620313976,1.2467877712481783,0.3426989541093534,28.0,0.2009577578090461,64.0,equal,True,7593117,116.11981899989767,371.1455780000001,64,7632.0,3848.0,256,0.0577457500621676,4433.226682905612,median 5 warm calls on training rows; end-to-end preprocessing,6000.0,,,,,,,,,,,,,,
3000.0,2491.0,0.8303333333333334,11,1,binary,higgs,random_b3000_k128,complete,0.7585216332346135,0.779713863745387,0.6393562250646012,0.2235420392377525,0.6633026889905069,0.1131334802543236,0.897114209687594,0.5994623157403933,0.9327674578360432,0.9327674578360432,1.0,1.14358251926051,0.1244406535341136,28.0,0.2245783717659709,128.0,equal,True,14576141,115.66009133285844,370.1635530000001,128,7688.0,3908.0,256,0.0940514579415321,2721.9142116770217,median 5 warm calls on training rows; end-to-end preprocessing,6000.0,,,,,,,,,,,,,,
3000.0,2491.0,0.8303333333333334,11,1,binary,higgs,top_quality_b3000_k128,complete,0.7460232227714152,0.7679005859959999,0.5934970696473143,0.2041727395154604,0.672484070312438,0.0210557818309015,0.8193817434731065,0.7002321918033625,0.9196611007733754,0.9196611007733754,0.9917406150876028,1.1803914888042388,0.3453575823125777,28.0,0.2048869681149789,128.0,equal,True,15212605,117.83016429189593,379.150844,128,15258.0,7693.0,256,0.1006032500881701,2544.649400249374,median 5 warm calls on training rows; end-to-end preprocessing,6000.0,,,,,,,,,,,,,,
3000.0,2491.0,0.8303333333333334,11,1,binary,higgs,coerror_b3000_k128,complete,0.7658173362108767,0.7851960876095396,0.5862157970252109,0.2004396277229444,0.6930589985484639,0.0594861916194589,0.8044000977529632,0.6897306313625854,0.894357543621127,0.894357543621127,0.9899498620313976,1.2472998706321432,0.3385179408107792,28.0,0.2014998202876968,128.0,equal,True,15214125,118.689866831759,380.3215689999997,128,15268.0,7698.0,256,0.0973439158406108,2629.8510573497956,median 5 warm calls on training rows; end-to-end preprocessing,6000.0,,,,,,,,,,,,,,
6000.0,4997.0,0.8328333333333333,11,1,binary,higgs,random_b6000_k16,complete,0.7488255942158202,0.7654840720597198,0.6312200039835163,0.219751204516838,0.6689659557342902,0.1036989754181481,0.8819009115253968,0.6201416165249118,0.9289158427244572,0.9289158427244572,0.9877921869637012,1.1444452035694948,0.1625920081760369,28.0,0.2211111370470972,16.0,equal,True,1803317,114.46047550090589,363.9877959999999,16,814.0,415.0,256,0.0137533331289887,18613.669690034127,median 5 warm calls on training rows; end-to-end preprocessing,6000.0,,,,,,,,,,,,,,
6000.0,4997.0,0.8328333333333333,11,1,binary,higgs,top_quality_b6000_k16,complete,0.7397748981070784,0.7485098808989178,0.5980728937128738,0.2062453628209755,0.6744838159865496,0.0289084200582636,0.8276995517254047,0.7134206565810894,0.9437433213547686,0.9437433213547686,0.9851966150732208,1.113902337189154,0.4035967390446459,28.0,0.2067716383120212,16.0,equal,True,1893053,114.45218637445942,364.8125379999999,16,1900.0,958.0,256,0.0156099579762667,16399.78790392776,median 5 warm calls on training rows; end-to-end preprocessing,6000.0,,,,,,,,,,,,,,
6000.0,4997.0,0.8328333333333333,11,1,binary,higgs,coerror_b6000_k16,complete,0.7628185305310281,0.780303524540672,0.5853379804936928,0.2002915798741579,0.693312150347061,0.0527895730276429,0.8038059552403829,0.6975824712200291,0.8931767003616119,0.8931767003616119,0.972080512159294,1.233585558907028,0.3317240799886513,28.0,0.2003814443374109,16.0,equal,True,1893253,114.56303612492049,364.80545200000006,16,1910.0,963.0,256,0.0152555420063436,16780.786935891843,median 5 warm calls on training rows; end-to-end preprocessing,6000.0,,,,,,,,,,,,,,
6000.0,4997.0,0.8328333333333333,11,1,binary,higgs,random_b6000_k64,complete,0.7616387510286832,0.7793155602440834,0.6505641205255156,0.22893617138192,0.6551321085711437,0.1202024637407076,0.9187618273436112,0.5826711487109504,0.9397371256413072,0.9397371256413072,1.0,1.1261477447189012,0.1210472273454296,28.0,0.229734491063248,64.0,equal,True,7284800,114.810131999664,366.60056799999984,64,3978.0,2021.0,256,0.0544801249634474,4698.961321615158,median 5 warm calls on training rows; end-to-end preprocessing,6000.0,,,,,,,,,,,,,,
6000.0,4997.0,0.8328333333333333,11,1,binary,higgs,top_quality_b6000_k64,complete,0.7459086135554254,0.7604316646424429,0.5950898874468652,0.2048054481914799,0.6745661828935494,0.0260519420512153,0.8219209166227531,0.7084700344658355,0.9322095511252196,0.9322095511252196,0.9913403154266252,1.147702005033996,0.388669775329289,28.0,0.2053034564034729,64.0,equal,True,7593821,116.04853708273733,371.68680399999994,64,7634.0,3849.0,256,0.0553633749950677,4623.9955570412185,median 5 warm calls on training rows; end-to-end preprocessing,6000.0,,,,,,,,,,,,,,
6000.0,4997.0,0.8328333333333333,11,1,binary,higgs,coerror_b6000_k64,complete,0.7662619549424117,0.7844380011166635,0.5842093914545659,0.1997108774630052,0.6950281275762237,0.0575615055630864,0.801475492538954,0.6948697138280328,0.8950903458000115,0.8950903458000115,0.9911180582156558,1.2425577951055076,0.3371643475363934,28.0,0.20043681962913,64.0,equal,True,7594549,116.93131254101172,372.29321800000025,64,7670.0,3867.0,256,0.0776414170395582,3297.2092700158737,median 5 warm calls on training rows; end-to-end preprocessing,6000.0,,,,,,,,,,,,,,
6000.0,4997.0,0.8328333333333333,11,1,binary,higgs,random_b6000_k128,complete,0.7577316515070616,0.7800875247028817,0.6389412689724218,0.2233450693167289,0.6678753167332707,0.1167379184911982,0.8963237341437822,0.6004999170336467,0.93265329592577,0.93265329592577,0.9999999999999788,1.1437947513754,0.1249782658365677,28.0,0.224217934957543,128.0,equal,True,14581184,116.12781145772897,371.0354640000001,128,7758.0,3943.0,256,0.1000759589951485,2558.0569256639383,median 5 warm calls on training rows; end-to-end preprocessing,6000.0,,,,,,,,,,,,,,
6000.0,4997.0,0.8328333333333333,11,1,binary,higgs,top_quality_b6000_k128,complete,0.7454376229633157,0.7639312678118876,0.5950896052914117,0.2048327359870961,0.67411939661183,0.0276956366414967,0.8220304274301246,0.7054084896753778,0.9279178073767884,0.9279178073767884,0.9913403154266252,1.1596403446989385,0.3676356656596851,28.0,0.2050119420539443,128.0,equal,True,15206245,118.1961507499218,380.1812639999998,128,15184.0,7656.0,256,0.1036089172121137,2470.829798133138,median 5 warm calls on training rows; end-to-end preprocessing,6000.0,,,,,,,,,,,,,,
6000.0,4997.0,0.8328333333333333,11,1,binary,higgs,coerror_b6000_k128,complete,0.7668199636429582,0.7854038224395019,0.5847296546853081,0.1998720870575767,0.6944394570720298,0.0592172938685377,0.8021224554928631,0.6922502230476801,0.8943312129724833,0.8943312129724833,0.9911180582156558,1.2471354594657995,0.3405249482835767,28.0,0.2007990346304508,128.0,equal,True,15215805,120.34078008192591,383.09078799999975,128,15310.0,7719.0,256,0.1229202498216182,2082.6511528532287,median 5 warm calls on training rows; end-to-end preprocessing,6000.0,,,,,,,,,,,,,,
300.0,249.0,0.83,11,1,binary,higgs,top_quality_b300_k64,complete,0.73555558104434,0.7624768847640051,0.6122703543673957,0.2120265124676869,0.6503979983396566,0.0752708422436606,0.8509003398817617,0.6846034424715907,0.9460015370392588,0.9460015370392588,1.0,1.1147065904283493,0.2855304412242133,28.0,0.2124016227961108,64.0,equal,True,7307917,115.1274775408674,368.56287099999986,64,4118.0,2091.0,256,0.0559302091132849,4577.132895775157,median 5 warm calls on training rows; end-to-end preprocessing,6000.0,,,,,,,,,,,,,,
300.0,249.0,0.83,11,1,binary,higgs,coerror_b300_k64,complete,0.7602374749918899,0.7836877249861072,0.5991845993766317,0.205573160632623,0.6847611648703696,0.0697194702781356,0.8250018840428051,0.6729045675273084,0.9015752547688328,0.9015752547688328,1.0,1.2256272812229592,0.2583927273486269,28.0,0.206873876225494,64.0,equal,True,7503629,115.40571999899112,369.609074,64,6574.0,3319.0,256,0.0560051249340176,4571.01024775154,median 5 warm calls on training rows; end-to-end preprocessing,6000.0,,,,,,,,,,,,,,
6000.0,4997.0,0.8328333333333333,11,1,binary,higgs,random_cert_b6000_k64,complete,0.7446545503019759,0.7684629257510055,0.6293093353724063,0.2188959438485307,0.6642255234814324,0.0936305494824312,0.8784685974016568,0.6280948779933937,0.9281920239506556,0.9281920239506556,1.0,1.156589214141259,0.1774354874337687,28.0,0.2193717675344655,64.0,equal,True,7274533,115.03042554087006,367.22700800000007,64,3788.0,1926.0,256,0.0547225831542164,4678.141733158937,median 5 warm calls on training rows; end-to-end preprocessing,6000.0,,,,,,,,,,,,,,
6000.0,4997.0,0.8328333333333333,11,1,binary,higgs,top_quality_cert_b6000_k64,complete,0.7459086135554254,0.7604316646424429,0.5950898874468652,0.2048054481914799,0.6745661828935494,0.0260519420512153,0.8219209166227531,0.7084700344658355,0.9322095511252196,0.9322095511252196,0.9913403154266252,1.147702005033996,0.388669775329289,28.0,0.2053034564034729,64.0,equal,True,7593821,116.04544295789674,371.6503349999998,64,7634.0,3849.0,256,0.0604632501490414,4233.976826732967,median 5 warm calls on training rows; end-to-end preprocessing,6000.0,,,,,,,,,,,,,,
6000.0,4997.0,0.8328333333333333,11,1,binary,higgs,coerror_cert_b6000_k64,complete,0.7662619549424117,0.7844380011166635,0.5842093914545659,0.1997108774630052,0.6950281275762237,0.0575615055630864,0.801475492538954,0.6948697138280328,0.8950903458000115,0.8950903458000115,0.9911180582156558,1.2425577951055076,0.3371643475363934,28.0,0.20043681962913,64.0,equal,True,7594549,116.58279441669583,371.6690169999997,64,7670.0,3867.0,256,0.0676470829639583,3784.346475610692,median 5 warm calls on training rows; end-to-end preprocessing,6000.0,,,,,,,,,,,,,,
6000.0,4997.0,0.8328333333333333,11,1,binary,higgs,abs_correlation_b6000_k64,complete,0.7748879466869356,0.7942544928009496,0.5985370196038795,0.2049933369378205,0.6962059201575664,0.0946689744031191,0.8226749477873488,0.6584111651253142,0.8804866770663726,0.8804866770663726,0.9899498620313976,1.2824343823584985,0.3285370941459973,28.0,0.2063398025797717,64.0,equal,True,7589117,118.02783516491763,373.851668,64,7584.0,3824.0,256,0.0793210000265389,3227.3924927112407,median 5 warm calls on training rows; end-to-end preprocessing,6000.0,,,,,,,,,,,,,,
6000.0,4997.0,0.8328333333333333,11,1,binary,higgs,signed_correlation_b6000_k64,complete,0.7748879466869356,0.7942544928009496,0.5985370196038795,0.2049933369378205,0.6962059201575664,0.0946689744031191,0.8226749477873488,0.6584111651253142,0.8804866770663726,0.8804866770663726,0.9899498620313976,1.2824343823584985,0.3285370941459973,28.0,0.2063398025797717,64.0,equal,True,7589117,117.66464791703038,373.12572899999986,64,7584.0,3824.0,256,0.0765191670507192,3345.566998008686,median 5 warm calls on training rows; end-to-end preprocessing,6000.0,,,,,,,,,,,,,,
6000.0,4997.0,0.8328333333333333,11,1,binary,higgs,quality_diversity_l002_b6000_k64,complete,0.7458770486058679,0.760274538029742,0.5951032633976657,0.2048093087427979,0.6744587988448403,0.026007100237717,0.8219364097060965,0.7084658700307342,0.9317981422060928,0.9317981422060928,0.9913403154266252,1.148709963576487,0.3847307262912793,28.0,0.2051921290535641,64.0,equal,True,7593613,117.52295845677143,373.4697309999999,64,7636.0,3850.0,256,0.0790508750360459,3238.4208256172774,median 5 warm calls on training rows; end-to-end preprocessing,6000.0,,,,,,,,,,,,,,
6000.0,4997.0,0.8328333333333333,11,1,binary,higgs,quality_diversity_l01_b6000_k64,complete,0.7462444032047951,0.7605787338654787,0.5946311717511799,0.2046431801391677,0.6753484878808657,0.0274091283321295,0.821269705888504,0.7084058577982422,0.9309728519298026,0.9309728519298026,0.9913403154266252,1.150717128862495,0.3832285024936169,28.0,0.2050344806800208,64.0,equal,True,7595181,117.44434566586278,373.25086999999985,64,7656.0,3860.0,256,0.0797405000776052,3210.413776573448,median 5 warm calls on training rows; end-to-end preprocessing,6000.0,,,,,,,,,,,,,,
6000.0,4997.0,0.8328333333333333,11,1,binary,higgs,quality_diversity_l05_b6000_k64,complete,0.7603783657538632,0.7789034760773009,0.5848206842523993,0.2003012903506857,0.6885954708316384,0.041332872096581,0.8038449251205255,0.7003163239375139,0.9027267539426044,0.9027267539426044,0.9911180582156558,1.222213897661991,0.3570927564996597,28.0,0.2008715002165239,64.0,equal,True,7595773,117.3561442908831,373.0009520000001,64,7674.0,3869.0,256,0.0800888340454548,3196.4505795490268,median 5 warm calls on training rows; end-to-end preprocessing,6000.0,,,,,,,,,,,,,,
6000.0,4997.0,0.8328333333333333,11,1,binary,higgs,caruana_b6000_k64,complete,0.765173438334281,0.7828415881144705,0.5842778089197043,0.199809778123339,0.6930762486353466,0.0539730291943693,0.8018723985886416,0.6962842081069716,0.8960804188581443,0.8960804188581443,0.981202781394586,1.2360042779367928,0.3191731159197797,28.0,0.2001278574154694,64.0,frequency_weighted,True,3908069,115.56027220794932,367.5159040000001,33,3973.0,2003.0,256,0.0392800420522689,6517.304631684129,median 5 warm calls on training rows; end-to-end preprocessing,6000.0,,,,,,,,,,,,,,
6000.0,4997.0,0.8328333333333333,11,1,binary,higgs,coerror_swap_b6000_k64,complete,0.7663142019333102,0.7843949573184652,0.5841910203891361,0.1996957070414615,0.6947788593050401,0.0572449954443422,0.8014146109223229,0.6948720665504718,0.8950782203694171,0.8950782203694171,0.9911180582156558,1.2425887142189844,0.3374459045371841,28.0,0.2004362252524791,64.0,equal,True,7594869,116.9817782077007,372.5910299999998,64,7674.0,3869.0,256,0.0785376660060137,3259.5824783028015,median 5 warm calls on training rows; end-to-end preprocessing,6000.0,,,,,,,,,,,,,,
6000.0,4997.0,0.8328333333333333,11,1,binary,higgs,coerror_b6000_k256,complete,0.7661527646018824,0.7853712998264291,0.5860868554177943,0.2003719763957115,0.6935019013027699,0.0599267273816353,0.8041286008695501,0.6898551987314561,0.8947487830340969,0.8947487830340969,0.9999917761223576,1.24747680185624,0.3317372454883215,28.0,0.201435665834816,256.0,equal,True,30421245,127.60120516619644,406.8008749999999,256,30520.0,15388.0,256,0.1964985001832246,1302.8089260798083,median 5 warm calls on training rows; end-to-end preprocessing,6000.0,,,,,,,,,,,,,,
1000.0,544.0,0.544,11,1,binary,higgs,top_quality_f05_d3_b1000_k64,complete,0.6951028629002833,0.7002864166511034,0.6398163985560757,0.224422393154172,0.6379561699677252,0.0388971421139464,0.9006472275068245,0.6683235827595027,0.99465941275406,0.99465941275406,1.0,1.0105215315216844,0.3624338624338624,23.0,0.2246144857998527,64.0,equal,True,7029184,113.83211954100987,363.47660499999984,64,960.0,512.0,256,0.0480709171388298,5325.465275827099,median 5 warm calls on training rows; end-to-end preprocessing,6000.0,,,,,,,,,,,,,,
1000.0,544.0,0.544,11,1,binary,higgs,coerror_f05_d3_b1000_k64,complete,0.7239717864442856,0.7417905812735711,0.6322410278317627,0.2205530511006438,0.6447554136372142,0.06066154438236,0.8851188653687747,0.6511604067918393,0.960638987320748,0.960638987320748,1.0,1.0827034815304142,0.2066798941798941,17.0,0.2209030540166531,64.0,equal,True,7029157,113.98185316496529,363.6616719999997,64,960.0,512.0,256,0.0485862500499933,5268.980415993944,median 5 warm calls on training rows; end-to-end preprocessing,6000.0,,,,,,,,,,,,,,
1000.0,581.0,0.581,11,1,binary,higgs,top_quality_f05_d6_b1000_k64,complete,0.6979597392003618,0.7215510163225216,0.6330679333718293,0.2214417625413259,0.6350671868305431,0.0192230319315756,0.8886854234285761,0.6665745376509287,0.9682270491887122,0.9682270491887122,1.0,1.065027378667161,0.3591269841269841,25.0,0.2228101842107923,64.0,equal,True,7519872,113.94180362485348,363.969145,64,7092.0,3578.0,256,0.0532620421145111,4806.424797787717,median 5 warm calls on training rows; end-to-end preprocessing,6000.0,,,,,,,,,,,,,,
1000.0,581.0,0.581,11,1,binary,higgs,coerror_f05_d6_b1000_k64,complete,0.7306297780934372,0.754764957154415,0.6226242377734955,0.2161150744731416,0.6583789181179017,0.0653385325367773,0.8673084709196163,0.6501149560074831,0.924996098901862,0.924996098901862,1.0,1.1655445836060574,0.2071759259259259,19.0,0.2166697817175154,64.0,equal,True,7526405,114.10585749777964,364.1792139999998,64,7176.0,3620.0,256,0.0542705000843852,4717.111498916451,median 5 warm calls on training rows; end-to-end preprocessing,6000.0,,,,,,,,,,,,,,
1000.0,938.0,0.938,11,1,binary,higgs,top_quality_f20_d3_b1000_k64,complete,0.6988820318037413,0.6925616679860328,0.631753641140404,0.2207291269947279,0.6399848163109596,0.0356947069520977,0.8858254894431769,0.6799174679498755,0.9864234047508446,0.9864234047508446,1.0,1.0271590330483829,0.2318987064522779,28.0,0.2207643072231835,64.0,equal,True,7039685,114.20833987393416,364.98934600000007,64,960.0,512.0,256,0.0576649161521345,4439.441120916706,median 5 warm calls on training rows; end-to-end preprocessing,6000.0,,,,,,,,,,,,,,
1000.0,938.0,0.938,11,1,binary,higgs,coerror_f20_d3_b1000_k64,complete,0.7331529871370347,0.7511997147717416,0.6208684939348236,0.215279753194046,0.6545191434419686,0.0636602583783661,0.8639561771332378,0.6650728985351977,0.9507750340017188,0.9507750340017188,1.0,1.1041795322071424,0.1912193791658077,28.0,0.2159631199398357,64.0,equal,True,7039765,114.3346598742064,365.0877939999996,64,960.0,512.0,256,0.0534976250492036,4785.259154299801,median 5 warm calls on training rows; end-to-end preprocessing,6000.0,,,,,,,,,,,,,,
1000.0,934.0,0.934,11,1,binary,higgs,top_quality_f20_d6_b1000_k64,complete,0.7381243989563968,0.7651747402949527,0.6037984623210405,0.2084991092730222,0.659994375207272,0.0536804971811529,0.8367442395794583,0.6920696494844067,0.9291301671328036,0.9291301671328036,0.9862462740270695,1.1551457301347778,0.222177343159486,28.0,0.2083778626340802,64.0,equal,True,7556869,114.60713570797816,366.6199919999999,64,7428.0,3746.0,256,0.0561210419982671,4561.568903298417,median 5 warm calls on training rows; end-to-end preprocessing,6000.0,,,,,,,,,,,,,,
1000.0,934.0,0.934,11,1,binary,higgs,coerror_f20_d6_b1000_k64,complete,0.7606007202769263,0.7816048720431777,0.595478385629205,0.2040855300031473,0.6808919071623806,0.0588195981445189,0.8190317560927339,0.6808294549021924,0.9008850178736189,0.9008850178736189,0.9999917761223576,1.227600536766466,0.2079146052360338,28.0,0.2048134857421235,64.0,equal,True,7562197,114.75944229098968,366.7855019999997,64,7492.0,3778.0,256,0.0563662080094218,4541.7282630970785,median 5 warm calls on training rows; end-to-end preprocessing,6000.0,,,,,,,,,,,,,,
1000.0,1000.0,1.0,11,1,binary,higgs,top_quality_f50_d3_b1000_k64,complete,0.6956361254028934,0.6830741115074191,0.6299418213054059,0.219870291244546,0.6414825934882458,0.0200095434926394,0.8823788278760588,0.6828944142762094,0.9881479903077384,0.9881479903077384,1.0,1.0237236128571254,0.3826570213951871,28.0,0.2198346499520629,64.0,equal,True,7060461,114.97165887476876,368.0658669999998,64,960.0,512.0,256,0.0565973340999335,4523.181242918308,median 5 warm calls on training rows; end-to-end preprocessing,6000.0,,,,,,,,,,,,,,
1000.0,1000.0,1.0,11,1,binary,higgs,coerror_f50_d3_b1000_k64,complete,0.7375942523071766,0.7476066049099326,0.6157395981941648,0.2129666617753775,0.6704342903549074,0.0657600304987858,0.8546733273074523,0.6708040399345738,0.94932850281633,0.94932850281633,1.0,1.1066593581971294,0.3548085509057572,28.0,0.2141668412506076,64.0,equal,True,7060909,115.09706349880436,368.0786519999999,64,960.0,512.0,256,0.054664125200361,4683.144549769715,median 5 warm calls on training rows; end-to-end preprocessing,6000.0,,,,,,,,,,,,,,
1000.0,1000.0,1.0,11,1,binary,higgs,top_quality_f50_d6_b1000_k64,complete,0.7452992610098905,0.7601407551120944,0.5954042925023646,0.2049399721118214,0.673644161233943,0.0266725782028858,0.8224607851901725,0.7082813070493752,0.9321506473266484,0.9321506473266484,0.9913403154266244,1.147840785606438,0.3945422945941045,28.0,0.205385737498538,64.0,equal,True,7593565,115.9011619570665,371.700249,64,7622.0,3843.0,256,0.055606042034924,4603.8162514644755,median 5 warm calls on training rows; end-to-end preprocessing,6000.0,,,,,,,,,,,,,,
1000.0,1000.0,1.0,11,1,binary,higgs,coerror_f50_d6_b1000_k64,complete,0.765520517307527,0.7839049519170849,0.5843676972615058,0.1998081078796501,0.6954843968899991,0.0570087888832274,0.8018656956018024,0.6947832772884823,0.8951697593283042,0.8951697593283042,0.9911180582156558,1.2423533791726786,0.3656264929491895,28.0,0.2005278398103796,64.0,equal,True,7595917,115.91723041585648,371.3456779999997,64,7656.0,3860.0,256,0.0705222920514643,3630.057851965185,median 5 warm calls on training rows; end-to-end preprocessing,6000.0,,,,,,,,,,,,,,
,,,11,1,binary,higgs,random_forest,complete,0.7847973539269868,0.8042123775828094,0.5663758877022992,0.1922371306649708,0.7060661962601089,0.0538887873162316,0.7714820090984956,,,,,,,,,,,,79487259,8.455391332972795,8.460977999999841,256,992310.0,496283.0,256,0.0186129580251872,13753.858986496292,median 5 warm calls on training rows; end-to-end preprocessing,,8.455391332972795,8.460977999999841,1350483968.0,,,,,,,,,,,
,,,11,1,binary,higgs,extra_trees,complete,0.7689201391422715,0.7863544256848689,0.5988474940331184,0.2052717600861648,0.6930620692445582,0.0879099628712871,0.8237923097096852,,,,,,,,,,,,238566779,3.179732457967475,3.1817630000000463,256,2980804.0,1490530.0,256,0.0265249998774379,9651.272429137784,median 5 warm calls on training rows; end-to-end preprocessing,,3.179732457967475,3.1817630000000463,1608269824.0,,,,,,,,,,,
,,,11,1,binary,higgs,xgboost,complete,0.7922599131101382,0.8092028187430407,0.5469131469726562,0.1854607128778687,0.7104374224649237,0.0203976111836952,0.7442870317764746,,,,,,,,,,,,1184823,1.0358607498928905,1.037176000000045,300,28620.0,14460.0,256,0.0014109590556472,181436.873717476,median 5 warm calls on training rows; end-to-end preprocessing,,1.0358607498928905,1.037176000000045,1628061696.0,,,,,,,,,,,
,,,11,1,binary,higgs,lightgbm,complete,0.79421666903893,0.8117395450903134,0.54442418423634,0.1844752905424209,0.7143334132918513,0.0145123507331311,0.740332355588102,,,,,,,,,,,,1041919,0.6821053330786526,0.6825870000000123,300,18300.0,9300.0,256,0.0050455839373171,50737.43756527848,median 5 warm calls on training rows; end-to-end preprocessing,,0.6821053330786526,0.6825870000000123,1658355712.0,,,,,,,,,,,
,,,11,1,binary,higgs,catboost,complete,0.7939562017584612,0.8124245757354733,0.5464906253189163,0.184943372399076,0.7164866937706775,0.0235518809011894,0.7422108518491817,,,,,,,,,,,,349038,1.942512000212446,1.9470229999999449,300,38100.0,19200.0,256,0.0008851671591401,289210.9104552518,median 5 warm calls on training rows; end-to-end preprocessing,,1.942512000212446,1.9470229999999449,1680277504.0,,,,,,,,,,,
,,,11,1,binary,higgs,linear,complete,0.6951669411026039,0.6946878443374569,0.6280068310045099,0.2193232139786063,0.6430050265488771,0.0287525454312167,0.880183308900098,,,,,,,,,,,,4746,0.0403797919861972,0.0404229999999188,1,,,256,0.0007718328852206,331678.0159306328,median 5 warm calls on training rows; end-to-end preprocessing,,0.0403797919861972,0.0404229999999188,1680900096.0,29.0,,,,,,,,,,
,,,11,1,binary,higgs,rf_leaf5,complete,0.7871200194212495,0.8078512106869484,0.5649095158814321,0.1914622198669512,0.7057362770591546,0.0522732371455057,0.7683721533840437,,,,,,,,,,,,42654939,7.484907457837835,7.484382000000096,256,531906.0,266081.0,256,0.0149648750666528,17106.724837981426,median 5 warm calls on training rows; end-to-end preprocessing,,7.484907457837835,7.484382000000096,1709703168.0,,,,,,,,,,,
,,,11,1,binary,higgs,rf_shallow64,complete,0.7654913908519266,0.7838811932138376,0.6039968652723495,0.2074213565964451,0.6911192217627818,0.0899751092815722,0.832419025208224,,,,,,,,,,,,555979,1.0355117919389158,1.0362769999999273,64,6578.0,3321.0,256,0.0030389169696718,84240.53784781224,median 5 warm calls on training rows; end-to-end preprocessing,,1.0355117919389158,1.0362769999999273,1710292992.0,,,,,,,,,,,
,,,11,1,binary,higgs,random_patches64,complete,0.7465994750193453,0.7639050824374976,0.6462197555499976,0.2268755017120279,0.6508044139991951,0.1070608280111927,0.9104919911703524,,,,,,,,,,,,4039869,1.137491124914959,1.1382560000001831,64,6122.0,3093.0,256,0.0412962920963764,6199.103769475298,median 5 warm calls on training rows; end-to-end preprocessing,,1.137491124914959,1.1382560000001831,1712488448.0,,,,,,,,,,,
1000.0,843.0,0.843,11,2,binary,higgs,random_b1000_k16,complete,0.7377620230965665,0.7628000157951476,0.6384563460469364,0.2232490428418761,0.6558814192792083,0.0967109415189644,0.895922064350656,0.6186851665576292,0.930964054440827,0.930964054440827,0.989507297862986,1.140570386766879,0.1408267829471894,27.0,0.2227008920307794,16.0,equal,True,1803145,114.02210025000386,367.71617100000026,16,822.0,419.0,256,0.0120765829924494,21198.04916341468,median 5 warm calls on training rows; end-to-end preprocessing,6000.0,,,,,,,,,,,,,,
1000.0,843.0,0.843,11,2,binary,higgs,top_quality_b1000_k16,complete,0.7445016816643512,0.7669273164481636,0.594050264493829,0.2044956197159371,0.6805871054462956,0.0161751221446514,0.8206625902371077,0.7139563669049238,0.9381020709416888,0.9381020709416888,0.9896399076225192,1.126290620356012,0.3893310596202977,28.0,0.2054443118273649,16.0,equal,True,1894469,114.23570770770311,368.7809850000001,16,1914.0,965.0,256,0.0156239580828696,16385.09260215453,median 5 warm calls on training rows; end-to-end preprocessing,6000.0,,,,,,,,,,,,,,
1000.0,843.0,0.843,11,2,binary,higgs,coerror_b1000_k16,complete,0.7606921024795024,0.783579957745873,0.5888579967346603,0.2017458729171006,0.6876812714270908,0.0519275243530395,0.809627564970728,0.7002784350881375,0.892600186299438,0.892600186299438,0.9543165685499776,1.2352544344357894,0.341241961888886,28.0,0.1994322383734838,16.0,equal,True,1896197,114.3546754999552,369.02259500000014,16,1938.0,977.0,256,0.0151787081267684,16865.730460191815,median 5 warm calls on training rows; end-to-end preprocessing,6000.0,,,,,,,,,,,,,,
1000.0,843.0,0.843,11,2,binary,higgs,random_b1000_k64,complete,0.7600580249138402,0.7868877995745733,0.6388873326107809,0.2233423649756348,0.6618103560043525,0.1121863297380711,0.8962965759618253,0.6051211666356824,0.9282419566171536,0.9282419566171536,0.9962803422877244,1.1526562185897469,0.1293495328069435,28.0,0.2230003921921504,64.0,equal,True,7296861,114.83613312523812,371.0802800000002,64,4130.0,2097.0,256,0.061201874865219,4182.878393248125,median 5 warm calls on training rows; end-to-end preprocessing,6000.0,,,,,,,,,,,,,,
1000.0,843.0,0.843,11,2,binary,higgs,top_quality_b1000_k64,complete,0.7505956609339963,0.776239798365127,0.5918646656659367,0.2031507116112732,0.6799593478905432,0.0331012107653154,0.8152653315068842,0.6999210714338524,0.914921728464924,0.914921728464924,0.9896399076225192,1.1906507003781028,0.3445374281372544,28.0,0.2039033255216022,64.0,equal,True,7594693,116.19493158208206,376.0374609999999,64,7654.0,3859.0,256,0.0797396248672157,3210.449013602673,median 5 warm calls on training rows; end-to-end preprocessing,6000.0,,,,,,,,,,,,,,
1000.0,843.0,0.843,11,2,binary,higgs,coerror_b1000_k64,complete,0.7643364910510465,0.787622813158907,0.5896819953967516,0.2018311209701464,0.694319764693391,0.0653654958966492,0.8099696744404685,0.6926310696775131,0.8915748226035475,0.8915748226035475,0.9896399076225192,1.2527167395367869,0.3424539933992073,28.0,0.2003879916297601,64.0,equal,True,7602485,116.28032216709109,376.17537600000014,64,7746.0,3905.0,256,0.0597856251988559,4281.965759302599,median 5 warm calls on training rows; end-to-end preprocessing,6000.0,,,,,,,,,,,,,,
1000.0,843.0,0.843,11,2,binary,higgs,random_b1000_k128,complete,0.7581890174118079,0.785577375717261,0.6409545270961058,0.2243228698040353,0.6593466807127382,0.1116541885117912,0.9002314457323022,0.6041824292581013,0.9337030877786626,0.9337030877786626,1.0,1.142047251272605,0.1276434368162821,28.0,0.2242750858035258,128.0,equal,True,14548381,115.67547604185528,374.226132,128,7356.0,3742.0,256,0.0930393750313669,2751.5232116906755,median 5 warm calls on training rows; end-to-end preprocessing,6000.0,,,,,,,,,,,,,,
1000.0,843.0,0.843,11,2,binary,higgs,top_quality_b1000_k128,complete,0.7459727091137793,0.7760870258640237,0.5990104024925543,0.2060649450103145,0.6722459112244459,0.0414324904789425,0.8269604589288545,0.6903489437583132,0.9232331784214424,0.9232331784214424,1.0,1.1707869311982682,0.3197352382220398,28.0,0.207280109391569,128.0,equal,True,14979877,117.46528954082169,381.4113450000002,128,12386.0,6257.0,256,0.1023877090774476,2500.3001073728256,median 5 warm calls on training rows; end-to-end preprocessing,6000.0,,,,,,,,,,,,,,
1000.0,843.0,0.843,11,2,binary,higgs,coerror_b1000_k128,complete,0.7641206627126278,0.7889874834320518,0.5936471321688368,0.2033312902982397,0.6923763165032071,0.0722198038299571,0.8159900129117642,0.6837728391481596,0.8911141877786793,0.8911141877786793,0.9982257905704852,1.256310233055737,0.3179704066663411,28.0,0.2024386827820218,128.0,equal,True,15204085,118.26248762616888,383.79437399999983,128,15164.0,7646.0,256,0.0997314169071614,2566.8942439502957,median 5 warm calls on training rows; end-to-end preprocessing,6000.0,,,,,,,,,,,,,,
3000.0,2512.0,0.8373333333333334,11,2,binary,higgs,random_b3000_k16,complete,0.7365738160906008,0.763857500946383,0.6466493681986045,0.2271249387426491,0.642208619554544,0.0960857090722389,0.911476445289652,0.595815726201151,0.9302408877658828,0.9302408877658828,0.9910747365536098,1.141221975035949,0.1404174077693393,28.0,0.2268722031280739,16.0,equal,True,1819725,114.1985547489021,368.0846360000003,16,1022.0,519.0,256,0.013636790914461,18772.745113260265,median 5 warm calls on training rows; end-to-end preprocessing,6000.0,,,,,,,,,,,,,,
3000.0,2512.0,0.8373333333333334,11,2,binary,higgs,top_quality_b3000_k16,complete,0.7425859512319144,0.7623677851323797,0.594479445695134,0.204751666724811,0.675298746868435,0.0163588641065061,0.8216901340144114,0.7201292695637687,0.9476803348270868,0.9476803348270868,0.9904362157744104,1.1052808423258038,0.4175312260216016,28.0,0.205268591128117,16.0,equal,True,1895461,114.40116049977952,369.09226899999953,16,1926.0,971.0,256,0.0175380839500576,14596.805485080304,median 5 warm calls on training rows; end-to-end preprocessing,6000.0,,,,,,,,,,,,,,
3000.0,2512.0,0.8373333333333334,11,2,binary,higgs,coerror_b3000_k16,complete,0.7635161086218298,0.7860881437749935,0.5875500843525908,0.2010629931419686,0.6898654668519092,0.0540187684609417,0.8068870960753122,0.7007615356275008,0.8912605199594571,0.8912605199594571,0.976000261138218,1.2386538731822203,0.3412853866207278,28.0,0.1989170492439197,16.0,equal,True,1895845,114.51280425023288,369.1134139999997,16,1938.0,977.0,256,0.0151199591346085,16931.262691976084,median 5 warm calls on training rows; end-to-end preprocessing,6000.0,,,,,,,,,,,,,,
3000.0,2512.0,0.8373333333333334,11,2,binary,higgs,random_b3000_k64,complete,0.7548988202527788,0.783074112741817,0.6383466090841736,0.2230993869982006,0.6590114041870246,0.1063639751331483,0.8953214795924813,0.606450699825303,0.926515596088908,0.926515596088908,0.99833307523744,1.1579106534496189,0.1297314929331031,28.0,0.2231581916338637,64.0,equal,True,7318949,115.01132116583176,371.1657339999995,64,4402.0,2233.0,256,0.0538112081121653,4757.373212405632,median 5 warm calls on training rows; end-to-end preprocessing,6000.0,,,,,,,,,,,,,,
3000.0,2512.0,0.8373333333333334,11,2,binary,higgs,top_quality_b3000_k64,complete,0.7497481927480233,0.7732079565521557,0.5900396981897572,0.2027183282624907,0.6793789001232582,0.0232407424134827,0.8135301313129621,0.711396361808323,0.928555048166773,0.928555048166773,0.99043621577441,1.1566399799121037,0.3753028967213325,28.0,0.2034266895313781,64.0,equal,True,7598245,116.17542579118162,375.9710150000003,64,7702.0,3883.0,256,0.0601043340284377,4259.260237021781,median 5 warm calls on training rows; end-to-end preprocessing,6000.0,,,,,,,,,,,,,,
3000.0,2512.0,0.8373333333333334,11,2,binary,higgs,coerror_b3000_k64,complete,0.7644990055915837,0.786974680861097,0.5876188586727819,0.201049628172957,0.6944745597932527,0.06081526596728,0.8068334610385188,0.6980291093133277,0.8932432124927785,0.8932432124927785,0.9904362157743788,1.24799708338168,0.3534292648960592,28.0,0.1991159930231418,64.0,equal,True,7603973,116.50648045702836,376.0986190000001,64,7770.0,3917.0,256,0.0609035831876099,4203.365165090649,median 5 warm calls on training rows; end-to-end preprocessing,6000.0,,,,,,,,,,,,,,
3000.0,2512.0,0.8373333333333334,11,2,binary,higgs,random_b3000_k128,complete,0.7559882996753682,0.7837488840177679,0.6388650499846548,0.2233357471562991,0.6642353438067334,0.112887472163381,0.8962700179516084,0.6029392770483872,0.9303448578991078,0.9303448578991078,0.9999999999999776,1.1493500338590747,0.1302431393250898,28.0,0.2232328364775552,128.0,equal,True,14582904,116.09152966714464,375.3163829999996,128,7764.0,3946.0,256,0.104748958023265,2443.938391665354,median 5 warm calls on training rows; end-to-end preprocessing,6000.0,,,,,,,,,,,,,,
3000.0,2512.0,0.8373333333333334,11,2,binary,higgs,top_quality_b3000_k128,complete,0.7518942423987436,0.7761190996044232,0.5899085834098091,0.2024009193922863,0.6782610257990027,0.0370297531049192,0.8122563358842483,0.7045715420821324,0.919329835497427,0.919329835497427,0.99043621577441,1.18127221816951,0.3548788234152982,28.0,0.2033696568521551,128.0,equal,True,15220757,118.36671425029635,384.6281099999999,128,15358.0,7743.0,256,0.1077797079924494,2375.2151937351164,median 5 warm calls on training rows; end-to-end preprocessing,6000.0,,,,,,,,,,,,,,
3000.0,2512.0,0.8373333333333334,11,2,binary,higgs,coerror_b3000_k128,complete,0.7649265542619801,0.78774212855124,0.5883021116534728,0.2012851370687462,0.696448028030508,0.0653529184269059,0.8077785831917987,0.6952740565327074,0.8928480787770842,0.8928480787770842,0.9904362157743788,1.251563963536172,0.3475412639000326,28.0,0.1997308780609102,128.0,equal,True,15232709,119.43865724932402,386.026623,128,15500.0,7814.0,256,0.1154245832003653,2217.898413855306,median 5 warm calls on training rows; end-to-end preprocessing,6000.0,,,,,,,,,,,,,,
6000.0,5029.0,0.8381666666666666,11,2,binary,higgs,random_b6000_k16,complete,0.7472974734767242,0.7735526068150811,0.6337693581975572,0.2210107940128124,0.6602712530196104,0.0994625423733511,0.8869397346352021,0.6125427691477103,0.9219720302169568,0.9219720302169568,0.9921332690845416,1.1596290514725591,0.125168432606614,28.0,0.2212176897264512,16.0,equal,True,1826360,114.72852333332412,368.4574130000003,16,1108.0,562.0,256,0.0134148329962044,19083.35348434311,median 5 warm calls on training rows; end-to-end preprocessing,6000.0,,,,,,,,,,,,,,
6000.0,5029.0,0.8381666666666666,11,2,binary,higgs,top_quality_b6000_k16,complete,0.7409293863487063,0.7608639955471844,0.596843422973916,0.2054575664436502,0.67741834276339,0.0127164741374082,0.8245229843831132,0.7218152064387218,0.9556664088746948,0.9556664088746948,0.9905922435077916,1.08813962463947,0.4367270542731574,28.0,0.2061904296212069,16.0,equal,True,1898501,114.826075498946,369.42801099999974,16,1964.0,990.0,256,0.0180820000823587,14157.72585079017,median 5 warm calls on training rows; end-to-end preprocessing,6000.0,,,,,,,,,,,,,,
6000.0,5029.0,0.8381666666666666,11,2,binary,higgs,coerror_b6000_k16,complete,0.7608991730899034,0.783661587348196,0.5880365356907352,0.201386529213134,0.6876469176589384,0.0493497488715039,0.8081854806107194,0.7037647530808178,0.8928004113538107,0.8928004113538107,0.9805474675224388,1.2343504298456058,0.3566689947666189,28.0,0.1984491529022742,16.0,equal,True,1895485,114.9256144168321,369.52208499999983,16,1928.0,972.0,256,0.0174139998853206,14700.815532667955,median 5 warm calls on training rows; end-to-end preprocessing,6000.0,,,,,,,,,,,,,,
6000.0,5029.0,0.8381666666666666,11,2,binary,higgs,random_b6000_k64,complete,0.7536693977536156,0.7791937896892034,0.6468460236985922,0.2271587159594955,0.6518869021586626,0.1103644140272897,0.9116119968398844,0.5923068774214568,0.9396781723162656,0.9396781723162656,0.9973571566885684,1.1261250970679562,0.1174944379174363,28.0,0.2270963613540583,64.0,equal,True,7218597,115.01612258213572,370.7876389999999,64,3162.0,1613.0,256,0.059323166962713,4315.34614733071,median 5 warm calls on training rows; end-to-end preprocessing,6000.0,,,,,,,,,,,,,,
6000.0,5029.0,0.8381666666666666,11,2,binary,higgs,top_quality_b6000_k64,complete,0.7468047835613292,0.7689646393409353,0.5919285452592997,0.2035982885890145,0.680419399469047,0.0174238428623319,0.8170615053437317,0.7153464689678775,0.9388764580279396,0.9388764580279396,0.9905922435077996,1.1317837896503058,0.3950385568640465,28.0,0.2044727376978511,64.0,equal,True,7599541,116.29177837539464,376.1274770000002,64,7716.0,3890.0,256,0.0699892500415444,3657.704573888743,median 5 warm calls on training rows; end-to-end preprocessing,6000.0,,,,,,,,,,,,,,
6000.0,5029.0,0.8381666666666666,11,2,binary,higgs,coerror_b6000_k64,complete,0.76323039903098,0.786596118288751,0.5878737817710068,0.2012013733355621,0.6926902855669392,0.0572810972766861,0.8074424304549417,0.7008771273180067,0.8945126829600096,0.8945126829600096,0.9904362157743788,1.2441900087574456,0.3505908980755544,28.0,0.1985330469092505,64.0,equal,True,7602277,117.39197150012478,377.1689899999999,64,7760.0,3912.0,256,0.0802599168382585,3189.63699546184,median 5 warm calls on training rows; end-to-end preprocessing,6000.0,,,,,,,,,,,,,,
6000.0,5029.0,0.8381666666666666,11,2,binary,higgs,random_b6000_k128,complete,0.7546182118127848,0.7828505684248781,0.6368118797204005,0.2223792879581132,0.6646223089849234,0.1104174349924843,0.8924316458430532,0.6107265801120705,0.93046408066453,0.93046408066453,1.0,1.149283672024895,0.1373949672953373,28.0,0.2222126610884881,128.0,equal,True,14530885,116.48376287403516,375.9014239999999,128,7106.0,3617.0,256,0.1056003340054303,2424.2347565570726,median 5 warm calls on training rows; end-to-end preprocessing,6000.0,,,,,,,,,,,,,,
6000.0,5029.0,0.8381666666666666,11,2,binary,higgs,top_quality_b6000_k128,complete,0.7507261239957053,0.7750218237647621,0.5898939807778001,0.2026063432937223,0.6751094625716373,0.0279548983861393,0.8130807237673887,0.7106944250322484,0.9277518131631564,0.9277518131631564,0.9950656902887464,1.16006510240873,0.3689056121837339,28.0,0.2033536995747023,128.0,equal,True,15219877,118.67518691718578,385.1640500000001,128,15362.0,7745.0,256,0.1236960410606116,2069.589275493133,median 5 warm calls on training rows; end-to-end preprocessing,6000.0,,,,,,,,,,,,,,
6000.0,5029.0,0.8381666666666666,11,2,binary,higgs,coerror_b6000_k128,complete,0.7641140718451503,0.7871758782702657,0.5879142918086959,0.201186140064197,0.6936189658802527,0.0603974983969613,0.8073812977228391,0.6985831312407329,0.8939757622380117,0.8939757622380117,0.9926420661438272,1.248214481402523,0.3427460728981232,28.0,0.1989328382757734,128.0,equal,True,15231045,120.87183850025758,388.1985440000001,128,15508.0,7818.0,256,0.1224164168816059,2091.222783032347,median 5 warm calls on training rows; end-to-end preprocessing,6000.0,,,,,,,,,,,,,,
300.0,244.0,0.8133333333333334,11,2,binary,higgs,top_quality_b300_k64,complete,0.7445753097798,0.7752589374511584,0.6040452014584025,0.2080901539164583,0.6665361434143872,0.048120534713674,0.835087836859961,0.6851441217279151,0.929589956477788,0.929589956477788,1.0,1.1528690137308302,0.2937587238323734,28.0,0.2092554985094461,64.0,equal,True,7358437,115.49101991718636,373.66988299999934,64,4738.0,2401.0,256,0.0581758338958025,4400.452608182913,median 5 warm calls on training rows; end-to-end preprocessing,6000.0,,,,,,,,,,,,,,
300.0,244.0,0.8133333333333334,11,2,binary,higgs,coerror_b300_k64,complete,0.7622417237664515,0.7875790099691455,0.5988875943011936,0.2055061047435283,0.6910434264132355,0.0795803739760087,0.824717773723633,0.6780329313407347,0.8952723675367906,0.8952723675367906,1.0,1.2422431739639856,0.2812030917214131,28.0,0.2044833521813671,64.0,equal,True,7525541,115.7546863737516,374.5964300000003,64,6830.0,3447.0,256,0.060921500204131,4202.128955167144,median 5 warm calls on training rows; end-to-end preprocessing,6000.0,,,,,,,,,,,,,,
6000.0,5029.0,0.8381666666666666,11,2,binary,higgs,random_cert_b6000_k64,complete,0.7492631771303762,0.7778058191008153,0.6386938911563085,0.2232923903954536,0.6537745085470008,0.1006437580688279,0.8960960226762612,0.6101318745840546,0.9272767445110917,0.9272767445110917,0.993898769971536,1.1569195395557703,0.1390651402772698,28.0,0.2229886728739474,64.0,equal,True,7334453,115.21840866701676,371.4237179999993,64,4586.0,2325.0,256,0.0587503751739859,4357.41898229365,median 5 warm calls on training rows; end-to-end preprocessing,6000.0,,,,,,,,,,,,,,
6000.0,5029.0,0.8381666666666666,11,2,binary,higgs,top_quality_cert_b6000_k64,complete,0.7468047835613292,0.7689646393409353,0.5919285452592997,0.2035982885890145,0.680419399469047,0.0174238428623319,0.8170615053437317,0.7153464689678775,0.9388764580279396,0.9388764580279396,0.9905922435077996,1.1317837896503058,0.3950385568640465,28.0,0.2044727376978511,64.0,equal,True,7599541,116.25019012531266,376.1158659999998,64,7716.0,3890.0,256,0.0681126660201698,3758.478634857606,median 5 warm calls on training rows; end-to-end preprocessing,6000.0,,,,,,,,,,,,,,
6000.0,5029.0,0.8381666666666666,11,2,binary,higgs,coerror_cert_b6000_k64,complete,0.76323039903098,0.786596118288751,0.5878737817710068,0.2012013733355621,0.6926902855669392,0.0572810972766861,0.8074424304549417,0.7008771273180067,0.8945126829600096,0.8945126829600096,0.9904362157743788,1.2441900087574456,0.3505908980755544,28.0,0.1985330469092505,64.0,equal,True,7602277,117.26944762375206,377.05414899999937,64,7760.0,3912.0,256,0.0791535419411957,3234.2203990086255,median 5 warm calls on training rows; end-to-end preprocessing,6000.0,,,,,,,,,,,,,,
6000.0,5029.0,0.8381666666666666,11,2,binary,higgs,abs_correlation_b6000_k64,complete,0.7712725213553135,0.7946710757636513,0.5997215509908745,0.2056215465120539,0.6921483447171759,0.090149546313127,0.8251810537729141,0.6645367442393538,0.8781984144553271,0.8781984144553271,0.9807619672360848,1.289172583858457,0.3445207136443479,28.0,0.2047156122592286,64.0,equal,True,7595973,118.28680937504396,378.3115190000001,64,7652.0,3858.0,256,0.0792127081658691,3231.8046678058704,median 5 warm calls on training rows; end-to-end preprocessing,6000.0,,,,,,,,,,,,,,
6000.0,5029.0,0.8381666666666666,11,2,binary,higgs,signed_correlation_b6000_k64,complete,0.7712725213553135,0.7946710757636513,0.5997215509908745,0.2056215465120539,0.6921483447171759,0.090149546313127,0.8251810537729141,0.6645367442393538,0.8781984144553271,0.8781984144553271,0.9807619672360848,1.289172583858457,0.3445207136443479,28.0,0.2047156122592286,64.0,equal,True,7595973,118.00631574890576,378.1403459999999,64,7652.0,3858.0,256,0.0795272090472281,3219.024068202514,median 5 warm calls on training rows; end-to-end preprocessing,6000.0,,,,,,,,,,,,,,
6000.0,5029.0,0.8381666666666666,11,2,binary,higgs,quality_diversity_l002_b6000_k64,complete,0.7471040360305571,0.769553334482771,0.5917705715275082,0.2035361363368404,0.6805268847804411,0.0172939416052141,0.8168120817701159,0.7153445042325971,0.9385052583559884,0.9385052583559884,0.9905922435077996,1.1326625962186463,0.3948073728784598,28.0,0.2043838281047727,64.0,equal,True,7600261,117.6184767500963,377.51785399999994,64,7726.0,3895.0,256,0.0791175831109285,3235.6903476319494,median 5 warm calls on training rows; end-to-end preprocessing,6000.0,,,,,,,,,,,,,,
6000.0,5029.0,0.8381666666666666,11,2,binary,higgs,quality_diversity_l01_b6000_k64,complete,0.748114063899995,0.7715807216033295,0.5912219575651274,0.2032927183294657,0.6807590548587694,0.0186097935868132,0.8158352195139955,0.7152109138737937,0.9363495079914208,0.9363495079914208,0.9926420661438272,1.137803561656519,0.392721968891032,28.0,0.2039234299452327,64.0,equal,True,7600485,117.68845554091968,377.60953300000006,64,7728.0,3896.0,256,0.0792032079771161,3232.1923131442495,median 5 warm calls on training rows; end-to-end preprocessing,6000.0,,,,,,,,,,,,,,
6000.0,5029.0,0.8381666666666666,11,2,binary,higgs,quality_diversity_l05_b6000_k64,complete,0.7592295167575965,0.7817396536943841,0.5870483603983346,0.2010840458427805,0.6912757319203476,0.0473586443610665,0.8069715827944104,0.7064853315474207,0.9031567233530272,0.9031567233530272,0.9904362157743788,1.2212315927701207,0.3657911655510812,28.0,0.1990728484930643,64.0,equal,True,7601557,117.69705837592484,377.6052379999999,64,7744.0,3904.0,256,0.079407624900341,3223.871766990736,median 5 warm calls on training rows; end-to-end preprocessing,6000.0,,,,,,,,,,,,,,
6000.0,5029.0,0.8381666666666666,11,2,binary,higgs,caruana_b6000_k64,complete,0.7624306920627537,0.7856867563563346,0.5878837831951588,0.20125399174216,0.690041749985464,0.0535841883910588,0.8076535936960554,0.7016324579799209,0.8936122176434078,0.8936122176434078,0.99043621577441,1.2417344376110269,0.3481220283941121,28.0,0.1982788831259131,64.0,frequency_weighted,True,3791381,115.74955604108982,371.9979719999999,32,3864.0,1948.0,256,0.0356261660344898,7185.729717650928,median 5 warm calls on training rows; end-to-end preprocessing,6000.0,,,,,,,,,,,,,,
6000.0,5029.0,0.8381666666666666,11,2,binary,higgs,coerror_swap_b6000_k64,complete,0.7632374413277365,0.7866056728208073,0.5878513675672832,0.2011967058059405,0.692866568700494,0.0573497929002797,0.8074236991639997,0.7008771918685553,0.8945152839614204,0.8945152839614204,0.9904362157743788,1.2441830332185873,0.3508401195791787,28.0,0.1985323252769999,64.0,equal,True,7602453,117.55555079202168,377.60073899999975,64,7762.0,3913.0,256,0.0790214170701801,3239.6280589683975,median 5 warm calls on training rows; end-to-end preprocessing,6000.0,,,,,,,,,,,,,,
6000.0,5029.0,0.8381666666666666,11,2,binary,higgs,coerror_b6000_k256,complete,0.7648197009515768,0.7879877010378452,0.588492945321491,0.2013634673735086,0.6948873015832888,0.0642490857892374,0.8080929310046744,0.6955213991559299,0.8932001299961198,0.8932001299961198,0.9950656902887464,1.2516924629911408,0.3386772037691827,28.0,0.1996213225692188,256.0,equal,True,30456021,127.92768945801072,410.1214419999999,256,30948.0,15602.0,256,0.1963449581526219,1303.8277244736134,median 5 warm calls on training rows; end-to-end preprocessing,6000.0,,,,,,,,,,,,,,
1000.0,594.0,0.594,11,2,binary,higgs,top_quality_f05_d3_b1000_k64,complete,0.6975689269309346,0.7156352417238249,0.6370143369092081,0.2229905187828629,0.643967884598786,0.0477904138497273,0.894884579908676,0.6695743170326196,0.9947614698798326,0.9947614698798326,1.0,1.0103374529529967,0.361111111111111,24.0,0.2250595458073026,64.0,equal,True,7028504,114.05986145720816,367.88704600000005,64,960.0,512.0,256,0.0475875830743461,5379.554569940034,median 5 warm calls on training rows; end-to-end preprocessing,6000.0,,,,,,,,,,,,,,
1000.0,594.0,0.594,11,2,binary,higgs,coerror_f05_d3_b1000_k64,complete,0.7181655683693253,0.7492517271760263,0.6314305613041618,0.2201711581983955,0.6543898969405013,0.063260603234201,0.8835701871442959,0.6537894757646059,0.9607288216333122,0.9607288216333122,1.0,1.0823244324767574,0.2089947089947089,18.0,0.2209431035132598,64.0,equal,True,7028696,114.19273641705512,368.057325,64,960.0,512.0,256,0.0488902078941464,5236.222364901225,median 5 warm calls on training rows; end-to-end preprocessing,6000.0,,,,,,,,,,,,,,
1000.0,554.0,0.554,11,2,binary,higgs,top_quality_f05_d6_b1000_k64,complete,0.6941137775132603,0.716609110310465,0.6353582584331674,0.222225707280191,0.6407131246381794,0.0191264759531183,0.8918153103091718,0.6663046615457411,0.9677738329220184,0.9677738329220184,1.0,1.066155255381949,0.357142857142857,25.0,0.2232959510114819,64.0,equal,True,7523312,114.18435208220036,368.39176800000064,64,7144.0,3604.0,256,0.0513043340761214,4989.8318457884425,median 5 warm calls on training rows; end-to-end preprocessing,6000.0,,,,,,,,,,,,,,
1000.0,554.0,0.554,11,2,binary,higgs,coerror_f05_d6_b1000_k64,complete,0.7248091176435536,0.7567143715305444,0.6256587663707207,0.2175767069845513,0.651530589028535,0.0657492696033777,0.8731583795155807,0.6494988133140001,0.9262247512021214,0.9262247512021214,1.0,1.162596932130725,0.1931216931216931,17.0,0.2172507743481435,64.0,equal,True,7528280,114.33130262512714,368.600228,64,7208.0,3636.0,256,0.053758957888931,4761.997070867893,median 5 warm calls on training rows; end-to-end preprocessing,6000.0,,,,,,,,,,,,,,
1000.0,944.0,0.944,11,2,binary,higgs,top_quality_f20_d3_b1000_k64,complete,0.7093049144758201,0.7180901798733026,0.6275743262509106,0.2186614349899531,0.6463370757422491,0.033198347264422,0.8775115079388319,0.6765381404571404,0.985538818413297,0.985538818413297,1.0,1.0290389642925266,0.234060631828489,28.0,0.2215897448701222,64.0,equal,True,7039117,114.43141508172266,369.4006560000005,64,960.0,512.0,256,0.0550324160140007,4651.80376480057,median 5 warm calls on training rows; end-to-end preprocessing,6000.0,,,,,,,,,,,,,,
1000.0,944.0,0.944,11,2,binary,higgs,coerror_f20_d3_b1000_k64,complete,0.7358941441677324,0.759329297654292,0.6207037445153725,0.2151915959718754,0.659966222255608,0.073938349095487,0.8635866762958024,0.6648156041970865,0.9483620625447376,0.9483620625447376,1.0,1.1091786262031116,0.1965975657939943,28.0,0.2156965303063814,64.0,equal,True,7039101,114.60094583407044,369.616561999999,64,960.0,512.0,256,0.0548757081851363,4665.087858844989,median 5 warm calls on training rows; end-to-end preprocessing,6000.0,,,,,,,,,,,,,,
1000.0,938.0,0.938,11,2,binary,higgs,top_quality_f20_d6_b1000_k64,complete,0.7403447402891241,0.7671303955287376,0.6009081890141043,0.2070193849837181,0.6709776206643379,0.0300343830699484,0.8307907276744017,0.6916838161248766,0.929284823855844,0.929284823855844,0.995065690288762,1.1546000223775452,0.2300966725073868,28.0,0.2088316259673407,64.0,equal,True,7563597,114.83073445712216,371.04321200000027,64,7516.0,3790.0,256,0.0582137908786535,4397.583392801737,median 5 warm calls on training rows; end-to-end preprocessing,6000.0,,,,,,,,,,,,,,
1000.0,938.0,0.938,11,2,binary,higgs,coerror_f20_d6_b1000_k64,complete,0.7639903350797025,0.789030382796694,0.5955603427295367,0.2041037654513215,0.6914820351009738,0.0749874708316059,0.8190900375524018,0.6831147551224495,0.8971563866367493,0.8971563866367493,0.995065690288762,1.236930777273233,0.2105618257403972,28.0,0.203582922103409,64.0,equal,True,7573789,114.92041158210486,371.0172510000005,64,7642.0,3853.0,256,0.0558999590575695,4579.609794281855,median 5 warm calls on training rows; end-to-end preprocessing,6000.0,,,,,,,,,,,,,,
1000.0,999.0,0.999,11,2,binary,higgs,top_quality_f50_d3_b1000_k64,complete,0.696808449167077,0.6835460655444261,0.6270773588778104,0.2183855005478364,0.6472184914100232,0.0096411738077128,0.8764041537846565,0.6823512471758606,0.993877883743053,0.993877883743053,1.0,1.0121495073605624,0.4027416123328959,28.0,0.2214751163927156,64.0,equal,True,7060149,115.17677983315662,372.3615379999999,64,960.0,512.0,256,0.0607923339121043,4211.057275250092,median 5 warm calls on training rows; end-to-end preprocessing,6000.0,,,,,,,,,,,,,,
1000.0,999.0,0.999,11,2,binary,higgs,coerror_f50_d3_b1000_k64,complete,0.7377754305461608,0.7541940336961472,0.6176174195454913,0.2138562453708332,0.6686557393093422,0.071049255337583,0.8582277728403235,0.6737401052121739,0.946768507442332,0.946768507442332,1.0,1.1119083328377626,0.3576414890137996,28.0,0.2131099655600465,64.0,equal,True,7060197,115.30896458309144,372.47827100000063,64,960.0,512.0,256,0.0721519161015749,3548.0693213968875,median 5 warm calls on training rows; end-to-end preprocessing,6000.0,,,,,,,,,,,,,,
1000.0,1000.0,1.0,11,2,binary,higgs,top_quality_f50_d6_b1000_k64,complete,0.7471089566097011,0.7697193111455185,0.5918467750471506,0.2035602903327821,0.6813395026260545,0.0185266719910911,0.8169090143151828,0.7151736322281941,0.9382100252835124,0.9382100252835124,0.9905922435077996,1.1333605223301266,0.4009170558136884,28.0,0.2043887995792185,64.0,equal,True,7600485,116.12649433291516,376.1312540000006,64,7720.0,3892.0,256,0.0562885000836104,4547.9982522138625,median 5 warm calls on training rows; end-to-end preprocessing,6000.0,,,,,,,,,,,,,,
1000.0,1000.0,1.0,11,2,binary,higgs,coerror_f50_d6_b1000_k64,complete,0.7632224990185927,0.7863247663516525,0.5876491560774353,0.2011207912330047,0.6934039952574645,0.05793025431818,0.8071190459389145,0.7005685326614771,0.8940253902636249,0.8940253902636249,0.9904362157743788,1.245537197318939,0.3733099718460298,28.0,0.1985826298499132,64.0,equal,True,7604853,116.18390287505464,375.9635779999997,64,7768.0,3916.0,256,0.056475207908079,4532.962506604214,median 5 warm calls on training rows; end-to-end preprocessing,6000.0,,,,,,,,,,,,,,
,,,11,2,binary,higgs,random_forest,complete,0.7796611156514864,0.7975996863561183,0.5712286354966606,0.1941952829116356,0.7013494665731065,0.0526989275536223,0.7793262472197133,,,,,,,,,,,,79329019,8.305986207909882,8.31105800000023,256,990332.0,495294.0,256,0.0176460840739309,14507.467998420992,median 5 warm calls on training rows; end-to-end preprocessing,,8.305986207909882,8.31105800000023,1295564800.0,,,,,,,,,,,
,,,11,2,binary,higgs,extra_trees,complete,0.7635727178534502,0.7784924273030034,0.6011883596648305,0.2064048843761425,0.6910346686852177,0.08553029379781,0.828324671623833,,,,,,,,,,,,236095899,3.195270167198032,3.196918000000096,256,2949918.0,1475087.0,256,0.0268787499517202,9524.25244700102,median 5 warm calls on training rows; end-to-end preprocessing,,3.195270167198032,3.196918000000096,1549762560.0,,,,,,,,,,,
,,,11,2,binary,higgs,xgboost,complete,0.7886291194276022,0.8082579257984859,0.5511394143104553,0.1870205638133799,0.7089639950841158,0.0154159365262927,0.750533339246539,,,,,,,,,,,,1194836,1.0866305830422789,1.0877879999998186,300,28914.0,14607.0,256,0.0014784578233957,173153.4007591897,median 5 warm calls on training rows; end-to-end preprocessing,,1.0866305830422789,1.0877879999998186,1569734656.0,,,,,,,,,,,
,,,11,2,binary,higgs,lightgbm,complete,0.7886835166557541,0.8084952019355527,0.5500276857878988,0.1868016660147214,0.7074161795142837,0.0151807282399159,0.7496548791861533,,,,,,,,,,,,1041439,0.6803391671273857,0.6808160000000498,300,18300.0,9300.0,256,0.0052835000678896,48452.72957519811,median 5 warm calls on training rows; end-to-end preprocessing,,0.6803391671273857,0.6808160000000498,1602371584.0,,,,,,,,,,,
,,,11,2,binary,higgs,catboost,complete,0.7876013503874888,0.8069083394267016,0.5527409379640399,0.1874973426732539,0.7052578058442396,0.0210298092502552,0.7524467033306108,,,,,,,,,,,,349182,1.9426428750157356,1.946541000000252,300,38100.0,19200.0,256,0.0008787498809397,291322.9413200459,median 5 warm calls on training rows; end-to-end preprocessing,,1.9426428750157356,1.946541000000252,1623490560.0,,,,,,,,,,,
,,,11,2,binary,higgs,linear,complete,0.685057835313543,0.6841797588519554,0.63663904924737,0.2227311553385209,0.6387392952575006,0.0249809092744876,0.8938437269244301,,,,,,,,,,,,4746,0.0413637501187622,0.041435999999976,1,,,256,0.0008003748953342,319850.11210664234,median 5 warm calls on training rows; end-to-end preprocessing,,0.0413637501187622,0.041435999999976,1623998464.0,29.0,,,,,,,,,,
,,,11,2,binary,higgs,rf_leaf5,complete,0.7818144784565307,0.8030475368525729,0.5691209563009163,0.19331216906543,0.7016375687391363,0.0515190058740686,0.7757822177803145,,,,,,,,,,,,42485019,7.521960875019431,7.526869000000261,256,529782.0,265019.0,256,0.0154954169411212,16521.013985795744,median 5 warm calls on training rows; end-to-end preprocessing,,7.521960875019431,7.526869000000261,1649770496.0,,,,,,,,,,,
,,,11,2,binary,higgs,rf_shallow64,complete,0.7535161826562317,0.7770476281359273,0.6125895019509744,0.2114515362923441,0.6788884673542597,0.0854101616610691,0.8485774205058295,,,,,,,,,,,,554379,1.1470497080590576,1.1448599999998803,64,6558.0,3311.0,256,0.0031824158504605,80442.03272898923,median 5 warm calls on training rows; end-to-end preprocessing,,1.1470497080590576,1.1448599999998803,1650130944.0,,,,,,,,,,,
,,,11,2,binary,higgs,random_patches64,complete,0.7417889528393637,0.7698071956206287,0.6394373464238886,0.2237062459396001,0.6507476752294976,0.0959888508621115,0.8977568688269761,,,,,,,,,,,,4053333,1.2214223339688033,1.2228439999998957,64,6298.0,3181.0,256,0.0417386251501739,6133.407582998296,median 5 warm calls on training rows; end-to-end preprocessing,,1.2214223339688033,1.2228439999998957,1653129216.0,,,,,,,,,,,
1000.0,1000.0,1.0,11,0,binary,miniboone,random_b1000_k16,complete,0.9574892938129004,0.8958474418479998,0.2989944214027161,0.0853201830670941,0.8335757929398675,0.0992240540571108,0.4226294150261389,0.8607826780171772,0.722312980666119,0.722312980666119,0.9509936696652972,1.774253502494384,0.1376645499469345,50.0,0.0857797124456463,16.0,equal,True,1818764,185.5693320010323,664.3146969999999,16,972.0,494.0,256,0.0138295418582856,18511.09766493264,median 5 warm calls on training rows; end-to-end preprocessing,6000.0,,,,,,,,,,,,,,
1000.0,1000.0,1.0,11,0,binary,miniboone,top_quality_b1000_k16,complete,0.957394289914676,0.9001460612141426,0.2370288891504112,0.0721424050751633,0.8694307098958735,0.0275012324414932,0.3573539268137606,0.9360125842890326,0.7882497550296887,0.7882497550296887,0.9028419158719058,1.5467688405008724,0.329989752344673,50.0,0.0670449435287013,16.0,equal,True,1901500,186.1045506251976,666.53028,16,1942.0,979.0,256,0.0158634590916335,16137.716151391927,median 5 warm calls on training rows; end-to-end preprocessing,6000.0,,,,,,,,,,,,,,
1000.0,1000.0,1.0,11,0,binary,miniboone,coerror_b1000_k16,complete,0.9675403719204808,0.9181988874632182,0.2248507352707699,0.0658427408599541,0.8890258629028556,0.049229136102934,0.3261488437205694,0.9279804823207614,0.6908267231449119,0.6908267231449119,0.8644001565660254,1.963725633117531,0.2749849279741378,50.0,0.062408030465866,16.0,equal,True,1896961,186.16619020840153,666.576122,16,1892.0,954.0,256,0.0147343340795487,17374.385473947445,median 5 warm calls on training rows; end-to-end preprocessing,6000.0,,,,,,,,,,,,,,
1000.0,1000.0,1.0,11,0,binary,miniboone,random_b1000_k64,complete,0.9612151182461424,0.90420898768924,0.2964636986329336,0.084850908818724,0.8279829329536594,0.1081077530859895,0.4203048876523573,0.870260812407242,0.7243632310702657,0.7243632310702657,0.9656795174211076,1.8532040353312087,0.1011096917247789,50.0,0.0851287349566542,64.0,equal,True,7348525,186.90758433332667,669.707759,64,4676.0,2370.0,256,0.0665630418807268,3845.9780798287743,median 5 warm calls on training rows; end-to-end preprocessing,6000.0,,,,,,,,,,,,,,
1000.0,1000.0,1.0,11,0,binary,miniboone,top_quality_b1000_k64,complete,0.9648954188173022,0.9134721830919864,0.2247385911736565,0.0667507787789714,0.8866735552386654,0.0368030997224944,0.330646765791764,0.9315573539704214,0.7453760546382804,0.7453760546382804,0.9137248570953538,1.775190849334194,0.3248691586740499,50.0,0.0643472261173418,64.0,equal,True,7615276,189.3799460013397,679.4971680000001,64,7650.0,3857.0,256,0.0539800419937819,4742.493531766596,median 5 warm calls on training rows; end-to-end preprocessing,6000.0,,,,,,,,,,,,,,
1000.0,1000.0,1.0,11,0,binary,miniboone,coerror_b1000_k64,complete,0.968956236468213,0.9215090515486152,0.2229129361453244,0.0648347831246067,0.8911050273945551,0.0534328911246795,0.321155973654574,0.9263376194296672,0.7006684525548532,0.7006684525548532,0.913724857095468,2.0079090261593713,0.3120383904709595,50.0,0.0626919038479489,64.0,equal,True,7609740,189.25034616701305,678.759659,64,7594.0,3829.0,256,0.0573984580114483,4460.050127983222,median 5 warm calls on training rows; end-to-end preprocessing,6000.0,,,,,,,,,,,,,,
1000.0,1000.0,1.0,11,0,binary,miniboone,random_b1000_k128,complete,0.9615297176651308,0.9035120912555896,0.2916715104382583,0.0833955957242826,0.8361894309751268,0.1044974881833185,0.413096064374283,0.8723245733376311,0.7242536742286151,0.7242536742286151,0.994555903085972,1.8721031402583177,0.1194970623886066,50.0,0.0835582907930443,128.0,equal,True,14714236,188.82433249987665,677.078207,128,9150.0,4639.0,256,0.0926639579702168,2762.6706824057846,median 5 warm calls on training rows; end-to-end preprocessing,6000.0,,,,,,,,,,,,,,
1000.0,1000.0,1.0,11,0,binary,miniboone,top_quality_b1000_k128,complete,0.9671039111962624,0.916921098302274,0.2241440360835259,0.0657921985993839,0.8868688565074494,0.0463367922236572,0.3258984850685948,0.928003658229814,0.7281667158372158,0.7281667158372158,0.9137248570953538,1.8709960057498247,0.2899423949539405,50.0,0.064646078512731,128.0,equal,True,15243969,192.9748252921272,694.103265,128,15188.0,7658.0,256,0.1038967079948633,2463.985673277122,median 5 warm calls on training rows; end-to-end preprocessing,6000.0,,,,,,,,,,,,,,
1000.0,1000.0,1.0,11,0,binary,miniboone,coerror_b1000_k128,complete,0.9688220608747088,0.9211988524757182,0.224270691620286,0.0651537403343647,0.888296088090512,0.0526519327585323,0.3227359128217505,0.9249558788491252,0.7045588819308208,0.7045588819308208,0.913724857095468,2.0020853537472196,0.289378006229136,50.0,0.0635031891831314,128.0,equal,True,15247393,193.5447779162787,695.195862,128,15230.0,7679.0,256,0.1082728330511599,2364.3973542193867,median 5 warm calls on training rows; end-to-end preprocessing,6000.0,,,,,,,,,,,,,,
3000.0,3000.0,1.0,11,0,binary,miniboone,random_b3000_k16,complete,0.9645890103502428,0.9150397984617532,0.2489815956735377,0.0715548225942996,0.8690095166602847,0.0690104232877229,0.3544433653118971,0.906351414509641,0.7132853098438059,0.7132853098438059,0.843167327640372,1.8591038742128023,0.2114167751394729,50.0,0.0725870063961583,16.0,equal,True,1860317,186.03133887448348,665.640392,16,1454.0,735.0,256,0.0152154159732162,16825.04115895595,median 5 warm calls on training rows; end-to-end preprocessing,6000.0,,,,,,,,,,,,,,
3000.0,3000.0,1.0,11,0,binary,miniboone,top_quality_b3000_k16,complete,0.9597011851583072,0.9051942278750053,0.2316959197819082,0.0696294342728657,0.8727550105223085,0.0242825342163546,0.3449060470510364,0.9366548872144412,0.7846772744579308,0.7846772744579308,0.8878139437191375,1.558755560883606,0.3128542624492286,50.0,0.0662821087580922,16.0,equal,True,1899308,186.17939791735265,666.483797,16,1922.0,969.0,256,0.0157711249776184,16232.196521383326,median 5 warm calls on training rows; end-to-end preprocessing,6000.0,,,,,,,,,,,,,,
3000.0,3000.0,1.0,11,0,binary,miniboone,coerror_b3000_k16,complete,0.9678918584835304,0.9199471937300738,0.2228115941460361,0.0648154667037488,0.8880024396778181,0.0475130758721991,0.3210602906947616,0.927322589958185,0.6920756559288083,0.6920756559288083,0.8644001565660254,1.9601313394028883,0.324787730546593,50.0,0.0618332980266175,16.0,equal,True,1897580,186.3670964569319,667.0678189999999,16,1886.0,951.0,256,0.0167582081630826,15276.096197680235,median 5 warm calls on training rows; end-to-end preprocessing,6000.0,,,,,,,,,,,,,,
3000.0,3000.0,1.0,11,0,binary,miniboone,random_b3000_k64,complete,0.9608400060802494,0.906164818398728,0.2927786397766866,0.0832749688777721,0.8408954393225425,0.1053452587140575,0.4124985451034075,0.8690186516533899,0.7163273884817974,0.7163273884817974,0.9904778558398316,1.8892587195298416,0.1340364216378479,50.0,0.0834634894551548,64.0,equal,True,7309937,187.34281462617216,671.1293230000001,64,4126.0,2095.0,256,0.0549351249355822,4660.04219158852,median 5 warm calls on training rows; end-to-end preprocessing,6000.0,,,,,,,,,,,,,,
3000.0,3000.0,1.0,11,0,binary,miniboone,top_quality_b3000_k64,complete,0.9615064263868563,0.9071394303545438,0.2291299660898853,0.0690248167360523,0.8713468911604139,0.0286695731727878,0.341911103220489,0.9343433161954552,0.7765395006446661,0.7765395006446661,0.9217807108271392,1.6377925918845586,0.3322771967748086,50.0,0.0656163892425669,64.0,equal,True,7616700,189.50682979123667,679.652604,64,7676.0,3870.0,256,0.0592631660401821,4319.7152144457605,median 5 warm calls on training rows; end-to-end preprocessing,6000.0,,,,,,,,,,,,,,
3000.0,3000.0,1.0,11,0,binary,miniboone,coerror_b3000_k64,complete,0.96912774497187,0.9207200636361762,0.222457871829107,0.0645048465810096,0.8867117796810009,0.0503711211900428,0.3195216488863471,0.9264182251627564,0.6968592692647515,0.6968592692647515,0.8941596723062972,2.028158889624547,0.320517976282388,50.0,0.0617676747553937,64.0,equal,True,7608476,190.00660012545995,680.2040850000001,64,7572.0,3818.0,256,0.0570042498875409,4490.893231733452,median 5 warm calls on training rows; end-to-end preprocessing,6000.0,,,,,,,,,,,,,,
3000.0,3000.0,1.0,11,0,binary,miniboone,random_b3000_k128,complete,0.9588026321596164,0.9012142353632984,0.2938140716415074,0.0843017970471816,0.8373567252061557,0.1027760472635617,0.4175848889551157,0.8730803470917775,0.7297054786422872,0.7297054786422872,0.9982530988799644,1.848478180620705,0.1182573376999264,50.0,0.0843845584963153,128.0,equal,True,14669773,189.01970675121993,677.663077,128,8606.0,4367.0,256,0.1025665830820798,2495.9396355744207,median 5 warm calls on training rows; end-to-end preprocessing,6000.0,,,,,,,,,,,,,,
3000.0,3000.0,1.0,11,0,binary,miniboone,top_quality_b3000_k128,complete,0.9634825631906868,0.911040358892138,0.2259070100123674,0.0676777802836892,0.8733085962870359,0.0311799934997535,0.3352386230708223,0.9325229029088424,0.7639594308233233,0.7639594308233233,0.9256651059809784,1.7008611888574974,0.323647421392814,50.0,0.0650991818012679,128.0,equal,True,15259164,193.78578695934263,696.887796,128,15316.0,7722.0,256,0.1148221672046929,2229.534646769295,median 5 warm calls on training rows; end-to-end preprocessing,6000.0,,,,,,,,,,,,,,
3000.0,3000.0,1.0,11,0,binary,miniboone,coerror_b3000_k128,complete,0.969157221254662,0.9221596095583056,0.2218757005369803,0.0644315828522402,0.8895603364464151,0.0510972708986659,0.3191587405366534,0.9262376823503458,0.7010828553332824,0.7010828553332824,0.922938014823146,2.020497886014154,0.3219534017396958,50.0,0.0621368566626572,128.0,equal,True,15246252,194.73649204219691,698.3160799999999,128,15140.0,7634.0,256,0.1147030419670045,2231.850137624431,median 5 warm calls on training rows; end-to-end preprocessing,6000.0,,,,,,,,,,,,,,
6000.0,6000.0,1.0,11,0,binary,miniboone,random_b6000_k16,complete,0.951143702060643,0.881874761089347,0.300511993002714,0.0881248233619386,0.8247510730704235,0.0905821933052557,0.4365220655638988,0.8744444914249578,0.7444224254144042,0.7444224254144042,0.9707068710178248,1.7141578826597776,0.1422888364864845,50.0,0.0864855333978655,16.0,equal,True,1801248,185.96220470801927,664.7115610000001,16,750.0,383.0,256,0.0148490420542657,17240.16937014856,median 5 warm calls on training rows; end-to-end preprocessing,6000.0,,,,,,,,,,,,,,
6000.0,6000.0,1.0,11,0,binary,miniboone,top_quality_b6000_k16,complete,0.9605273011671492,0.9084710693093097,0.229347800511845,0.0687520061361465,0.8808735811822519,0.0230002853851308,0.3405597490612922,0.93714578510109,0.7863394113278743,0.7863394113278743,0.9330275326479566,1.5518482699245038,0.3484890961694321,50.0,0.06613000841162,16.0,equal,True,1900444,186.38268508319743,667.0878170000001,16,1922.0,969.0,256,0.0178242500405758,14362.45561059966,median 5 warm calls on training rows; end-to-end preprocessing,6000.0,,,,,,,,,,,,,,
6000.0,6000.0,1.0,11,0,binary,miniboone,coerror_b6000_k16,complete,0.9679278540954092,0.9201128408994984,0.222692389345623,0.0649282469540061,0.8866471435977514,0.0445051407281595,0.3216189422292443,0.928547359227896,0.6922141841380828,0.6922141841380828,0.8819296109747509,1.9578882879304524,0.3207445371687607,50.0,0.0616235244086387,16.0,equal,True,1896956,186.67222383292392,667.3027140000002,16,1878.0,947.0,256,0.0181068331003189,14138.308923579309,median 5 warm calls on training rows; end-to-end preprocessing,6000.0,,,,,,,,,,,,,,
6000.0,6000.0,1.0,11,0,binary,miniboone,random_b6000_k64,complete,0.9611046796970036,0.9073838497284084,0.3048617283117767,0.0868124499438753,0.8432286347655649,0.1209314648100384,0.4300212870841368,0.8595303426757718,0.7083690292058215,0.7083690292058215,0.9747263433709524,1.8997339418582264,0.1142934687349214,50.0,0.0863436191673438,64.0,equal,True,7348028,187.41847820905969,670.624258,64,4650.0,2357.0,256,0.0545732919126749,4690.939304332909,median 5 warm calls on training rows; end-to-end preprocessing,6000.0,,,,,,,,,,,,,,
6000.0,6000.0,1.0,11,0,binary,miniboone,top_quality_b6000_k64,complete,0.9611135950188314,0.9072025596401349,0.2293565828656817,0.069104763658728,0.8709886066644705,0.0250036011756656,0.3423071164491175,0.9355930045286336,0.786386615915367,0.786386615915367,0.9368624192732428,1.597265204189918,0.331939571760108,50.0,0.0659012129299126,64.0,equal,True,7616012,189.69994704332203,680.0863230000001,64,7674.0,3869.0,256,0.0599115418735891,4272.96630989984,median 5 warm calls on training rows; end-to-end preprocessing,6000.0,,,,,,,,,,,,,,
6000.0,6000.0,1.0,11,0,binary,miniboone,coerror_b6000_k64,complete,0.9686114921172952,0.9215214115579812,0.2225580548539267,0.0648692859335066,0.8896777958114928,0.0510510322491767,0.3213268816556816,0.9272277448535646,0.6975666430874983,0.6975666430874983,0.92260447045146,2.0244611749597805,0.3290677936243353,50.0,0.061404321987845,64.0,equal,True,7611996,191.09006029227749,682.201926,64,7602.0,3833.0,256,0.0870456248521804,2940.9864129844,median 5 warm calls on training rows; end-to-end preprocessing,6000.0,,,,,,,,,,,,,,
6000.0,6000.0,1.0,11,0,binary,miniboone,random_b6000_k128,complete,0.9582160039833658,0.8986848600620038,0.3031201884087795,0.0870483585820212,0.828335311048892,0.1091640333262573,0.4311898491541546,0.8667642856652185,0.7303286901205189,0.7303286901205189,0.9878363060083126,1.835643064658263,0.1138473492264946,50.0,0.0867177495936072,128.0,equal,True,14589660,189.3661795409862,677.7160970000001,128,7606.0,3867.0,256,0.1094049999956041,2339.9296193984364,median 5 warm calls on training rows; end-to-end preprocessing,6000.0,,,,,,,,,,,,,,
6000.0,6000.0,1.0,11,0,binary,miniboone,top_quality_b6000_k128,complete,0.961989023901532,0.9079638446995538,0.2281733818226747,0.0687421392602223,0.8711839079332546,0.0280139531037458,0.3405108739669118,0.9341934239660938,0.7785706541584838,0.7785706541584838,0.9422859843953696,1.637611625190723,0.3259368346683867,50.0,0.0656851975062539,128.0,equal,True,15260625,194.19832495832816,697.7624350000001,128,15348.0,7738.0,256,0.1168054998852312,2191.67762007385,median 5 warm calls on training rows; end-to-end preprocessing,6000.0,,,,,,,,,,,,,,
6000.0,6000.0,1.0,11,0,binary,miniboone,coerror_b6000_k128,complete,0.968871708073136,0.9213867294296102,0.2223694574780277,0.0646484871539321,0.8891888461300148,0.050531069552366,0.3202331655419144,0.9266374601683393,0.6997174305170645,0.6997174305170645,0.9306879119298151,2.027940031195274,0.3215475111904826,50.0,0.0616957011115052,128.0,equal,True,15246620,197.13948866608553,702.9579409999999,128,15144.0,7636.0,256,0.1139372498728334,2246.8507909899895,median 5 warm calls on training rows; end-to-end preprocessing,6000.0,,,,,,,,,,,,,,
300.0,300.0,1.0,11,0,binary,miniboone,top_quality_b300_k64,complete,0.9674562892914949,0.9157315922549608,0.2305685653292629,0.0670073520959715,0.8809632358873799,0.0529761966851866,0.3319176893526028,0.9217852725607348,0.7079067623296,0.7079067623296,0.9079793516878512,1.9635011717070672,0.2587927781657295,50.0,0.065804567482025,64.0,equal,True,7595185,188.8450077490415,677.728001,64,7480.0,3772.0,256,0.0656618329230696,3898.764146592336,median 5 warm calls on training rows; end-to-end preprocessing,6000.0,,,,,,,,,,,,,,
300.0,300.0,1.0,11,0,binary,miniboone,coerror_b300_k64,complete,0.9682164319188136,0.9190099617551576,0.230205316141977,0.0665543933488453,0.8825989745596834,0.057187592118448,0.329673980027948,0.9203584314928808,0.6996710105846004,0.6996710105846004,0.9079793516878512,2.012179894716408,0.2504379103565885,50.0,0.0653229357903698,64.0,equal,True,7602705,188.9351837504655,677.6847450000002,64,7588.0,3826.0,256,0.0591625419910997,4327.0622151176685,median 5 warm calls on training rows; end-to-end preprocessing,6000.0,,,,,,,,,,,,,,
6000.0,6000.0,1.0,11,0,binary,miniboone,random_cert_b6000_k64,complete,0.9611046796970036,0.9073838497284084,0.3048617283117767,0.0868124499438753,0.8432286347655649,0.1209314648100384,0.4300212870841368,0.8595303426757718,0.7083690292058215,0.7083690292058215,0.9747263433709524,1.8997339418582264,0.1142934687349214,50.0,0.0863436191673438,64.0,equal,True,7348028,187.60731175006367,670.5523089999999,64,4650.0,2357.0,256,0.0524538331665098,4880.48221733103,median 5 warm calls on training rows; end-to-end preprocessing,6000.0,,,,,,,,,,,,,,
6000.0,6000.0,1.0,11,0,binary,miniboone,top_quality_cert_b6000_k64,complete,0.9611135950188314,0.9072025596401349,0.2293565828656817,0.069104763658728,0.8709886066644705,0.0250036011756656,0.3423071164491175,0.9355930045286336,0.786386615915367,0.786386615915367,0.9368624192732428,1.597265204189918,0.331939571760108,50.0,0.0659012129299126,64.0,equal,True,7616012,189.71827079192735,679.9879309999999,64,7674.0,3869.0,256,0.0549477080348879,4658.975035636757,median 5 warm calls on training rows; end-to-end preprocessing,6000.0,,,,,,,,,,,,,,
6000.0,6000.0,1.0,11,0,binary,miniboone,coerror_cert_b6000_k64,complete,0.9686114921172952,0.9215214115579812,0.2225580548539267,0.0648692859335066,0.8896777958114928,0.0510510322491767,0.3213268816556816,0.9272277448535646,0.6975666430874983,0.6975666430874983,0.92260447045146,2.0244611749597805,0.3290677936243353,50.0,0.061404321987845,64.0,equal,True,7611996,190.87386754225008,681.4873230000001,64,7602.0,3833.0,256,0.0822280831634998,3113.291592739397,median 5 warm calls on training rows; end-to-end preprocessing,6000.0,,,,,,,,,,,,,,
6000.0,6000.0,1.0,11,0,binary,miniboone,abs_correlation_b6000_k64,complete,0.9720228285730717,0.9316481297183268,0.2656818597814088,0.0733146447124676,0.8773438938292155,0.1083329733080978,0.3631605593639367,0.8823856347620305,0.6424698117546449,0.6424698117546449,0.9091850165005204,2.325369857941581,0.1788056033165137,50.0,0.0722221118109085,64.0,equal,True,7598317,190.12610145797953,676.3885049999999,64,7656.0,3860.0,256,0.0798887079581618,3204.4578832601555,median 5 warm calls on training rows; end-to-end preprocessing,6000.0,,,,,,,,,,,,,,
6000.0,6000.0,1.0,11,0,binary,miniboone,signed_correlation_b6000_k64,complete,0.9720228285730717,0.9316481297183268,0.2656818597814088,0.0733146447124676,0.8773438938292155,0.1083329733080978,0.3631605593639367,0.8823856347620305,0.6424698117546449,0.6424698117546449,0.9091850165005204,2.325369857941581,0.1788056033165137,50.0,0.0722221118109085,64.0,equal,True,7598317,190.50118454219773,678.2085139999999,64,7656.0,3860.0,256,0.0681157500948757,3758.308462336947,median 5 warm calls on training rows; end-to-end preprocessing,6000.0,,,,,,,,,,,,,,
6000.0,6000.0,1.0,11,0,binary,miniboone,quality_diversity_l002_b6000_k64,complete,0.9623444109178816,0.9095216886341504,0.2271915201341982,0.0681912685486165,0.8801173947289942,0.0254682177160332,0.3377821624448337,0.93548048860844,0.7735789811343651,0.7735789811343651,0.9330275326479566,1.6500560876351529,0.321989738659741,50.0,0.0651860240624936,64.0,equal,True,7614620,190.81481041689403,680.972344,64,7670.0,3867.0,256,0.0726884170435369,3521.88162037795,median 5 warm calls on training rows; end-to-end preprocessing,6000.0,,,,,,,,,,,,,,
6000.0,6000.0,1.0,11,0,binary,miniboone,quality_diversity_l01_b6000_k64,complete,0.9679092990818556,0.91927478936661,0.2210054424564489,0.0649102264723365,0.8893782409980882,0.0438314172955748,0.3215296786417467,0.9329632726132376,0.7227573497923202,0.7227573497923202,0.9187407887434405,1.8867124588918576,0.3103797778588159,50.0,0.0627734458269154,64.0,equal,True,7608460,190.79186883405785,680.6921130000001,64,7592.0,3828.0,256,0.0638877500314265,4007.0279493967614,median 5 warm calls on training rows; end-to-end preprocessing,6000.0,,,,,,,,,,,,,,
6000.0,6000.0,1.0,11,0,binary,miniboone,quality_diversity_l05_b6000_k64,complete,0.9714552568972272,0.9282624999024336,0.2280583252872867,0.0649677145367874,0.8896058603084969,0.0669803212626211,0.3218144429985081,0.9199040835689838,0.6658954935039934,0.6658954935039934,0.9100948463246852,2.2121191302068524,0.2621952896786293,50.0,0.0631497615061946,64.0,equal,True,7603756,190.21489729336463,678.8539329999999,64,7596.0,3830.0,256,0.0583358330186456,4388.383378671832,median 5 warm calls on training rows; end-to-end preprocessing,6000.0,,,,,,,,,,,,,,
6000.0,6000.0,1.0,11,0,binary,miniboone,caruana_b6000_k64,complete,0.9689301034311064,0.9220180688778444,0.2218056345959671,0.0644850198103699,0.8888305616340715,0.048033228819871,0.3194234379334861,0.926783095638808,0.6919482147001841,0.6919482147001841,0.8849961821158715,2.0388441338542656,0.3274937984909817,50.0,0.0611566487228359,64.0,frequency_weighted,True,4984700,188.9017905422952,674.8608510000001,42,4970.0,2506.0,256,0.0467830840498209,5472.063357930334,median 5 warm calls on training rows; end-to-end preprocessing,6000.0,,,,,,,,,,,,,,
6000.0,6000.0,1.0,11,0,binary,miniboone,coerror_swap_b6000_k64,complete,0.9686572945831844,0.9216513636105416,0.2225486352339424,0.0648261796139742,0.8889803390407738,0.0509005467926305,0.321113356579281,0.9270393228482164,0.6970879460870816,0.6970879460870816,0.92260447045146,2.0270468513888815,0.3293939788924616,50.0,0.0614024468315182,64.0,equal,True,7611372,190.94146633287892,681.5261350000001,64,7594.0,3829.0,256,0.0592229168396443,4322.650988183538,median 5 warm calls on training rows; end-to-end preprocessing,6000.0,,,,,,,,,,,,,,
6000.0,6000.0,1.0,11,0,binary,miniboone,coerror_b6000_k256,complete,0.9689801406748632,0.9219893596274108,0.2223999845677145,0.064658595240684,0.8897820493561133,0.0518042304699396,0.3202832354625055,0.9261557727621388,0.701757816369591,0.701757816369591,0.9418985862038464,2.0249815433278626,0.3172696810047393,50.0,0.0621278927713226,256.0,equal,True,30490796,206.98845345922743,737.0994240000005,256,30304.0,15280.0,256,0.191779124783352,1334.8689555716592,median 5 warm calls on training rows; end-to-end preprocessing,6000.0,,,,,,,,,,,,,,
1000.0,1000.0,1.0,11,0,binary,miniboone,top_quality_f05_d3_b1000_k64,complete,0.9361615594502634,0.8594372969784236,0.3119211952789654,0.0947616460060588,0.8178953577473478,0.0666312646136119,0.4693972466861782,0.8850932766335897,0.8239284632007887,0.8239284632007887,1.0,1.439388846968604,0.1319940476190476,44.0,0.0940660266954946,64.0,equal,True,7030285,185.4381768752355,664.0588019999998,64,960.0,512.0,256,0.0475890419911593,5379.389651246971,median 5 warm calls on training rows; end-to-end preprocessing,6000.0,,,,,,,,,,,,,,
1000.0,1000.0,1.0,11,0,binary,miniboone,coerror_f05_d3_b1000_k64,complete,0.9547824906645436,0.8940804185699185,0.3027280020766675,0.0877526562254068,0.8351983257917139,0.0948039116781735,0.4346785535887698,0.8727425001874809,0.758031238827223,0.758031238827223,1.0,1.7136786782433435,0.0939484126984126,47.0,0.0876346330028971,64.0,equal,True,7030305,185.57501816703007,664.2212780000002,64,960.0,512.0,256,0.050816792063415,5037.704853162193,median 5 warm calls on training rows; end-to-end preprocessing,6000.0,,,,,,,,,,,,,,
1000.0,1000.0,1.0,11,0,binary,miniboone,top_quality_f05_d6_b1000_k64,complete,0.9593753301455114,0.9009909072370648,0.2750190929044217,0.0804312112309584,0.8519960179715058,0.0774735207298922,0.3984121286478329,0.8986329989096434,0.736496735646919,0.736496735646919,1.0,1.8024262266727304,0.0967757936507936,46.0,0.080896953726392,64.0,equal,True,7565217,185.64256037585437,664.8827469999999,64,7646.0,3855.0,256,0.0512907500378787,4991.153371922644,median 5 warm calls on training rows; end-to-end preprocessing,6000.0,,,,,,,,,,,,,,
1000.0,1000.0,1.0,11,0,binary,miniboone,coerror_f05_d6_b1000_k64,complete,0.9647378962247622,0.915039457264738,0.2732033379789187,0.077752840265099,0.859927979801447,0.0960600100301278,0.3851449471459598,0.8922645355159723,0.708167671398157,0.708167671398157,1.0,1.9537280243106736,0.0821428571428571,43.0,0.0789335822994013,64.0,equal,True,7566381,185.87650270806623,665.1505860000004,64,7660.0,3862.0,256,0.053765415912494,4761.425084419564,median 5 warm calls on training rows; end-to-end preprocessing,6000.0,,,,,,,,,,,,,,
1000.0,1000.0,1.0,11,0,binary,miniboone,top_quality_f20_d3_b1000_k64,complete,0.9423781019190678,0.8659630964653311,0.2896943474148147,0.0878078844391132,0.8239285231903123,0.0521393752342699,0.4349521238837766,0.902676571986557,0.8465553760219314,0.8465553760219314,1.0,1.3799090193808177,0.1557366100398773,50.0,0.0867888909730624,64.0,equal,True,7047681,186.17226504092105,667.041806,64,960.0,512.0,256,0.0569037089589983,4498.828014610779,median 5 warm calls on training rows; end-to-end preprocessing,6000.0,,,,,,,,,,,,,,
1000.0,1000.0,1.0,11,0,binary,miniboone,coerror_f20_d3_b1000_k64,complete,0.9547192476003296,0.893663765905861,0.2826199768705501,0.0820830793827631,0.8489726651775107,0.0758805008222517,0.4065945779300681,0.8902834836865358,0.7687983792110653,0.7687983792110653,1.0,1.6723880095446255,0.135495188572505,50.0,0.0812407963247926,64.0,equal,True,7047697,186.2818500422873,667.087196,64,960.0,512.0,256,0.0582205420359969,4397.073456336407,median 5 warm calls on training rows; end-to-end preprocessing,6000.0,,,,,,,,,,,,,,
1000.0,1000.0,1.0,11,0,binary,miniboone,top_quality_f20_d6_b1000_k64,complete,0.9654052637843132,0.914283602975043,0.2296601199166977,0.0674602279590309,0.880318602398489,0.0412196925918095,0.3341609881150273,0.9283012486413736,0.7480720694823059,0.7480720694823059,0.8959914811878746,1.7629834564877032,0.1573170424077563,50.0,0.0672494970032177,64.0,equal,True,7581697,186.9393214159645,670.0713340000002,64,7636.0,3850.0,256,0.0777754590380936,3291.5266996317387,median 5 warm calls on training rows; end-to-end preprocessing,6000.0,,,,,,,,,,,,,,
1000.0,1000.0,1.0,11,0,binary,miniboone,coerror_f20_d6_b1000_k64,complete,0.9705788807615824,0.9241694280532916,0.2276257444792091,0.0650046668833656,0.8839219525981253,0.0619131600360372,0.3219974846664556,0.9228539628344056,0.6965740298280501,0.6965740298280501,0.8768425137370257,2.027871187138046,0.1464166197668151,50.0,0.0646924463239167,64.0,equal,True,7577553,187.03200308349915,670.059399,64,7584.0,3824.0,256,0.0556681249290704,4598.681926617473,median 5 warm calls on training rows; end-to-end preprocessing,6000.0,,,,,,,,,,,,,,
1000.0,1000.0,1.0,11,0,binary,miniboone,top_quality_f50_d3_b1000_k64,complete,0.9251102936751588,0.8175231027324512,0.3027036732960068,0.092767902938126,0.8377101619958552,0.0203510240737528,0.4595213364827247,0.9095446685246568,0.9174765508337404,0.9174765508337404,1.0,1.179680743874206,0.3647474458765321,50.0,0.0878243015008137,64.0,equal,True,7082188,187.7969550830312,673.543576,64,960.0,512.0,256,0.0620376660954207,4126.525321024231,median 5 warm calls on training rows; end-to-end preprocessing,6000.0,,,,,,,,,,,,,,
1000.0,1000.0,1.0,11,0,binary,miniboone,coerror_f50_d3_b1000_k64,complete,0.952199164723498,0.8860894210974259,0.2803750142719672,0.082230605240424,0.8406852048896974,0.065734222043814,0.407325340156345,0.8962232103434118,0.780313976416885,0.780313976416885,1.0,1.6250069034574783,0.3410847648940335,50.0,0.0802181813321226,64.0,equal,True,7082300,187.89281912497245,673.4597460000002,64,960.0,512.0,256,0.062037083087489,4126.564101006667,median 5 warm calls on training rows; end-to-end preprocessing,6000.0,,,,,,,,,,,,,,
1000.0,1000.0,1.0,11,0,binary,miniboone,top_quality_f50_d6_b1000_k64,complete,0.9606540101786228,0.9065628396511862,0.2301137411497268,0.0693488321104053,0.8699064537568943,0.0238069034578765,0.3435160977622209,0.9354009777761876,0.7886208792800272,0.7886208792800272,0.9422859843953696,1.5881735352287087,0.3594480182876772,50.0,0.0660976156116858,64.0,equal,True,7617836,189.44392758328468,680.1157939999998,64,7656.0,3860.0,256,0.0621288751717656,4120.467323643718,median 5 warm calls on training rows; end-to-end preprocessing,6000.0,,,,,,,,,,,,,,
1000.0,1000.0,1.0,11,0,binary,miniboone,coerror_f50_d6_b1000_k64,complete,0.9688178818176024,0.921335639210762,0.222186156072616,0.0646838286750235,0.8881654229049774,0.0488087677949818,0.3204082280634425,0.9271490471958248,0.6982291376954702,0.6982291376954702,0.92260447045146,2.0200182736438133,0.3441380477861205,50.0,0.0614511770935318,64.0,equal,True,7610732,189.49304170790128,679.8658200000002,64,7566.0,3815.0,256,0.0586501248180866,4364.867096089355,median 5 warm calls on training rows; end-to-end preprocessing,6000.0,,,,,,,,,,,,,,
,,,11,0,binary,miniboone,random_forest,complete,0.9743483902717792,0.9328790335041472,0.1996408739632345,0.0585625480994016,0.9041217873080588,0.0429792963476826,0.2900867597321857,,,,,,,,,,,,28622187,12.323700125096366,12.31568399999992,256,356490.0,178373.0,256,0.0128042080905288,19993.427019462517,median 5 warm calls on training rows; end-to-end preprocessing,,12.323700125096366,12.31568399999992,1335705600.0,,,,,,,,,,,
,,,11,0,binary,miniboone,extra_trees,complete,0.9755103353097117,0.9333506433792752,0.2052972444603285,0.0588971360147812,0.9021659885821474,0.0564604582270886,0.2917441248463757,,,,,,,,,,,,88475467,2.329193416982889,2.330693999999994,256,1104656.0,552456.0,256,0.0180460829287767,14185.90399979687,median 5 warm calls on training rows; end-to-end preprocessing,,2.329193416982889,2.330693999999994,1280000000.0,,,,,,,,,,,
,,,11,0,binary,miniboone,xgboost,complete,0.9799721195598148,0.9455935284276862,0.1651578396558761,0.048873942432061,0.9251615567756668,0.0184349385624491,0.2420947184775726,,,,,,,,,,,,1056515,2.025746042141691,2.0100049999998646,300,24832.0,12566.0,256,0.0016412502154707,155978.65431296633,median 5 warm calls on training rows; end-to-end preprocessing,,2.025746042141691,2.0100049999998646,1318125568.0,,,,,,,,,,,
,,,11,0,binary,miniboone,lightgbm,complete,0.980585660863832,0.9471177532214204,0.1624733713585766,0.0479237148994759,0.9277619889904692,0.0183996784318186,0.2373878121887954,,,,,,,,,,,,1043647,1.2671067910268905,1.2542970000001787,300,18300.0,9300.0,256,0.0063267920631915,40462.84395679373,median 5 warm calls on training rows; end-to-end preprocessing,,1.2671067910268905,1.2542970000001787,1344143360.0,,,,,,,,,,,
,,,11,0,binary,miniboone,catboost,complete,0.9799150057793574,0.9473519452943931,0.1642594589202019,0.0495749451120276,0.9141165874466028,0.0148390295868015,0.2455671014696847,,,,,,,,,,,,351408,3.319075624924153,3.219987000000174,300,38100.0,19200.0,256,0.0010036248713731,255075.38454057687,median 5 warm calls on training rows; end-to-end preprocessing,,3.319075624924153,3.219987000000174,1386217472.0,,,,,,,,,,,
,,,11,0,binary,miniboone,linear,complete,0.9631353671262664,0.905514403145104,0.2234574803767011,0.0642000621183399,0.8888392540728534,0.0108027542530116,0.3180119137388516,,,,,,,,,,,,5978,0.0750735001638531,0.0751410000000305,1,,,256,0.0008576661348342,298484.44470698613,median 5 warm calls on training rows; end-to-end preprocessing,,0.0750735001638531,0.0751410000000305,1387118592.0,51.0,,,,,,,,,,
,,,11,0,binary,miniboone,rf_leaf5,complete,0.9735280135013632,0.930931456040732,0.2020961264560893,0.0593254035321698,0.9016843383204158,0.0416551136034245,0.2938655273544585,,,,,,,,,,,,16964107,11.174544125096872,11.180111000000124,256,210764.0,105510.0,256,0.0119670829735696,21392.013456027573,median 5 warm calls on training rows; end-to-end preprocessing,,11.174544125096872,11.180111000000124,1393688576.0,,,,,,,,,,,
,,,11,0,binary,miniboone,rf_shallow64,complete,0.965596553158275,0.9113155757908588,0.236807399367991,0.0688394650017651,0.8737155250077007,0.0598863831596604,0.3409929723372686,,,,,,,,,,,,597467,1.5582573749125004,1.559394999999995,64,7090.0,3577.0,256,0.0031139580532908,82210.48441209993,median 5 warm calls on training rows; end-to-end preprocessing,,1.5582573749125004,1.559394999999995,1394032640.0,,,,,,,,,,,
,,,11,0,binary,miniboone,random_patches64,complete,0.9651661659970516,0.9126531904707328,0.2540491964921867,0.0731894867004698,0.8640157663008858,0.0785397008942408,0.3625405951831886,,,,,,,,,,,,4104745,1.9426452082116157,1.9439589999999496,64,6846.0,3455.0,256,0.0421805419027805,6069.149149151271,median 5 warm calls on training rows; end-to-end preprocessing,,1.9426452082116157,1.9439589999999496,1394704384.0,,,,,,,,,,,
1000.0,1000.0,1.0,11,1,binary,miniboone,random_b1000_k16,complete,0.9617208955975692,0.9054254700457036,0.290943504677752,0.0831639509095675,0.8398396980558803,0.1087873231671672,0.4119486229481448,0.8648497340935454,0.7121830705258086,0.7121830705258086,0.9178465259459742,1.8364953671130624,0.1135882375934343,50.0,0.0855773723829966,16.0,equal,True,1818257,185.59181262599304,664.6347119999998,16,972.0,494.0,256,0.0140401669777929,18233.4013836808,median 5 warm calls on training rows; end-to-end preprocessing,6000.0,,,,,,,,,,,,,,
1000.0,1000.0,1.0,11,1,binary,miniboone,top_quality_b1000_k16,complete,0.965363361771724,0.915249753175063,0.2201816163476481,0.0652108717976552,0.8852800347162632,0.027329152811539,0.3230189107718499,0.933648496348144,0.7638922613909618,0.7638922613909618,0.8909396791730689,1.6365160858041137,0.3065374763487922,50.0,0.0670054564873129,16.0,equal,True,1898956,186.163495084038,667.0562259999999,16,1910.0,963.0,256,0.0174547501374036,14666.494678226312,median 5 warm calls on training rows; end-to-end preprocessing,6000.0,,,,,,,,,,,,,,
1000.0,1000.0,1.0,11,1,binary,miniboone,coerror_b1000_k16,complete,0.9705093969720892,0.925858005776342,0.2157163589782951,0.0626888462081288,0.8866280313765836,0.0461793308201195,0.3105261785569608,0.9280334860587848,0.6998898060166365,0.6998898060166365,0.8568665342263542,1.9171356047118515,0.3053443913320841,50.0,0.0632918189396245,16.0,equal,True,1896700,186.26537012471815,667.2862700000003,16,1882.0,949.0,256,0.0157842910848557,16218.656804018185,median 5 warm calls on training rows; end-to-end preprocessing,6000.0,,,,,,,,,,,,,,
1000.0,1000.0,1.0,11,1,binary,miniboone,random_b1000_k64,complete,0.9623556107909272,0.9039306945418216,0.2876386475712296,0.0820111376150735,0.8433533935503887,0.1045536621261233,0.4062382178508745,0.8713271167158562,0.7233289664886167,0.7233289664886167,0.9592784597123252,1.8704731544578743,0.1257100727179018,50.0,0.0838190299980344,64.0,equal,True,7331905,187.10819395887663,670.900449,64,4416.0,2240.0,256,0.053108082851395,4820.358526522777,median 5 warm calls on training rows; end-to-end preprocessing,6000.0,,,,,,,,,,,,,,
1000.0,1000.0,1.0,11,1,binary,miniboone,top_quality_b1000_k64,complete,0.9689075365227302,0.923195702270753,0.2158908768107365,0.0633815074485998,0.8857940030196195,0.0381173669163748,0.3139572426305262,0.929560370452054,0.739340202199095,0.739340202199095,0.912385409239544,1.8028908985935883,0.3017313970866461,50.0,0.0655608735810331,64.0,equal,True,7613484,189.1718031680211,678.937099,64,7656.0,3860.0,256,0.0566812909673899,4516.4814638269745,median 5 warm calls on training rows; end-to-end preprocessing,6000.0,,,,,,,,,,,,,,
1000.0,1000.0,1.0,11,1,binary,miniboone,coerror_b1000_k64,complete,0.9710317791104204,0.9271110154227096,0.2168026243603079,0.0625329234501784,0.8894824945427087,0.0490810415267062,0.3097538226897679,0.924831822273512,0.7014905614733471,0.7014905614733471,0.912385409239544,2.0034905306221424,0.3021339326243831,50.0,0.0636398149599,64.0,equal,True,7610124,189.28246537479572,678.8430109999997,64,7614.0,3839.0,256,0.053931666072458,4746.747479598721,median 5 warm calls on training rows; end-to-end preprocessing,6000.0,,,,,,,,,,,,,,
1000.0,1000.0,1.0,11,1,binary,miniboone,random_b1000_k128,complete,0.962032207491634,0.904211807905807,0.2947260093499452,0.0842433819564132,0.8369456174283844,0.1129110480041119,0.4172955326181661,0.8665692711768043,0.72575395404805,0.72575395404805,0.9922514461752796,1.8640187274688984,0.1139696819452355,50.0,0.0859339887918823,128.0,equal,True,14618236,188.71903791697696,677.1066089999997,128,7974.0,4051.0,256,0.0973506250884383,2629.6698122630055,median 5 warm calls on training rows; end-to-end preprocessing,6000.0,,,,,,,,,,,,,,
1000.0,1000.0,1.0,11,1,binary,miniboone,top_quality_b1000_k128,complete,0.9698084297934008,0.9246716590885952,0.2172060443914565,0.0632796461801199,0.888765925550822,0.0455292503964397,0.3134526777460648,0.9259750597491458,0.7259114665018153,0.7259114665018153,0.9176505515852226,1.8815090003698771,0.2880151931387232,50.0,0.0657457429535618,128.0,equal,True,15252060,192.91218954185024,693.861283,128,15292.0,7710.0,256,0.099632458994165,2569.4437594378005,median 5 warm calls on training rows; end-to-end preprocessing,6000.0,,,,,,,,,,,,,,
1000.0,1000.0,1.0,11,1,binary,miniboone,coerror_b1000_k128,complete,0.971006370443212,0.927286296167052,0.2188667269807042,0.0629829936165095,0.8877748203674094,0.053111839131558,0.3119832235686627,0.9223747171833472,0.7020206918297894,0.7020206918297894,0.9176505515852226,2.016006692606119,0.2830908754662118,50.0,0.0647496529174411,128.0,equal,True,15244636,193.3661610407289,694.7362329999999,128,15216.0,7672.0,256,0.100267875008285,2553.1607205084074,median 5 warm calls on training rows; end-to-end preprocessing,6000.0,,,,,,,,,,,,,,
3000.0,3000.0,1.0,11,1,binary,miniboone,random_b3000_k16,complete,0.960608987803394,0.9012754670414552,0.281500296097755,0.0805425907842772,0.848639399303446,0.0937304859771721,0.3989638418975333,0.8780153512438749,0.7041674094850917,0.7041674094850917,0.8168576886274088,1.8754553913518557,0.1470301817433535,50.0,0.0816030952293623,16.0,equal,True,1840349,185.8325789589435,665.2622309999999,16,1238.0,627.0,256,0.0138533341232687,18479.305972272057,median 5 warm calls on training rows; end-to-end preprocessing,6000.0,,,,,,,,,,,,,,
3000.0,3000.0,1.0,11,1,binary,miniboone,top_quality_b3000_k16,complete,0.9643420559356208,0.9146075086761644,0.2199134850994106,0.0652214238718013,0.8879464960333504,0.0228615119021039,0.3230711799626012,0.9353808284656596,0.7785946478720808,0.7785946478720808,0.9106293638757912,1.579819305747341,0.3151469103270781,50.0,0.0679043747027378,16.0,equal,True,1901676,186.28196699894033,667.2484369999995,16,1944.0,980.0,256,0.0158922499977052,16108.48055102112,median 5 warm calls on training rows; end-to-end preprocessing,6000.0,,,,,,,,,,,,,,
3000.0,3000.0,1.0,11,1,binary,miniboone,coerror_b3000_k16,complete,0.9707990334899608,0.9271237758618855,0.2147794350467289,0.0622623891561781,0.8884399590965035,0.0463900547163138,0.3084137441021737,0.9281860467415376,0.698127621624827,0.698127621624827,0.8703323367627316,1.924530301777948,0.315779153686074,50.0,0.0629659917497068,16.0,equal,True,1896956,186.4505447500851,667.523461,16,1878.0,947.0,256,0.0177937499247491,14387.074173945331,median 5 warm calls on training rows; end-to-end preprocessing,6000.0,,,,,,,,,,,,,,
3000.0,3000.0,1.0,11,1,binary,miniboone,random_b3000_k64,complete,0.9622459523324488,0.9061106906843794,0.2943428618913709,0.0838911438276703,0.8412478174177751,0.1126309008565589,0.4155507380226896,0.8666559194387911,0.7146103178275854,0.7146103178275854,0.9641105201551948,1.9108518635958136,0.1160976239767796,50.0,0.0848713623169952,64.0,equal,True,7374572,187.1267008751165,670.2697029999997,64,4982.0,2523.0,256,0.0538556249812245,4753.449618108568,median 5 warm calls on training rows; end-to-end preprocessing,6000.0,,,,,,,,,,,,,,
3000.0,3000.0,1.0,11,1,binary,miniboone,top_quality_b3000_k64,complete,0.9669548024386972,0.92006642761297,0.2170197967887882,0.0642254313884126,0.8864268237070889,0.0299554972780509,0.3181375791955468,0.9325610688790432,0.7620062954267863,0.7620062954267863,0.9123854092395002,1.6986291746578177,0.3158736475318078,50.0,0.0663630940529425,64.0,equal,True,7617916,189.5661161679309,680.0734490000002,64,7704.0,3884.0,256,0.0625861249864101,4090.36348001394,median 5 warm calls on training rows; end-to-end preprocessing,6000.0,,,,,,,,,,,,,,
3000.0,3000.0,1.0,11,1,binary,miniboone,coerror_b3000_k64,complete,0.971479105383116,0.9283728387663864,0.2155581984988341,0.0621571287319754,0.888544212641124,0.051038048055313,0.3078923416636532,0.9258135945333298,0.6999353730430187,0.6999353730430187,0.8981056771677307,2.0115254891554626,0.3082988052634596,50.0,0.0627935667697849,64.0,equal,True,7609500,189.96758504305035,680.4424930000002,64,7598.0,3831.0,256,0.0600516248960047,4262.9987189077965,median 5 warm calls on training rows; end-to-end preprocessing,6000.0,,,,,,,,,,,,,,
3000.0,3000.0,1.0,11,1,binary,miniboone,random_b3000_k128,complete,0.9626445786596616,0.9057146916826044,0.2906472390062911,0.0827966552736187,0.8399571574209579,0.1112973033124049,0.4101292417163838,0.8679345661464775,0.7210089379329502,0.7210089379329502,0.9911943316613584,1.884782653703808,0.1138929841157161,50.0,0.0844170363695809,128.0,equal,True,14685244,189.2097653746605,678.5749739999994,128,8792.0,4460.0,256,0.1006479170173406,2543.5201004298347,median 5 warm calls on training rows; end-to-end preprocessing,6000.0,,,,,,,,,,,,,,
3000.0,3000.0,1.0,11,1,binary,miniboone,top_quality_b3000_k128,complete,0.9684638878202884,0.9224687354892698,0.2153219687396624,0.0635767029893513,0.8864004120661748,0.0334274084604189,0.3149241343346693,0.9306895065889926,0.752025823862461,0.752025823862461,0.918707724245758,1.753547877006714,0.3190776967455561,50.0,0.0660624617152483,128.0,equal,True,15265596,193.9035061681643,697.3971519999998,128,15396.0,7762.0,256,0.1055039169732481,2426.450195824598,median 5 warm calls on training rows; end-to-end preprocessing,6000.0,,,,,,,,,,,,,,
3000.0,3000.0,1.0,11,1,binary,miniboone,coerror_b3000_k128,complete,0.9715531582750456,0.928092299723234,0.2160677825708204,0.0622696769559705,0.8893195113155493,0.0511987218199777,0.3084498438672274,0.9249180347741096,0.7013237212686448,0.7013237212686448,0.912385409239544,2.0185775305075926,0.3082519045380723,50.0,0.0632757166931412,128.0,equal,True,15247100,195.2064412496984,700.0086360000003,128,15178.0,7653.0,256,0.1322435410693287,1935.8223315102537,median 5 warm calls on training rows; end-to-end preprocessing,6000.0,,,,,,,,,,,,,,
6000.0,6000.0,1.0,11,1,binary,miniboone,random_b6000_k16,complete,0.9608035647022796,0.9029718109715692,0.2835028858567274,0.0813656384787861,0.8482223851249638,0.0972511342661571,0.4030407689875205,0.8782736773009183,0.7288225642259634,0.7288225642259634,0.9896319227555322,1.7786087144582543,0.1440186374015296,50.0,0.084628880686595,16.0,equal,True,1809201,186.09300770889968,665.4162709999998,16,850.0,433.0,256,0.0155943329446017,16416.219976156048,median 5 warm calls on training rows; end-to-end preprocessing,6000.0,,,,,,,,,,,,,,
6000.0,6000.0,1.0,11,1,binary,miniboone,top_quality_b6000_k16,complete,0.9646118001416644,0.9153491287377776,0.2190438952638308,0.0653416993903099,0.8846545134485401,0.0226410007699802,0.3236669589471501,0.936011331978511,0.7843706054316045,0.7843706054316045,0.9106293638757912,1.55992543112941,0.3086008222427573,50.0,0.0679735062321356,16.0,equal,True,1901596,186.50295654218644,667.3481460000005,16,1950.0,983.0,256,0.016084416070953,15916.026971119743,median 5 warm calls on training rows; end-to-end preprocessing,6000.0,,,,,,,,,,,,,,
6000.0,6000.0,1.0,11,1,binary,miniboone,coerror_b6000_k16,complete,0.971016400180268,0.9262910477135372,0.214397207979388,0.0622036259229481,0.8886029423236628,0.046245731274878,0.3081226632583183,0.9289772718564032,0.6978653370208434,0.6978653370208434,0.8453365969009387,1.9270182822934896,0.3015782311682474,50.0,0.0627002500558309,16.0,equal,True,1898652,186.68886966677383,667.6195859999996,16,1906.0,961.0,256,0.0187492920085787,13653.848896420552,median 5 warm calls on training rows; end-to-end preprocessing,6000.0,,,,,,,,,,,,,,
6000.0,6000.0,1.0,11,1,binary,miniboone,random_b6000_k64,complete,0.9614315376835052,0.9054347995243888,0.2931002703802649,0.0839727470667191,0.8324349103497526,0.1117627450371501,0.4159549557346504,0.8681041244625829,0.7222513440614339,0.7222513440614339,0.9566262066059964,1.8524814349488956,0.1099118164877939,50.0,0.0857946040485848,64.0,equal,True,7360989,187.45096483291127,671.1262130000007,64,4812.0,2438.0,256,0.0780260830651968,3280.954136658277,median 5 warm calls on training rows; end-to-end preprocessing,6000.0,,,,,,,,,,,,,,
6000.0,6000.0,1.0,11,1,binary,miniboone,top_quality_b6000_k64,complete,0.96598899448097,0.9183232652983132,0.218175800755614,0.0647396820062312,0.8850715276270221,0.0260403732490679,0.3206848948478659,0.9344397373563804,0.7740717096253177,0.7740717096253177,0.9106293638757952,1.647499715654755,0.3253698103292708,50.0,0.0667449511518069,64.0,equal,True,7622220,190.04755100002512,680.9284879999993,64,7750.0,3907.0,256,0.0706170001067221,3625.1893965066783,median 5 warm calls on training rows; end-to-end preprocessing,6000.0,,,,,,,,,,,,,,
6000.0,6000.0,1.0,11,1,binary,miniboone,coerror_b6000_k64,complete,0.9717506883742866,0.9284951928209124,0.2152766889924673,0.0619955615903634,0.8888569732749856,0.0506264362797667,0.3070920266140099,0.9261373407520836,0.6985566390612656,0.6985566390612656,0.918342816912374,2.020312580570307,0.3121348812127022,50.0,0.0624908606740575,64.0,equal,True,7608300,190.97314104088585,682.0316939999996,64,7584.0,3824.0,256,0.0827352919150143,3094.205556958244,median 5 warm calls on training rows; end-to-end preprocessing,6000.0,,,,,,,,,,,,,,
6000.0,6000.0,1.0,11,1,binary,miniboone,random_b6000_k128,complete,0.961928678316912,0.904958238943585,0.2925434481248322,0.0837532764208568,0.8383669426107361,0.1102386730502994,0.4148678184672204,0.8690803632167995,0.7240104108072197,0.7240104108072197,0.9870240230160556,1.8676759290992448,0.112821694520823,50.0,0.085347352361938,128.0,equal,True,14678877,189.34838058403693,678.3213489999996,128,8732.0,4430.0,256,0.1079223749693483,2372.0753001655876,median 5 warm calls on training rows; end-to-end preprocessing,6000.0,,,,,,,,,,,,,,
6000.0,6000.0,1.0,11,1,binary,miniboone,top_quality_b6000_k128,complete,0.9665983567278807,0.9191007462667156,0.2176452151472275,0.0645840946607258,0.8835004250379681,0.0279167371883353,0.3199142004300547,0.933063189771416,0.7709608647002965,0.7709608647002965,0.9189896811248792,1.6696773323370817,0.3178091341646388,50.0,0.0667817105038721,128.0,equal,True,15267841,194.2073006259743,698.3215129999996,128,15452.0,7790.0,256,0.1194980419240892,2142.2945169480126,median 5 warm calls on training rows; end-to-end preprocessing,6000.0,,,,,,,,,,,,,,
6000.0,6000.0,1.0,11,1,binary,miniboone,coerror_b6000_k128,complete,0.9717655658175864,0.9286623222165808,0.2153547498120576,0.0620693366755684,0.8899714442241864,0.0507038799886302,0.3074574679431636,0.9258144517956176,0.7021278762336037,0.7021278762336037,0.9211444633562962,2.014012851060163,0.3059034444665597,50.0,0.0628037642713179,128.0,equal,True,15246684,196.80284900101833,702.3885149999999,128,15186.0,7657.0,256,0.1150091250892728,2225.9103336477574,median 5 warm calls on training rows; end-to-end preprocessing,6000.0,,,,,,,,,,,,,,
300.0,300.0,1.0,11,1,binary,miniboone,top_quality_b300_k64,complete,0.9698982516608132,0.9248632336067364,0.2212375958160443,0.0640832897160632,0.8881007868217279,0.0520763311236914,0.3174334872717333,0.921784194424138,0.7125755143234406,0.7125755143234406,0.8927398409822644,1.938556829138791,0.2551200012084503,50.0,0.0666143494804117,64.0,equal,True,7601137,188.93377691716887,678.1065839999999,64,7566.0,3815.0,256,0.0718424580991268,3563.3524627842803,median 5 warm calls on training rows; end-to-end preprocessing,6000.0,,,,,,,,,,,,,,
300.0,300.0,1.0,11,1,binary,miniboone,coerror_b300_k64,complete,0.9705300693745768,0.9256387006532736,0.2232720659018419,0.0641041233851874,0.8881463106838097,0.0555564333105101,0.3175366858477123,0.9196363836890076,0.7009945360028443,0.7009945360028443,0.8927398409822644,2.007986292921289,0.2378707338713164,50.0,0.0662886067206756,64.0,equal,True,7600668,188.90754912397824,677.5461709999997,64,7586.0,3825.0,256,0.0570827079936862,4484.72066231188,median 5 warm calls on training rows; end-to-end preprocessing,6000.0,,,,,,,,,,,,,,
6000.0,6000.0,1.0,11,1,binary,miniboone,random_cert_b6000_k64,complete,0.9614315376835052,0.9054347995243888,0.2931002703802649,0.0839727470667191,0.8324349103497526,0.1117627450371501,0.4159549557346504,0.8681041244625829,0.7222513440614339,0.7222513440614339,0.9566262066059964,1.8524814349488956,0.1099118164877939,50.0,0.0857946040485848,64.0,equal,True,7360989,187.46033920906484,670.8818279999998,64,4812.0,2438.0,256,0.0594759578816592,4304.260227458115,median 5 warm calls on training rows; end-to-end preprocessing,6000.0,,,,,,,,,,,,,,
6000.0,6000.0,1.0,11,1,binary,miniboone,top_quality_cert_b6000_k64,complete,0.96598899448097,0.9183232652983132,0.218175800755614,0.0647396820062312,0.8850715276270221,0.0260403732490679,0.3206848948478659,0.9344397373563804,0.7740717096253177,0.7740717096253177,0.9106293638757952,1.647499715654755,0.3253698103292708,50.0,0.0667449511518069,64.0,equal,True,7622220,189.9352143339347,680.5978519999996,64,7750.0,3907.0,256,0.0623963749967515,4102.8024466698225,median 5 warm calls on training rows; end-to-end preprocessing,6000.0,,,,,,,,,,,,,,
6000.0,6000.0,1.0,11,1,binary,miniboone,coerror_cert_b6000_k64,complete,0.9717506883742866,0.9284951928209124,0.2152766889924673,0.0619955615903634,0.8888569732749856,0.0506264362797667,0.3070920266140099,0.9261373407520836,0.6985566390612656,0.6985566390612656,0.918342816912374,2.020312580570307,0.3121348812127022,50.0,0.0624908606740575,64.0,equal,True,7608300,190.6854530002456,681.1982620000001,64,7584.0,3824.0,256,0.0815669579897075,3138.5257745213817,median 5 warm calls on training rows; end-to-end preprocessing,6000.0,,,,,,,,,,,,,,
6000.0,6000.0,1.0,11,1,binary,miniboone,abs_correlation_b6000_k64,complete,0.9734184107636462,0.9330698440826232,0.2640653837320483,0.0725063129823283,0.8790647738249717,0.112686218748982,0.3591565270942546,0.8794212202471223,0.6423026046864431,0.6423026046864431,0.924706720542604,2.323838970973793,0.1668033819749425,50.0,0.0730916582915848,64.0,equal,True,7588241,189.529863917036,675.9123229999998,64,7554.0,3809.0,256,0.0782932499423623,3269.758251042859,median 5 warm calls on training rows; end-to-end preprocessing,6000.0,,,,,,,,,,,,,,
6000.0,6000.0,1.0,11,1,binary,miniboone,signed_correlation_b6000_k64,complete,0.9734184107636462,0.9330698440826232,0.2640653837320483,0.0725063129823283,0.8790647738249717,0.112686218748982,0.3591565270942546,0.8794212202471223,0.6423026046864431,0.6423026046864431,0.924706720542604,2.323838970973793,0.1668033819749425,50.0,0.0730916582915848,64.0,equal,True,7588241,189.40201608324423,675.751246999999,64,7554.0,3809.0,256,0.0778798339888453,3287.1153787598805,median 5 warm calls on training rows; end-to-end preprocessing,6000.0,,,,,,,,,,,,,,
6000.0,6000.0,1.0,11,1,binary,miniboone,quality_diversity_l002_b6000_k64,complete,0.967154449926872,0.9204375517198624,0.2163554246844034,0.0640504858206055,0.8874179288905015,0.0306680005294857,0.3172709947564866,0.9342928793456534,0.7634968699392014,0.7634968699392014,0.9106293638757952,1.6923428608658375,0.323050086781319,50.0,0.0660687235969399,64.0,equal,True,7621884,190.90409775148143,681.8898099999994,64,7746.0,3905.0,256,0.074672833783552,3428.288268020549,median 5 warm calls on training rows; end-to-end preprocessing,6000.0,,,,,,,,,,,,,,
6000.0,6000.0,1.0,11,1,binary,miniboone,quality_diversity_l01_b6000_k64,complete,0.9709320389474748,0.926942038212796,0.2128572770150775,0.062000860472787,0.8884399590965035,0.0462319025730482,0.3071182743727281,0.9322374757156262,0.7224149006716349,0.7224149006716349,0.9211444633562962,1.885839721135094,0.3078422134866664,50.0,0.0637226683596248,64.0,equal,True,7615532,190.88656395836733,681.4538049999994,64,7674.0,3869.0,256,0.0892923749051988,2866.986125879099,median 5 warm calls on training rows; end-to-end preprocessing,6000.0,,,,,,,,,,,,,,
6000.0,6000.0,1.0,11,1,binary,miniboone,quality_diversity_l05_b6000_k64,complete,0.9727712698404916,0.9299393997363736,0.2252829106258756,0.0636218593357996,0.8894560829017946,0.0706607218099835,0.3151478141206015,0.9180915437057974,0.6667021895303763,0.6667021895303763,0.9005109616788884,2.2104683338660047,0.2560849145860358,50.0,0.0643564795150426,64.0,equal,True,7603756,190.22762046009305,679.1971349999997,64,7604.0,3834.0,256,0.0626004999503493,4089.424209120417,median 5 warm calls on training rows; end-to-end preprocessing,6000.0,,,,,,,,,,,,,,
6000.0,6000.0,1.0,11,1,binary,miniboone,caruana_b6000_k64,complete,0.9718220109489067,0.9279352571035832,0.2142080728378387,0.061757782493371,0.8901212216308887,0.049983415709637,0.3059141993162377,0.9266794223017196,0.6954614527339993,0.6954614527339993,0.872565678863527,2.015962535447074,0.3048231532776019,50.0,0.0622859625753635,64.0,frequency_weighted,True,4864156,188.79986949986775,674.4725129999999,41,4853.0,2447.0,256,0.0389703339897096,6569.099460825729,median 5 warm calls on training rows; end-to-end preprocessing,6000.0,,,,,,,,,,,,,,
6000.0,6000.0,1.0,11,1,binary,miniboone,coerror_swap_b6000_k64,complete,0.9717161415022052,0.928485311039382,0.2154937007902279,0.0620635275066925,0.8888569732749856,0.0512036471070088,0.3074286925050954,0.9259463244261206,0.6984209681748964,0.6984209681748964,0.918342816912374,2.0209010563304655,0.312093959219901,50.0,0.0624895894836249,64.0,equal,True,7608476,190.64031295804307,681.012121,64,7586.0,3825.0,256,0.0691439579240977,3702.420394866923,median 5 warm calls on training rows; end-to-end preprocessing,6000.0,,,,,,,,,,,,,,
6000.0,6000.0,1.0,11,1,binary,miniboone,coerror_b6000_k256,complete,0.9715170512216444,0.927880000737636,0.2159921571397985,0.0622897777022279,0.8877748203674094,0.0516359588879126,0.3085494119451074,0.9251867535715478,0.7038674161120687,0.7038674161120687,0.9595303821959654,2.0125155086385105,0.3067927920179217,50.0,0.0632987420431607,256.0,equal,True,30497548,206.93085604114455,737.5613339999998,256,30436.0,15346.0,256,0.1938648330979049,1320.5076749052048,median 5 warm calls on training rows; end-to-end preprocessing,6000.0,,,,,,,,,,,,,,
1000.0,1000.0,1.0,11,1,binary,miniboone,top_quality_f05_d3_b1000_k64,complete,0.9446221998645764,0.871606572942247,0.3073895114767559,0.0918968371625662,0.8068594151816341,0.0784056724080069,0.455206554142365,0.8757947427750009,0.812289258206765,0.812289258206765,0.9999999999999984,1.482588522485265,0.1018353174603174,44.0,0.0955029069965578,64.0,equal,True,7030349,185.5053013318684,664.5312469999997,64,960.0,512.0,256,0.0515842498280108,4962.7551210600195,median 5 warm calls on training rows; end-to-end preprocessing,6000.0,,,,,,,,,,,,,,
1000.0,1000.0,1.0,11,1,binary,miniboone,coerror_f05_d3_b1000_k64,complete,0.9571209238591396,0.8943113564123853,0.3045565983636902,0.0879429554242833,0.8324157981285848,0.1079985471856061,0.4356211914994023,0.8651116670748608,0.7499261739025863,0.7499261739025863,1.0,1.7485605997249924,0.0825396825396825,44.0,0.0890858219441535,64.0,equal,True,7030365,185.67901233420707,664.7280890000004,64,960.0,512.0,256,0.0482241669669747,5308.541673209534,median 5 warm calls on training rows; end-to-end preprocessing,6000.0,,,,,,,,,,,,,,
1000.0,1000.0,1.0,11,1,binary,miniboone,top_quality_f05_d6_b1000_k64,complete,0.9588108788323068,0.8985704411531473,0.2736453084353287,0.0805582423304755,0.8398014736135448,0.0776483500831008,0.3990413710773389,0.8978495645944484,0.7470521613216483,0.7470521613216483,0.999900439798072,1.7557806407432066,0.0924107142857142,42.0,0.0820422752244756,64.0,equal,True,7548989,185.72421558294445,665.364632,64,7444.0,3754.0,256,0.0514832499902695,4972.491053855081,median 5 warm calls on training rows; end-to-end preprocessing,6000.0,,,,,,,,,,,,,,
1000.0,1000.0,1.0,11,1,binary,miniboone,coerror_f05_d6_b1000_k64,complete,0.9637085108782528,0.9094836243952,0.2755185921827486,0.0789386531901202,0.8538020392907149,0.0955648557248616,0.3910188143227106,0.8907690248541175,0.7096886664878269,0.7096886664878269,0.9999448079484224,1.946501844276328,0.078125,45.0,0.0794431012791623,64.0,equal,True,7551677,185.84462012397125,665.4982039999993,64,7476.0,3770.0,256,0.0527817499823868,4850.161278953932,median 5 warm calls on training rows; end-to-end preprocessing,6000.0,,,,,,,,,,,,,,
1000.0,1000.0,1.0,11,1,binary,miniboone,top_quality_f20_d3_b1000_k64,complete,0.9464464418727704,0.871282056990345,0.2839947657908469,0.085666109945597,0.8382918867451008,0.0498224367327264,0.4243429471477062,0.9003118507057333,0.8608399913581576,0.8608399913581576,1.0,1.3365026474960704,0.1626756406191206,50.0,0.088016560258565,64.0,equal,True,7047681,186.24565120809712,667.5175069999998,64,960.0,512.0,256,0.0574822078924626,4453.551966530641,median 5 warm calls on training rows; end-to-end preprocessing,6000.0,,,,,,,,,,,,,,
1000.0,1000.0,1.0,11,1,binary,miniboone,coerror_f20_d3_b1000_k64,complete,0.9570735054911697,0.8913549773780487,0.2794602512640341,0.0806892521604031,0.8495599620028984,0.0816854470054341,0.3996903219561883,0.8865681150277068,0.7625958220099,0.7625958220099,1.0,1.6964497334221171,0.1332680686234607,50.0,0.0815566479589106,64.0,equal,True,7047713,186.36561212618835,667.6772469999999,64,960.0,512.0,256,0.0563872079364955,4540.036816299054,median 5 warm calls on training rows; end-to-end preprocessing,6000.0,,,,,,,,,,,,,,
1000.0,1000.0,1.0,11,1,binary,miniboone,top_quality_f20_d6_b1000_k64,complete,0.966406510146305,0.9156367740207424,0.2264629768732903,0.0667506683607869,0.8771777902394164,0.0422332090533588,0.3306462188406081,0.9278333569530594,0.7495399704761297,0.7495399704761297,0.9048055498426608,1.7557363756660174,0.1524401685062989,50.0,0.0679644750614879,64.0,equal,True,7577361,186.92568504204976,670.302371,64,7582.0,3823.0,256,0.058089000172913,4407.030577871315,median 5 warm calls on training rows; end-to-end preprocessing,6000.0,,,,,,,,,,,,,,
1000.0,1000.0,1.0,11,1,binary,miniboone,coerror_f20_d6_b1000_k64,complete,0.9708456160465094,0.9264109037065612,0.2261628560181576,0.0647809848535587,0.8854739429660117,0.061994756444871,0.3208894865116131,0.9215422333136642,0.6981229666430284,0.6981229666430284,0.8940189674167796,2.0201940375651315,0.1442108374501397,50.0,0.0654244318146446,64.0,equal,True,7572609,187.08874908275905,670.4773229999994,64,7522.0,3793.0,256,0.0547326249070465,4677.283438073171,median 5 warm calls on training rows; end-to-end preprocessing,6000.0,,,,,,,,,,,,,,
1000.0,1000.0,1.0,11,1,binary,miniboone,top_quality_f50_d3_b1000_k64,complete,0.92817582708555,0.8370678028878942,0.2925991318509289,0.0880090641073288,0.8446701308635514,0.0324744120328993,0.4359486576749222,0.9057752597929498,0.935149144590296,0.935149144590296,1.0,1.1391134393602502,0.3620644904839312,50.0,0.0930412530383911,64.0,equal,True,7082252,187.8162994168233,673.816861,64,960.0,512.0,256,0.059214208042249,4323.286732423156,median 5 warm calls on training rows; end-to-end preprocessing,6000.0,,,,,,,,,,,,,,
1000.0,1000.0,1.0,11,1,binary,miniboone,coerror_f50_d3_b1000_k64,complete,0.9565398677590312,0.8890422950430735,0.276317851285241,0.0803132906431394,0.8454926807436627,0.077865165484069,0.3978280146989644,0.8909137657807846,0.7734626357882731,0.7734626357882731,1.0,1.6482500373947109,0.3429177170735042,50.0,0.0809763527722585,64.0,equal,True,7082348,187.9691194172483,673.9581629999996,64,960.0,512.0,256,0.0595372079405933,4299.8321361565795,median 5 warm calls on training rows; end-to-end preprocessing,6000.0,,,,,,,,,,,,,,
1000.0,1000.0,1.0,11,1,binary,miniboone,top_quality_f50_d6_b1000_k64,complete,0.966227312177572,0.9189477331409314,0.217286771618747,0.0644161323329043,0.8862447282587618,0.0260855223258009,0.3190822071337229,0.934245141103104,0.7732194080055194,0.7732194080055194,0.9106293638757952,1.6509243670209328,0.3522251600057297,50.0,0.0666456777890439,64.0,equal,True,7624844,189.50187424989417,680.5474659999993,64,7742.0,3903.0,256,0.0683196661993861,3747.0909072196296,median 5 warm calls on training rows; end-to-end preprocessing,6000.0,,,,,,,,,,,,,,
1000.0,1000.0,1.0,11,1,binary,miniboone,coerror_f50_d6_b1000_k64,complete,0.9715277496078374,0.9283950148059582,0.2142196302750772,0.0619619602335754,0.8893914468185451,0.048401529361795,0.3069255839124954,0.926746146112778,0.7027812964345445,0.7027812964345445,0.918342816912374,1.9934636815464573,0.346772450090709,50.0,0.0625674160360285,64.0,equal,True,7611052,189.59006608393975,680.3637879999999,64,7570.0,3817.0,256,0.0586583339609205,4364.256239711012,median 5 warm calls on training rows; end-to-end preprocessing,6000.0,,,,,,,,,,,,,,
,,,11,1,binary,miniboone,random_forest,complete,0.976233869396776,0.9384487499372538,0.194863704704601,0.0559417463697127,0.9113886104089056,0.0459141105444727,0.2771047446672754,,,,,,,,,,,,28667627,11.85402900003828,11.860737999999856,256,357058.0,178657.0,256,0.0122508748900145,20896.46676652139,median 5 warm calls on training rows; end-to-end preprocessing,,11.85402900003828,11.860737999999856,1463025664.0,,,,,,,,,,,
,,,11,1,binary,miniboone,extra_trees,complete,0.9769839822870384,0.9407416340890912,0.1999747144405107,0.0571516239251514,0.906206858200469,0.0554808197090145,0.2830978148310629,,,,,,,,,,,,87863307,2.394122165860608,2.3957689999997456,256,1097004.0,548630.0,256,0.0170002081431448,15058.639155734649,median 5 warm calls on training rows; end-to-end preprocessing,,2.394122165860608,2.3957689999997456,1404633088.0,,,,,,,,,,,
,,,11,1,binary,miniboone,xgboost,complete,0.9821952107782674,0.9530924948253482,0.153402179479599,0.0451255928730687,0.927820718673008,0.0116418520160755,0.2235274495796069,,,,,,,,,,,,1130108,2.136307416949421,2.138930000000073,300,26996.0,13648.0,256,0.0016534999012947,154823.11175195672,median 5 warm calls on training rows; end-to-end preprocessing,,2.136307416949421,2.138930000000073,1434861568.0,,,,,,,,,,,
,,,11,1,binary,miniboone,lightgbm,complete,0.9823459911586752,0.954215492718681,0.1526922914313425,0.044848679107,0.9263802812694883,0.0108349166335995,0.2221557705845648,,,,,,,,,,,,1043295,1.3107720830012113,1.311627999999928,300,18300.0,9300.0,256,0.0066195828840136,38673.1315984036,median 5 warm calls on training rows; end-to-end preprocessing,,1.3107720830012113,1.311627999999928,1458388992.0,,,,,,,,,,,
,,,11,1,binary,miniboone,catboost,complete,0.9815124085678024,0.952179910122914,0.1562110659955527,0.0456728663357985,0.926941166453962,0.0116990059725877,0.2262383423027386,,,,,,,,,,,,351320,3.19717379193753,3.2048530000001847,300,38100.0,19200.0,256,0.0009862079750746,259580.1357017242,median 5 warm calls on training rows; end-to-end preprocessing,,3.19717379193753,3.2048530000001847,1481523200.0,,,,,,,,,,,
,,,11,1,binary,miniboone,linear,complete,0.9169207904859252,0.8386201814981682,0.3199629091707725,0.0980799079654554,0.8048799908528799,0.0193674917744421,0.4858340973865625,,,,,,,,,,,,5978,0.0970103750005364,0.0971199999999044,1,,,256,0.000846334034577,302481.04122144374,median 5 warm calls on training rows; end-to-end preprocessing,,0.0970103750005364,0.0971199999999044,1482080256.0,51.0,,,,,,,,,,
,,,11,1,binary,miniboone,rf_leaf5,complete,0.9756386602232664,0.9370289493521676,0.196078580511806,0.0571513611653382,0.9046430550311612,0.0435540963481146,0.2830965132629915,,,,,,,,,,,,17020907,11.004062208812684,11.009879000000184,256,211474.0,105865.0,256,0.0121106670703738,21138.389695002697,median 5 warm calls on training rows; end-to-end preprocessing,,11.004062208812684,11.009879000000184,1488502784.0,,,,,,,,,,,
,,,11,1,binary,miniboone,rf_shallow64,complete,0.9660224826585846,0.914027812851278,0.2378612789928951,0.0691285000308703,0.8699286863407016,0.0583474368669378,0.342424693424608,,,,,,,,,,,,592827,1.5426557920873163,1.5435930000003282,64,7032.0,3548.0,256,0.0029322081245481,87306.2174055074,median 5 warm calls on training rows; end-to-end preprocessing,,1.5426557920873163,1.5435930000003282,1488650240.0,,,,,,,,,,,
,,,11,1,binary,miniboone,random_patches64,complete,0.9664168742079294,0.9158670234118762,0.2504672053334358,0.0721120106192674,0.8680243178775828,0.0744602726968819,0.3572033693412665,,,,,,,,,,,,4108249,1.9478621250018475,1.9492129999998724,64,6890.0,3477.0,256,0.0418298339936882,6120.0338504481815,median 5 warm calls on training rows; end-to-end preprocessing,,1.9478621250018475,1.9492129999998724,1490370560.0,,,,,,,,,,,
1000.0,1000.0,1.0,11,2,binary,miniboone,random_b1000_k16,complete,0.95353441816487,0.8887797277006995,0.299581545887673,0.0869330769379798,0.8235257322278369,0.0963063771501926,0.4307198273114218,0.8711203470865732,0.7282622211030564,0.7282622211030564,0.904074733468054,1.7697857851657264,0.1199090822219892,49.0,0.0854230965637301,16.0,equal,True,1807156,186.5361568746157,667.6041119999995,16,836.0,426.0,256,0.0149949160404503,17072.453044045968,median 5 warm calls on training rows; end-to-end preprocessing,6000.0,,,,,,,,,,,,,,
1000.0,1000.0,1.0,11,2,binary,miniboone,top_quality_b1000_k16,complete,0.963111583628068,0.906741876586354,0.227414940362723,0.0679670262223735,0.8721238286807633,0.031141711841989,0.3367503696925039,0.934663256906644,0.7677376734341633,0.7677376734341633,0.8829964001030257,1.6231304548680596,0.3152018287212439,50.0,0.0663874901076002,16.0,equal,True,1898260,187.2007230008021,670.2662219999997,16,1900.0,958.0,256,0.0181825419422239,14079.439542251848,median 5 warm calls on training rows; end-to-end preprocessing,6000.0,,,,,,,,,,,,,,
1000.0,1000.0,1.0,11,2,binary,miniboone,coerror_b1000_k16,complete,0.9682042856569422,0.9181367809306744,0.2225860575024859,0.0649981990899382,0.8823983221311877,0.0453695340813638,0.3220409776539328,0.928073745779988,0.7027556607763354,0.7027556607763354,0.8292458039210842,1.9045290861284665,0.3247624462144343,50.0,0.0628992671368013,16.0,equal,True,1894228,187.20630337367768,670.4691319999993,16,1842.0,929.0,256,0.0178767920006066,14320.242691827065,median 5 warm calls on training rows; end-to-end preprocessing,6000.0,,,,,,,,,,,,,,
1000.0,1000.0,1.0,11,2,binary,miniboone,random_b1000_k64,complete,0.9583523256903036,0.8986903138222138,0.2955193394707141,0.0849902001292679,0.8348783299808664,0.1033624149834307,0.4210936229596215,0.8728367533146331,0.7160488914615454,0.7160488914615454,0.9623584131583344,1.896149031350122,0.1159157885643979,50.0,0.083272957850849,64.0,equal,True,7324841,188.0734172507655,674.1013789999997,64,4344.0,2204.0,256,0.056394875049591,4539.4195797913435,median 5 warm calls on training rows; end-to-end preprocessing,6000.0,,,,,,,,,,,,,,
1000.0,1000.0,1.0,11,2,binary,miniboone,top_quality_b1000_k64,complete,0.965544370754595,0.9134427501425604,0.2248846851610334,0.0666445849441885,0.8726500024530246,0.0389676876359667,0.3301981838153641,0.931232333514932,0.7494171442432973,0.7494171442432973,0.924614748032958,1.7556734672967254,0.3160134662827025,50.0,0.0654899519798316,64.0,equal,True,7596324,190.23140320857055,682.6730499999994,64,7416.0,3740.0,256,0.0586487909313291,4364.966369038128,median 5 warm calls on training rows; end-to-end preprocessing,6000.0,,,,,,,,,,,,,,
1000.0,1000.0,1.0,11,2,binary,miniboone,coerror_b1000_k64,complete,0.9689888075178512,0.9203297262405216,0.2234990557851694,0.0651583335499722,0.8800237943384193,0.0538912869339779,0.3228343820680164,0.9270892637491116,0.7093610596038309,0.7093610596038309,0.8856032198934631,1.9590780906024925,0.2986419318101759,50.0,0.0633230310026542,64.0,equal,True,7591513,190.1629851248581,681.9954529999995,64,7382.0,3723.0,256,0.0583102498203516,4390.308749983269,median 5 warm calls on training rows; end-to-end preprocessing,6000.0,,,,,,,,,,,,,,
1000.0,1000.0,1.0,11,2,binary,miniboone,random_b1000_k128,complete,0.956328691913493,0.893386895728172,0.300958023593966,0.0873047455249682,0.819741941814257,0.1069202004873513,0.4325613016413698,0.870176549591415,0.7317087321272292,0.7317087321272292,0.9940131502528738,1.8454488617273055,0.116409824313005,50.0,0.0852022479949169,128.0,equal,True,14632441,189.71268979087472,680.528851,128,8124.0,4126.0,256,0.1059804169926792,2415.54059952117,median 5 warm calls on training rows; end-to-end preprocessing,6000.0,,,,,,,,,,,,,,
1000.0,1000.0,1.0,11,2,binary,miniboone,top_quality_b1000_k128,complete,0.9667927372632276,0.9159073706673494,0.225333815638889,0.0665159771607709,0.8763074621007703,0.0438044155660712,0.3295609819099941,0.92832463427626,0.7353890805110934,0.7353890805110934,0.9375255765665642,1.8335764658962792,0.3028595181068431,50.0,0.0656588062744919,128.0,equal,True,15214532,194.2700764590409,698.8274059999994,128,14770.0,7449.0,256,0.1075890001375228,2379.4254029015488,median 5 warm calls on training rows; end-to-end preprocessing,6000.0,,,,,,,,,,,,,,
1000.0,1000.0,1.0,11,2,binary,miniboone,coerror_b1000_k128,complete,0.9690040274203549,0.9206875507164438,0.2255458402901651,0.0656639375018803,0.8782110091743119,0.0558325249349331,0.32533945441245,0.9243128487188084,0.7092055871902793,0.7092055871902793,0.9375255765666818,1.9777115238798988,0.2810846628863017,50.0,0.0644174795283528,128.0,equal,True,15208377,194.82966174883768,699.8248559999997,128,14754.0,7441.0,256,0.1057341250125318,2421.167243495496,median 5 warm calls on training rows; end-to-end preprocessing,6000.0,,,,,,,,,,,,,,
3000.0,3000.0,1.0,11,2,binary,miniboone,random_b3000_k16,complete,0.960178713990714,0.898933728258596,0.2830806845056891,0.0815406169385154,0.83705784231958,0.0954166869397909,0.4040022702944292,0.8811788125482263,0.7046473448874,0.7046473448874,0.883843371305102,1.8936752044325869,0.1396847932451946,50.0,0.0804595293414446,16.0,equal,True,1833273,186.69666424999016,667.9885299999996,16,1152.0,584.0,256,0.0146834161132574,17434.634966781465,median 5 warm calls on training rows; end-to-end preprocessing,6000.0,,,,,,,,,,,,,,
3000.0,3000.0,1.0,11,2,binary,miniboone,top_quality_b3000_k16,complete,0.9604552925120308,0.9021658372825412,0.2297347507061313,0.069390403565985,0.8733785507530785,0.0185779851599412,0.3438026547977086,0.9363688284938366,0.8109419465271862,0.8109419465271862,0.9171357766599072,1.469786002198296,0.3692951596395869,50.0,0.0685386394410111,16.0,equal,True,1899252,187.2275406664703,670.521131,16,1898.0,957.0,256,0.0183942499570548,13917.392695961207,median 5 warm calls on training rows; end-to-end preprocessing,6000.0,,,,,,,,,,,,,,
3000.0,3000.0,1.0,11,2,binary,miniboone,coerror_b3000_k16,complete,0.9687216508409414,0.9189557626290932,0.2214118409978151,0.0645662392308492,0.8805266643771771,0.0482261423782583,0.3199007833519985,0.9295496999450928,0.7070785609406184,0.7070785609406184,0.8214432608628491,1.8814626081116124,0.3429648572931817,50.0,0.0622454227806081,16.0,equal,True,1894932,187.32792729255743,670.5269900000003,16,1844.0,930.0,256,0.0177106661722064,14454.56639015332,median 5 warm calls on training rows; end-to-end preprocessing,6000.0,,,,,,,,,,,,,,
3000.0,3000.0,1.0,11,2,binary,miniboone,random_b3000_k64,complete,0.9595647888391844,0.9013555125075164,0.2885578120187536,0.0830186519177701,0.841145807780994,0.1011152377406646,0.4113253628783834,0.8789955318548768,0.7122675108070111,0.7122675108070111,0.9866014244964828,1.9168246772698352,0.1185978258995658,50.0,0.080771155195348,64.0,equal,True,7365892,188.46412033378147,674.5185069999993,64,4854.0,2459.0,256,0.0546585421543568,4683.622905218562,median 5 warm calls on training rows; end-to-end preprocessing,6000.0,,,,,,,,,,,,,,
3000.0,3000.0,1.0,11,2,binary,miniboone,top_quality_b3000_k64,complete,0.9638061240873632,0.9084849428377882,0.2256843917507434,0.0674929910069797,0.8722869548152873,0.0318791175733546,0.334401708247337,0.933992682138423,0.7793168008567982,0.7793168008567982,0.9309642422054184,1.6263875097623794,0.326682762415571,50.0,0.0665722899750266,64.0,equal,True,7601268,190.41798679158092,682.920282,64,7484.0,3774.0,256,0.0572187080979347,4474.061168277935,median 5 warm calls on training rows; end-to-end preprocessing,6000.0,,,,,,,,,,,,,,
3000.0,3000.0,1.0,11,2,binary,miniboone,coerror_b3000_k64,complete,0.9694116197544298,0.920457573551794,0.2226407560122725,0.0647319651665192,0.8767698572339695,0.0529541637387484,0.3207218913687289,0.927331074223286,0.7054664796833652,0.7054664796833652,0.90988472519486,1.980366602051559,0.3112662792448677,50.0,0.0623937629327677,64.0,equal,True,7586868,190.8477195831947,683.3496959999998,64,7304.0,3684.0,256,0.0596803328953683,4289.5203089570505,median 5 warm calls on training rows; end-to-end preprocessing,6000.0,,,,,,,,,,,,,,
3000.0,3000.0,1.0,11,2,binary,miniboone,random_b3000_k128,complete,0.9585794534661236,0.8986978143456262,0.2959675348921299,0.0855319644489667,0.8250306628072414,0.1059233045185482,0.423777855963253,0.8736665265425917,0.7261630379344938,0.7261630379344938,0.9952246739419004,1.8659497332488069,0.1212251424114956,50.0,0.083888178481771,128.0,equal,True,14681861,190.18637391598895,681.5820709999998,128,8702.0,4415.0,256,0.0974410828202962,2627.2286041004154,median 5 warm calls on training rows; end-to-end preprocessing,6000.0,,,,,,,,,,,,,,
3000.0,3000.0,1.0,11,2,binary,miniboone,top_quality_b3000_k128,complete,0.9652104249084577,0.911943215869332,0.2241822918433696,0.066625428487511,0.8730032379924446,0.0359711276912147,0.3301032709697285,0.9324650163859785,0.7629735623635616,0.7629735623635616,0.9321633002774858,1.7047386351651186,0.318696610929782,50.0,0.0658309600842517,128.0,equal,True,15221796,194.8950811678078,700.504962,128,14840.0,7484.0,256,0.1092812919523567,2342.5784544312323,median 5 warm calls on training rows; end-to-end preprocessing,6000.0,,,,,,,,,,,,,,
3000.0,3000.0,1.0,11,2,binary,miniboone,coerror_b3000_k128,complete,0.969563540026671,0.9214039926916966,0.2227819970192983,0.0647258068725877,0.8789542756218417,0.0548757332175571,0.3206913794003029,0.9267663832672756,0.7069820661943875,0.7069820661943875,0.9309642422054184,1.9874884001868367,0.3018003578307381,50.0,0.0629212546263034,128.0,equal,True,15208276,195.69490475114435,700.986351,128,14696.0,7412.0,256,0.1100313330534845,2326.610001857946,median 5 warm calls on training rows; end-to-end preprocessing,6000.0,,,,,,,,,,,,,,
6000.0,6000.0,1.0,11,2,binary,miniboone,random_b6000_k16,complete,0.9566141347736304,0.8930920549967304,0.2929055207381106,0.084921164289677,0.8342797919835157,0.0983752804218404,0.4207515770324067,0.8784386465939682,0.7155562032487656,0.7155562032487656,0.8654146260404713,1.8291022714506473,0.1265369541165327,50.0,0.0829435482083074,16.0,equal,True,1832581,187.02629362395965,668.1740339999997,16,1146.0,581.0,256,0.0138576249592006,18473.5840920584,median 5 warm calls on training rows; end-to-end preprocessing,6000.0,,,,,,,,,,,,,,
6000.0,6000.0,1.0,11,2,binary,miniboone,top_quality_b6000_k16,complete,0.960217237626721,0.8997126956663125,0.2301493100924238,0.0694682801382436,0.8720281607221705,0.0197577399009576,0.3441885031414725,0.9367550351857106,0.8138991965617346,0.8138991965617346,0.9176361562557112,1.4603225002883755,0.3677852271826448,50.0,0.0687995759165146,16.0,equal,True,1898596,187.3696084569674,670.5123329999997,16,1890.0,953.0,256,0.017886082874611,14312.804083189589,median 5 warm calls on training rows; end-to-end preprocessing,6000.0,,,,,,,,,,,,,,
6000.0,6000.0,1.0,11,2,binary,miniboone,coerror_b6000_k16,complete,0.9689773786533342,0.9204254723822836,0.2208963057834221,0.064296450457286,0.8815826914585685,0.0489492019720309,0.3185640841570234,0.9293251034859912,0.7005538456714722,0.7005538456714722,0.8214432608628491,1.915250565428045,0.3178959215679319,50.0,0.062026333038816,16.0,equal,True,1895316,187.6401363748591,670.6066969999993,16,1856.0,936.0,256,0.0182352501433342,14038.743531773183,median 5 warm calls on training rows; end-to-end preprocessing,6000.0,,,,,,,,,,,,,,
6000.0,6000.0,1.0,11,2,binary,miniboone,random_b6000_k64,complete,0.956670888842306,0.8931616413820067,0.3077057562652484,0.089234847993988,0.8122553107982142,0.1132766206401218,0.4421242140727642,0.8647851389852703,0.7288282067879298,0.7288282067879298,0.9389935724566544,1.8360728916247917,0.1095549749609124,50.0,0.0876008318761023,64.0,equal,True,7252628,188.15036350069568,673.2007669999998,64,3458.0,1761.0,256,0.060762875014916,4213.098868958343,median 5 warm calls on training rows; end-to-end preprocessing,6000.0,,,,,,,,,,,,,,
6000.0,6000.0,1.0,11,2,binary,miniboone,top_quality_b6000_k64,complete,0.962497212472069,0.90653909409222,0.22666191862318,0.0680170540109516,0.8728033164892313,0.0271586006803984,0.3369982380668454,0.9352775685066564,0.7981518680940263,0.7981518680940263,0.9264857811456388,1.5527618491387176,0.3380926711921323,50.0,0.0674356724830334,64.0,equal,True,7605972,190.8730228759814,683.7823509999994,64,7536.0,3800.0,256,0.0798350831028074,3206.610302770484,median 5 warm calls on training rows; end-to-end preprocessing,6000.0,,,,,,,,,,,,,,
6000.0,6000.0,1.0,11,2,binary,miniboone,coerror_b6000_k64,complete,0.9697263316578432,0.9220494164290508,0.221663136804584,0.0643485576312206,0.8827564637197665,0.0516875469447684,0.3188222550828591,0.9278534570145948,0.7046800172352501,0.7046800172352501,0.90988472519486,1.985882939424411,0.3187889633060122,50.0,0.0619823425762682,64.0,equal,True,7589684,191.8149136248976,684.6460739999998,64,7332.0,3698.0,256,0.0692605408839881,3696.188287481059,median 5 warm calls on training rows; end-to-end preprocessing,6000.0,,,,,,,,,,,,,,
6000.0,6000.0,1.0,11,2,binary,miniboone,random_b6000_k128,complete,0.9596121768140116,0.9012509192028352,0.2967902205130495,0.0853251368487084,0.833808811264289,0.1132493865068647,0.4227531050697579,0.8722072393060993,0.7192536129658451,0.7192536129658451,0.9999999999996906,1.8891447156591032,0.1269123629790524,50.0,0.0841180369691329,128.0,equal,True,14600820,190.6719582499936,682.4175399999999,128,7670.0,3899.0,256,0.1098133749328553,2331.227868704786,median 5 warm calls on training rows; end-to-end preprocessing,6000.0,,,,,,,,,,,,,,
6000.0,6000.0,1.0,11,2,binary,miniboone,top_quality_b6000_k128,complete,0.9635747035185294,0.9088590410709254,0.22561798172431,0.0674432298482271,0.8709770396899377,0.0315441077116272,0.3341551609208224,0.93402496589872,0.78439218337809,0.78439218337809,0.9309642422054184,1.6141557803261324,0.3293886005925318,50.0,0.0668807586815327,128.0,equal,True,15237764,195.0076992507093,700.5121320000003,128,15034.0,7581.0,256,0.1040769589599222,2459.718294599481,median 5 warm calls on training rows; end-to-end preprocessing,6000.0,,,,,,,,,,,,,,
6000.0,6000.0,1.0,11,2,binary,miniboone,coerror_b6000_k128,complete,0.9695688920802988,0.9214618805883557,0.2224645135873139,0.0646089894076296,0.8805131727419908,0.0538128840590162,0.3201125939701083,0.927126248839824,0.7052414062169752,0.7052414062169752,0.921746724023626,1.997654957913049,0.3199909257387258,50.0,0.0623425932349367,128.0,equal,True,15209284,197.7225753320381,705.9257829999997,128,14660.0,7394.0,256,0.116918042069301,2189.567969742948,median 5 warm calls on training rows; end-to-end preprocessing,6000.0,,,,,,,,,,,,,,
300.0,300.0,1.0,11,2,binary,miniboone,top_quality_b300_k64,complete,0.9658847836655324,0.9133763865693172,0.2330313765302774,0.0684824965360898,0.8733846833145268,0.0521827782061642,0.3393043260498344,0.9227745988512636,0.7297419301138134,0.7297419301138134,0.9951003515706196,1.8464027333101256,0.2720516026963004,50.0,0.0676627976289903,64.0,equal,True,7550100,189.82666775095277,681.1313750000004,64,6892.0,3478.0,256,0.0577597920782864,4432.148918628775,median 5 warm calls on training rows; end-to-end preprocessing,6000.0,,,,,,,,,,,,,,
300.0,300.0,1.0,11,2,binary,miniboone,coerror_b300_k64,complete,0.9685431933027968,0.9202665611871478,0.2300530924426979,0.0667525774658479,0.8755421184320267,0.0576519055270857,0.3307332450592363,0.9200260430045452,0.7062803607616002,0.7062803607616002,0.8602834897565398,1.9787742602476233,0.2540217986262263,50.0,0.066097045978448,64.0,equal,True,7587161,189.810863541672,681.0455660000002,64,7382.0,3723.0,256,0.0641607500147074,3989.9782957854704,median 5 warm calls on training rows; end-to-end preprocessing,6000.0,,,,,,,,,,,,,,
6000.0,6000.0,1.0,11,2,binary,miniboone,random_cert_b6000_k64,complete,0.956670888842306,0.8931616413820067,0.3077057562652484,0.089234847993988,0.8122553107982142,0.1132766206401218,0.4421242140727642,0.8647851389852703,0.7288282067879298,0.7288282067879298,0.9389935724566544,1.8360728916247917,0.1095549749609124,50.0,0.0876008318761023,64.0,equal,True,7252628,188.30455191573128,673.0654069999987,64,3458.0,1761.0,256,0.05525170895271,4633.340847775597,median 5 warm calls on training rows; end-to-end preprocessing,6000.0,,,,,,,,,,,,,,
6000.0,6000.0,1.0,11,2,binary,miniboone,top_quality_cert_b6000_k64,complete,0.962497212472069,0.90653909409222,0.22666191862318,0.0680170540109516,0.8728033164892313,0.0271586006803984,0.3369982380668454,0.9352775685066564,0.7981518680940263,0.7981518680940263,0.9264857811456388,1.5527618491387176,0.3380926711921323,50.0,0.0674356724830334,64.0,equal,True,7605972,190.7527723328676,683.4054439999995,64,7536.0,3800.0,256,0.0583580420352518,4386.713314428202,median 5 warm calls on training rows; end-to-end preprocessing,6000.0,,,,,,,,,,,,,,
6000.0,6000.0,1.0,11,2,binary,miniboone,coerror_cert_b6000_k64,complete,0.9697263316578432,0.9220494164290508,0.221663136804584,0.0643485576312206,0.8827564637197665,0.0516875469447684,0.3188222550828591,0.9278534570145948,0.7046800172352501,0.7046800172352501,0.90988472519486,1.985882939424411,0.3187889633060122,50.0,0.0619823425762682,64.0,equal,True,7589684,191.88622587476857,684.9874269999996,64,7332.0,3698.0,256,0.0701758749783039,3647.977315268913,median 5 warm calls on training rows; end-to-end preprocessing,6000.0,,,,,,,,,,,,,,
6000.0,6000.0,1.0,11,2,binary,miniboone,abs_correlation_b6000_k64,complete,0.971528747218047,0.9270892522584484,0.2685465600221438,0.0743611483516707,0.8704263356718834,0.10963518621951,0.3684307757743438,0.8794209000120469,0.6447877205641364,0.6447877205641364,0.9406388115725514,2.310840705400544,0.1640304506347809,50.0,0.0728738909299092,64.0,equal,True,7575753,190.68044383381493,679.422184999999,64,7396.0,3730.0,256,0.0793407501187175,3226.589106063999,median 5 warm calls on training rows; end-to-end preprocessing,6000.0,,,,,,,,,,,,,,
6000.0,6000.0,1.0,11,2,binary,miniboone,signed_correlation_b6000_k64,complete,0.971528747218047,0.9270892522584484,0.2685465600221438,0.0743611483516707,0.8704263356718834,0.10963518621951,0.3684307757743438,0.8794209000120469,0.6447877205641364,0.6447877205641364,0.9406388115725514,2.310840705400544,0.1640304506347809,50.0,0.0728738909299092,64.0,equal,True,7575753,190.38179683405903,678.825307999999,64,7396.0,3730.0,256,0.0792795000597834,3229.081916598292,median 5 warm calls on training rows; end-to-end preprocessing,6000.0,,,,,,,,,,,,,,
6000.0,6000.0,1.0,11,2,binary,miniboone,quality_diversity_l002_b6000_k64,complete,0.9642679059644178,0.9102037684580824,0.2242839953950194,0.066929260250658,0.8737415983908159,0.0317892464976307,0.3316086400325049,0.9350687227396624,0.7722452753458029,0.7722452753458029,0.9264857811456592,1.6564436323337468,0.3283337596803223,50.0,0.0656837566066546,64.0,equal,True,7604148,191.64407574897632,684.5933309999987,64,7520.0,3792.0,256,0.07680229190737,3333.2338611555647,median 5 warm calls on training rows; end-to-end preprocessing,6000.0,,,,,,,,,,,,,,
6000.0,6000.0,1.0,11,2,binary,miniboone,quality_diversity_l01_b6000_k64,complete,0.9679423695325428,0.91766284728662,0.2212708572651523,0.0650647552351021,0.8807621547367904,0.0441990660067171,0.3223707376527878,0.9326473629042208,0.7251560328402025,0.7251560328402025,0.9176361562557346,1.8718964476961104,0.3233789310721033,50.0,0.0630634502846833,64.0,equal,True,7601604,191.6923124161549,684.3217609999997,64,7474.0,3769.0,256,0.0653477499727159,3917.502899593104,median 5 warm calls on training rows; end-to-end preprocessing,6000.0,,,,,,,,,,,,,,
6000.0,6000.0,1.0,11,2,binary,miniboone,quality_diversity_l05_b6000_k64,complete,0.9712475414003648,0.9272227055826732,0.2304759858663086,0.0658344121064998,0.8849862630623558,0.0695409469763058,0.3261840902501424,0.919454889528506,0.6683032317241955,0.6683032317241955,0.8949107318006512,2.1982739173349533,0.2507364897405635,50.0,0.0640384743559588,64.0,equal,True,7586809,191.08771545789205,681.7895549999989,64,7392.0,3728.0,256,0.0616243339609354,4154.2031133720975,median 5 warm calls on training rows; end-to-end preprocessing,6000.0,,,,,,,,,,,,,,
6000.0,6000.0,1.0,11,2,binary,miniboone,caruana_b6000_k64,complete,0.9696803374469812,0.9218355665477038,0.2208567625229108,0.0640962880332399,0.8848820095177353,0.0517882899369918,0.3175723566379244,0.9276545565764096,0.7018565215313954,0.7018565215313954,0.9017148884946742,1.9827215569704124,0.3108927318088657,50.0,0.0616802514286312,64.0,frequency_weighted,True,4734884,189.65168170817196,677.2497829999988,40,4594.0,2317.0,256,0.0397506661247462,6440.143649331977,median 5 warm calls on training rows; end-to-end preprocessing,6000.0,,,,,,,,,,,,,,
6000.0,6000.0,1.0,11,2,binary,miniboone,coerror_swap_b6000_k64,complete,0.9697508619036362,0.9221306711237264,0.2215491346205226,0.0642962579908475,0.8835586027571996,0.0520933472824333,0.3185631305601409,0.9277587976709224,0.7044846284542473,0.7044846284542473,0.90988472519486,1.9869261539760807,0.3186186771181621,50.0,0.061981859872519,64.0,equal,True,7590004,191.7788818338886,684.817939,64,7336.0,3700.0,256,0.0665585419628769,3846.238100329545,median 5 warm calls on training rows; end-to-end preprocessing,6000.0,,,,,,,,,,,,,,
6000.0,6000.0,1.0,11,2,binary,miniboone,coerror_b6000_k256,complete,0.969607471466864,0.9221053462442812,0.22263557498416,0.0646764977409459,0.8806174262866113,0.0531719899238716,0.3204470716935739,0.9265864041740012,0.7076037175120019,0.7076037175120019,0.9485375509162044,1.9926906288780044,0.3127606495304426,50.0,0.0629121263956394,256.0,equal,True,30420516,207.57999395788647,740.6136360000005,256,29404.0,14830.0,256,0.2008757090661674,1274.4198947204457,median 5 warm calls on training rows; end-to-end preprocessing,6000.0,,,,,,,,,,,,,,
1000.0,1000.0,1.0,11,2,binary,miniboone,top_quality_f05_d3_b1000_k64,complete,0.9317037259213338,0.8518325249822948,0.317252470041601,0.0967622492054637,0.8047944365402542,0.0614165273915157,0.4794195803948798,0.8868677832298144,0.8221028149868915,0.8221028149868915,1.0,1.450064931024943,0.126140873015873,45.0,0.0934811177887119,64.0,equal,True,7031141,186.37589249876328,667.3070039999998,64,960.0,512.0,256,0.0479969999287277,5333.6666954214315,median 5 warm calls on training rows; end-to-end preprocessing,6000.0,,,,,,,,,,,,,,
1000.0,1000.0,1.0,11,2,binary,miniboone,coerror_f05_d3_b1000_k64,complete,0.9521317898605344,0.8865233394382714,0.3054359186127841,0.0893020216436765,0.8189802776823825,0.0964119683853099,0.4424570335680912,0.8734695258994138,0.7562987727057475,0.7562987727057475,0.9999999999999984,1.723317836919284,0.0902281746031745,38.0,0.0870780411378607,64.0,equal,True,7031221,186.5076369990129,667.4667739999991,64,960.0,512.0,256,0.0518236248753964,4939.831990053193,median 5 warm calls on training rows; end-to-end preprocessing,6000.0,,,,,,,,,,,,,,
1000.0,1000.0,1.0,11,2,binary,miniboone,top_quality_f05_d6_b1000_k64,complete,0.9514023495515426,0.8860061465903153,0.282025994817849,0.0848575935817718,0.8252612471176961,0.0698954385213352,0.420436608722352,0.9024407678990268,0.7635583729976738,0.7635583729976738,0.9997149563684828,1.677418408251176,0.1179563492063492,40.0,0.082652104863964,64.0,equal,True,7542229,186.56930745765567,668.1338730000002,64,7348.0,3706.0,256,0.0530659998767077,4824.181219515018,median 5 warm calls on training rows; end-to-end preprocessing,6000.0,,,,,,,,,,,,,,
1000.0,1000.0,1.0,11,2,binary,miniboone,coerror_f05_d6_b1000_k64,complete,0.961238755112326,0.9055132627060218,0.2764480889488366,0.0799416704353352,0.8509934749546191,0.0891853454322403,0.396080107799004,0.8953412370250029,0.712410185207389,0.712410185207389,0.999714956368308,1.932153536845297,0.0939484126984126,40.0,0.0785392111724839,64.0,equal,True,7546517,186.7162366239354,668.2764920000004,64,7402.0,3733.0,256,0.0614222080912441,4167.873607209075,median 5 warm calls on training rows; end-to-end preprocessing,6000.0,,,,,,,,,,,,,,
1000.0,1000.0,1.0,11,2,binary,miniboone,top_quality_f20_d3_b1000_k64,complete,0.93638694009714,0.8481594386944499,0.3010465667463128,0.0924792790005755,0.8140975322572732,0.0509634791512593,0.4581991168842473,0.9058206745804728,0.8661571854700895,0.8661571854700895,1.0,1.3207521921721186,0.1649149791495545,50.0,0.0884792904542001,64.0,equal,True,7047913,187.24874816578813,670.8076129999995,64,960.0,512.0,256,0.0586287500336766,4366.458432986417,median 5 warm calls on training rows; end-to-end preprocessing,6000.0,,,,,,,,,,,,,,
1000.0,1000.0,1.0,11,2,binary,miniboone,coerror_f20_d3_b1000_k64,complete,0.952767959484954,0.8841904699456963,0.2873688213665389,0.08453700684862,0.8312429475543345,0.0752171907010881,0.4188482252530775,0.8914964441952813,0.769140489047629,0.769140489047629,1.0,1.6703986844350711,0.1316072969148673,50.0,0.0814658142446028,64.0,equal,True,7047913,187.24679816677235,670.4365879999991,64,960.0,512.0,256,0.0573959161993116,4460.247643944228,median 5 warm calls on training rows; end-to-end preprocessing,6000.0,,,,,,,,,,,,,,
1000.0,1000.0,1.0,11,2,binary,miniboone,top_quality_f20_d6_b1000_k64,complete,0.9641959877437972,0.9094703827090852,0.2332881708831126,0.0690631912389667,0.8677059314134328,0.0444132041183409,0.3421814440692765,0.9285122927678714,0.7565065067516883,0.7565065067516883,0.9233253051944704,1.7244886042128689,0.1572318109467508,50.0,0.0679713431335235,64.0,equal,True,7566345,187.79738904046823,673.0812819999996,64,7442.0,3753.0,256,0.0594761250540614,4304.248129267101,median 5 warm calls on training rows; end-to-end preprocessing,6000.0,,,,,,,,,,,,,,
1000.0,1000.0,1.0,11,2,binary,miniboone,coerror_f20_d6_b1000_k64,complete,0.9689740336198168,0.9216663928777912,0.2328667281974092,0.0670484800281876,0.8756733552470196,0.063527550388308,0.3321993279938469,0.9209968449355148,0.6968007905911638,0.6968007905911638,0.8794745968862534,2.0298529116922595,0.1416176072693284,50.0,0.0650858406397182,64.0,equal,True,7563961,187.9492272499483,673.1955250000005,64,7410.0,3737.0,256,0.0543670421466231,4708.735106640352,median 5 warm calls on training rows; end-to-end preprocessing,6000.0,,,,,,,,,,,,,,
1000.0,1000.0,1.0,11,2,binary,miniboone,top_quality_f50_d3_b1000_k64,complete,0.9268065968521004,0.8288556379586248,0.3062258830169044,0.093634238012049,0.8306456360692734,0.0326848160616176,0.4639214928025474,0.9109112619640832,0.9404132706783784,0.9404132706783784,1.0,1.1264274223168682,0.366754742817274,50.0,0.0927566617006761,64.0,equal,True,7082532,188.7420587078668,676.7476620000002,64,960.0,512.0,256,0.0595791668165475,4296.803961496464,median 5 warm calls on training rows; end-to-end preprocessing,6000.0,,,,,,,,,,,,,,
1000.0,1000.0,1.0,11,2,binary,miniboone,coerror_f50_d3_b1000_k64,complete,0.951469584725239,0.8796844908986771,0.2841070293760893,0.0840720035418605,0.8296791443850268,0.0673117217489789,0.4165443134275522,0.8959007378968098,0.7786213824781122,0.7786213824781122,1.0,1.627469024122786,0.34310479997013,50.0,0.0803747846732242,64.0,equal,True,7082548,188.83630741713569,676.668275999999,64,960.0,512.0,256,0.0594485839828848,4306.242181877736,median 5 warm calls on training rows; end-to-end preprocessing,6000.0,,,,,,,,,,,,,,
1000.0,1000.0,1.0,11,2,binary,miniboone,top_quality_f50_d6_b1000_k64,complete,0.9625246417469104,0.907442340453906,0.2259561582225983,0.0677620902399976,0.8728168081244174,0.0281592834956113,0.335734991035174,0.9351797491863656,0.7939248808030177,0.7939248808030177,0.9309642422054184,1.5688548350404223,0.3594349594707322,50.0,0.0671213105863331,64.0,equal,True,7608484,190.38099066610448,683.318440999999,64,7534.0,3799.0,256,0.0590752910356968,4333.453047997839,median 5 warm calls on training rows; end-to-end preprocessing,6000.0,,,,,,,,,,,,,,
1000.0,1000.0,1.0,11,2,binary,miniboone,coerror_f50_d6_b1000_k64,complete,0.969255852693644,0.9204230352259593,0.2213644032388519,0.0644534107695953,0.882652210175146,0.0501475395920669,0.3193417618948179,0.928723728897294,0.7096550125271314,0.7096550125271314,0.9053046444156272,1.9559331357379837,0.3434951180994283,50.0,0.0620413517029151,64.0,equal,True,7592340,190.43934062472545,683.1660389999993,64,7332.0,3698.0,256,0.0590451250318437,4335.666998112646,median 5 warm calls on training rows; end-to-end preprocessing,6000.0,,,,,,,,,,,,,,
,,,11,2,binary,miniboone,random_forest,complete,0.97637497602726,0.9368346475206828,0.1947331931800067,0.0567261346495977,0.9000183976843448,0.0467413928892889,0.2810560925820024,,,,,,,,,,,,28561867,12.059651375049723,12.066961999999876,256,355736.0,177996.0,256,0.012296084081754,20819.636422287746,median 5 warm calls on training rows; end-to-end preprocessing,,12.059651375049723,12.066961999999876,1433124864.0,,,,,,,,,,,
,,,11,2,binary,miniboone,extra_trees,complete,0.9759947014669086,0.9369074022694884,0.2035506016941052,0.0586429324695164,0.8982509934749545,0.0546851560156015,0.2905530856146464,,,,,,,,,,,,87501547,2.409011916955933,2.41107699999975,256,1092482.0,546369.0,256,0.0174290828872472,14688.093553523362,median 5 warm calls on training rows; end-to-end preprocessing,,2.409011916955933,2.41107699999975,1374240768.0,,,,,,,,,,,
,,,11,2,binary,miniboone,xgboost,complete,0.9828490096470768,0.954528043825784,0.1531354337930679,0.045680231882895,0.9208605210224208,0.0135179874821133,0.2263279097113191,,,,,,,,,,,,1107258,2.0877122078090906,2.0902619999997114,300,26324.0,13312.0,256,0.0015619997866451,163892.46796878937,median 5 warm calls on training rows; end-to-end preprocessing,,2.0877122078090906,2.0902619999997114,1404551168.0,,,,,,,,,,,
,,,11,2,binary,miniboone,lightgbm,complete,0.983261563780869,0.954989451237612,0.1522327926905174,0.0452355212933637,0.9237293332679192,0.0133133761072272,0.2241245404636948,,,,,,,,,,,,1042991,1.3083723748568443,1.309269999999742,300,18300.0,9300.0,256,0.006264999974519,40861.93153091816,median 5 warm calls on training rows; end-to-end preprocessing,,1.3083723748568443,1.309269999999742,1427832832.0,,,,,,,,,,,
,,,11,2,binary,miniboone,catboost,complete,0.9815225923563754,0.9510163824939246,0.1558798297436364,0.0455502115400094,0.9221066575087082,0.0108704368408852,0.2256837091192403,,,,,,,,,,,,351360,3.201805999968201,3.2087140000003274,300,38100.0,19200.0,256,0.001001208089292,255691.10231721823,median 5 warm calls on training rows; end-to-end preprocessing,,3.201805999968201,3.2087140000003274,1451524096.0,,,,,,,,,,,
,,,11,2,binary,miniboone,linear,complete,0.9158982753007184,0.834058307687807,0.3231697221550895,0.0994527101857471,0.7964823627532748,0.0238855612896444,0.4927497756396944,,,,,,,,,,,,5978,0.0827471250668168,0.0828289999999469,1,,,256,0.0008522500284016,300381.3334921508,median 5 warm calls on training rows; end-to-end preprocessing,,0.0827471250668168,0.0828289999999469,1452015616.0,51.0,,,,,,,,,,
,,,11,2,binary,miniboone,rf_leaf5,complete,0.9753430889377512,0.9366972087506364,0.197646659001421,0.0578420522541841,0.8988765147426777,0.0453166381886477,0.2865850334048851,,,,,,,,,,,,16974987,11.031453000148758,11.037670000000617,256,210900.0,105578.0,256,0.0122080000583082,20969.855732084252,median 5 warm calls on training rows; end-to-end preprocessing,,11.031453000148758,11.037670000000617,1458569216.0,,,,,,,,,,,
,,,11,2,binary,miniboone,rf_shallow64,complete,0.9624138653869312,0.907929521934518,0.2423294131845766,0.0715420216777858,0.8633370946376883,0.0508072558004496,0.3544630917015597,,,,,,,,,,,,591707,1.5891957499552518,1.5901759999997012,64,7018.0,3541.0,256,0.003034499939531,84363.15870863352,median 5 warm calls on training rows; end-to-end preprocessing,,1.5891957499552518,1.5901759999997012,1458749440.0,,,,,,,,,,,
,,,11,2,binary,miniboone,random_patches64,complete,0.9637078358525152,0.9101808108060008,0.2608087005933194,0.0752658722667235,0.8571383015257812,0.081170058680025,0.372913333417323,,,,,,,,,,,,4107601,1.9312128750607371,1.9323530000001483,64,6872.0,3468.0,256,0.0503546248655766,5083.942153941185,median 5 warm calls on training rows; end-to-end preprocessing,,1.9312128750607371,1.9323530000001483,1461059584.0,,,,,,,,,,,
1000.0,1000.0,1.0,11,0,regression,superconductivity,random_b1000_k16,complete,,,,,,,0.2378969199964343,0.6932528665214159,0.7643259026617054,0.7643259026617054,0.9152078097860415,1.6105809959913475,0.1390762016922339,81.0,278.6245535666334,16.0,equal,True,1800592,257.72934350115247,949.060742,16,908.0,462.0,256,0.0192092498764395,13326.912901163714,median 5 warm calls on training rows; end-to-end preprocessing,6000.0,,,,,16.771867965614668,281.2955550560115,11.926657256817206,0.7620672839303363,,,,,,
1000.0,1000.0,1.0,11,0,regression,superconductivity,top_quality_b1000_k16,complete,,,,,,,0.1761312302047681,0.7877890426076105,0.7930437883790896,0.7930437883790896,0.8972354575143022,1.5306042415457115,0.2799709751634536,81.0,200.5499930768638,16.0,equal,True,1880124,258.2552563752979,951.043667,16,1854.0,935.0,256,0.0230795838870108,11092.0543998229,median 5 warm calls on training rows; end-to-end preprocessing,6000.0,,,,,14.431291839574405,208.26218415896676,9.62043106594141,0.8238422675336032,,,,,,
1000.0,1000.0,1.0,11,0,regression,superconductivity,coerror_b1000_k16,complete,,,,,,,0.1646310767634567,0.7817998701875737,0.7270213883575096,0.7270213883575096,0.8083243397771223,1.7926112678581516,0.1976791856676857,81.0,190.2192597147871,16.0,equal,True,1875244,258.09258345887065,950.392205,16,1880.0,948.0,256,0.0227544158697128,11250.563471539066,median 5 warm calls on training rows; end-to-end preprocessing,6000.0,,,,,13.952207754862744,194.66410123485204,9.470234502529092,0.8353441513896454,,,,,,
1000.0,1000.0,1.0,11,0,regression,superconductivity,random_b1000_k64,complete,,,,,,,0.2301475723147312,0.6802594524330079,0.7292155060982947,0.7292155060982947,0.9327767734707604,1.841710983580057,0.1044557825698563,81.0,271.2762362319461,64.0,equal,True,7264504,259.26560129225254,955.079429,64,4542.0,2303.0,256,0.0854789169970899,2994.890541356709,median 5 warm calls on training rows; end-to-end preprocessing,6000.0,,,,,16.496439712722633,272.1325231954924,11.76285056961582,0.769817797647384,,,,,,
1000.0,1000.0,1.0,11,0,regression,superconductivity,top_quality_b1000_k64,complete,,,,,,,0.1741684356612818,0.7812311815329875,0.764789616259153,0.764789616259153,0.9178189594055614,1.6883675787823065,0.2506213053524737,81.0,197.07493665882808,64.0,equal,True,7525372,261.55109358392656,963.961529,64,7392.0,3728.0,256,0.0901532920543104,2839.6078963570144,median 5 warm calls on training rows; end-to-end preprocessing,6000.0,,,,,14.350655888596783,205.94132443291755,9.682493402765392,0.8258053574165046,,,,,,
1000.0,1000.0,1.0,11,0,regression,superconductivity,coerror_b1000_k64,complete,,,,,,,0.1691176728141993,0.7764916225157517,0.7360553385180226,0.7360553385180226,0.9178189594055614,1.8232469964371247,0.2187928706856243,81.0,193.750012170119,64.0,equal,True,7513964,261.22900570812635,961.924987,64,7398.0,3731.0,256,0.0908177918754518,2818.8309219308076,median 5 warm calls on training rows; end-to-end preprocessing,6000.0,,,,,14.141045577630264,199.96917002861645,9.622393165389914,0.8308568802460062,,,,,,
1000.0,1000.0,1.0,11,0,regression,superconductivity,random_b1000_k128,complete,,,,,,,0.2247738972171975,0.7009670755214634,0.7491651507471313,0.7491651507471313,0.985891215717458,1.7467274532867962,0.1224484720229115,81.0,261.25697016569995,128.0,equal,True,14557436,261.80976921040565,964.474805,128,8922.0,4525.0,256,0.1320422498974949,1938.773386539037,median 5 warm calls on training rows; end-to-end preprocessing,6000.0,,,,,16.302715997053724,265.7785488805914,11.55373315166332,0.7751922813155679,,,,,,
1000.0,1000.0,1.0,11,0,regression,superconductivity,top_quality_b1000_k128,complete,,,,,,,0.1733623598661493,0.7755698813739906,0.763713866662648,0.763713866662648,0.9247494216490016,1.7019765023084137,0.24332335526598,81.0,201.41387808938975,128.0,equal,True,15069320,265.71805112506263,979.6759529999998,128,14716.0,7422.0,256,0.136986750178039,1868.793877271208,median 5 warm calls on training rows; end-to-end preprocessing,6000.0,,,,,14.317408958333669,204.9881992801732,9.675803239277377,0.8266115545009258,,,,,,
1000.0,1000.0,1.0,11,0,regression,superconductivity,coerror_b1000_k128,complete,,,,,,,0.172985460785388,0.7719028575029014,0.7390518818370935,0.7390518818370935,0.9178189594055614,1.8222420887683712,0.2042439560151184,81.0,197.870999594804,128.0,equal,True,15039684,265.1918257083744,976.981303,128,14696.0,7412.0,256,0.1405304169747978,1821.6696819871388,median 5 warm calls on training rows; end-to-end preprocessing,6000.0,,,,,14.30183708220949,204.54254392606245,9.74425769748081,0.826988510293254,,,,,,
3000.0,3000.0,1.0,11,0,regression,superconductivity,random_b3000_k16,complete,,,,,,,0.1967874182842044,0.7322644309615489,0.7218532595935554,0.7218532595935554,0.8693391988554077,1.8292651486002605,0.2240750356678575,81.0,227.8232254799679,16.0,equal,True,1845752,258.2915616251994,950.4391819999996,16,1416.0,716.0,256,0.0172435839194804,14846.10166862072,median 5 warm calls on training rows; end-to-end preprocessing,6000.0,,,,,15.254068391070156,232.68660247944567,10.59485264564297,0.8031829713415393,,,,,,
3000.0,3000.0,1.0,11,0,regression,superconductivity,top_quality_b3000_k16,complete,,,,,,,0.1720336167735766,0.7919172460879939,0.7877423583378086,0.7877423583378086,0.9277037941847188,1.547263694435412,0.2887645288635678,81.0,195.4727203736479,16.0,equal,True,1883484,258.34939546021633,951.247111,16,1880.0,948.0,256,0.0209770421497523,12203.817781956544,median 5 warm calls on training rows; end-to-end preprocessing,6000.0,,,,,14.262435227280356,203.41705861236767,9.52648600352666,0.8279404975279282,,,,,,
3000.0,3000.0,1.0,11,0,regression,superconductivity,coerror_b3000_k16,complete,,,,,,,0.1657805128610648,0.7846746802253303,0.7154785105177294,0.7154785105177294,0.8929651266007023,1.843179712532787,0.1846316433503451,81.0,184.98253465216,16.0,equal,True,1874556,258.21485770936124,950.205207,16,1890.0,953.0,256,0.018701208056882,13688.955238685356,median 5 warm calls on training rows; end-to-end preprocessing,6000.0,,,,,14.000829425822916,196.0232246109888,9.540957814379183,0.8341945423377226,,,,,,
3000.0,3000.0,1.0,11,0,regression,superconductivity,random_b3000_k64,complete,,,,,,,0.2289531276569123,0.6863793684712529,0.7329751979161767,0.7329751979161767,0.9928321318520892,1.8266800208449423,0.1339358573185064,81.0,266.7221493880401,64.0,equal,True,7241940,259.75499650021084,956.7144190000002,64,4028.0,2046.0,256,0.0866019169334322,2956.0546586604773,median 5 warm calls on training rows; end-to-end preprocessing,6000.0,,,,,16.45357652663366,270.72018051779025,11.710871828923477,0.7710124220319032,,,,,,
3000.0,3000.0,1.0,11,0,regression,superconductivity,top_quality_b3000_k64,complete,,,,,,,0.1732138529318871,0.787991072505777,0.7951605876960746,0.7951605876960746,0.9417571204597296,1.562888706102734,0.2890376988910057,81.0,198.47170180635567,64.0,equal,True,7536524,262.23637008387595,965.8530310000002,64,7374.0,3719.0,256,0.0898680409882217,2848.621124761713,median 5 warm calls on training rows; end-to-end preprocessing,6000.0,,,,,14.311275302632962,204.8126007877522,9.55437312294665,0.826760083780854,,,,,,
3000.0,3000.0,1.0,11,0,regression,superconductivity,coerror_b3000_k64,complete,,,,,,,0.1650686836157338,0.7804583667655841,0.725904621572653,0.725904621572653,0.9059031392481286,1.8727956310883016,0.2016992125945619,81.0,187.73486576797353,64.0,equal,True,7512476,261.8387869170401,962.897447,64,7470.0,3767.0,256,0.0891167919617146,2872.634824085453,median 5 warm calls on training rows; end-to-end preprocessing,6000.0,,,,,13.97073867229487,195.1815390495554,9.50725674611221,0.8349064786911734,,,,,,
3000.0,3000.0,1.0,11,0,regression,superconductivity,random_b3000_k128,complete,,,,,,,0.2220430217363418,0.6988228002762549,0.7446831204645541,0.7446831204645541,0.9793729702746266,1.7680812278436877,0.1224278730916604,81.0,261.5464742287756,128.0,equal,True,14512552,262.209116875194,965.3902270000002,128,8336.0,4232.0,256,0.138388458173722,1849.865251613958,median 5 warm calls on training rows; end-to-end preprocessing,6000.0,,,,,16.20337897223025,262.54949011771345,11.529653061141804,0.7779235677080854,,,,,,
3000.0,3000.0,1.0,11,0,regression,superconductivity,top_quality_b3000_k128,complete,,,,,,,0.1718730621527311,0.7848125076181574,0.7823766183974431,0.7823766183974431,0.9417571204597296,1.6218329105253309,0.2841049206221302,81.0,197.79581421871512,128.0,equal,True,15100148,267.3772439174354,985.708505,128,14786.0,7457.0,256,0.1863125839736312,1374.0349392407738,median 5 warm calls on training rows; end-to-end preprocessing,6000.0,,,,,14.255778288802093,203.2272146194811,9.555880464239426,0.8281010763072411,,,,,,
3000.0,3000.0,1.0,11,0,regression,superconductivity,coerror_b3000_k128,complete,,,,,,,0.1675783530559786,0.778784888263305,0.7330866030122106,0.7330866030122106,0.9337565992464844,1.8500473210753747,0.2141599507526947,81.0,190.4504721257323,128.0,equal,True,15056964,267.1963446252048,982.3188,128,14862.0,7495.0,256,0.1748917500954121,1463.7625837716146,median 5 warm calls on training rows; end-to-end preprocessing,6000.0,,,,,14.076542117677237,198.14903799074116,9.57354970785703,0.832396431623883,,,,,,
6000.0,6000.0,1.0,11,0,regression,superconductivity,random_b6000_k16,complete,,,,,,,0.2494620981992077,0.6820903116675114,0.7775395896245195,0.7775395896245195,0.9331136714526266,1.5700838740232148,0.1460542358142289,81.0,294.0509899677253,16.0,equal,True,1787404,258.3964748342987,949.657713,16,714.0,365.0,256,0.018876208923757,13562.04527265035,median 5 warm calls on training rows; end-to-end preprocessing,6000.0,,,,,17.174705964377033,294.97052496280804,12.333310263489418,0.750500365528632,,,,,,
6000.0,6000.0,1.0,11,0,regression,superconductivity,top_quality_b6000_k16,complete,,,,,,,0.1699763995780846,0.7926695056886629,0.7833013936733304,0.7833013936733304,0.8770222423651642,1.5644660501529546,0.2717646019252512,81.0,193.73838499347505,16.0,equal,True,1881820,258.6627384996973,951.382578,16,1878.0,947.0,256,0.0235699580516666,10861.283649246818,median 5 warm calls on training rows; end-to-end preprocessing,6000.0,,,,,14.176902026435268,200.98455106714437,9.5289636089227,0.8299980242705022,,,,,,
6000.0,6000.0,1.0,11,0,regression,superconductivity,coerror_b6000_k16,complete,,,,,,,0.1673690912018635,0.7844100695740057,0.7117665274351459,0.7117665274351459,0.843972006038065,1.8609245983648592,0.1794043518912191,81.0,184.30180816052496,16.0,equal,True,1873020,258.7150587919168,950.877765,16,1870.0,943.0,256,0.0221924160141497,11535.472290929278,median 5 warm calls on training rows; end-to-end preprocessing,6000.0,,,,,14.067750398990514,197.90160128829777,9.555674156556142,0.8326057249653862,,,,,,
6000.0,6000.0,1.0,11,0,regression,superconductivity,random_b6000_k64,complete,,,,,,,0.2260596145566058,0.6896745668825817,0.7376922429902377,0.7376922429902377,0.9611093747066836,1.8054750755640776,0.1159924338856673,81.0,266.61184084637495,64.0,equal,True,7268796,260.1017449591309,956.691907,64,4548.0,2306.0,256,0.0984411661047488,2600.5380688765576,median 5 warm calls on training rows; end-to-end preprocessing,6000.0,,,,,16.349275664990962,267.29881476986566,11.622679144950034,0.773906370515765,,,,,,
6000.0,6000.0,1.0,11,0,regression,superconductivity,top_quality_b6000_k64,complete,,,,,,,0.1733177085667967,0.7898112422592642,0.8113196459813303,0.8113196459813303,0.9372089823614836,1.5023321022486158,0.3073593137031709,81.0,200.69981297050813,64.0,equal,True,7542060,263.0832016260829,968.458089,64,7376.0,3720.0,256,0.094638500129804,2705.0301901327284,median 5 warm calls on training rows; end-to-end preprocessing,6000.0,,,,,14.315565039956075,204.93540241321264,9.537249388564916,0.8266562125189075,,,,,,
6000.0,6000.0,1.0,11,0,regression,superconductivity,coerror_b6000_k64,complete,,,,,,,0.1653063878723409,0.7813770944204957,0.7218207640714127,0.7218207640714127,0.930842023599894,1.894149352015852,0.1908692951824911,81.0,185.88758393491452,64.0,equal,True,7505452,262.7622442932334,964.182824,64,7436.0,3750.0,256,0.090577415889129,2826.3115864704714,median 5 warm calls on training rows; end-to-end preprocessing,6000.0,,,,,13.980794211859672,195.46260679436892,9.536295778079491,0.8346687386674828,,,,,,
6000.0,6000.0,1.0,11,0,regression,superconductivity,random_b6000_k128,complete,,,,,,,0.2434369881700695,0.6783104375861249,0.752698440964112,0.752698440964112,0.9933745779549,1.7286652649647138,0.1157756320519017,81.0,282.3905399062035,128.0,equal,True,14441148,262.86827791808173,966.603985,128,7358.0,3743.0,256,0.1687647078651935,1516.9048270713606,median 5 warm calls on training rows; end-to-end preprocessing,6000.0,,,,,16.966033033869714,287.8462769063584,12.084872400834344,0.7565263821490779,,,,,,
6000.0,6000.0,1.0,11,0,regression,superconductivity,top_quality_b6000_k128,complete,,,,,,,0.1743405569575867,0.7877959421136491,0.8031945263571432,0.8031945263571432,0.9421147539669612,1.5393435367947983,0.300398749668166,81.0,200.22823392126173,128.0,equal,True,15101700,268.9368313353043,990.933182,128,14680.0,7404.0,256,0.1746345411520451,1465.918473580288,median 5 warm calls on training rows; end-to-end preprocessing,6000.0,,,,,14.357745128191487,206.14484516610636,9.579073108844533,0.8256332102213082,,,,,,
6000.0,6000.0,1.0,11,0,regression,superconductivity,coerror_b6000_k128,complete,,,,,,,0.1665531015889031,0.7798137379893493,0.7269282857343281,0.7269282857343281,0.9337565992464844,1.8806218315918315,0.2129054302684665,81.0,188.00864206849073,128.0,equal,True,15049516,268.56258587539196,983.134908,128,14788.0,7458.0,256,0.1609580831136554,1590.476197577687,median 5 warm calls on training rows; end-to-end preprocessing,6000.0,,,,,14.03341561336537,196.93675377744697,9.560180281180076,0.8334218373593558,,,,,,
300.0,300.0,1.0,11,0,regression,superconductivity,top_quality_b300_k64,complete,,,,,,,0.1736883274930062,0.770617239909849,0.7595744018447561,0.7595744018447561,0.8993506484735772,1.7111101517726774,0.2126347577837145,81.0,205.23272652439692,64.0,equal,True,7505108,261.31834975024685,963.185687,64,7300.0,3682.0,256,0.0914247499313205,2800.117038245229,median 5 warm calls on training rows; end-to-end preprocessing,6000.0,,,,,14.33086291707296,205.3736319479369,9.762569663453151,0.8262855378260987,,,,,,
300.0,300.0,1.0,11,0,regression,superconductivity,coerror_b300_k64,complete,,,,,,,0.1732272365456737,0.767243756243241,0.7440521679637963,0.7440521679637963,0.8952332438772549,1.7885789159113443,0.1919464501525545,81.0,203.7043100633896,64.0,equal,True,7500404,261.19971954240464,962.6797710000002,64,7342.0,3703.0,256,0.090469499817118,2829.682937536937,median 5 warm calls on training rows; end-to-end preprocessing,6000.0,,,,,14.311828182435905,204.82842592356656,9.798782291730369,0.8267466981532505,,,,,,
6000.0,6000.0,1.0,11,0,regression,superconductivity,random_cert_b6000_k64,complete,,,,,,,0.2260596145566058,0.6896745668825817,0.7376922429902377,0.7376922429902377,0.9611093747066836,1.8054750755640776,0.1159924338856673,81.0,266.61184084637495,64.0,equal,True,7268796,260.36681504221633,956.8075469999998,64,4548.0,2306.0,256,0.0849888329394161,3012.1604350360735,median 5 warm calls on training rows; end-to-end preprocessing,6000.0,,,,,16.349275664990962,267.29881476986566,11.622679144950034,0.773906370515765,,,,,,
6000.0,6000.0,1.0,11,0,regression,superconductivity,top_quality_cert_b6000_k64,complete,,,,,,,0.1733177085667967,0.7898112422592642,0.8113196459813303,0.8113196459813303,0.9372089823614836,1.5023321022486158,0.3073593137031709,81.0,200.69981297050813,64.0,equal,True,7542060,262.9110217089765,967.922689,64,7376.0,3720.0,256,0.0942603340372443,2715.8825885217934,median 5 warm calls on training rows; end-to-end preprocessing,6000.0,,,,,14.315565039956075,204.93540241321264,9.537249388564916,0.8266562125189075,,,,,,
6000.0,6000.0,1.0,11,0,regression,superconductivity,coerror_cert_b6000_k64,complete,,,,,,,0.1653063878723409,0.7813770944204957,0.7218207640714127,0.7218207640714127,0.930842023599894,1.894149352015852,0.1908692951824911,81.0,185.88758393491452,64.0,equal,True,7505452,262.91669237520546,964.4402790000004,64,7436.0,3750.0,256,0.0908773750998079,2816.982771771771,median 5 warm calls on training rows; end-to-end preprocessing,6000.0,,,,,13.980794211859672,195.46260679436892,9.536295778079491,0.8346687386674828,,,,,,
6000.0,6000.0,1.0,11,0,regression,superconductivity,abs_correlation_b6000_k64,complete,,,,,,,0.2307904324113959,0.6252683241512138,0.6157978532804667,0.6157978532804667,0.9490901739495416,2.492183343978082,0.0726516889353045,81.0,264.48169369967246,64.0,equal,True,7328776,261.22805870929733,955.723416,64,5788.0,2926.0,256,0.0819160828832537,3125.1494332907696,median 5 warm calls on training rows; end-to-end preprocessing,6000.0,,,,,16.519463000576174,272.8926578274052,12.230099303634525,0.7691748408203072,,,,,,
6000.0,6000.0,1.0,11,0,regression,superconductivity,signed_correlation_b6000_k64,complete,,,,,,,0.2307904324113959,0.6252683241512138,0.6157978532804667,0.6157978532804667,0.9490901739495416,2.492183343978082,0.0726516889353045,81.0,264.48169369967246,64.0,equal,True,7328776,260.6902168758679,955.696097,64,5788.0,2926.0,256,0.0818863329477608,3126.2848241514803,median 5 warm calls on training rows; end-to-end preprocessing,6000.0,,,,,16.519463000576174,272.8926578274052,12.230099303634525,0.7691748408203072,,,,,,
6000.0,6000.0,1.0,11,0,regression,superconductivity,quality_diversity_l002_b6000_k64,complete,,,,,,,0.1718518662132382,0.789699743714428,0.7940022938748911,0.7940022938748911,0.9372089823614836,1.56699682445129,0.2758151224731762,81.0,196.57012323759457,64.0,equal,True,7535308,264.0899999171961,967.94814,64,7418.0,3741.0,256,0.0935318749397993,2737.0348361429874,median 5 warm calls on training rows; end-to-end preprocessing,6000.0,,,,,14.254899227456464,203.2021519849389,9.528230908046302,0.8281222754360623,,,,,,
6000.0,6000.0,1.0,11,0,regression,superconductivity,quality_diversity_l01_b6000_k64,complete,,,,,,,0.1668334535747222,0.7874538590455818,0.754859545526963,0.754859545526963,0.9372089823614836,1.7327748194667076,0.2353504617119538,81.0,188.9508947041889,64.0,equal,True,7523988,263.8187543749809,967.935427,64,7448.0,3756.0,256,0.0924100000411272,2770.2629573213594,median 5 warm calls on training rows; end-to-end preprocessing,6000.0,,,,,14.045221582992554,197.26824931535987,9.49135881354297,0.8331414431892991,,,,,,
6000.0,6000.0,1.0,11,0,regression,superconductivity,quality_diversity_l05_b6000_k64,complete,,,,,,,0.16736277405393,0.7743167661621501,0.7042713785392268,0.7042713785392268,0.930842023599894,1.9900655007874413,0.1715714888058331,81.0,187.1396188732755,64.0,equal,True,7494104,262.6859144582413,963.3432399999998,64,7394.0,3729.0,256,0.0887518341187387,2884.4474318976245,median 5 warm calls on training rows; end-to-end preprocessing,6000.0,,,,,14.067484911204522,197.89413172696692,9.636651057853973,0.8326120430638536,,,,,,
6000.0,6000.0,1.0,11,0,regression,superconductivity,caruana_b6000_k64,complete,,,,,,,0.1659716817702644,0.7833041140606423,0.7189539853290059,0.7189539853290059,0.8929651266007023,1.8793931586201131,0.2098456698443794,81.0,183.33980582581395,64.0,frequency_weighted,True,3752780,260.2386218341999,955.8516950000002,32,3764.0,1898.0,256,0.0452252500690519,5660.554659380047,median 5 warm calls on training rows; end-to-end preprocessing,6000.0,,,,,14.00889959065409,196.24926774102835,9.53723374089198,0.8340033446635593,,,,,,
6000.0,6000.0,1.0,11,0,regression,superconductivity,coerror_swap_b6000_k64,complete,,,,,,,0.1656516170170789,0.7814293015105062,0.7219986454318484,0.7219986454318484,0.930842023599894,1.893343523062168,0.1908689491101815,81.0,185.88478565665443,64.0,equal,True,7505356,262.8197569171898,964.268277,64,7434.0,3749.0,256,0.0881960839033126,2902.623208085371,median 5 warm calls on training rows; end-to-end preprocessing,6000.0,,,,,13.99538548185962,195.87081478584707,9.544318025905218,0.8343234575765164,,,,,,
6000.0,6000.0,1.0,11,0,regression,superconductivity,coerror_b6000_k256,complete,,,,,,,0.1676130039450309,0.7781475555682893,0.7332274373616011,0.7332274373616011,0.9395594170100025,1.8560900124633968,0.2230021875683837,81.0,190.73766036065945,256.0,equal,True,30111468,281.0990572513547,1023.345704,256,29546.0,14901.0,256,0.26371816592291,970.7332792342938,median 5 warm calls on training rows; end-to-end preprocessing,6000.0,,,,,14.077997375706024,198.1900101103857,9.578528545503367,0.8323617755209516,,,,,,
1000.0,1000.0,1.0,11,0,regression,superconductivity,top_quality_f05_d3_b1000_k64,complete,,,,,,,0.2732998385964105,0.6683922871243682,0.8220536953533785,0.8220536953533785,0.9828210207416224,1.4648557794872683,0.0612343316956412,75.0,320.6769116193266,64.0,equal,True,6949464,257.46481991629116,948.4810280000004,64,960.0,512.0,256,0.0617953750770539,4142.704849364348,median 5 warm calls on training rows; end-to-end preprocessing,6000.0,,,,,17.976565137793976,323.1568941533498,12.932497643834193,0.7266590382943197,,,,,,
1000.0,1000.0,1.0,11,0,regression,superconductivity,coerror_f05_d3_b1000_k64,complete,,,,,,,0.2654956353679973,0.6557184585040974,0.7607921693100853,0.7607921693100853,0.9847566237306424,1.7087018649961665,0.0474477985638699,77.0,308.01652531561473,64.0,equal,True,6949256,257.6103687090799,948.653507,64,960.0,512.0,256,0.0656497918535023,3899.479233251255,median 5 warm calls on training rows; end-to-end preprocessing,6000.0,,,,,17.718041642807876,313.92899965627396,12.951999335727288,0.7344644158121278,,,,,,
1000.0,1000.0,1.0,11,0,regression,superconductivity,top_quality_f05_d6_b1000_k64,complete,,,,,,,0.1919974018315189,0.7571053006718657,0.7608782247509949,0.7608782247509949,0.8977713365209367,1.704320239152719,0.0775462962962963,75.0,217.72588703349072,64.0,equal,True,7410888,257.73097195941955,949.573874,64,7372.0,3718.0,256,0.0763436250854283,3353.2596823053204,median 5 warm calls on training rows; end-to-end preprocessing,6000.0,,,,,15.067274519559524,227.02276144776775,10.265518368783113,0.8079737085424367,,,,,,
1000.0,1000.0,1.0,11,0,regression,superconductivity,coerror_f05_d6_b1000_k64,complete,,,,,,,0.1834831465072055,0.7502924863785456,0.7155738471859532,0.7155738471859532,0.8576538289109719,1.9287664586498472,0.0572522990677752,79.0,210.34740143699625,64.0,equal,True,7412056,257.91866133292206,949.8326219999998,64,7382.0,3723.0,256,0.0766314580105245,3340.6646127604818,median 5 warm calls on training rows; end-to-end preprocessing,6000.0,,,,,14.729401981660226,216.95528273733615,10.201862939054088,0.8164892449968593,,,,,,
1000.0,1000.0,1.0,11,0,regression,superconductivity,top_quality_f20_d3_b1000_k64,complete,,,,,,,0.2704235888496547,0.688140461585494,0.8604340803571233,0.8604340803571233,0.9947978644552186,1.3393605737340866,0.133825976377461,81.0,315.4374865145346,64.0,equal,True,6996740,258.7047289169859,953.0978759999996,64,960.0,512.0,256,0.0832644591573625,3074.541077798659,median 5 warm calls on training rows; end-to-end preprocessing,6000.0,,,,,17.88172086369906,319.75594104725025,12.75943840731639,0.729535720827034,,,,,,
1000.0,1000.0,1.0,11,0,regression,superconductivity,coerror_f20_d3_b1000_k64,complete,,,,,,,0.2563654399052435,0.6759806975031133,0.778684754039495,0.778684754039495,0.9899321835962932,1.6292772367745172,0.1218818961544785,81.0,296.91278859248047,64.0,equal,True,6996772,258.8004617500119,953.100163,64,960.0,512.0,256,0.0846965839155018,3022.554017708675,median 5 warm calls on training rows; end-to-end preprocessing,6000.0,,,,,17.410721328488496,303.1332171782842,12.591693646770146,0.743595985084788,,,,,,
1000.0,1000.0,1.0,11,0,regression,superconductivity,top_quality_f20_d6_b1000_k64,complete,,,,,,,0.1727910742569328,0.7816612599863337,0.7569893790875877,0.7569893790875877,0.914862690896602,1.7231438698536805,0.1370215204158976,81.0,194.7348713163265,64.0,equal,True,7461412,259.67379604210146,956.82708,64,7404.0,3734.0,256,0.0839636670425534,3048.937820572525,median 5 warm calls on training rows; end-to-end preprocessing,6000.0,,,,,14.293799221993432,204.31269619866,9.728744732800122,0.8271829260708243,,,,,,
1000.0,1000.0,1.0,11,0,regression,superconductivity,coerror_f20_d6_b1000_k64,complete,,,,,,,0.1657001496840992,0.7770587423430907,0.7208675401290948,0.7208675401290948,0.8662568283527943,1.8987142291188488,0.1273182655485205,81.0,189.3646026236933,64.0,equal,True,7461284,259.68040766729973,956.399801,64,7406.0,3735.0,256,0.0846857910510152,3022.9392300980453,median 5 warm calls on training rows; end-to-end preprocessing,6000.0,,,,,13.99743551811167,195.92820108369412,9.569733952809882,0.8342749176068421,,,,,,
1000.0,1000.0,1.0,11,0,regression,superconductivity,top_quality_f50_d3_b1000_k64,complete,,,,,,,0.3003069237665282,0.6940464145149191,0.939300469846746,0.939300469846746,1.0,1.1279087041471667,0.3543800992461352,81.0,337.30960679995013,64.0,equal,True,7092652,261.0740155831445,962.2085010000002,64,960.0,512.0,256,0.0928174171131104,2758.1030367180956,median 5 warm calls on training rows; end-to-end preprocessing,6000.0,,,,,18.84385257034456,355.0907796928813,12.953786397833348,0.6996478893994658,,,,,,
1000.0,1000.0,1.0,11,0,regression,superconductivity,coerror_f50_d3_b1000_k64,complete,,,,,,,0.265542339924928,0.6839310687897011,0.8158683850831581,0.8158683850831581,0.9984697589181472,1.4854490001698035,0.3452335798050917,81.0,303.2731483132491,64.0,equal,True,7091020,261.16528066713363,962.05744,64,960.0,512.0,256,0.0941126670222729,2720.1439306720995,median 5 warm calls on training rows; end-to-end preprocessing,6000.0,,,,,17.719600005328118,313.9842243488242,12.69604920278221,0.7344177042276167,,,,,,
1000.0,1000.0,1.0,11,0,regression,superconductivity,top_quality_f50_d6_b1000_k64,complete,,,,,,,0.17579975053236,0.7893017313484934,0.820582533035342,0.820582533035342,0.9372089823614836,1.4703496569415104,0.3507808328671895,81.0,203.4309451057444,64.0,equal,True,7552908,263.5311221263837,971.208125,64,7342.0,3703.0,256,0.0993075829464942,2577.849469339414,median 5 warm calls on training rows; end-to-end preprocessing,6000.0,,,,,14.417705570028684,207.87023390403616,9.586126024043134,0.8241737970833726,,,,,,
1000.0,1000.0,1.0,11,0,regression,superconductivity,coerror_f50_d6_b1000_k64,complete,,,,,,,0.169600776262613,0.7822215010370579,0.7407014881389836,0.7407014881389836,0.930842023599894,1.7991470961397884,0.3444041738984551,81.0,190.02579051905917,64.0,equal,True,7554668,263.990054334281,971.194647,64,7376.0,3720.0,256,0.094570874935016,2706.964487490565,median 5 warm calls on training rows; end-to-end preprocessing,6000.0,,,,,14.161228908938604,200.5404042113585,9.624265712651482,0.8303737041055778,,,,,,
,,,11,0,regression,superconductivity,random_forest,complete,,,,,,,0.0845820087121845,,,,,,,,,,,,230803699,110.39182120887564,110.41120099999988,256,3204394.0,1602325.0,256,0.0180860420223325,14154.561826401408,median 5 warm calls on training rows; end-to-end preprocessing,,110.39182120887564,110.41120099999988,1326432256.0,,10.000599209814384,100.01198455534008,5.745140036727755,0.9154052643312084,,,,,,
,,,11,0,regression,superconductivity,extra_trees,complete,,,,,,,0.0768617407645596,,,,,,,,,,,,344765875,32.771768166916445,32.78646099999992,256,4787202.0,2393729.0,256,0.020165666937828,12694.84420174463,median 5 warm calls on training rows; end-to-end preprocessing,,32.771768166916445,32.78646099999992,1754152960.0,,9.53327526796364,90.8833373347672,5.3016723505367835,0.9231266939385842,,,,,,
,,,11,0,regression,superconductivity,xgboost,complete,,,,,,,0.089965795367419,,,,,,,,,,,,1272020,3.655923666898161,3.627823000000035,300,31080.0,15690.0,256,0.0020433329045772,125285.5075286735,median 5 warm calls on training rows; end-to-end preprocessing,,3.655923666898161,3.627823000000035,1680932864.0,,10.313966988562512,106.37791504115724,6.287570806308274,0.9100206675838494,,,,,,
,,,11,0,regression,superconductivity,lightgbm,complete,,,,,,,0.0933069041383926,,,,,,,,,,,,851406,2.0418881659861654,2.0319859999999608,300,18300.0,9300.0,256,0.0069764170330017,36695.05403547378,median 5 warm calls on training rows; end-to-end preprocessing,,2.0418881659861654,2.0319859999999608,1677475840.0,,10.50373884121852,110.3285296445226,6.435295766907289,0.9066790560801196,,,,,,
,,,11,0,regression,superconductivity,catboost,complete,,,,,,,0.1175848723818421,,,,,,,,,,,,354041,5.321737583959475,5.205655999999863,300,38100.0,19200.0,256,0.0016547089908272,154709.98309619594,median 5 warm calls on training rows; end-to-end preprocessing,,5.321737583959475,5.205655999999863,1747238912.0,,11.791328838674245,139.03543578175086,7.676154550743195,0.8823974347589879,,,,,,
,,,11,0,regression,superconductivity,linear,complete,,,,,,,0.2711984157148419,,,,,,,,,,,,9562,0.0864242499228566,0.0840249999998832,1,,,256,0.001098790904507,232983.3628490502,median 5 warm calls on training rows; end-to-end preprocessing,,0.0864242499228566,0.0840249999998832,1748647936.0,82.0,17.90732019722622,320.6721166459861,13.533691974781954,0.7287607773745484,,,,,,
,,,11,0,regression,superconductivity,rf_leaf5,complete,,,,,,,0.0930745530284285,,,,,,,,,,,,47212339,87.60300929192454,87.64403300000004,256,654514.0,327385.0,256,0.0151085411198437,16944.05819657643,median 5 warm calls on training rows; end-to-end preprocessing,,87.60300929192454,87.64403300000004,1750974464.0,,10.490652582210563,110.0537916006412,6.069063723534407,0.9069114421516854,,,,,,
,,,11,0,regression,superconductivity,rf_shallow64,complete,,,,,,,0.1831264146050089,,,,,,,,,,,,551875,12.169353500008585,12.1752749999996,64,7284.0,3674.0,256,0.0031476670410484,81330.07610447035,median 5 warm calls on training rows; end-to-end preprocessing,,12.169353500008585,12.1752749999996,1074954240.0,,14.715076404282634,216.53347358387555,9.8390398868435,0.8168460305760908,,,,,,
,,,11,0,regression,superconductivity,random_patches64,complete,,,,,,,0.1871931521860505,,,,,,,,,,,,4047180,2.708357708994299,2.710317000000032,64,6848.0,3456.0,256,0.0523992499802261,4885.566112045619,median 5 warm calls on training rows; end-to-end preprocessing,,2.708357708994299,2.710317000000032,1069678592.0,,14.877570054138452,221.3420907157972,10.235632551123194,0.812778681077769,,,,,,
1000.0,1000.0,1.0,11,1,regression,superconductivity,random_b1000_k16,complete,,,,,,,0.2326970701325627,0.6983529185867752,0.7582484652877883,0.7582484652877883,0.910736229608616,1.6226241051674657,0.1156138063701082,81.0,276.0521074887369,16.0,equal,True,1837716,277.6808822082821,1028.4883699999991,16,926.0,471.0,256,0.0190657919738441,13427.189405569896,median 5 warm calls on training rows; end-to-end preprocessing,6000.0,,,,,16.333135395093592,266.7713118344591,11.559596637687656,0.7671365661463698,,,,,,
1000.0,1000.0,1.0,11,1,regression,superconductivity,top_quality_b1000_k16,complete,,,,,,,0.1695211473020635,0.7930193889458312,0.8018869687121785,0.8018869687121785,0.9119241441932352,1.499193895967028,0.323307373648632,81.0,200.72327123955804,16.0,equal,True,1919687,278.25610579317436,1031.1894389999998,16,1822.0,919.0,256,0.0243314579129219,10521.35884812903,median 5 warm calls on training rows; end-to-end preprocessing,6000.0,,,,,13.94074701680678,194.34442738660712,9.363506056861544,0.8303576557750498,,,,,,
1000.0,1000.0,1.0,11,1,regression,superconductivity,coerror_b1000_k16,complete,,,,,,,0.1679727878390283,0.7856905566635517,0.7280026433323712,0.7280026433323712,0.8512080418819585,1.7914060735647426,0.2056419141248775,81.0,189.84982903931487,16.0,equal,True,1909612,278.13985141715966,1030.2881359999997,16,1824.0,920.0,256,0.0232089580968022,11030.22371500908,median 5 warm calls on training rows; end-to-end preprocessing,6000.0,,,,,13.876935501800064,192.569338921119,9.415783325850224,0.8319071222173937,,,,,,
1000.0,1000.0,1.0,11,1,regression,superconductivity,random_b1000_k64,complete,,,,,,,0.2280541723692823,0.6932259338107708,0.741608802561095,0.741608802561095,0.9841779302966706,1.776042163403463,0.1300904924260635,81.0,269.22764917851435,64.0,equal,True,7409588,279.6667335841339,1036.374186,64,4338.0,2201.0,256,0.0844915830530226,3029.88760240588,median 5 warm calls on training rows; end-to-end preprocessing,6000.0,,,,,16.169370624013137,261.448546376699,11.468467485923115,0.7717827832885663,,,,,,
1000.0,1000.0,1.0,11,1,regression,superconductivity,top_quality_b1000_k64,complete,,,,,,,0.1658477434507405,0.7858275795918348,0.7645946510677222,0.7645946510677222,0.9298608362236532,1.6893275633375446,0.3040085034185678,81.0,195.94208806195297,64.0,equal,True,7686636,282.55240766727366,1047.1279999999992,64,7322.0,3693.0,256,0.0917991669848561,2788.696329262243,median 5 warm calls on training rows; end-to-end preprocessing,6000.0,,,,,13.788876696140733,190.13312054137293,9.35224503367615,0.8340336858783207,,,,,,
1000.0,1000.0,1.0,11,1,regression,superconductivity,coerror_b1000_k64,complete,,,,,,,0.1677704764012493,0.7819960031614235,0.7397138255522208,0.7397138255522208,0.9119241441932352,1.8062766584547163,0.2454454714251742,81.0,192.86588416064023,64.0,equal,True,7665588,281.5729567091912,1043.304787,64,7292.0,3678.0,256,0.0902502499520778,2836.5572409598185,median 5 warm calls on training rows; end-to-end preprocessing,6000.0,,,,,13.868576086364644,192.33740266328525,9.418767466382285,0.8321095782950841,,,,,,
1000.0,1000.0,1.0,11,1,regression,superconductivity,random_b1000_k128,complete,,,,,,,0.2366356993600457,0.6861026308615702,0.748330106353317,0.748330106353317,0.990623594300536,1.75010954387195,0.1165301437280071,81.0,278.28768658032055,128.0,equal,True,14769180,281.62842504214495,1043.675369,128,7830.0,3979.0,256,0.1310366669204086,1953.6516458823992,median 5 warm calls on training rows; end-to-end preprocessing,6000.0,,,,,16.47078266126662,271.28668147468113,11.72248879982316,0.7631951210475317,,,,,,
1000.0,1000.0,1.0,11,1,regression,superconductivity,top_quality_b1000_k128,complete,,,,,,,0.1684332403432522,0.7807042241050888,0.7591920845072737,0.7591920845072737,0.9298608362236532,1.7226327495338554,0.297860753068996,81.0,198.74572790170456,128.0,equal,True,15392908,287.3325536241755,1065.6128719999997,128,14582.0,7355.0,256,0.1436847089789807,1781.6788008907022,median 5 warm calls on training rows; end-to-end preprocessing,6000.0,,,,,13.895942440017524,193.09721629628015,9.452463308209854,0.8314463405186856,,,,,,
1000.0,1000.0,1.0,11,1,regression,superconductivity,coerror_b1000_k128,complete,,,,,,,0.1682885048900826,0.7775716963598174,0.7408175666329755,0.7408175666329755,0.9298608362236532,1.8131150033497472,0.2451569620432625,81.0,196.5058291187128,128.0,equal,True,15360860,286.70488595822826,1062.3241010000002,128,14630.0,7379.0,256,0.1430400831159204,1789.708132317962,median 5 warm calls on training rows; end-to-end preprocessing,6000.0,,,,,13.889970733441428,192.93128697585936,9.480622846064424,0.8315911794485709,,,,,,
3000.0,3000.0,1.0,11,1,regression,superconductivity,random_b3000_k16,complete,,,,,,,0.2098723158944895,0.7096503428458061,0.7083600370272652,0.7083600370272652,0.8581173800460338,1.8566919857512527,0.148441944467386,81.0,247.9781259127491,16.0,equal,True,1864712,278.10061337426305,1029.2940939999994,16,1272.0,644.0,256,0.0162991660181432,15706.3250791504,median 5 warm calls on training rows; end-to-end preprocessing,6000.0,,,,,15.5114244556881,240.60428864451885,11.00725438478728,0.7899776386433938,,,,,,
3000.0,3000.0,1.0,11,1,regression,superconductivity,top_quality_b3000_k16,complete,,,,,,,0.1685709047679688,0.7958157139366194,0.8134214377777418,0.8134214377777418,0.9082639121780834,1.4620484423150095,0.3322670655931945,81.0,200.65623566031633,16.0,equal,True,1916524,278.3878909582272,1031.268639,16,1782.0,899.0,256,0.0245468330103904,10429.043937832552,median 5 warm calls on training rows; end-to-end preprocessing,6000.0,,,,,13.901620019447416,193.2550391651012,9.267650386278415,0.8313085776725926,,,,,,
3000.0,3000.0,1.0,11,1,regression,superconductivity,coerror_b3000_k16,complete,,,,,,,0.1647588876805023,0.786510862216522,0.7202109237294502,0.7202109237294502,0.8440855726805955,1.8275709461532812,0.2089330052595252,81.0,187.1873189690181,16.0,equal,True,1910396,278.22868800116703,1030.3482209999995,16,1838.0,927.0,256,0.0224802498705685,11387.773778046796,median 5 warm calls on training rows; end-to-end preprocessing,6000.0,,,,,13.743537452326136,188.8848217034912,9.381460930500184,0.8351233201117236,,,,,,
3000.0,3000.0,1.0,11,1,regression,superconductivity,random_b3000_k64,complete,,,,,,,0.2257108173371542,0.6979283830269742,0.7377714823780417,0.7377714823780417,0.9945650105721436,1.799991404214118,0.1180125253595399,81.0,264.5082230859936,64.0,equal,True,7444044,279.54915141593665,1035.4147889999997,64,4912.0,2488.0,256,0.0861233328469097,2972.481342019797,median 5 warm calls on training rows; end-to-end preprocessing,6000.0,,,,,16.086082485836748,258.76204974114376,11.40041817274981,0.7741278136716676,,,,,,
3000.0,3000.0,1.0,11,1,regression,superconductivity,top_quality_b3000_k64,complete,,,,,,,0.1659461775510684,0.7912235405061869,0.7881501820408877,0.7881501820408877,0.9367745067579126,1.5909220701944806,0.3295285552568518,81.0,196.7855406176577,64.0,equal,True,7692204,282.72942891623825,1047.962003,64,7310.0,3687.0,256,0.098758292151615,2592.187394320119,median 5 warm calls on training rows; end-to-end preprocessing,6000.0,,,,,13.792968082335657,190.24596852033017,9.29086489734282,0.8339351814038226,,,,,,
3000.0,3000.0,1.0,11,1,regression,superconductivity,coerror_b3000_k64,complete,,,,,,,0.1648647172318056,0.7837430529888629,0.7302856059746945,0.7302856059746945,0.9119241441932352,1.8530844749451456,0.2342959484769052,81.0,188.87376169209304,64.0,equal,True,7659692,282.7997980841901,1045.3846629999994,64,7290.0,3677.0,256,0.0923825840000063,2771.085078113668,median 5 warm calls on training rows; end-to-end preprocessing,6000.0,,,,,13.74795068591431,189.00614806233176,9.378336517202332,0.8350174148989694,,,,,,
3000.0,3000.0,1.0,11,1,regression,superconductivity,random_b3000_k128,complete,,,,,,,0.2328887840336986,0.6821695279291604,0.7328899125229892,0.7328899125229892,0.9878325389229904,1.8406417884514168,0.116267081796562,81.0,273.9901354681167,128.0,equal,True,14820876,283.04050079220906,1047.731097,128,8478.0,4303.0,256,0.1638729579281062,1562.1857519183336,median 5 warm calls on training rows; end-to-end preprocessing,6000.0,,,,,16.33986226195617,266.99109873969945,11.672524587649267,0.7669447151818924,,,,,,
3000.0,3000.0,1.0,11,1,regression,superconductivity,top_quality_b3000_k128,complete,,,,,,,0.1649277986218703,0.7876147919798809,0.7760027839410505,0.7760027839410505,0.9367745067579126,1.6488600432494476,0.319265118688312,81.0,196.71449707140656,128.0,equal,True,15411244,288.77750758454204,1070.5044339999995,128,14688.0,7408.0,256,0.1522252499125898,1681.7183755454455,median 5 warm calls on training rows; end-to-end preprocessing,6000.0,,,,,13.750580590339249,189.0784665714144,9.302691998297494,0.8349542884096915,,,,,,
3000.0,3000.0,1.0,11,1,regression,superconductivity,coerror_b3000_k128,complete,,,,,,,0.1656996395232415,0.782042077106295,0.7351274964624467,0.7351274964624467,0.9367745067579126,1.8408822403590883,0.2423320384579718,81.0,191.08618817426483,128.0,equal,True,15355660,288.4843020844273,1066.6062419999998,128,14604.0,7366.0,256,0.1594018749892711,1606.0036936029176,median 5 warm calls on training rows; end-to-end preprocessing,6000.0,,,,,13.782718508878997,189.96332949499563,9.403868952646276,0.8341818956907819,,,,,,
6000.0,6000.0,1.0,11,1,regression,superconductivity,random_b6000_k16,complete,,,,,,,0.2381034399442703,0.6827567361634201,0.7457199529642937,0.7457199529642937,0.9775717775350732,1.7142006156739769,0.1558068286715553,81.0,283.0120029438132,16.0,equal,True,1833058,278.6172372070141,1029.5287809999995,16,828.0,422.0,256,0.0167234169784933,15307.876394472578,median 5 warm calls on training rows; end-to-end preprocessing,6000.0,,,,,16.52178398045999,272.96934589698435,11.932840429686625,0.7617263311214095,,,,,,
6000.0,6000.0,1.0,11,1,regression,superconductivity,top_quality_b6000_k16,complete,,,,,,,0.1692295433002433,0.7969662170016357,0.8167293222358369,0.8167293222358369,0.9278204494265816,1.4503772183388353,0.3382867398086007,80.0,200.28248716057587,16.0,equal,True,1915964,278.7003215823788,1031.4818719999994,16,1776.0,896.0,256,0.0241706250235438,10591.36864481736,median 5 warm calls on training rows; end-to-end preprocessing,6000.0,,,,,13.92875167763994,194.0101232973574,9.277296741106053,0.83064946825533,,,,,,
6000.0,6000.0,1.0,11,1,regression,superconductivity,coerror_b6000_k16,complete,,,,,,,0.1649885740777742,0.7871924877458389,0.7181738831398344,0.7181738831398344,0.9082639121780864,1.835642767056162,0.2294353934656966,81.0,186.11512416642032,16.0,equal,True,1911756,278.73068841709755,1030.8752839999995,16,1848.0,932.0,256,0.0225563328713178,11349.362569725328,median 5 warm calls on training rows; end-to-end preprocessing,6000.0,,,,,13.753113883202486,189.14814148433695,9.358211491615958,0.8348934695031718,,,,,,
6000.0,6000.0,1.0,11,1,regression,superconductivity,random_b6000_k64,complete,,,,,,,0.2269566408246097,0.6888106462394957,0.7228447134831625,0.7228447134831625,0.9907385539993028,1.8639757788790523,0.112352443909343,81.0,265.85483345439195,64.0,equal,True,7424408,279.74764512619004,1035.7343059999998,64,4646.0,2355.0,256,0.0847707081120461,3019.911071895621,median 5 warm calls on training rows; end-to-end preprocessing,6000.0,,,,,16.130415411744874,260.19030135545654,11.49106230115049,0.7728810994990348,,,,,,
6000.0,6000.0,1.0,11,1,regression,superconductivity,top_quality_b6000_k64,complete,,,,,,,0.1671777776949159,0.7934575422696186,0.7986122331822088,0.7986122331822088,0.9336250952844762,1.5489767018863212,0.3310164051205436,81.0,197.23237243569085,64.0,equal,True,7686684,282.9491536261048,1048.1657149999996,64,7248.0,3656.0,256,0.0965385418385267,2651.790622943045,median 5 warm calls on training rows; end-to-end preprocessing,6000.0,,,,,13.844056993590664,191.65791404178657,9.274983605436798,0.832702700743591,,,,,,
6000.0,6000.0,1.0,11,1,regression,superconductivity,coerror_b6000_k64,complete,,,,,,,0.1628873472894294,0.7851772169383853,0.7263016151484339,0.7263016151484339,0.930178942039394,1.87280606331227,0.2364663475313166,81.0,186.62105129189183,64.0,equal,True,7663556,283.55486287525855,1046.5035169999996,64,7354.0,3709.0,256,0.0907992920838296,2819.405241217633,median 5 warm calls on training rows; end-to-end preprocessing,6000.0,,,,,13.665256249248698,186.7392283576306,9.334241353509444,0.8369961985360748,,,,,,
6000.0,6000.0,1.0,11,1,regression,superconductivity,random_b6000_k128,complete,,,,,,,0.2290533402469506,0.6890881731335085,0.7394802012297803,0.7394802012297803,0.9929333221699764,1.8073779139836832,0.1153584788704858,81.0,270.7992635799839,128.0,equal,True,14829848,283.06464979145676,1047.087043,128,8648.0,4388.0,256,0.1758618331514299,1455.6882264474366,median 5 warm calls on training rows; end-to-end preprocessing,6000.0,,,,,16.204753134990472,262.5940241659835,11.559665631376571,0.7707829010689168,,,,,,
6000.0,6000.0,1.0,11,1,regression,superconductivity,top_quality_b6000_k128,complete,,,,,,,0.1654837824389296,0.7908779296976607,0.7825151082000854,0.7825151082000854,0.9448441092181248,1.6209891373839111,0.3206476748083181,81.0,195.3083277650899,128.0,equal,True,15405684,289.2126713329926,1071.9039200000002,128,14620.0,7374.0,256,0.1716887918300926,1491.0699601948606,median 5 warm calls on training rows; end-to-end preprocessing,6000.0,,,,,13.773738202744989,189.7158640777567,9.309705422977268,0.8343979070992877,,,,,,
6000.0,6000.0,1.0,11,1,regression,superconductivity,coerror_b6000_k128,complete,,,,,,,0.1633343264145147,0.7837874183361454,0.7298507389905516,0.7298507389905516,0.9311344366653644,1.8675228000715247,0.2476704575725164,81.0,188.19136312409177,128.0,equal,True,15361628,289.93050158419646,1067.6423840000002,128,14666.0,7397.0,256,0.1841252078302204,1390.358240551475,median 5 warm calls on training rows; end-to-end preprocessing,6000.0,,,,,13.683992817267283,187.2516594230226,9.337760511120104,0.8365488998491212,,,,,,
300.0,300.0,1.0,11,1,regression,superconductivity,top_quality_b300_k64,complete,,,,,,,0.1698695962849115,0.7759285600583836,0.7534738830443009,0.7534738830443009,0.9119241441932456,1.7388922454752198,0.2589832943927833,81.0,202.00778859846807,64.0,equal,True,7668212,282.52333220723085,1047.0150840000006,64,7272.0,3668.0,256,0.0928880420979112,2756.0059854653414,median 5 warm calls on training rows; end-to-end preprocessing,6000.0,,,,,13.955067193229372,194.74390036754667,9.519655553614012,0.8300089576731675,,,,,,
300.0,300.0,1.0,11,1,regression,superconductivity,coerror_b300_k64,complete,,,,,,,0.1693213969463224,0.7732669503514453,0.7375607790757334,0.7375607790757334,0.9119241441932456,1.8186740811519304,0.2293105998666785,81.0,199.87673724412315,64.0,equal,True,7659480,281.6967138752807,1043.942143000001,64,7280.0,3672.0,256,0.0949311251752078,2696.6919387873936,median 5 warm calls on training rows; end-to-end preprocessing,6000.0,,,,,13.932531257261315,194.11542723456355,9.521546905821944,0.8305575489396904,,,,,,
6000.0,6000.0,1.0,11,1,regression,superconductivity,random_cert_b6000_k64,complete,,,,,,,0.2269566408246097,0.6888106462394957,0.7228447134831625,0.7228447134831625,0.9907385539993028,1.8639757788790523,0.112352443909343,81.0,265.85483345439195,64.0,equal,True,7424408,280.32984716817737,1036.0890549999997,64,4646.0,2355.0,256,0.0867523339111357,2950.929254102051,median 5 warm calls on training rows; end-to-end preprocessing,6000.0,,,,,16.130415411744874,260.19030135545654,11.49106230115049,0.7728810994990348,,,,,,
6000.0,6000.0,1.0,11,1,regression,superconductivity,top_quality_cert_b6000_k64,complete,,,,,,,0.1671777776949159,0.7934575422696186,0.7986122331822088,0.7986122331822088,0.9336250952844762,1.5489767018863212,0.3310164051205436,81.0,197.23237243569085,64.0,equal,True,7686684,283.4804312090855,1049.3765449999996,64,7248.0,3656.0,256,0.0946050828788429,2705.9856850170436,median 5 warm calls on training rows; end-to-end preprocessing,6000.0,,,,,13.844056993590664,191.65791404178657,9.274983605436798,0.832702700743591,,,,,,
6000.0,6000.0,1.0,11,1,regression,superconductivity,coerror_cert_b6000_k64,complete,,,,,,,0.1628873472894294,0.7851772169383853,0.7263016151484339,0.7263016151484339,0.930178942039394,1.87280606331227,0.2364663475313166,81.0,186.62105129189183,64.0,equal,True,7663556,284.1008690840099,1047.433564999999,64,7354.0,3709.0,256,0.0927255828864872,2760.834626549503,median 5 warm calls on training rows; end-to-end preprocessing,6000.0,,,,,13.665256249248698,186.7392283576306,9.334241353509444,0.8369961985360748,,,,,,
6000.0,6000.0,1.0,11,1,regression,superconductivity,abs_correlation_b6000_k64,complete,,,,,,,0.2272861834917444,0.6326373132907153,0.6191994268213528,0.6191994268213528,0.8917036193997621,2.4905677109456263,0.0673605845077929,81.0,265.54283829929255,64.0,equal,True,7469388,281.00096250046045,1034.5095309999997,64,5748.0,2906.0,256,0.0813185421284288,3148.1134966203836,median 5 warm calls on training rows; end-to-end preprocessing,6000.0,,,,,16.142121903132296,260.5680995355834,11.929078160123195,0.7725513212296886,,,,,,
6000.0,6000.0,1.0,11,1,regression,superconductivity,signed_correlation_b6000_k64,complete,,,,,,,0.2272861834917444,0.6326373132907153,0.6191994268213528,0.6191994268213528,0.8917036193997621,2.4905677109456263,0.0673605845077929,81.0,265.54283829929255,64.0,equal,True,7469388,280.6438990831375,1034.591742999999,64,5748.0,2906.0,256,0.0810457079205662,3158.7113811246913,median 5 warm calls on training rows; end-to-end preprocessing,6000.0,,,,,16.142121903132296,260.5680995355834,11.929078160123195,0.7725513212296886,,,,,,
6000.0,6000.0,1.0,11,1,regression,superconductivity,quality_diversity_l002_b6000_k64,complete,,,,,,,0.1663243933624869,0.7933474098325966,0.787005604982174,0.787005604982174,0.9336250952844762,1.5943565232130763,0.3236745086139742,81.0,194.50234265394937,64.0,equal,True,7684444,284.94466466619633,1049.7880699999996,64,7240.0,3652.0,256,0.0959319160319864,2668.5592302215896,median 5 warm calls on training rows; end-to-end preprocessing,6000.0,,,,,13.808677240741048,190.6795671389598,9.288079042312145,0.8335566951919658,,,,,,
6000.0,6000.0,1.0,11,1,regression,superconductivity,quality_diversity_l01_b6000_k64,complete,,,,,,,0.1648463792410654,0.7919464479611125,0.7632457316775683,0.7632457316775683,0.930178942039394,1.6948570724975112,0.3057948713052185,81.0,189.965467206377,64.0,equal,True,7681388,285.01163020939566,1049.5900299999994,64,7264.0,3664.0,256,0.096724874805659,2646.6821540411265,median 5 warm calls on training rows; end-to-end preprocessing,6000.0,,,,,13.747186068694884,188.98512480731873,9.329276395830876,0.8350357660002158,,,,,,
6000.0,6000.0,1.0,11,1,regression,superconductivity,quality_diversity_l05_b6000_k64,complete,,,,,,,0.164308209874029,0.7782040901334923,0.708420253221546,0.708420253221546,0.9082639121780864,1.9665402834623325,0.2050631843962534,81.0,187.98007514289608,64.0,equal,True,7654828,283.1688841250725,1044.0595639999992,64,7396.0,3730.0,256,0.0916590839624404,2792.9583073828467,median 5 warm calls on training rows; end-to-end preprocessing,6000.0,,,,,13.724727696835489,188.36815035228312,9.404541010189735,0.835574320124389,,,,,,
6000.0,6000.0,1.0,11,1,regression,superconductivity,caruana_b6000_k64,complete,,,,,,,0.1643424182732105,0.7860436323837343,0.7232488232424182,0.7232488232424182,0.9082639121780864,1.8649635100992,0.2293593851022113,81.0,185.0599803520817,64.0,frequency_weighted,True,3941404,280.3928013748955,1036.2958029999995,33,3781.0,1907.0,256,0.0477582500316202,5360.330410567911,median 5 warm calls on training rows; end-to-end preprocessing,6000.0,,,,,13.726156342821884,188.40736794758945,9.355962934255134,0.8355400872683608,,,,,,
6000.0,6000.0,1.0,11,1,regression,superconductivity,coerror_swap_b6000_k64,complete,,,,,,,0.1628873472894294,0.7851772169383853,0.7263016151484339,0.7263016151484339,0.930178942039394,1.87280606331227,0.2364663475313166,81.0,186.62105129189183,64.0,equal,True,7663556,283.3576351250522,1046.0071189999994,64,7354.0,3709.0,256,0.0945556659717112,2707.3998936942485,median 5 warm calls on training rows; end-to-end preprocessing,6000.0,,,,,13.665256249248698,186.7392283576306,9.334241353509444,0.8369961985360748,,,,,,
6000.0,6000.0,1.0,11,1,regression,superconductivity,coerror_b6000_k256,complete,,,,,,,0.1648575070054957,0.7821337073106938,0.7339276557694607,0.7339276557694607,0.9367745067579126,1.8526457250449424,0.248634842038928,81.0,190.44067651925147,256.0,equal,True,30723292,303.16878300043754,1099.7467109999998,256,29296.0,14776.0,256,0.308616500115022,829.5084673197584,median 5 warm calls on training rows; end-to-end preprocessing,6000.0,,,,,13.74765005482347,188.9978820298878,9.381176636174796,0.8350246302801362,,,,,,
1000.0,1000.0,1.0,11,1,regression,superconductivity,top_quality_f05_d3_b1000_k64,complete,,,,,,,0.2850635157323235,0.6684509755217968,0.8326755740975482,0.8326755740975482,0.9897016857186856,1.4290938410911211,0.0710447373393802,75.0,329.8163077515317,64.0,equal,True,7098136,277.4756632503122,1028.204621,64,960.0,512.0,256,0.0778052089735865,3290.268137277381,median 5 warm calls on training rows; end-to-end preprocessing,6000.0,,,,,18.077772768453563,326.8058682678413,12.92889326596792,0.7147326818425287,,,,,,
1000.0,1000.0,1.0,11,1,regression,superconductivity,coerror_f05_d3_b1000_k64,complete,,,,,,,0.2729902120883531,0.6513075154033405,0.7585592088282282,0.7585592088282282,0.94580675367972,1.7222555356572866,0.0500736174099269,75.0,315.62793725031725,64.0,equal,True,7097784,277.72505204123445,1028.5326419999988,64,960.0,512.0,256,0.0790767921134829,3237.359447163902,median 5 warm calls on training rows; end-to-end preprocessing,6000.0,,,,,17.69080692091692,312.964649513162,12.868395529536738,0.7268146171367329,,,,,,
1000.0,1000.0,1.0,11,1,regression,superconductivity,top_quality_f05_d6_b1000_k64,complete,,,,,,,0.1854113184594506,0.7532494141266936,0.746810839660406,0.746810839660406,0.8850722738453779,1.7665506447732064,0.0679051713277903,77.0,220.6044238601835,64.0,equal,True,7568913,277.7727687493898,1029.25744,64,7502.0,3783.0,256,0.079863625112921,3205.4643104171114,median 5 warm calls on training rows; end-to-end preprocessing,6000.0,,,,,14.579486420490229,212.5614242852589,10.065665212874894,0.8144561241480159,,,,,,
1000.0,1000.0,1.0,11,1,regression,superconductivity,coerror_f05_d6_b1000_k64,complete,,,,,,,0.1826763974246686,0.74641872106108,0.7027373494563179,0.7027373494563179,0.8743741674342109,1.9978379454581257,0.0535891439909297,76.0,213.1421014842431,64.0,equal,True,7566328,278.00390745839104,1029.7322670000003,64,7464.0,3764.0,256,0.0930796670727431,2750.3321407448966,median 5 warm calls on training rows; end-to-end preprocessing,6000.0,,,,,14.471559140183532,209.42602394782952,10.16220837040172,0.8171930004787539,,,,,,
1000.0,1000.0,1.0,11,1,regression,superconductivity,top_quality_f20_d3_b1000_k64,complete,,,,,,,0.277870527181341,0.6931046357438332,0.8698286450483682,0.8698286450483682,0.9937468625960704,1.3104817392364678,0.1399597595053883,81.0,318.708740240036,64.0,equal,True,7146452,278.7839732505381,1032.8944159999992,64,960.0,512.0,256,0.0841276671271771,3042.9941628239944,median 5 warm calls on training rows; end-to-end preprocessing,6000.0,,,,,17.848237944913564,318.5595977382523,12.582170643157673,0.72193081292642,,,,,,
1000.0,1000.0,1.0,11,1,regression,superconductivity,coerror_f20_d3_b1000_k64,complete,,,,,,,0.2613825706184251,0.677144406709387,0.7793077654752517,0.7793077654752517,0.990688238189014,1.6302046498130562,0.1245355577869865,81.0,300.43952194363226,64.0,equal,True,7144756,278.88243795814924,1032.8350759999994,64,960.0,512.0,256,0.1109616251196712,2307.103917448091,median 5 warm calls on training rows; end-to-end preprocessing,6000.0,,,,,17.310611793480522,299.6572806645869,12.533922653014,0.7384305573378251,,,,,,
1000.0,1000.0,1.0,11,1,regression,superconductivity,top_quality_f20_d6_b1000_k64,complete,,,,,,,0.1692650299137837,0.7815674640761493,0.748073787369887,0.748073787369887,0.9223190927905356,1.7632863769723572,0.1372855303631107,81.0,195.6165894222827,64.0,equal,True,7601764,279.82345920824446,1035.9442279999998,64,7296.0,3680.0,256,0.1062482499983161,2409.45144982677,median 5 warm calls on training rows; end-to-end preprocessing,6000.0,,,,,13.93021199688654,194.05080627820172,9.50335681973062,0.8306139562711004,,,,,,
1000.0,1000.0,1.0,11,1,regression,superconductivity,coerror_f20_d6_b1000_k64,complete,,,,,,,0.1663520292165984,0.7772043935921018,0.7176722211673348,0.7176722211673348,0.8579110848860886,1.9150085935935484,0.1292876540989854,81.0,191.41173816764135,64.0,equal,True,7608596,280.08848021016456,1036.146127,64,7402.0,3733.0,256,0.0917084170505404,2791.4558797685777,median 5 warm calls on training rows; end-to-end preprocessing,6000.0,,,,,13.809824392795472,190.71124975984884,9.497709558065653,0.8335290395799626,,,,,,
1000.0,1000.0,1.0,11,1,regression,superconductivity,top_quality_f50_d3_b1000_k64,complete,,,,,,,0.2859078085416339,0.6999663764433001,0.9322867972460346,0.9322867972460346,1.0,1.144029579041017,0.3525208931588606,81.0,333.56055348733,64.0,equal,True,7240908,281.2904684992973,1041.0656419999991,64,960.0,512.0,256,0.0972795409616082,2631.5913651466685,median 5 warm calls on training rows; end-to-end preprocessing,6000.0,,,,,18.104524085427133,327.7737923598112,12.648467836936351,0.7138877854171378,,,,,,
1000.0,1000.0,1.0,11,1,regression,superconductivity,coerror_f50_d3_b1000_k64,complete,,,,,,,0.2709038877615151,0.683477020490904,0.8130757478533353,0.8130757478533353,1.0,1.4981322306345732,0.3462803958408968,81.0,307.2092446132672,64.0,equal,True,7239660,281.5610687502194,1041.6244700000002,64,960.0,512.0,256,0.1183082091156393,2163.839702363976,median 5 warm calls on training rows; end-to-end preprocessing,6000.0,,,,,17.623076378477183,310.57282104164045,12.547473511922178,0.7289024330538094,,,,,,
1000.0,1000.0,1.0,11,1,regression,superconductivity,top_quality_f50_d6_b1000_k64,complete,,,,,,,0.168572315397763,0.7932504550853099,0.8070448914948961,0.8070448914948961,0.9367745067579126,1.517775072982752,0.3551461091053997,81.0,199.47943673047143,64.0,equal,True,7693084,283.3620492925402,1048.446199,64,7234.0,3649.0,256,0.0969139591325074,2641.5183353512484,median 5 warm calls on training rows; end-to-end preprocessing,6000.0,,,,,13.901678184877536,193.2566563559,9.292863204604208,0.831307166034287,,,,,,
1000.0,1000.0,1.0,11,1,regression,superconductivity,coerror_f50_d6_b1000_k64,complete,,,,,,,0.16512558541392,0.7872038217468624,0.7418250728558955,0.7418250728558955,0.930178942039394,1.7940727723972314,0.3478646172271813,81.0,188.86965739489432,64.0,equal,True,7692252,283.97023333306424,1048.775658,64,7246.0,3655.0,256,0.1112922499887645,2300.25001764134,median 5 warm calls on training rows; end-to-end preprocessing,6000.0,,,,,13.7588231921076,189.305215631678,9.34469028637141,0.8347563602125665,,,,,,
,,,11,1,regression,superconductivity,random_forest,complete,,,,,,,0.0856059919863682,,,,,,,,,,,,230767123,98.2825712908525,98.33066299999972,256,3203886.0,1602071.0,256,0.0155136249959468,16501.623577138354,median 5 warm calls on training rows; end-to-end preprocessing,,98.2825712908525,98.33066299999972,1390346240.0,,9.906635560272589,98.14142812405738,5.7057211911062105,0.914332805131428,,,,,,
,,,11,1,regression,superconductivity,extra_trees,complete,,,,,,,0.0819865094004401,,,,,,,,,,,,343941475,28.945162332849577,28.964302000000316,256,4775752.0,2388004.0,256,0.0177988752257078,14382.931323112216,median 5 warm calls on training rows; end-to-end preprocessing,,28.945162332849577,28.964302000000316,1879490560.0,,9.694943957035134,93.99193833005206,5.358099427093691,0.9179548754190016,,,,,,
,,,11,1,regression,superconductivity,xgboost,complete,,,,,,,0.0874881985643632,,,,,,,,,,,,1277263,3.093021917156875,3.093547000000399,300,31234.0,15767.0,256,0.0017289579845964,148066.0619174884,median 5 warm calls on training rows; end-to-end preprocessing,,3.093021917156875,3.093547000000399,1729888256.0,,10.014951299201195,100.29924952537168,6.216063364559328,0.912449252894504,,,,,,
,,,11,1,regression,superconductivity,lightgbm,complete,,,,,,,0.0885086990111964,,,,,,,,,,,,851304,1.8093749159015715,1.8112889999993056,300,18300.0,9300.0,256,0.0055482499301433,46140.67556855454,median 5 warm calls on training rows; end-to-end preprocessing,,1.8093749159015715,1.8112889999993056,1750302720.0,,10.073191333906315,101.46918364948532,6.273804041750657,0.9114280228542488,,,,,,
,,,11,1,regression,superconductivity,catboost,complete,,,,,,,0.1178430914023543,,,,,,,,,,,,353961,4.572686541825533,4.579893000000084,300,38100.0,19200.0,256,0.0012968750670552,197397.58015495772,median 5 warm calls on training rows; end-to-end preprocessing,,4.572686541825533,4.579893000000084,1795309568.0,,11.623212239701225,135.09906276914032,7.737185447747032,0.8820726582236439,,,,,,
,,,11,1,regression,superconductivity,linear,complete,,,,,,,0.2703393759957738,,,,,,,,,,,,9562,0.0769285841379314,0.0770089999996344,1,,,256,0.0009787909220904,261547.1743988582,median 5 warm calls on training rows; end-to-end preprocessing,,0.0769285841379314,0.0770089999996344,1796096000.0,82.0,17.60470524672524,309.9256468240751,13.30445760440365,0.7294673484098404,,,,,,
,,,11,1,regression,superconductivity,rf_leaf5,complete,,,,,,,0.0890435555669261,,,,,,,,,,,,47675155,76.80641274992377,76.85280799999964,256,660942.0,330599.0,256,0.013357917079702,19164.664556048487,median 5 warm calls on training rows; end-to-end preprocessing,,76.80641274992377,76.85280799999964,1804337152.0,,10.103581552717902,102.0823601924215,5.957021701584469,0.9108927839098332,,,,,,
,,,11,1,regression,superconductivity,rf_shallow64,complete,,,,,,,0.1733797289060293,,,,,,,,,,,,546835,10.797003499930725,10.80331599999954,64,7214.0,3639.0,256,0.0028888750821352,88615.80813345085,median 5 warm calls on training rows; end-to-end preprocessing,,10.797003499930725,10.80331599999954,1286258688.0,,14.098511548701024,198.76802788885612,9.499989193150618,0.8264963155287285,,,,,,
,,,11,1,regression,superconductivity,random_patches64,complete,,,,,,,0.1862373967664706,,,,,,,,,,,,4117572,2.39117604191415,2.3931290000000445,64,6802.0,3433.0,256,0.0460930839180946,5553.978563354551,median 5 warm calls on training rows; end-to-end preprocessing,,2.39117604191415,2.3931290000000445,1292402688.0,,14.611928917610324,213.50846669329684,10.020531731873202,0.8136294552471351,,,,,,
1000.0,1000.0,1.0,11,2,regression,superconductivity,random_b1000_k16,complete,,,,,,,0.2414828320986837,0.6901820854222129,0.7841163489393804,0.7841163489393804,0.956365284535862,1.5276002091831344,0.1230706222407138,81.0,287.7006843938225,16.0,equal,True,1816628,227.6986967928242,882.323922999999,16,842.0,429.0,256,0.0184009170625358,13912.350081790972,median 5 warm calls on training rows; end-to-end preprocessing,6000.0,,,,,17.003787330573434,289.1287835833696,12.149252369269549,0.7584726153050543,,,,,,
1000.0,1000.0,1.0,11,2,regression,superconductivity,top_quality_b1000_k16,complete,,,,,,,0.1697927581585879,0.7840724762418031,0.7689043096668434,0.7689043096668434,0.9091271324092632,1.6173955470966923,0.3211027588022436,81.0,196.9419367716732,16.0,equal,True,1908436,228.3626247497741,885.2329259999997,16,1870.0,943.0,256,0.0241249999962747,10611.398965369142,median 5 warm calls on training rows; end-to-end preprocessing,6000.0,,,,,14.25811508516984,203.2938457819477,9.705136078079107,0.8301759157709967,,,,,,
1000.0,1000.0,1.0,11,2,regression,superconductivity,coerror_b1000_k16,complete,,,,,,,0.1640079947651911,0.7807797314227551,0.7277570663202204,0.7277570663202204,0.8134221152235721,1.7880248428595735,0.283948548485298,81.0,190.05865687787565,16.0,equal,True,1902772,228.46404329268265,885.3759909999999,16,1832.0,924.0,256,0.0237062501255422,10798.83991117486,median 5 warm calls on training rows; end-to-end preprocessing,6000.0,,,,,14.013126535652372,196.36771530420464,9.68032932776772,0.8359617464296134,,,,,,
1000.0,1000.0,1.0,11,2,regression,superconductivity,random_b1000_k64,complete,,,,,,,0.2231506611611457,0.6902129035017752,0.7398879237483964,0.7398879237483964,0.9524472061429649,1.79510324594995,0.1188442519643688,81.0,264.6775174438631,64.0,equal,True,7351404,229.48194445786064,889.7934839999998,64,4380.0,2222.0,256,0.0819108749274164,3125.3481326728456,median 5 warm calls on training rows; end-to-end preprocessing,6000.0,,,,,16.34562846438775,267.17956989580307,11.70112013940257,0.7768081684532584,,,,,,
1000.0,1000.0,1.0,11,2,regression,superconductivity,top_quality_b1000_k64,complete,,,,,,,0.167296840645393,0.7796103008641133,0.772760673598477,0.772760673598477,0.9157972514737804,1.652509294515086,0.3098640662189409,81.0,199.2222929457729,64.0,equal,True,7638676,231.7655192501843,898.6021760000003,64,7424.0,3744.0,256,0.0914414171129465,2799.606656180691,median 5 warm calls on training rows; end-to-end preprocessing,6000.0,,,,,14.152931476904644,200.3054693899583,9.699373688996715,0.8326722937707789,,,,,,
1000.0,1000.0,1.0,11,2,regression,superconductivity,coerror_b1000_k64,complete,,,,,,,0.162899278200479,0.7752403865656347,0.7341345412572773,0.7341345412572773,0.8913502647270349,1.8312949429266172,0.2516884113843023,81.0,193.0683136405237,64.0,equal,True,7616532,231.5138988336548,897.2243649999991,64,7370.0,3717.0,256,0.0934138749726116,2740.492245665406,median 5 warm calls on training rows; end-to-end preprocessing,6000.0,,,,,13.96568088513065,195.0402425853036,9.635955934293252,0.8370706675480035,,,,,,
1000.0,1000.0,1.0,11,2,regression,superconductivity,random_b1000_k128,complete,,,,,,,0.2280680369380729,0.6897767136359078,0.7492181333353498,0.7492181333353498,0.9900426677744928,1.7609357607830516,0.1196448431234845,81.0,268.1448796054777,128.0,equal,True,14676044,231.17483762465417,896.465768,128,8052.0,4090.0,256,0.1258225841447711,2034.610890724094,median 5 warm calls on training rows; end-to-end preprocessing,6000.0,,,,,16.524744239842345,273.06717219220275,11.83825429318385,0.7718898854405837,,,,,,
1000.0,1000.0,1.0,11,2,regression,superconductivity,top_quality_b1000_k128,complete,,,,,,,0.1658258266726423,0.7755863099399957,0.7625933136573159,0.7625933136573159,0.9157972514737804,1.7068210785204003,0.2794902724118379,81.0,199.73072339220815,128.0,equal,True,15283748,235.97218516794965,915.5845759999992,128,14802.0,7465.0,256,0.1342817079275846,1906.4398565592828,median 5 warm calls on training rows; end-to-end preprocessing,6000.0,,,,,14.09057187983953,198.5442159009245,9.71272605250818,0.8341435791395997,,,,,,
1000.0,1000.0,1.0,11,2,regression,superconductivity,coerror_b1000_k128,complete,,,,,,,0.1653127386072807,0.77171350001048,0.7393210760554604,0.7393210760554604,0.9103999889599724,1.8188576713657785,0.2179725856736766,81.0,196.8603673527641,128.0,equal,True,15235932,234.9728076257743,910.6458890000004,128,14736.0,7432.0,256,0.1320292081218212,1938.964897553523,median 5 warm calls on training rows; end-to-end preprocessing,6000.0,,,,,14.068755901273464,197.92989260961693,9.72813695447841,0.8346567618676138,,,,,,
3000.0,3000.0,1.0,11,2,regression,superconductivity,random_b3000_k16,complete,,,,,,,0.2149950603627828,0.7097181092517565,0.7384316707299206,0.7384316707299206,0.8661557868494644,1.71715495941179,0.145569776529732,81.0,252.49271522380545,16.0,equal,True,1838908,227.9303308757953,882.8617490000006,16,1124.0,570.0,256,0.0165589160751551,15459.949119743427,median 5 warm calls on training rows; end-to-end preprocessing,6000.0,,,,,16.044152272992157,257.4148221589594,11.423123486695363,0.7849652739266595,,,,,,
3000.0,3000.0,1.0,11,2,regression,superconductivity,top_quality_b3000_k16,complete,,,,,,,0.1649092622244466,0.7905746108207805,0.7754588153837116,0.7754588153837116,0.8804518099985986,1.5931643092246517,0.3268838140497142,81.0,192.53952920469527,16.0,equal,True,1908228,228.36815704102628,885.0860320000002,16,1866.0,941.0,256,0.0205032499507069,12485.82544793944,median 5 warm calls on training rows; end-to-end preprocessing,6000.0,,,,,14.051576709257608,197.44680801615087,9.519536151096776,0.8350603126901925,,,,,,
3000.0,3000.0,1.0,11,2,regression,superconductivity,coerror_b3000_k16,complete,,,,,,,0.1584207271032168,0.7848157069838448,0.7254741065308716,0.7254741065308716,0.8189540514009591,1.799531543645152,0.2738395246944663,81.0,185.94075580901307,16.0,equal,True,1900444,228.5418346256483,884.880243999999,16,1822.0,919.0,256,0.0199450419750064,12835.27005462304,median 5 warm calls on training rows; end-to-end preprocessing,6000.0,,,,,13.772365359713838,189.67804760144568,9.468513157827775,0.841550044919652,,,,,,
3000.0,3000.0,1.0,11,2,regression,superconductivity,random_b3000_k64,complete,,,,,,,0.2151924328136408,0.6953775514204875,0.7282014954075383,0.7282014954075383,0.9623745514013402,1.8421113091396129,0.1229343643494839,81.0,256.2771409601016,64.0,equal,True,7375636,229.64821479073728,889.623482,64,4712.0,2388.0,256,0.0654597501270473,3910.800140592401,median 5 warm calls on training rows; end-to-end preprocessing,6000.0,,,,,16.051515110088978,257.6511373294148,11.476915924447464,0.7847678650613905,,,,,,
3000.0,3000.0,1.0,11,2,regression,superconductivity,top_quality_b3000_k64,complete,,,,,,,0.1660996032046427,0.7848404133862201,0.7700059262505753,0.7700059262505753,0.9162746137764708,1.6642127513904454,0.3217264554896663,81.0,193.8189506621087,64.0,equal,True,7642276,231.9767652088776,898.9670810000007,64,7428.0,3746.0,256,0.0814864579588174,3141.626307151307,median 5 warm calls on training rows; end-to-end preprocessing,6000.0,,,,,14.102198768884014,198.8720101171138,9.614041120188718,0.8338697520969472,,,,,,
3000.0,3000.0,1.0,11,2,regression,superconductivity,coerror_b3000_k64,complete,,,,,,,0.1605793779626141,0.7808347743649015,0.7306303686714065,0.7306303686714065,0.9122165630417632,1.8476980398102556,0.2574567537891103,81.0,187.41543585146127,64.0,equal,True,7615940,232.0473350007087,897.6615260000008,64,7354.0,3709.0,256,0.090960499830544,2814.40845726352,median 5 warm calls on training rows; end-to-end preprocessing,6000.0,,,,,13.865879441611384,192.26261268930125,9.542821161433933,0.8393909957979874,,,,,,
3000.0,3000.0,1.0,11,2,regression,superconductivity,random_b3000_k128,complete,,,,,,,0.2267155151538245,0.6809441565680561,0.738130118935879,0.738130118935879,0.9969523633233346,1.8233646709153073,0.1239475715661448,81.0,270.3375169036505,128.0,equal,True,14723520,232.03184099984355,898.7957240000005,128,8598.0,4363.0,256,0.1265750830061733,2022.514968348978,median 5 warm calls on training rows; end-to-end preprocessing,6000.0,,,,,16.47567267464014,271.44779008188385,11.825549606322769,0.7732426567595774,,,,,,
3000.0,3000.0,1.0,11,2,regression,superconductivity,top_quality_b3000_k128,complete,,,,,,,0.1652325779656977,0.7819053313755704,0.7684993742536561,0.7684993742536561,0.9162746137764708,1.6799130130622666,0.3096339716898236,81.0,195.6225976828688,128.0,equal,True,15304028,237.07883358281103,919.2852400000002,128,14832.0,7480.0,256,0.1328485000412911,1927.0070788938656,median 5 warm calls on training rows; end-to-end preprocessing,6000.0,,,,,14.065344496757426,197.8339158124644,9.620878320768163,0.8347369372985078,,,,,,
3000.0,3000.0,1.0,11,2,regression,superconductivity,coerror_b3000_k128,complete,,,,,,,0.1616351284309701,0.7778606254113423,0.7332140044227927,0.7332140044227927,0.9122165630417632,1.84776998228373,0.2335804314201066,81.0,190.0610982771132,128.0,equal,True,15247028,236.71996124880388,915.3585860000004,128,14748.0,7438.0,256,0.1344514999072998,1904.032310361015,median 5 warm calls on training rows; end-to-end preprocessing,6000.0,,,,,13.911386300309516,193.52666879643928,9.583509494662188,0.8383350505479819,,,,,,
6000.0,6000.0,1.0,11,2,regression,superconductivity,random_b6000_k16,complete,,,,,,,0.221330764043803,0.6809333314299724,0.7245151281014305,0.7245151281014305,0.9181790055241432,1.7851665575895452,0.1223102603378744,81.0,271.61713640736315,16.0,equal,True,1837888,228.39114270964637,882.9802950000003,16,1114.0,565.0,256,0.0185565829742699,13795.643322639846,median 5 warm calls on training rows; end-to-end preprocessing,6000.0,,,,,16.278838920862984,265.0005966114035,11.76493310920339,0.7786284013341864,,,,,,
6000.0,6000.0,1.0,11,2,regression,superconductivity,top_quality_b6000_k16,complete,,,,,,,0.1623973477450186,0.7928040735919063,0.7789849902334856,0.7789849902334856,0.9046531569834952,1.5798285703721524,0.3158414220361993,81.0,191.28448753737953,16.0,equal,True,1905076,228.64654804160816,885.0665089999993,16,1846.0,931.0,256,0.0237951669842004,10758.487224316556,median 5 warm calls on training rows; end-to-end preprocessing,6000.0,,,,,13.944148534940943,194.4392783644957,9.437318998275538,0.8375726906075829,,,,,,
6000.0,6000.0,1.0,11,2,regression,superconductivity,coerror_b6000_k16,complete,,,,,,,0.1590738306371914,0.7863307255072632,0.7246962625685373,0.7246962625685373,0.8294637858031327,1.803030778841988,0.254143848359382,81.0,184.44432848226785,16.0,equal,True,1899796,228.82301041670144,884.9128610000007,16,1836.0,926.0,256,0.0224341249559074,11411.187220502166,median 5 warm calls on training rows; end-to-end preprocessing,6000.0,,,,,13.800725061333557,190.4600122185201,9.46441831063321,0.8408968208907427,,,,,,
6000.0,6000.0,1.0,11,2,regression,superconductivity,random_b6000_k64,complete,,,,,,,0.2432205235504783,0.6731577821481907,0.7492678585754021,0.7492678585754021,0.9597337397662068,1.741283368527625,0.1115273241011562,81.0,283.55431053690194,64.0,equal,True,7283012,229.6972409170121,889.3233900000005,64,3494.0,1779.0,256,0.0839846660383045,3048.1754834059943,median 5 warm calls on training rows; end-to-end preprocessing,6000.0,,,,,17.064856622651792,291.2093315516628,12.30738295625862,0.7567346032562838,,,,,,
6000.0,6000.0,1.0,11,2,regression,superconductivity,top_quality_b6000_k64,complete,,,,,,,0.1626276172542823,0.7881027006411707,0.7707490088463177,0.7707490088463177,0.9370944799831288,1.6615972968374768,0.3190865009992445,81.0,191.05552481084217,64.0,equal,True,7640468,232.9573100830894,902.2883190000013,64,7428.0,3746.0,256,0.0936855829786509,2732.5442385125284,median 5 warm calls on training rows; end-to-end preprocessing,6000.0,,,,,13.954031007997775,194.71498137216344,9.50859914692558,0.8373423786145353,,,,,,
6000.0,6000.0,1.0,11,2,regression,superconductivity,coerror_b6000_k64,complete,,,,,,,0.1584501206371036,0.7835464766933955,0.7311284439721695,0.7311284439721695,0.904653156983496,1.8450314108389272,0.2577582889656192,81.0,185.21203613346825,64.0,equal,True,7615332,233.40111558372155,899.5448029999989,64,7348.0,3706.0,256,0.0912555828690528,2805.3078173567415,median 5 warm calls on training rows; end-to-end preprocessing,6000.0,,,,,13.773642969403692,189.71324064860377,9.47245754593752,0.8415206459627782,,,,,,
6000.0,6000.0,1.0,11,2,regression,superconductivity,random_b6000_k128,complete,,,,,,,0.2266104640826637,0.68781033265566,0.7491781718339117,0.7491781718339117,0.9968997062716204,1.7508223211092009,0.1294473904517324,81.0,270.18189762187995,128.0,equal,True,14657268,233.09210933372376,901.8943430000008,128,7614.0,3871.0,256,0.1427055830135941,1793.9031858032731,median 5 warm calls on training rows; end-to-end preprocessing,6000.0,,,,,16.47185514234079,271.32201183025876,11.826934965821714,0.7733477272122317,,,,,,
6000.0,6000.0,1.0,11,2,regression,superconductivity,top_quality_b6000_k128,complete,,,,,,,0.1645400381630254,0.7853694575989772,0.769529736385368,0.769529736385368,0.9439104763966204,1.6753418538462637,0.3095880303686678,81.0,192.77340781330875,128.0,equal,True,15301340,238.0089760008268,921.324966,128,14822.0,7475.0,256,0.1513496250845492,1691.447863560874,median 5 warm calls on training rows; end-to-end preprocessing,6000.0,,,,,14.03583748566823,197.00473392408944,9.578958155692314,0.8354296048719453,,,,,,
6000.0,6000.0,1.0,11,2,regression,superconductivity,coerror_b6000_k128,complete,,,,,,,0.1599030099530835,0.7811768373204042,0.7328590973617217,0.7328590973617217,0.9122165630417632,1.8499800549196872,0.2533558269896648,81.0,187.0960387624366,128.0,equal,True,15258148,238.80961870844476,918.3648860000004,128,14722.0,7425.0,256,0.1510669169947505,1694.6132554548385,median 5 warm calls on training rows; end-to-end preprocessing,6000.0,,,,,13.836646753525764,191.45279338185503,9.521107390066184,0.8400674885946534,,,,,,
300.0,300.0,1.0,11,2,regression,superconductivity,top_quality_b300_k64,complete,,,,,,,0.1687438751270116,0.7713103521821524,0.7593729384103142,0.7593729384103142,0.8991097341188456,1.7125961093621629,0.248062239356292,81.0,203.1440851526749,64.0,equal,True,7621276,231.5991191668436,898.4806500000013,64,7438.0,3751.0,256,0.0901524159125983,2839.6354929432923,median 5 warm calls on training rows; end-to-end preprocessing,6000.0,,,,,14.214007601530229,202.03801209635907,9.783816569576675,0.8312249923172084,,,,,,
300.0,300.0,1.0,11,2,regression,superconductivity,coerror_b300_k64,complete,,,,,,,0.1677996602569894,0.7683819833259345,0.7443482836718254,0.7443482836718254,0.8946398694636274,1.7841103358586812,0.2122007400160467,81.0,201.58058789407264,64.0,equal,True,7602284,231.3436612507794,897.2009300000009,64,7354.0,3709.0,256,0.0888880828861147,2880.026114726679,median 5 warm calls on training rows; end-to-end preprocessing,6000.0,,,,,14.174184216473316,200.90749820252125,9.794080402241056,0.8321693813910178,,,,,,
6000.0,6000.0,1.0,11,2,regression,superconductivity,random_cert_b6000_k64,complete,,,,,,,0.2432205235504783,0.6731577821481907,0.7492678585754021,0.7492678585754021,0.9597337397662068,1.741283368527625,0.1115273241011562,81.0,283.55431053690194,64.0,equal,True,7283012,229.92742099962197,889.0066349999997,64,3494.0,1779.0,256,0.0858512909617275,2981.9004132870264,median 5 warm calls on training rows; end-to-end preprocessing,6000.0,,,,,17.064856622651792,291.2093315516628,12.30738295625862,0.7567346032562838,,,,,,
6000.0,6000.0,1.0,11,2,regression,superconductivity,top_quality_cert_b6000_k64,complete,,,,,,,0.1626276172542823,0.7881027006411707,0.7707490088463177,0.7707490088463177,0.9370944799831288,1.6615972968374768,0.3190865009992445,81.0,191.05552481084217,64.0,equal,True,7640468,232.7543724169955,901.6992709999986,64,7428.0,3746.0,256,0.0932997500058263,2743.8444367108527,median 5 warm calls on training rows; end-to-end preprocessing,6000.0,,,,,13.954031007997775,194.71498137216344,9.50859914692558,0.8373423786145353,,,,,,
6000.0,6000.0,1.0,11,2,regression,superconductivity,coerror_cert_b6000_k64,complete,,,,,,,0.1584501206371036,0.7835464766933955,0.7311284439721695,0.7311284439721695,0.904653156983496,1.8450314108389272,0.2577582889656192,81.0,185.21203613346825,64.0,equal,True,7615332,233.47284183488227,900.7176419999987,64,7348.0,3706.0,256,0.0932378328870982,2745.6665612336865,median 5 warm calls on training rows; end-to-end preprocessing,6000.0,,,,,13.773642969403692,189.71324064860377,9.47245754593752,0.8415206459627782,,,,,,
6000.0,6000.0,1.0,11,2,regression,superconductivity,abs_correlation_b6000_k64,complete,,,,,,,0.2302255285707162,0.6223932132451122,0.6239552644676615,0.6239552644676615,0.8788003711355511,2.4429363147935454,0.0709409576311105,81.0,268.43914732082044,64.0,equal,True,7392816,230.81842995877375,888.6732519999996,64,5426.0,2745.0,256,0.0813995411153882,3144.9808744880525,median 5 warm calls on training rows; end-to-end preprocessing,6000.0,,,,,16.602721142366974,275.65034933119927,12.435003870336123,0.7697319957595458,,,,,,
6000.0,6000.0,1.0,11,2,regression,superconductivity,signed_correlation_b6000_k64,complete,,,,,,,0.2302255285707162,0.6223932132451122,0.6239552644676615,0.6239552644676615,0.8788003711355511,2.4429363147935454,0.0709409576311105,81.0,268.43914732082044,64.0,equal,True,7392816,230.4513769997284,888.7556190000005,64,5426.0,2745.0,256,0.0801756661385297,3192.988749949093,median 5 warm calls on training rows; end-to-end preprocessing,6000.0,,,,,16.602721142366974,275.65034933119927,12.435003870336123,0.7697319957595458,,,,,,
6000.0,6000.0,1.0,11,2,regression,superconductivity,quality_diversity_l002_b6000_k64,complete,,,,,,,0.1624305508113922,0.7880798713365366,0.7686031203893796,0.7686031203893796,0.9370944799831288,1.67088050186651,0.3185236681335513,81.0,190.54944352892016,64.0,equal,True,7640596,233.95601604157127,902.1630179999992,64,7430.0,3747.0,256,0.0940735419280827,2721.2752358756384,median 5 warm calls on training rows; end-to-end preprocessing,6000.0,,,,,13.945573942538466,194.47903258680785,9.509521156821751,0.8375394814153793,,,,,,
6000.0,6000.0,1.0,11,2,regression,superconductivity,quality_diversity_l01_b6000_k64,complete,,,,,,,0.1612238041953256,0.7871087608463831,0.7512842300426777,0.7512842300426777,0.9370944799831288,1.7482219562687904,0.2869863731403284,81.0,187.1482461346843,64.0,equal,True,7627348,234.42646841704843,901.710357,64,7370.0,3717.0,256,0.0944797920528799,2709.574126250383,median 5 warm calls on training rows; end-to-end preprocessing,6000.0,,,,,13.89367438526152,193.03418792367208,9.5040052909761,0.838746450671268,,,,,,
6000.0,6000.0,1.0,11,2,regression,superconductivity,quality_diversity_l05_b6000_k64,complete,,,,,,,0.1594792050291471,0.7766558176489037,0.7140414315540078,0.7140414315540078,0.8880329618803777,1.9375773955393376,0.211840732641233,81.0,186.4380198555828,64.0,equal,True,7601892,233.47591062495485,897.8233300000002,64,7378.0,3721.0,256,0.0945762500632554,2706.810640396289,median 5 warm calls on training rows; end-to-end preprocessing,6000.0,,,,,13.818298350709556,190.94536930922249,9.547911035536671,0.8404913717088673,,,,,,
6000.0,6000.0,1.0,11,2,regression,superconductivity,caruana_b6000_k64,complete,,,,,,,0.1586975255770083,0.7852002105720343,0.729444216869562,0.729444216869562,0.8785348450159428,1.8315589808975117,0.2576866290919707,81.0,183.6553315192518,64.0,frequency_weighted,True,4038372,230.58054337464273,891.1635530000003,34,3914.0,1974.0,256,0.048941042041406,5230.783598424692,median 5 warm calls on training rows; end-to-end preprocessing,6000.0,,,,,13.784391898300044,190.00946000591992,9.451188192556344,0.8412731953776725,,,,,,
6000.0,6000.0,1.0,11,2,regression,superconductivity,coerror_swap_b6000_k64,complete,,,,,,,0.1584143931928456,0.7834367341690232,0.7307566087202036,0.7307566087202036,0.904653156983496,1.8469217512005685,0.2583768186335045,81.0,185.20936144846416,64.0,equal,True,7615508,233.19808449968696,899.5130689999996,64,7352.0,3708.0,256,0.0898385001346468,2849.5578133686104,median 5 warm calls on training rows; end-to-end preprocessing,6000.0,,,,,13.772090036524355,189.67046397413344,9.468097247354946,0.8415563799986037,,,,,,
6000.0,6000.0,1.0,11,2,regression,superconductivity,coerror_b6000_k256,complete,,,,,,,0.1611809636160981,0.7781870149653065,0.7348570571126052,0.7348570571126052,0.9370944799831288,1.8465695675604148,0.2415374526639556,81.0,189.88754731537213,256.0,equal,True,30496676,249.5426534167491,956.0864989999992,256,29442.0,14849.0,256,0.238185791997239,1074.7912285337636,median 5 warm calls on training rows; end-to-end preprocessing,6000.0,,,,,13.891828340855527,192.98289465179684,9.567640751877407,0.8387892991544073,,,,,,
1000.0,1000.0,1.0,11,2,regression,superconductivity,top_quality_f05_d3_b1000_k64,complete,,,,,,,0.2769252082990241,0.6672903562122818,0.8344531221706754,0.8344531221706754,0.9809376572128858,1.4227069794442022,0.0622933201058201,75.0,324.26902103559934,64.0,equal,True,7041392,227.46235416689888,881.9238609999993,64,960.0,512.0,256,0.0586486251559108,4364.978706993599,median 5 warm calls on training rows; end-to-end preprocessing,6000.0,,,,,18.20890288921607,331.56414442890133,13.160247270051002,0.7230237001310581,,,,,,
1000.0,1000.0,1.0,11,2,regression,superconductivity,coerror_f05_d3_b1000_k64,complete,,,,,,,0.2628293823774997,0.6489005728961899,0.7552686484472821,0.7552686484472821,0.980937657212898,1.7376833051761569,0.047644636558327,79.0,309.21601363817354,64.0,equal,True,7041156,227.61538404179737,882.1245720000006,64,960.0,512.0,256,0.0593065000139176,4316.558892194338,median 5 warm calls on training rows; end-to-end preprocessing,6000.0,,,,,17.739423073799298,314.68713099124295,13.0962706545737,0.7371221266748951,,,,,,
1000.0,1000.0,1.0,11,2,regression,superconductivity,top_quality_f05_d6_b1000_k64,complete,,,,,,,0.1824060630914585,0.7504413375869524,0.7459447870402305,0.7459447870402305,0.8688676021732034,1.77238929137775,0.0659466332829428,77.0,217.8264709269932,64.0,equal,True,7510713,227.72596608358435,882.9303570000011,64,7486.0,3775.0,256,0.0683082500472664,3747.717147238563,median 5 warm calls on training rows; end-to-end preprocessing,6000.0,,,,,14.778221419178202,218.3958283142574,10.307526867728711,0.817560283734881,,,,,,
1000.0,1000.0,1.0,11,2,regression,superconductivity,coerror_f05_d6_b1000_k64,complete,,,,,,,0.1790981063769557,0.7447094039301192,0.7110083403015274,0.7110083403015274,0.8688676021732034,1.95247994868501,0.0518254755605946,79.0,212.28094907866685,64.0,equal,True,7504624,227.87257720786147,883.1289580000002,64,7398.0,3731.0,256,0.0677612081635743,3777.9727802671496,median 5 warm calls on training rows; end-to-end preprocessing,6000.0,,,,,14.643605864564009,214.43519271669345,10.320060837672315,0.8208688507538873,,,,,,
1000.0,1000.0,1.0,11,2,regression,superconductivity,top_quality_f20_d3_b1000_k64,complete,,,,,,,0.2680463818465401,0.6893159626421317,0.8672310758793494,0.8672310758793494,1.0,1.3190974106313305,0.1313308388115658,81.0,314.4791648102132,64.0,equal,True,7089452,228.417885791976,885.789393,64,960.0,512.0,256,0.0848136250860989,3018.3829513255746,median 5 warm calls on training rows; end-to-end preprocessing,6000.0,,,,,17.914616224113647,320.9334744572759,12.754422304069688,0.7319041646907598,,,,,,
1000.0,1000.0,1.0,11,2,regression,superconductivity,coerror_f20_d3_b1000_k64,complete,,,,,,,0.2582763036758987,0.6756005915596179,0.7885795642143003,0.7885795642143003,0.9899278308497677,1.5935126522754492,0.1228377348158503,81.0,298.56924203554945,64.0,equal,True,7088732,228.60652874968943,886.0274330000002,64,960.0,512.0,256,0.0809422088786959,3162.7503566606933,median 5 warm calls on training rows; end-to-end preprocessing,6000.0,,,,,17.585098910103383,309.23570367811925,12.780921438316811,0.7416760454009209,,,,,,
1000.0,1000.0,1.0,11,2,regression,superconductivity,top_quality_f20_d6_b1000_k64,complete,,,,,,,0.1652319208106598,0.7787979228535007,0.7509262063495553,0.7509262063495553,0.8804269806193419,1.7498544600762382,0.132418806295253,81.0,194.416086324364,64.0,equal,True,7548428,229.39516395889223,889.5134599999992,64,7342.0,3703.0,256,0.0824569170363247,3104.651607180806,median 5 warm calls on training rows; end-to-end preprocessing,6000.0,,,,,14.06531652672482,197.83312899695835,9.70066796148174,0.8347375945747881,,,,,,
1000.0,1000.0,1.0,11,2,regression,superconductivity,coerror_f20_d6_b1000_k64,complete,,,,,,,0.1634756094662311,0.7756499979992298,0.7269308479334361,0.7269308479334361,0.855295520408606,1.8661403781193395,0.1275125253851382,81.0,190.91128724520613,64.0,equal,True,7550604,229.48215558379889,889.2539560000005,64,7370.0,3717.0,256,0.0829914170317351,3084.656331414463,median 5 warm calls on training rows; end-to-end preprocessing,6000.0,,,,,13.990364088333648,195.73028732413576,9.672659183411469,0.8364942299514867,,,,,,
1000.0,1000.0,1.0,11,2,regression,superconductivity,top_quality_f50_d3_b1000_k64,complete,,,,,,,0.27896163145794,0.6976460764685943,0.9246980011132364,0.9246980011132364,1.0,1.161953663167382,0.3529897818634298,81.0,325.9978922057889,64.0,equal,True,7184276,230.5101610829588,893.8403950000002,64,960.0,512.0,256,0.0919951249379664,2782.7561533573025,median 5 warm calls on training rows; end-to-end preprocessing,6000.0,,,,,18.275731601992504,334.00236558806745,12.861690758901558,0.7209869012603864,,,,,,
1000.0,1000.0,1.0,11,2,regression,superconductivity,coerror_f50_d3_b1000_k64,complete,,,,,,,0.2641221391929559,0.6845382081478245,0.8184743667013537,0.8184743667013537,1.0,1.47956894556498,0.3433825433735131,81.0,301.33977885541634,64.0,equal,True,7183540,230.6642305420246,894.1286879999998,64,960.0,512.0,256,0.0945392919238656,2707.868810844932,median 5 warm calls on training rows; end-to-end preprocessing,6000.0,,,,,17.78299626499237,316.23495616073257,12.80153511104124,0.7358291313510863,,,,,,
1000.0,1000.0,1.0,11,2,regression,superconductivity,top_quality_f50_d6_b1000_k64,complete,,,,,,,0.1626694904746171,0.7876612515112204,0.772654674227597,0.772654674227597,0.9370944799831288,1.6535657601795333,0.3481349729806751,81.0,191.9164991010945,64.0,equal,True,7649588,232.69156079157256,902.4345569999996,64,7432.0,3748.0,256,0.0958763340022414,2670.1062641174303,median 5 warm calls on training rows; end-to-end preprocessing,6000.0,,,,,13.955827328384132,194.7651164196734,9.499315179957836,0.8373004976687624,,,,,,
1000.0,1000.0,1.0,11,2,regression,superconductivity,coerror_f50_d6_b1000_k64,complete,,,,,,,0.160343044858787,0.7841618157157617,0.7392661366599611,0.7392661366599611,0.904653156983496,1.804578415038744,0.3471085688560579,81.0,186.72659390415168,64.0,equal,True,7646580,232.56335208495148,901.3925299999992,64,7392.0,3728.0,256,0.092924625147134,2754.9209867100058,median 5 warm calls on training rows; end-to-end preprocessing,6000.0,,,,,13.855672113073126,191.9796497049923,9.49634140292564,0.8396273725043069,,,,,,
,,,11,2,regression,superconductivity,random_forest,complete,,,,,,,0.0958192509422804,,,,,,,,,,,,230857123,87.87165516684763,87.92568099999971,256,3205136.0,1602696.0,256,0.0176265828777104,14523.518357249068,median 5 warm calls on training rows; end-to-end preprocessing,,87.87165516684763,87.92568099999971,1381007360.0,,10.710972887064168,114.72494018742373,5.969826702843125,0.904163070797264,,,,,,
,,,11,2,regression,superconductivity,extra_trees,complete,,,,,,,0.091560549079953,,,,,,,,,,,,344464051,29.98744387505576,30.005468000000292,256,4783010.0,2391633.0,256,0.0179592501372098,14254.492701206487,median 5 warm calls on training rows; end-to-end preprocessing,,29.98744387505576,30.005468000000292,1798242304.0,,10.47024221099278,109.625971956855,5.629777054512144,0.9084225583726918,,,,,,
,,,11,2,regression,superconductivity,xgboost,complete,,,,,,,0.0905161026338463,,,,,,,,,,,,1269697,3.2963425000198185,3.300046999999722,300,31012.0,15656.0,256,0.0018305419944226,139849.2909640888,median 5 warm calls on training rows; end-to-end preprocessing,,3.2963425000198185,3.300046999999722,1867350016.0,,10.410353030544297,108.3754502205628,6.343915157858212,0.909467197514902,,,,,,
,,,11,2,regression,superconductivity,lightgbm,complete,,,,,,,0.090234459555923,,,,,,,,,,,,850191,1.88727549999021,1.8882540000004155,300,18300.0,9300.0,256,0.0061320418026298,41747.92153083662,median 5 warm calls on training rows; end-to-end preprocessing,,1.88727549999021,1.8882540000004155,1893810176.0,,10.394144377662908,108.03823734370144,6.424127488710291,0.9097488925548228,,,,,,
,,,11,2,regression,superconductivity,catboost,complete,,,,,,,0.1106054201835531,,,,,,,,,,,,354041,5.035261082928628,5.0427539999991495,300,38100.0,19200.0,256,0.0015164581127464,168814.422138146,median 5 warm calls on training rows; end-to-end preprocessing,,5.035261082928628,5.0427539999991495,1942913024.0,,11.507758498153352,132.4285056518207,7.672329696119793,0.8893741735681558,,,,,,
,,,11,2,regression,superconductivity,linear,complete,,,,,,,0.2648212818556679,,,,,,,,,,,,9562,0.0848463750444352,0.0849630000002434,1,,,256,0.0010740419384092,238351.9589366949,median 5 warm calls on training rows; end-to-end preprocessing,,0.0848463750444352,0.0849630000002434,1943339008.0,82.0,17.806516888246406,317.0720436914045,13.6522430070289,0.7351298596994085,,,,,,
,,,11,2,regression,superconductivity,rf_leaf5,complete,,,,,,,0.090891160889354,,,,,,,,,,,,47500627,77.81972295814194,77.8599549999999,256,658518.0,329387.0,256,0.0135176670737564,18938.179095785315,median 5 warm calls on training rows; end-to-end preprocessing,,77.81972295814194,77.8599549999999,1949106176.0,,10.431898658765578,108.82450962675506,6.098682644364776,0.909092070062678,,,,,,
,,,11,2,regression,superconductivity,rf_shallow64,complete,,,,,,,0.1709970851713551,,,,,,,,,,,,556339,10.63983374997042,10.646703999999772,64,7346.0,3705.0,256,0.0027627500239759,92661.29681598253,median 5 warm calls on training rows; end-to-end preprocessing,,10.63983374997042,10.646703999999772,1949630464.0,,14.308591595266758,204.73579344013856,9.718633282994446,0.8289713665648142,,,,,,
,,,11,2,regression,superconductivity,random_patches64,complete,,,,,,,0.1808723425848386,,,,,,,,,,,,4095532,2.3557183330412954,2.3574280000002545,64,6886.0,3475.0,256,0.0476885829120874,5368.161190109775,median 5 warm calls on training rows; end-to-end preprocessing,,2.3557183330412954,2.3574280000002545,1954594816.0,,14.715960584739667,216.55949593161145,10.214553318962782,0.8190942872066703,,,,,,
1000.0,896.0,0.896,11,0,regression,california_housing,random_b1000_k16,complete,,,,,,,0.5817834872750528,0.2424838706012754,0.7543345411068934,0.7543345411068934,1.0,1.499069795053579,0.1886111111111111,8.0,0.772156761691794,16.0,equal,True,1797347,51.967556623974815,139.06525200000004,16,904.0,460.0,256,0.0129183330573141,19816.798255952755,median 5 warm calls on training rows; end-to-end preprocessing,6000.0,,,,,0.8893649578592975,0.79097002826807,0.6878809328438155,0.4179025925378695,,,,,,
1000.0,896.0,0.896,11,0,regression,california_housing,top_quality_b1000_k16,complete,,,,,,,0.2995444554541225,0.6297361862180315,0.8249514233647804,0.8249514233647804,1.0,1.411448757239677,0.6044444444444442,7.0,0.4071523877555746,16.0,equal,True,1876227,52.01836233190261,139.32556700000004,16,1986.0,1001.0,256,0.0171178330201655,14955.1639917518,median 5 warm calls on training rows; end-to-end preprocessing,6000.0,,,,,0.6381605613058352,0.4072489020061787,0.4579343896052754,0.7002939156004864,,,,,,
1000.0,896.0,0.896,11,0,regression,california_housing,coerror_b1000_k16,complete,,,,,,,0.2630472221553794,0.5831759272295136,0.634851065485164,0.634851065485164,1.0,2.1387438259280436,0.4344047619047619,8.0,0.3560168274300083,16.0,equal,True,1873699,52.09495208202861,139.407281,16,1954.0,985.0,256,0.0161097079981118,15891.039119393396,median 5 warm calls on training rows; end-to-end preprocessing,6000.0,,,,,0.5980206467995175,0.3576286939985132,0.4366075875487639,0.7368108421675252,,,,,,
1000.0,896.0,0.896,11,0,regression,california_housing,random_b1000_k64,complete,,,,,,,0.5625099032033617,0.2573480729088571,0.7605120361338233,0.7605120361338233,1.0,1.5438557154205736,0.1657478269085412,8.0,0.7475646045732826,64.0,equal,True,7240163,52.20087070809677,140.01588100000004,64,4100.0,2082.0,256,0.0622402501758188,4113.094007123055,median 5 warm calls on training rows; end-to-end preprocessing,6000.0,,,,,0.8745092445062969,0.7647664187269742,0.6763488162788955,0.4371865762981901,,,,,,
1000.0,896.0,0.896,11,0,regression,california_housing,top_quality_b1000_k64,complete,,,,,,,0.3113637148529907,0.6035647964254931,0.8146364710347318,0.8146364710347318,1.0,1.4786843775066705,0.455187074829932,8.0,0.4264581804427369,64.0,equal,True,7515507,52.49676316487603,141.05714800000004,64,7870.0,3967.0,256,0.0638878748286515,4007.0201221530174,median 5 warm calls on training rows; end-to-end preprocessing,6000.0,,,,,0.6506288526257379,0.4233179038690842,0.472093766046778,0.6884682787361128,,,,,,
1000.0,896.0,0.896,11,0,regression,california_housing,coerror_b1000_k64,complete,,,,,,,0.2643010245270096,0.5758329589868577,0.6438453377285509,0.6438453377285509,1.0,2.1869084652706676,0.4082813681027966,8.0,0.3585308747278429,64.0,equal,True,7510355,52.618307708064094,141.227742,64,7788.0,3926.0,256,0.0610531670972704,4193.066669123624,median 5 warm calls on training rows; end-to-end preprocessing,6000.0,,,,,0.5994441713491333,0.359333314564449,0.4382156167481384,0.7355563632660799,,,,,,
1000.0,896.0,0.896,11,0,regression,california_housing,random_b1000_k128,complete,,,,,,,0.5391206228876517,0.2763777017078496,0.7433283233104809,0.7433283233104809,1.0,1.625046539635106,0.1778244516310461,8.0,0.7112624616009116,128.0,equal,True,14533763,52.60232779127546,141.37904100000003,128,8568.0,4348.0,256,0.1032817920204252,2478.655675817214,median 5 warm calls on training rows; end-to-end preprocessing,6000.0,,,,,0.8561350768852245,0.7329672698732693,0.6592642894479371,0.4605884770601879,,,,,,
1000.0,896.0,0.896,11,0,regression,california_housing,top_quality_b1000_k128,complete,,,,,,,0.3249010857573339,0.5712446135826645,0.7858034550222335,0.7858034550222335,1.0,1.5871080028215023,0.3787987439070116,8.0,0.4432279777804074,128.0,equal,True,14967427,52.9973940406926,143.07072399999996,128,14510.0,7319.0,256,0.1131106249522417,2263.271024345324,median 5 warm calls on training rows; end-to-end preprocessing,6000.0,,,,,0.6646222858129861,0.4417227827992786,0.4853814597983399,0.6749236033033673,,,,,,
1000.0,896.0,0.896,11,0,regression,california_housing,coerror_b1000_k128,complete,,,,,,,0.280724716715547,0.5583026680980995,0.660257948422279,0.660257948422279,1.0,2.1943970820307452,0.3632211989126359,8.0,0.3800806789053407,128.0,equal,True,15041480,53.33793837414123,143.5320150000001,128,15522.0,7825.0,256,0.1439649590756744,1778.2104870771711,median 5 warm calls on training rows; end-to-end preprocessing,6000.0,,,,,0.6177882507729149,0.3816623227930579,0.4538618053419159,0.7191238091406931,,,,,,
3000.0,2670.0,0.89,11,0,regression,california_housing,random_b3000_k16,complete,,,,,,,0.3886725329248713,0.4129064832012733,0.6709609438850502,0.6709609438850502,0.9533716363549972,1.8920274383007945,0.2543849206349206,8.0,0.523899650637554,16.0,equal,True,1840291,52.26284754090011,139.47240500000004,16,1494.0,755.0,256,0.0143177499994635,17879.904315244472,median 5 warm calls on training rows; end-to-end preprocessing,6000.0,,,,,0.7269277426695344,0.5284239430626249,0.557015147111257,0.611117746179097,,,,,,
3000.0,2670.0,0.89,11,0,regression,california_housing,top_quality_b3000_k16,complete,,,,,,,0.317169706685765,0.6366048985364259,0.9094210706056696,0.9094210706056696,1.0,1.1838528452381345,0.7866666666666666,5.0,0.437803220752862,16.0,equal,True,1876051,52.10144745721482,139.37816600000002,16,1984.0,1000.0,256,0.0142408329993486,17976.476517329367,median 5 warm calls on training rows; end-to-end preprocessing,6000.0,,,,,0.6566669649211547,0.431211502818761,0.4740562578213034,0.6826591540917648,,,,,,
3000.0,2670.0,0.89,11,0,regression,california_housing,coerror_b3000_k16,complete,,,,,,,0.2630472221553795,0.5832015196257642,0.6348462543395502,0.6348462543395502,0.9999999999999998,2.1388064406372225,0.4344047619047619,8.0,0.3559947618688877,16.0,equal,True,1873699,52.20827249996364,139.42555399999998,16,1954.0,985.0,256,0.0130807089153677,19570.804736679165,median 5 warm calls on training rows; end-to-end preprocessing,6000.0,,,,,0.5980206467995176,0.3576286939985133,0.436607587548764,0.7368108421675251,,,,,,
3000.0,2670.0,0.89,11,0,regression,california_housing,random_b3000_k64,complete,,,,,,,0.5211680558578896,0.2898241622695651,0.7389806587497656,0.7389806587497656,1.0,1.6308755045360954,0.1900333049886621,8.0,0.6938945974460601,64.0,equal,True,7224408,52.39111066609621,140.28843600000002,64,3868.0,1966.0,256,0.0643517908174544,3978.133269456176,median 5 warm calls on training rows; end-to-end preprocessing,6000.0,,,,,0.8417598608448829,0.7085596633295965,0.6519099896626147,0.4785507309809047,,,,,,
3000.0,2670.0,0.89,11,0,regression,california_housing,top_quality_b3000_k64,complete,,,,,,,0.297250095370068,0.6218368751648345,0.8136286923009298,0.8136286923009298,1.0,1.4750216009304131,0.5248015873015872,8.0,0.4064443667234546,64.0,equal,True,7523187,52.587028625188395,141.249798,64,7960.0,4012.0,256,0.0724076658952981,3535.5372505747855,median 5 warm calls on training rows; end-to-end preprocessing,6000.0,,,,,0.6357118686602934,0.4041295799555621,0.4576193018936429,0.7025895136810851,,,,,,
3000.0,2670.0,0.89,11,0,regression,california_housing,coerror_b3000_k64,complete,,,,,,,0.2628837737026054,0.5831394171710782,0.6510169039874395,0.6510169039874395,1.0,2.153866207587678,0.461340230536659,8.0,0.3554051273653549,64.0,equal,True,7512152,52.974364790832624,141.33667100000005,64,7820.0,3942.0,256,0.0708515830338001,3613.186735402565,median 5 warm calls on training rows; end-to-end preprocessing,6000.0,,,,,0.5978348232479683,0.3574064758879295,0.4362925877141809,0.7369743788142236,,,,,,
3000.0,2670.0,0.89,11,0,regression,california_housing,random_b3000_k128,complete,,,,,,,0.5262704566933246,0.2875611717894285,0.7447991140230014,0.7447991140230014,1.0,1.6235406295654544,0.1777561984439445,8.0,0.6988123781925036,128.0,equal,True,14492675,52.69692049897276,141.50650900000002,128,8000.0,4064.0,256,0.1114085409790277,2297.8489597865846,median 5 warm calls on training rows; end-to-end preprocessing,6000.0,,,,,0.8458703727724208,0.7154966875341542,0.6514954044762825,0.4734455769792837,,,,,,
3000.0,2670.0,0.89,11,0,regression,california_housing,top_quality_b3000_k128,complete,,,,,,,0.3043031915066793,0.6129284487988604,0.8209586697145976,0.8209586697145976,1.0,1.457136987597644,0.475630389951256,8.0,0.4191252008526476,128.0,equal,True,15058835,53.26763499993831,143.86353400000004,128,15748.0,7938.0,256,0.1476220830809325,1734.1578892342975,median 5 warm calls on training rows; end-to-end preprocessing,6000.0,,,,,0.6432096804625309,0.4137186930407111,0.4663317467927066,0.6955326118172452,,,,,,
3000.0,2670.0,0.89,11,0,regression,california_housing,coerror_b3000_k128,complete,,,,,,,0.2630971809452077,0.5776200320084106,0.6461871740914266,0.6461871740914266,1.0,2.1967923978056336,0.4192022872140982,8.0,0.3565460582569935,128.0,equal,True,15048835,54.04628120805137,144.01283500000002,128,15624.0,7876.0,256,0.1251797080039978,2045.059890951529,median 5 warm calls on training rows; end-to-end preprocessing,6000.0,,,,,0.5980774331231686,0.3576966160111983,0.4373471042043896,0.7367608564208084,,,,,,
6000.0,5363.0,0.8938333333333334,11,0,regression,california_housing,random_b6000_k16,complete,,,,,,,0.5487123929920534,0.2811386099633837,0.7644599701079774,0.7644599701079774,0.986104031007629,1.49460912246849,0.1919444444444444,8.0,0.7330585440311098,16.0,equal,True,1781123,52.53152125002816,139.64275400000002,16,678.0,347.0,256,0.0131070001516491,19531.547801789733,median 5 warm calls on training rows; end-to-end preprocessing,6000.0,,,,,0.8637174680358781,0.7460078645903081,0.6711892160255092,0.4509915314045176,,,,,,
6000.0,5363.0,0.8938333333333334,11,0,regression,california_housing,top_quality_b6000_k16,complete,,,,,,,0.3183434809578545,0.6415371288633454,0.9320658029542508,0.9320658029542508,1.0,1.1359797596861962,0.8399999999999999,5.0,0.441485487970356,16.0,equal,True,1875475,52.22849053982645,139.54265300000003,16,1976.0,996.0,256,0.0161544999573379,15846.97766418423,median 5 warm calls on training rows; end-to-end preprocessing,6000.0,,,,,0.657880931717124,0.4328073203169912,0.4724700480112774,0.6814847464716222,,,,,,
6000.0,5363.0,0.8938333333333334,11,0,regression,california_housing,coerror_b6000_k16,complete,,,,,,,0.2630472221553794,0.5832143158238894,0.6348518277629853,0.6348518277629853,1.0,2.138742421311494,0.4344047619047619,8.0,0.3559885751960892,16.0,equal,True,1873699,52.5528693748638,139.79396700000004,16,1954.0,985.0,256,0.0157412500120699,16263.003243307014,median 5 warm calls on training rows; end-to-end preprocessing,6000.0,,,,,0.5980206467995174,0.3576286939985131,0.4366075875487639,0.7368108421675252,,,,,,
6000.0,5363.0,0.8938333333333334,11,0,regression,california_housing,random_b6000_k64,complete,,,,,,,0.5302710778475093,0.2798664586681266,0.7353115219946628,0.7353115219946628,1.0,1.5900869530416355,0.1688952664399093,8.0,0.7031932400849701,64.0,equal,True,7249299,52.52358716633171,140.34450300000006,64,4222.0,2143.0,256,0.0638879588805139,4007.014850463177,median 5 warm calls on training rows; end-to-end preprocessing,6000.0,,,,,0.8490793692374128,0.7209357752646027,0.6565289793240745,0.4694427971599449,,,,,,
6000.0,5363.0,0.8938333333333334,11,0,regression,california_housing,top_quality_b6000_k64,complete,,,,,,,0.3006089444154614,0.6279676180436449,0.8364374693714983,0.8364374693714983,1.0,1.3963887530700354,0.6083994708994709,7.0,0.4107878780741288,64.0,equal,True,7522467,52.73416053992696,141.33338000000003,64,7950.0,4007.0,256,0.0653361659497022,3918.197468107885,median 5 warm calls on training rows; end-to-end preprocessing,6000.0,,,,,0.6392934689788249,0.4086961394789797,0.4606368862654499,0.6992288522595351,,,,,,
6000.0,5363.0,0.8938333333333334,11,0,regression,california_housing,coerror_b6000_k64,complete,,,,,,,0.2632749754846759,0.5838582804771089,0.6522179821881924,0.6522179821881924,1.0,2.1471886004461056,0.4718891723356008,8.0,0.3553454775207592,64.0,equal,True,7512008,53.67905412521213,142.05919800000004,64,7818.0,3941.0,256,0.074314790777862,3444.805499960593,median 5 warm calls on training rows; end-to-end preprocessing,6000.0,,,,,0.5982794819304813,0.3579383384990051,0.4364134408758439,0.7365829659465185,,,,,,
6000.0,5363.0,0.8938333333333334,11,0,regression,california_housing,random_b6000_k128,complete,,,,,,,0.5450818181131548,0.2761271856684452,0.7566207682450427,0.7566207682450427,1.0,1.5827005376012884,0.1764482564679415,8.0,0.7214105419376478,128.0,equal,True,14419443,53.18823312385939,142.08928500000002,128,6982.0,3555.0,256,0.1504094591364264,1702.0206140612431,median 5 warm calls on training rows; end-to-end preprocessing,6000.0,,,,,0.8608553172705792,0.7410718772730295,0.6655488575359961,0.4546240652780768,,,,,,
6000.0,5363.0,0.8938333333333334,11,0,regression,california_housing,top_quality_b6000_k128,complete,,,,,,,0.2977602280806982,0.6214820373404573,0.8146990254900051,0.8146990254900051,1.0,1.4748930768148962,0.525665541807274,8.0,0.406661806721298,128.0,equal,True,15071603,53.71925454190932,144.52107200000003,128,15926.0,8027.0,256,0.1499210421461612,1707.565504716944,median 5 warm calls on training rows; end-to-end preprocessing,6000.0,,,,,0.6362571307231165,0.404823136396013,0.4580140043884742,0.702079105711773,,,,,,
6000.0,5363.0,0.8938333333333334,11,0,regression,california_housing,coerror_b6000_k128,complete,,,,,,,0.2632343203142372,0.5821801411692935,0.6521565293424738,0.6521565293424738,1.0,2.166670942241635,0.4602977362204724,8.0,0.3554346349877329,128.0,equal,True,15050115,55.573040791088715,145.83368900000002,128,15648.0,7888.0,256,0.1488480828702449,1719.874351510206,median 5 warm calls on training rows; end-to-end preprocessing,6000.0,,,,,0.5982332867056281,0.3578830653226183,0.4365474762983437,0.7366236430537756,,,,,,
300.0,272.0,0.9066666666666666,11,0,regression,california_housing,top_quality_b300_k64,complete,,,,,,,0.3443447497351419,0.5358026805208683,0.7651632173771746,0.7651632173771746,1.0,1.5985108334398408,0.3638156651549509,8.0,0.4690985696926595,64.0,equal,True,7296035,52.389910539845005,140.81567700000002,64,4822.0,2443.0,256,0.0752980418037623,3399.8228090336447,median 5 warm calls on training rows; end-to-end preprocessing,6000.0,,,,,0.6842204515468869,0.4681576263150258,0.507931477271183,0.6554694478647892,,,,,,
300.0,272.0,0.9066666666666666,11,0,regression,california_housing,coerror_b300_k64,complete,,,,,,,0.3120027008462792,0.5103766263447078,0.6576650317501455,0.6576650317501455,1.0,2.185958296178839,0.327832105064248,8.0,0.4216748382515515,64.0,equal,True,7422392,52.48997083120048,141.132258,64,6576.0,3320.0,256,0.0743407499976456,3443.602600298054,median 5 warm calls on training rows; end-to-end preprocessing,6000.0,,,,,0.6512961263378356,0.4241866441826699,0.485098097245011,0.6878289479571662,,,,,,
6000.0,5363.0,0.8938333333333334,11,0,regression,california_housing,random_cert_b6000_k64,complete,,,,,,,0.5001488764313492,0.3112659632486411,0.7349457925864766,0.7349457925864766,1.0,1.660049453070624,0.2019498771730914,8.0,0.6658417127975754,64.0,equal,True,7241272,52.8681186249014,140.81757000000002,64,4100.0,2082.0,256,0.0642709170933812,3983.139055384091,median 5 warm calls on training rows; end-to-end preprocessing,6000.0,,,,,0.8246107025480197,0.6799828107567386,0.6352133812708859,0.4995812519887759,,,,,,
6000.0,5363.0,0.8938333333333334,11,0,regression,california_housing,top_quality_cert_b6000_k64,complete,,,,,,,0.3006089444154614,0.6279676180436449,0.8364374693714983,0.8364374693714983,1.0,1.3963887530700354,0.6083994708994709,7.0,0.4107878780741288,64.0,equal,True,7522467,52.73215858312324,141.380894,64,7950.0,4007.0,256,0.0631871670484542,4051.455571725341,median 5 warm calls on training rows; end-to-end preprocessing,6000.0,,,,,0.6392934689788249,0.4086961394789797,0.4606368862654499,0.6992288522595351,,,,,,
6000.0,5363.0,0.8938333333333334,11,0,regression,california_housing,coerror_cert_b6000_k64,complete,,,,,,,0.2632749754846759,0.5838582804771089,0.6522179821881924,0.6522179821881924,1.0,2.147188600446106,0.4718891723356008,8.0,0.3553454775207592,64.0,equal,True,7512008,53.48677795799449,141.79125900000005,64,7818.0,3941.0,256,0.067315915832296,3802.9639325976377,median 5 warm calls on training rows; end-to-end preprocessing,6000.0,,,,,0.5982794819304813,0.3579383384990051,0.4364134408758439,0.7365829659465185,,,,,,
6000.0,5363.0,0.8938333333333334,11,0,regression,california_housing,abs_correlation_b6000_k64,complete,,,,,,,0.2932579114176568,0.5088187443037403,0.6099893086629973,0.6099893086629973,1.0,2.380403944123904,0.3520856953892667,8.0,0.3957784652872567,64.0,equal,True,7503763,54.29030845803209,142.70519300000004,64,7700.0,3882.0,256,0.0742982081137597,3445.5743482808134,median 5 warm calls on training rows; end-to-end preprocessing,6000.0,,,,,0.6314285098995588,0.3987019631139772,0.4692969049638668,0.7065838517460841,,,,,,
6000.0,5363.0,0.8938333333333334,11,0,regression,california_housing,signed_correlation_b6000_k64,complete,,,,,,,0.2932579114176568,0.5088187443037403,0.6099893086629973,0.6099893086629973,1.0,2.380403944123904,0.3520856953892667,8.0,0.3957784652872567,64.0,equal,True,7503763,53.96020804229192,142.48835600000007,64,7700.0,3882.0,256,0.0749785839579999,3414.308279593559,median 5 warm calls on training rows; end-to-end preprocessing,6000.0,,,,,0.6314285098995588,0.3987019631139772,0.4692969049638668,0.7065838517460841,,,,,,
6000.0,5363.0,0.8938333333333334,11,0,regression,california_housing,quality_diversity_l002_b6000_k64,complete,,,,,,,0.3006089444154614,0.627967618043645,0.8364374693714988,0.8364374693714988,1.0,1.396388753070038,0.6083994708994709,7.0,0.4107878780741288,64.0,equal,True,7522467,54.16273745778017,142.902551,64,7950.0,4007.0,256,0.0752284999471157,3402.9656337686274,median 5 warm calls on training rows; end-to-end preprocessing,6000.0,,,,,0.6392934689788249,0.4086961394789797,0.4606368862654499,0.6992288522595351,,,,,,
6000.0,5363.0,0.8938333333333334,11,0,regression,california_housing,quality_diversity_l01_b6000_k64,complete,,,,,,,0.2995389691537651,0.627340450935548,0.8252314944114132,0.8252314944114132,1.0,1.4346980937424871,0.6120370370370368,7.0,0.4060658008727711,64.0,equal,True,7522451,54.1570353328716,142.903899,64,7950.0,4007.0,256,0.0867009998764842,2952.676443924545,median 5 warm calls on training rows; end-to-end preprocessing,6000.0,,,,,0.6381547171707107,0.4072414430472297,0.4591072991251299,0.7002994048611554,,,,,,
6000.0,5363.0,0.8938333333333334,11,0,regression,california_housing,quality_diversity_l05_b6000_k64,complete,,,,,,,0.2634995811261986,0.5862309547365034,0.6562152451288175,0.6562152451288175,1.0,2.1148238928378404,0.4719009826152682,8.0,0.3555175317550455,64.0,equal,True,7512232,54.06414295802824,142.76663099999993,64,7822.0,3943.0,256,0.1151074171066284,2224.0095941242203,median 5 warm calls on training rows; end-to-end preprocessing,6000.0,,,,,0.5985346301815485,0.358243703526563,0.4366232240426908,0.7363582391117227,,,,,,
6000.0,5363.0,0.8938333333333334,11,0,regression,california_housing,caruana_b6000_k64,complete,,,,,,,0.2632749754846759,0.568041043136899,0.6161313929404416,0.6161313929404416,1.0,2.2309223427389027,0.428781512605042,8.0,0.3553315814464257,64.0,frequency_weighted,True,1990408,52.7472470398061,140.11638100000008,17,2071.0,1044.0,256,0.0196444171015173,13031.69234684122,median 5 warm calls on training rows; end-to-end preprocessing,6000.0,,,,,0.5982794819304813,0.3579383384990051,0.4364134408758438,0.7365829659465185,,,,,,
6000.0,5363.0,0.8938333333333334,11,0,regression,california_housing,coerror_swap_b6000_k64,complete,,,,,,,0.2631290352922638,0.5833037582964694,0.6512065901474778,0.6512065901474778,1.0,2.1503594443285534,0.4652872260015117,8.0,0.3553371988571354,64.0,equal,True,7512168,53.92745887488127,142.66202199999995,64,7820.0,3942.0,256,0.0874814998824149,2926.333000052503,median 5 warm calls on training rows; end-to-end preprocessing,6000.0,,,,,0.598113637976123,0.3577399239330327,0.4364257979898301,0.736728984885704,,,,,,
6000.0,5363.0,0.8938333333333334,11,0,regression,california_housing,coerror_b6000_k256,complete,,,,,,,0.2634466576436416,0.577443502966892,0.6473800554734255,0.6473800554734255,1.0,2.2005878114159025,0.4236715102707749,8.0,0.3565967517988166,256.0,equal,True,30096483,59.25957258208655,152.29576699999998,256,31258.0,15757.0,256,0.2988287501502782,856.6779463865507,median 5 warm calls on training rows; end-to-end preprocessing,6000.0,,,,,0.5984745197866279,0.3581717508338348,0.4375391526959112,0.7364111911508646,,,,,,
1000.0,748.0,0.748,11,0,regression,california_housing,top_quality_f05_d3_b1000_k64,complete,,,,,,,0.5119233009818996,0.4736033627295515,1.0,1.0,1.0,1.000000000000009,1.0,1.0,0.6931478547167471,64.0,equal,True,7010499,52.101612041238695,139.49624100000003,64,960.0,512.0,256,0.054556458024308,4692.386736065913,median 5 warm calls on training rows; end-to-end preprocessing,6000.0,,,,,0.8342606648506335,0.6959908569170211,0.6270919404620701,0.4878004741648196,,,,,,
1000.0,748.0,0.748,11,0,regression,california_housing,coerror_f05_d3_b1000_k64,complete,,,,,,,0.4746368659831621,0.4049708562912965,0.8296378293990095,0.8296378293990095,1.0,1.437813053964892,0.5892857142857143,2.0,0.6367279454367373,64.0,equal,True,7010499,52.20668891607784,139.52061400000005,64,960.0,512.0,256,0.0559496660716831,4575.54116001355,median 5 warm calls on training rows; end-to-end preprocessing,6000.0,,,,,0.803304227057301,0.6452976812081278,0.6109001005286183,0.5251070282712773,,,,,,
1000.0,748.0,0.748,11,0,regression,california_housing,top_quality_f05_d6_b1000_k64,complete,,,,,,,0.5077679044500626,0.4713407101131524,1.0,1.0,1.0,1.0000000000000058,1.0,1.0,0.6961272673800876,64.0,equal,True,7489731,52.09877699916251,139.64911700000007,64,7616.0,3840.0,256,0.057956124888733,4417.134521872903,median 5 warm calls on training rows; end-to-end preprocessing,6000.0,,,,,0.8308678250173204,0.6903413426490126,0.6217061184004724,0.4919581128758955,,,,,,
1000.0,748.0,0.748,11,0,regression,california_housing,coerror_f05_d6_b1000_k64,complete,,,,,,,0.4557251787260001,0.4040148711036617,0.7920369195178892,0.7920369195178892,1.0,1.533320687112658,0.5218253968253969,3.0,0.612695365224874,64.0,equal,True,7489731,52.25383016606793,139.73538600000003,64,7616.0,3840.0,256,0.0551153749693185,4644.801929452707,median 5 warm calls on training rows; end-to-end preprocessing,6000.0,,,,,0.787137911926968,0.6195860923927472,0.5956051382978406,0.5440289199438818,,,,,,
1000.0,965.0,0.965,11,0,regression,california_housing,top_quality_f20_d3_b1000_k64,complete,,,,,,,0.457182859894281,0.4997069317414182,0.948252555204869,0.948252555204869,1.0,1.1070516920854032,0.6511243386243385,4.0,0.625081820065207,64.0,equal,True,7013710,52.13741395738907,139.66381499999997,64,960.0,512.0,256,0.0565310828387737,4528.482157861902,median 5 warm calls on training rows; end-to-end preprocessing,6000.0,,,,,0.7883957753440027,0.6215678985802712,0.6005660590531396,0.5425704522363555,,,,,,
1000.0,965.0,0.965,11,0,regression,california_housing,coerror_f20_d3_b1000_k64,complete,,,,,,,0.4263972299921194,0.437548994426375,0.8016827730852808,0.8016827730852808,1.0,1.562112121720031,0.408234126984127,7.0,0.5792026750766542,64.0,equal,True,7013704,52.29021599935368,139.82745500000007,64,960.0,512.0,256,0.0551253329031169,4643.962884540241,median 5 warm calls on training rows; end-to-end preprocessing,6000.0,,,,,0.7613888380477281,0.5797129627036695,0.5830305705506477,0.5733726935255874,,,,,,
1000.0,902.0,0.902,11,0,regression,california_housing,top_quality_f20_d6_b1000_k64,complete,,,,,,,0.3605076393075676,0.5726287993196782,0.873263272111855,0.873263272111855,1.0,1.2789711815619005,0.6643518518518519,3.0,0.4925442998264825,64.0,equal,True,7507192,52.26012262515724,140.22893900000005,64,7814.0,3939.0,256,0.0619347090832889,4133.385040296788,median 5 warm calls on training rows; end-to-end preprocessing,6000.0,,,,,0.7000943204512113,0.4901320575280434,0.514977251444196,0.6392978370800411,,,,,,
1000.0,902.0,0.902,11,0,regression,california_housing,coerror_f20_d6_b1000_k64,complete,,,,,,,0.2943556135689528,0.5461609818569586,0.661489440482129,0.661489440482129,1.0,1.9318102854753805,0.4462632275132275,5.0,0.3969928087085295,64.0,equal,True,7497128,52.3466661660932,140.17742200000006,64,7674.0,3869.0,256,0.0600047919433563,4266.325933463116,median 5 warm calls on training rows; end-to-end preprocessing,6000.0,,,,,0.6326091652340847,0.4001943559381655,0.4679647307236435,0.7054855572939197,,,,,,
1000.0,1000.0,1.0,11,0,regression,california_housing,top_quality_f50_d3_b1000_k64,complete,,,,,,,0.4595158278670767,0.5165485785515121,0.9967500491608674,0.9967500491608674,1.0,1.0063964247469783,0.6562830687830687,7.0,0.6345602003800849,64.0,equal,True,7019171,52.31841024919413,140.3872440000001,64,960.0,512.0,256,0.0648488749284297,3947.6398053556622,median 5 warm calls on training rows; end-to-end preprocessing,6000.0,,,,,0.7904047763034552,0.6247397104033151,0.5973759094566657,0.5402362254348744,,,,,,
1000.0,1000.0,1.0,11,0,regression,california_housing,coerror_f50_d3_b1000_k64,complete,,,,,,,0.4238421958233371,0.4372087268434376,0.7978852113498303,0.7978852113498303,1.0,1.591996477255993,0.3966978458049886,8.0,0.5755587827964052,64.0,equal,True,7019171,52.50725179188885,140.54782500000002,64,960.0,512.0,256,0.0645152500364929,3968.0540624921086,median 5 warm calls on training rows; end-to-end preprocessing,6000.0,,,,,0.7591042342021903,0.5762392383836937,0.5797993308732349,0.5759291063460876,,,,,,
1000.0,1000.0,1.0,11,0,regression,california_housing,top_quality_f50_d6_b1000_k64,complete,,,,,,,0.3006089444154614,0.6279676180436449,0.8364374693714983,0.8364374693714983,1.0,1.3963887530700354,0.6083994708994709,7.0,0.4107878780741288,64.0,equal,True,7522467,52.5429827910848,141.25588600000006,64,7950.0,4007.0,256,0.074827958131209,3421.1811519847993,median 5 warm calls on training rows; end-to-end preprocessing,6000.0,,,,,0.6392934689788249,0.4086961394789797,0.4606368862654499,0.6992288522595351,,,,,,
1000.0,1000.0,1.0,11,0,regression,california_housing,coerror_f50_d6_b1000_k64,complete,,,,,,,0.2633076283035996,0.5831035363668806,0.6520465886992989,0.6520465886992989,1.0,2.158959185618745,0.4656934996220709,8.0,0.355667196952593,64.0,equal,True,7513827,52.64725983282551,141.3048080000001,64,7830.0,3947.0,256,0.0735041250009089,3482.797734097702,median 5 warm calls on training rows; end-to-end preprocessing,6000.0,,,,,0.5983165817457321,0.3579827319918973,0.4362634243934646,0.7365502955087051,,,,,,
,,,11,0,regression,california_housing,random_forest,complete,,,,,,,0.1909411122098216,,,,,,,,,,,,299696627,13.438349541975183,13.445808,256,4161298.0,2080777.0,256,0.0167222919408231,15308.906273490027,median 5 warm calls on training rows; end-to-end preprocessing,,13.438349541975183,13.445808,1632157696.0,,0.5095056946404203,0.2595960528710171,0.3355557615752028,0.8089558593079735,,,,,,
,,,11,0,regression,california_housing,extra_trees,complete,,,,,,,0.1873389580671666,,,,,,,,,,,,478524467,5.375151709187776,5.379091000000017,256,6645018.0,3322637.0,256,0.0181995830498635,14066.25631469722,median 5 warm calls on training rows; end-to-end preprocessing,,5.375151709187776,5.379091000000017,2075672576.0,,0.5046768325105493,0.2546987052728809,0.3336488496395496,0.8125599571099573,,,,,,
,,,11,0,regression,california_housing,xgboost,complete,,,,,,,0.1593606838371442,,,,,,,,,,,,1376884,0.4296316669788211,0.4127579999999966,300,34294.0,17297.0,256,0.0014384158421307,177973.5682143054,median 5 warm calls on training rows; end-to-end preprocessing,,0.4296316669788211,0.4127579999999966,2096529408.0,,0.4654680871373817,0.2166605401433331,0.3094771755542242,0.8405533279270649,,,,,,
,,,11,0,regression,california_housing,lightgbm,complete,,,,,,,0.1560725111666314,,,,,,,,,,,,862275,0.2814417078625411,0.2704340000000229,300,18300.0,9300.0,256,0.0048192080575972,53120.76111684507,median 5 warm calls on training rows; end-to-end preprocessing,,0.2814417078625411,0.2704340000000229,2127904768.0,,0.4606409333193071,0.2121900694492823,0.3072418037542896,0.8438432748379996,,,,,,
,,,11,0,regression,california_housing,catboost,complete,,,,,,,0.1720887577678904,,,,,,,,,,,,344640,0.8056111671030521,0.7035589999999843,300,38100.0,19200.0,256,0.000984749989584,259964.46073395977,median 5 warm calls on training rows; end-to-end preprocessing,,0.8056111671030521,0.7035589999999843,2162671616.0,,0.4836994217754203,0.2339651306258759,0.329751204094899,0.8278183861503986,,,,,,
,,,11,0,regression,california_housing,linear,complete,,,,,,,0.3817532074212157,,,,,,,,,,,,3106,0.012156750075519,0.0110689999999635,1,,,256,0.0007419160101562,345052.5349170957,median 5 warm calls on training rows; end-to-end preprocessing,,0.012156750075519,0.0110689999999635,2163261440.0,9.0,0.7204281361019682,0.519016699287356,0.5292430585222426,0.618040805229689,,,,,,
,,,11,0,regression,california_housing,rf_leaf5,complete,,,,,,,0.1965701433721028,,,,,,,,,,,,49701107,11.0177993751131,10.96280900000005,256,689138.0,344697.0,256,0.0135636660270392,18873.953361109136,median 5 warm calls on training rows; end-to-end preprocessing,,11.0177993751131,10.96280900000005,2203140096.0,,0.5169613747935767,0.2672490630284649,0.3397692894016103,0.8033237908189993,,,,,,
,,,11,0,regression,california_housing,rf_shallow64,complete,,,,,,,0.2883585065887675,,,,,,,,,,,,580259,1.4922863750252873,1.4935219999999845,64,7736.0,3900.0,256,0.002845250070095,89974.51671847136,median 5 warm calls on training rows; end-to-end preprocessing,,1.4922863750252873,1.4935219999999845,2207629312.0,,0.6261317148365662,0.392040924324179,0.4499655431597128,0.7114859002080671,,,,,,
,,,11,0,regression,california_housing,random_patches64,complete,,,,,,,0.5195593538418632,,,,,,,,,,,,4023296,0.4979106248356402,0.4984079999999835,64,6834.0,3449.0,256,0.0439176668878644,5829.089251340423,median 5 warm calls on training rows; end-to-end preprocessing,,0.4979106248356402,0.4984079999999835,2208448512.0,,0.8404597165338907,0.7063725351162279,0.6484865426008479,0.4801603010243827,,,,,,
1000.0,904.0,0.904,11,1,regression,california_housing,random_b1000_k16,complete,,,,,,,0.5623785503984208,0.2731017178704341,0.7317468608716536,0.7317468608716536,1.0,1.5218913597269872,0.1513690476190476,8.0,0.7274377002408816,16.0,equal,True,1794792,57.71443770872429,150.817706,16,870.0,443.0,256,0.0121890839654952,21002.39859899915,median 5 warm calls on training rows; end-to-end preprocessing,6000.0,,,,,0.8646835389237898,0.7476776224857692,0.6710440899727107,0.43762017272325,,,,,,
1000.0,904.0,0.904,11,1,regression,california_housing,top_quality_b1000_k16,complete,,,,,,,0.3310064040811945,0.6278748577844655,0.8337914466410723,0.8337914466410723,1.0,1.3810685935166576,0.5685714285714283,7.0,0.418514058667861,16.0,equal,True,1868163,57.69864608254284,151.000974,16,1874.0,945.0,256,0.0143296248279511,17865.087402752477,median 5 warm calls on training rows; end-to-end preprocessing,6000.0,,,,,0.6633779249200988,0.4400702712712962,0.4708210405320165,0.6689928443700419,,,,,,
1000.0,904.0,0.904,11,1,regression,california_housing,coerror_b1000_k16,complete,,,,,,,0.2791230561187401,0.5823871498823189,0.6077149110490279,0.6077149110490279,1.0,2.264423162387143,0.3749206349206349,8.0,0.3482049228194429,16.0,equal,True,1870035,57.752800457179546,151.05494200000004,16,1902.0,959.0,256,0.0163327921181917,15673.98875510472,median 5 warm calls on training rows; end-to-end preprocessing,6000.0,,,,,0.6091730378944569,0.3710917900975613,0.4440706575792879,0.7208763101334377,,,,,,
1000.0,904.0,0.904,11,1,regression,california_housing,random_b1000_k64,complete,,,,,,,0.5019521142998887,0.3264745209683868,0.7201078740923188,0.7201078740923188,1.0,1.7251860393954808,0.1903202947845805,8.0,0.6461866159300362,64.0,equal,True,7244632,58.01252024900168,152.0099350000001,64,4152.0,2108.0,256,0.0725337080657482,3529.393530631974,median 5 warm calls on training rows; end-to-end preprocessing,6000.0,,,,,0.8169095276890996,0.6673411764292279,0.6280734145198986,0.498046746019772,,,,,,
1000.0,904.0,0.904,11,1,regression,california_housing,top_quality_b1000_k64,complete,,,,,,,0.34518698061287,0.6092103925931434,0.8352782688922098,0.8352782688922098,1.0,1.410609237346675,0.447392290249433,8.0,0.4359043475285663,64.0,equal,True,7492563,58.255756539525464,153.06654799999995,64,7548.0,3806.0,256,0.0745054590515792,3435.989835627672,median 5 warm calls on training rows; end-to-end preprocessing,6000.0,,,,,0.6774387280483815,0.4589232302598089,0.4846763312922458,0.6548122356414221,,,,,,
1000.0,904.0,0.904,11,1,regression,california_housing,coerror_b1000_k64,complete,,,,,,,0.2842800385487287,0.5751247374219901,0.628894392959791,0.628894392959791,1.0,2.290565574010024,0.3951932161753589,8.0,0.3552289733581785,64.0,equal,True,7495347,58.43880387325771,153.32403200000005,64,7584.0,3824.0,256,0.0739034581929445,3463.978631847569,median 5 warm calls on training rows; end-to-end preprocessing,6000.0,,,,,0.6147747193109069,0.3779479555038043,0.4475874409497943,0.7157193159945404,,,,,,
1000.0,904.0,0.904,11,1,regression,california_housing,random_b1000_k128,complete,,,,,,,0.5448840435859722,0.2844865402956738,0.7381093913061487,0.7381093913061487,1.0,1.6209756830029045,0.1732277605924259,8.0,0.7064852372203552,128.0,equal,True,14448195,58.60439066472463,154.02866799999998,128,7384.0,3756.0,256,0.1441899170167744,1775.4362114669786,median 5 warm calls on training rows; end-to-end preprocessing,6000.0,,,,,0.8511279696088913,0.7244188206505537,0.6580953918073644,0.4551147192569087,,,,,,
1000.0,904.0,0.904,11,1,regression,california_housing,top_quality_b1000_k128,complete,,,,,,,0.3515035821418348,0.5813955441893374,0.7922125540412869,0.7922125540412869,1.0,1.5505838044680926,0.3766076115485564,8.0,0.4422309521856248,128.0,equal,True,14986435,59.00049754069187,155.85696899999988,128,14774.0,7451.0,256,0.1462534160818904,1750.3864652068028,median 5 warm calls on training rows; end-to-end preprocessing,6000.0,,,,,0.6836088791470687,0.4673210996487116,0.4938357444198084,0.6484956197706379,,,,,,
1000.0,904.0,0.904,11,1,regression,california_housing,coerror_b1000_k128,complete,,,,,,,0.3005100110933539,0.5628557825014535,0.6538137313964394,0.6538137313964394,1.0,2.2333479231018347,0.3527184101987251,8.0,0.3759952844052423,128.0,equal,True,15013779,59.03704829188064,155.34832999999986,128,15140.0,7634.0,256,0.1449351250194013,1766.307511486476,median 5 warm calls on training rows; end-to-end preprocessing,6000.0,,,,,0.632080350516277,0.3995255695087796,0.4618081674445114,0.6994893065998252,,,,,,
3000.0,2695.0,0.8983333333333333,11,1,regression,california_housing,random_b3000_k16,complete,,,,,,,0.5220659525587126,0.3091765696209106,0.7076136055961072,0.7076136055961072,0.9772446081376088,1.6452171824185389,0.2048809523809524,8.0,0.6722561083823339,16.0,equal,True,1822467,58.02755412342958,151.1619520000002,16,1252.0,634.0,256,0.0144758750684559,17684.595838896403,median 5 warm calls on training rows; end-to-end preprocessing,6000.0,,,,,0.8331160529702657,0.6940823577167546,0.6405369569312381,0.477932862092556,,,,,,
3000.0,2695.0,0.8983333333333333,11,1,regression,california_housing,top_quality_b3000_k16,complete,,,,,,,0.3488865874651139,0.6396194857388218,0.9163929682334157,0.9163929682334157,1.0,1.1705825899555862,0.7633333333333333,5.0,0.4425160956755415,16.0,equal,True,1866691,57.81332087377086,151.127947,16,1854.0,935.0,256,0.0161947919987142,15807.550971962171,median 5 warm calls on training rows; end-to-end preprocessing,6000.0,,,,,0.6810593416966627,0.4638418269122916,0.4858651921150436,0.6511126203892351,,,,,,
3000.0,2695.0,0.8983333333333333,11,1,regression,california_housing,coerror_b3000_k16,complete,,,,,,,0.2795715652917895,0.5943816213477637,0.6274502714098793,0.6274502714098793,1.0,2.1874064542954597,0.3762698412698412,8.0,0.3468859727818839,16.0,equal,True,1869027,57.94123870762997,151.24274499999996,16,1888.0,952.0,256,0.0163255420047789,15680.949516105562,median 5 warm calls on training rows; end-to-end preprocessing,6000.0,,,,,0.6096622666087054,0.3716880793264642,0.4434847859081274,0.7204277999420501,,,,,,
3000.0,2695.0,0.8983333333333333,11,1,regression,california_housing,random_b3000_k64,complete,,,,,,,0.5293446600065215,0.3036999330595909,0.7363156433130762,0.7363156433130762,1.0,1.6351605526738138,0.1750307067271352,8.0,0.6830128122104314,64.0,equal,True,7278931,58.09550966601819,152.0028650000001,64,4634.0,2349.0,256,0.0631879169959575,4051.407486915225,median 5 warm calls on training rows; end-to-end preprocessing,6000.0,,,,,0.8389036529614508,0.7037593389520662,0.648297219918477,0.47065413811847,,,,,,
3000.0,2695.0,0.8983333333333333,11,1,regression,california_housing,top_quality_b3000_k64,complete,,,,,,,0.3302560378625875,0.6282475594605823,0.8377020256185614,0.8377020256185614,1.0,1.3951516631007796,0.5477040816326529,8.0,0.4161456638234345,64.0,equal,True,7490355,58.32963658077642,153.06157200000013,64,7504.0,3784.0,256,0.066950166132301,3823.73957809328,median 5 warm calls on training rows; end-to-end preprocessing,6000.0,,,,,0.6626255847775022,0.4390726656017268,0.4718229564574441,0.6697432122923525,,,,,,
3000.0,2695.0,0.8983333333333333,11,1,regression,california_housing,coerror_b3000_k64,complete,,,,,,,0.2795365989739624,0.5889081087522688,0.6355562314011324,0.6355562314011324,1.0,2.2395534711432328,0.4166288737717309,8.0,0.3464702032392086,64.0,equal,True,7493571,58.757002332480624,153.304597,64,7558.0,3811.0,256,0.07804562500678,3280.132614451619,median 5 warm calls on training rows; end-to-end preprocessing,6000.0,,,,,0.6096241398572311,0.3716415918966688,0.4444010905187405,0.720462766339268,,,,,,
3000.0,2695.0,0.8983333333333333,11,1,regression,california_housing,random_b3000_k128,complete,,,,,,,0.5448117253307353,0.2880263271626442,0.7416487721590458,0.7416487721590458,1.0,1.6107418601642056,0.1787096925384327,8.0,0.7040097296966333,128.0,equal,True,14510787,58.702905498910695,153.96762600000005,128,8250.0,4189.0,256,0.1634791248943656,1565.9491703629928,median 5 warm calls on training rows; end-to-end preprocessing,6000.0,,,,,0.8510714859102594,0.7243226741294968,0.6581070144148067,0.455187037676344,,,,,,
3000.0,2695.0,0.8983333333333333,11,1,regression,california_housing,top_quality_b3000_k128,complete,,,,,,,0.3376482988831948,0.620957742063787,0.8447189360056008,0.8447189360056008,1.0,1.3820579100643882,0.4831974128233969,8.0,0.4271380089380043,128.0,equal,True,15004707,59.48520387499593,156.3472309999999,128,14996.0,7562.0,256,0.179580750176683,1425.5425470053488,median 5 warm calls on training rows; end-to-end preprocessing,6000.0,,,,,0.6700004592319978,0.448900615371088,0.4783856839264622,0.662350934487645,,,,,,
3000.0,2695.0,0.8983333333333333,11,1,regression,california_housing,coerror_b3000_k128,complete,,,,,,,0.280453620518019,0.5819652196174787,0.6323875050431599,0.6323875050431599,1.0,2.2968761492143717,0.4027934008248968,8.0,0.3493907239036289,128.0,equal,True,15016403,60.15143170650117,156.4652089999999,128,15174.0,7651.0,256,0.1475777919404208,1734.678345799825,median 5 warm calls on training rows; end-to-end preprocessing,6000.0,,,,,0.6106232590070566,0.3728607644403989,0.4450162165670441,0.7195457427131176,,,,,,
6000.0,5373.0,0.8955,11,1,regression,california_housing,random_b6000_k16,complete,,,,,,,0.5068850982663569,0.3348192481404292,0.725731132238466,0.725731132238466,1.0,1.6596978660915755,0.1961309523809523,8.0,0.6508497126727019,16.0,equal,True,1791832,58.55522399954498,151.63084399999997,16,826.0,421.0,256,0.014153917087242,18086.865877627057,median 5 warm calls on training rows; end-to-end preprocessing,6000.0,,,,,0.8209138430641982,0.6738995377344311,0.631628943139105,0.4931137508529828,,,,,,
6000.0,5373.0,0.8955,11,1,regression,california_housing,top_quality_b6000_k16,complete,,,,,,,0.3691435613458168,0.64146658733309,1.0,1.0,1.0,1.0,1.0,4.0,0.4777138456542583,16.0,equal,True,1863379,58.04377116449177,151.33563700000008,16,1808.0,912.0,256,0.0146109999623149,17521.045832611133,median 5 warm calls on training rows; end-to-end preprocessing,6000.0,,,,,0.7005521435432076,0.4907733058229829,0.4968560819874816,0.6308556005151512,,,,,,
6000.0,5373.0,0.8955,11,1,regression,california_housing,coerror_b6000_k16,complete,,,,,,,0.2795715652917895,0.5943816213477637,0.6274502714098793,0.6274502714098793,1.0,2.187406454295461,0.3762698412698412,8.0,0.3468859727818839,16.0,equal,True,1869027,58.25043499865569,151.53046,16,1888.0,952.0,256,0.0161249998491257,15875.969140792253,median 5 warm calls on training rows; end-to-end preprocessing,6000.0,,,,,0.6096622666087054,0.3716880793264642,0.4434847859081274,0.7204277999420501,,,,,,
6000.0,5373.0,0.8955,11,1,regression,california_housing,random_b6000_k64,complete,,,,,,,0.5667369260977609,0.2616793086016875,0.741656551072795,0.741656551072795,1.0,1.5623077773294969,0.1705888605442176,8.0,0.7381678785346898,64.0,equal,True,7258643,58.26200074912049,152.16096799999983,64,4352.0,2208.0,256,0.0639509169850498,4003.070042918173,median 5 warm calls on training rows; end-to-end preprocessing,6000.0,,,,,0.8680276763222697,0.753472046861439,0.6724587905800253,0.4332617871282346,,,,,,
6000.0,5373.0,0.8955,11,1,regression,california_housing,top_quality_b6000_k64,complete,,,,,,,0.32797542101161,0.6356022045978127,0.8427381555358044,0.8427381555358044,1.0,1.380065427366611,0.5761243386243386,7.0,0.4101313760284803,64.0,equal,True,7486899,58.446894123684615,153.155592,64,7456.0,3760.0,256,0.0731534580700099,3499.4928025822196,median 5 warm calls on training rows; end-to-end preprocessing,6000.0,,,,,0.6603337068461419,0.4360406043971665,0.4700732502065267,0.6720238343214617,,,,,,
6000.0,5373.0,0.8955,11,1,regression,california_housing,coerror_b6000_k64,complete,,,,,,,0.2784377624005809,0.5899254603129656,0.6368122232883401,0.6368122232883401,1.0,2.23298577165387,0.4167422524565381,8.0,0.3462061731533438,64.0,equal,True,7493859,59.42632224806584,153.90449899999993,64,7562.0,3813.0,256,0.0750782079994678,3409.777708090935,median 5 warm calls on training rows; end-to-end preprocessing,6000.0,,,,,0.6084247675580771,0.3701806977781001,0.4431483100134828,0.7215616054075537,,,,,,
6000.0,5373.0,0.8955,11,1,regression,california_housing,random_b6000_k128,complete,,,,,,,0.5396682890138047,0.2902228304534449,0.7360763163607361,0.7360763163607361,1.0,1.643632263481024,0.1760056360142482,8.0,0.6983383891144006,128.0,equal,True,14516627,58.78297733142972,153.6305099999999,128,8336.0,4232.0,256,0.1484265411272645,1724.758914785324,median 5 warm calls on training rows; end-to-end preprocessing,6000.0,,,,,0.8470445786192788,0.7174845181683116,0.6542826732765333,0.460330485671427,,,,,,
6000.0,5373.0,0.8955,11,1,regression,california_housing,top_quality_b6000_k128,complete,,,,,,,0.3316980266776682,0.6283711239275259,0.8430785327891032,0.8430785327891032,1.0,1.382307111026917,0.5457349081364827,8.0,0.4180297054703186,128.0,equal,True,15004307,59.442657040664926,156.55890899999991,128,14992.0,7560.0,256,0.1510220831260085,1695.1163346515418,median 5 warm calls on training rows; end-to-end preprocessing,6000.0,,,,,0.6640706120451582,0.4409897777820309,0.4729430266109879,0.6683012202032418,,,,,,
6000.0,5373.0,0.8955,11,1,regression,california_housing,coerror_b6000_k128,complete,,,,,,,0.2793888905733209,0.588760611634362,0.6379746688731367,0.6379746688731367,1.0,2.2449037124378237,0.4161370453693288,8.0,0.3464338360923428,128.0,equal,True,15013107,61.80094728968106,158.4817809999999,128,15126.0,7627.0,256,0.1563045000657439,1637.8287246517068,median 5 warm calls on training rows; end-to-end preprocessing,6000.0,,,,,0.6094630545012824,0.371445214802033,0.4440318345605916,0.7206104750752808,,,,,,
300.0,276.0,0.92,11,1,regression,california_housing,top_quality_b300_k64,complete,,,,,,,0.3909809018028445,0.5512948290232802,0.8187534604034628,0.8187534604034628,1.0,1.4345822439157958,0.3836474867724867,8.0,0.4915525248952728,64.0,equal,True,7285283,58.30471949907951,153.11027999999993,64,4672.0,2368.0,256,0.1097856250125914,2331.8171205987937,median 5 warm calls on training rows; end-to-end preprocessing,6000.0,,,,,0.720975636898263,0.519805869000856,0.5286551892378498,0.6090182104765263,,,,,,
300.0,276.0,0.92,11,1,regression,california_housing,coerror_b300_k64,complete,,,,,,,0.3524601144694669,0.5063048790339562,0.6868468211865265,0.6868468211865265,1.0,2.0779487583496725,0.3142526455026455,8.0,0.4438952028837223,64.0,equal,True,7414915,58.34962774883024,153.09725599999996,64,6476.0,3270.0,256,0.1325904580298811,1930.7573395840204,median 5 warm calls on training rows; end-to-end preprocessing,6000.0,,,,,0.6845383856671522,0.4685928014517908,0.5091171809136334,0.6475390852712029,,,,,,
6000.0,5373.0,0.8955,11,1,regression,california_housing,random_cert_b6000_k64,complete,,,,,,,0.5088536447803556,0.314947296369343,0.711398860959946,0.711398860959946,1.0,1.695351488234164,0.2102879346182917,8.0,0.6543975182390159,64.0,equal,True,7233779,59.09520841483027,153.0104639999998,64,3996.0,2030.0,256,0.1886470830067992,1357.031319645548,median 5 warm calls on training rows; end-to-end preprocessing,6000.0,,,,,0.8225063549979507,0.6765167040120149,0.6346279167129966,0.4911451998694068,,,,,,
6000.0,5373.0,0.8955,11,1,regression,california_housing,top_quality_cert_b6000_k64,complete,,,,,,,0.32797542101161,0.6356022045978127,0.8427381555358044,0.8427381555358044,1.0,1.380065427366611,0.5761243386243386,7.0,0.4101313760284803,64.0,equal,True,7486899,59.2261938736774,154.02083199999998,64,7456.0,3760.0,256,0.1429817080497741,1790.4388155083614,median 5 warm calls on training rows; end-to-end preprocessing,6000.0,,,,,0.6603337068461419,0.4360406043971665,0.4700732502065267,0.6720238343214617,,,,,,
6000.0,5373.0,0.8955,11,1,regression,california_housing,coerror_cert_b6000_k64,complete,,,,,,,0.2784377624005809,0.5899254603129656,0.6368122232883402,0.6368122232883402,1.0,2.2329857716538704,0.4167422524565381,8.0,0.3462061731533438,64.0,equal,True,7493859,60.4031317057088,154.7002589999999,64,7562.0,3813.0,256,0.109593957895413,2335.895198203392,median 5 warm calls on training rows; end-to-end preprocessing,6000.0,,,,,0.6084247675580771,0.3701806977781001,0.4431483100134828,0.7215616054075537,,,,,,
6000.0,5373.0,0.8955,11,1,regression,california_housing,abs_correlation_b6000_k64,complete,,,,,,,0.309200833438999,0.5148078724874685,0.5998767224636505,0.5998767224636505,1.0,2.4332836542837373,0.3497460789871504,8.0,0.3891422568066727,64.0,equal,True,7489288,62.66489995666779,155.8235130000001,64,7498.0,3781.0,256,0.1946937078610062,1314.8858420363586,median 5 warm calls on training rows; end-to-end preprocessing,6000.0,,,,,0.6411551651503522,0.4110799457989754,0.4759138132470215,0.6907984645217013,,,,,,
6000.0,5373.0,0.8955,11,1,regression,california_housing,signed_correlation_b6000_k64,complete,,,,,,,0.309200833438999,0.5148078724874685,0.5998767224636505,0.5998767224636505,1.0,2.4332836542837373,0.3497460789871504,8.0,0.3891422568066727,64.0,equal,True,7489288,68.16897495673038,156.25778899999997,64,7498.0,3781.0,256,0.2072438339237123,1235.2599117339,median 5 warm calls on training rows; end-to-end preprocessing,6000.0,,,,,0.6411551651503522,0.4110799457989754,0.4759138132470215,0.6907984645217013,,,,,,
6000.0,5373.0,0.8955,11,1,regression,california_housing,quality_diversity_l002_b6000_k64,complete,,,,,,,0.32797542101161,0.6356022045978127,0.8427381555358046,0.8427381555358046,1.0,1.3800654273666133,0.5761243386243385,7.0,0.4101313760284803,64.0,equal,True,7486883,62.21030133171007,156.23796799999997,64,7456.0,3760.0,256,0.1133639169856906,2258.214137328315,median 5 warm calls on training rows; end-to-end preprocessing,6000.0,,,,,0.6603337068461419,0.4360406043971665,0.4700732502065268,0.6720238343214617,,,,,,
6000.0,5373.0,0.8955,11,1,regression,california_housing,quality_diversity_l01_b6000_k64,complete,,,,,,,0.3214911711019397,0.634045114829692,0.8230405600525706,0.8230405600525706,1.0,1.441301726437893,0.5535714285714285,8.0,0.4020300704176539,64.0,equal,True,7486163,60.709157331613824,155.30783100000002,64,7446.0,3755.0,256,0.1097054581623524,2333.5210871745976,median 5 warm calls on training rows; end-to-end preprocessing,6000.0,,,,,0.6537735447961852,0.4274198478753696,0.4648942866838259,0.6785080989535965,,,,,,
6000.0,5373.0,0.8955,11,1,regression,california_housing,quality_diversity_l05_b6000_k64,complete,,,,,,,0.2786070444545669,0.5951235734959477,0.6457645687280033,0.6457645687280033,1.0,2.177633081525254,0.4217592592592593,8.0,0.3467721537167359,64.0,equal,True,7493139,59.99844103981741,154.66994899999992,64,7552.0,3808.0,256,0.0743467081338167,3443.3266304033978,median 5 warm calls on training rows; end-to-end preprocessing,6000.0,,,,,0.6086096917286833,0.3704057568660829,0.4425468025036769,0.7213923229692134,,,,,,
6000.0,5373.0,0.8955,11,1,regression,california_housing,caruana_b6000_k64,complete,,,,,,,0.278437762400581,0.5840836056191374,0.616622186580007,0.616622186580007,1.0,2.2621956747161556,0.3937621832358674,8.0,0.3462061731533438,64.0,frequency_weighted,True,2218963,58.467106331605464,151.92526199999992,19,2241.0,1130.0,256,0.0222862088121473,11486.92458900699,median 5 warm calls on training rows; end-to-end preprocessing,6000.0,,,,,0.6084247675580772,0.3701806977781002,0.4431483100134829,0.7215616054075535,,,,,,
6000.0,5373.0,0.8955,11,1,regression,california_housing,coerror_swap_b6000_k64,complete,,,,,,,0.2784377624005809,0.5899254603129656,0.6368122232883401,0.6368122232883401,1.0,2.23298577165387,0.4167422524565381,8.0,0.3462061731533438,64.0,equal,True,7493859,59.78001603949815,154.540324,64,7562.0,3813.0,256,0.1096834999043494,2333.9882500398626,median 5 warm calls on training rows; end-to-end preprocessing,6000.0,,,,,0.6084247675580771,0.3701806977781001,0.4431483100134828,0.7215616054075537,,,,,,
6000.0,5373.0,0.8955,11,1,regression,california_housing,coerror_b6000_k256,complete,,,,,,,0.2801967375967034,0.5814902443557404,0.6323614987717572,0.6323614987717572,1.0,2.2993446962207154,0.4011687383286647,8.0,0.3489720306907812,256.0,equal,True,30029283,65.50824045785703,164.468499,256,30322.0,15289.0,256,0.2948209578171372,868.3236154425089,median 5 warm calls on training rows; end-to-end preprocessing,6000.0,,,,,0.6103435431994219,0.3725192407252245,0.445199387789686,0.7198026262176849,,,,,,
1000.0,762.0,0.762,11,1,regression,california_housing,top_quality_f05_d3_b1000_k64,complete,,,,,,,0.5381976764925882,0.4843708281547521,1.0,1.0,1.0,1.0000000000000042,1.0,1.0,0.68702995567824,64.0,equal,True,7010499,57.78547924780287,151.16475199999996,64,960.0,512.0,256,0.0553968749009072,4621.1993087683595,median 5 warm calls on training rows; end-to-end preprocessing,6000.0,,,,,0.8458896801639657,0.7155293510078963,0.627904347442304,0.4618011015316635,,,,,,
1000.0,762.0,0.762,11,1,regression,california_housing,coerror_f05_d3_b1000_k64,complete,,,,,,,0.493493453981281,0.417621432339857,0.833138757994502,0.833138757994502,1.0,1.4334814901146378,0.6036706349206349,2.0,0.631877926065969,64.0,equal,True,7010499,57.9370826643426,151.27293000000003,64,960.0,512.0,256,0.0546344590838998,4685.687463417026,median 5 warm calls on training rows; end-to-end preprocessing,6000.0,,,,,0.8099971960631213,0.6560954576301186,0.6126714825253456,0.5065054255437353,,,,,,
1000.0,741.0,0.741,11,1,regression,california_housing,top_quality_f05_d6_b1000_k64,complete,,,,,,,0.5347658023987486,0.4835026069333578,0.9999999999999986,0.9999999999999986,1.0,1.0000000000000058,1.0,1.0,0.6881867831422854,64.0,equal,True,7462083,57.82349558151327,151.41208100000011,64,7232.0,3648.0,256,0.0648607090115547,3946.9195434541807,median 5 warm calls on training rows; end-to-end preprocessing,6000.0,,,,,0.8431884147917877,0.7109667028390879,0.6234432266419782,0.4652329834175599,,,,,,
1000.0,741.0,0.741,11,1,regression,california_housing,coerror_f05_d6_b1000_k64,complete,,,,,,,0.4730999431073606,0.4136521222960267,0.7888263889560067,0.7888263889560067,1.0,1.544706620661364,0.5218253968253969,3.0,0.606633220508331,64.0,equal,True,7469283,57.98080829181709,151.52044700000005,64,7332.0,3698.0,256,0.0572800000663846,4469.273737837094,median 5 warm calls on training rows; end-to-end preprocessing,6000.0,,,,,0.7930841405036335,0.6289824539183871,0.6002331291002951,0.5268989827210436,,,,,,
1000.0,966.0,0.966,11,1,regression,california_housing,top_quality_f20_d3_b1000_k64,complete,,,,,,,0.4873902212452356,0.5143598192295118,0.943584120539677,0.943584120539677,1.0,1.118856326285306,0.6775793650793651,3.0,0.6106240585884978,64.0,equal,True,7013704,57.879257248481736,151.50341399999996,64,960.0,512.0,256,0.0621302498038858,4120.37615828142,median 5 warm calls on training rows; end-to-end preprocessing,6000.0,,,,,0.804972832015638,0.6479812602832765,0.6024768511130162,0.5126086721371472,,,,,,
1000.0,966.0,0.966,11,1,regression,california_housing,coerror_f20_d3_b1000_k64,complete,,,,,,,0.4557826871873843,0.4530993732500326,0.806265758551989,0.806265758551989,1.0,1.5559680659394752,0.4403108465608465,8.0,0.5713991590490176,64.0,equal,True,7013720,58.00377670768648,151.56755500000003,64,960.0,512.0,256,0.0589458749163895,4342.967177315076,median 5 warm calls on training rows; end-to-end preprocessing,6000.0,,,,,0.778433880092514,0.6059593056758865,0.5888715469470529,0.5442162779597827,,,,,,
1000.0,904.0,0.904,11,1,regression,california_housing,top_quality_f20_d6_b1000_k64,complete,,,,,,,0.3865261074719019,0.5876758298805596,0.8668791452435706,0.8668791452435706,1.0,1.2966081230271902,0.6531084656084656,4.0,0.477328346299619,64.0,equal,True,7501150,58.046592582482845,152.07636800000006,64,7730.0,3897.0,256,0.064613333903253,3962.030505705127,median 5 warm calls on training rows; end-to-end preprocessing,6000.0,,,,,0.7168565106445391,0.5138832568534643,0.5185028998706612,0.6134730149220622,,,,,,
1000.0,904.0,0.904,11,1,regression,california_housing,coerror_f20_d6_b1000_k64,complete,,,,,,,0.3143070311354833,0.5543891003292336,0.6585143133169861,0.6585143133169861,1.0,1.952212362020313,0.435515873015873,5.0,0.3917019455620846,64.0,equal,True,7501448,58.13622054061853,152.08653099999998,64,7734.0,3899.0,256,0.0753102090675383,3399.273527051539,median 5 warm calls on training rows; end-to-end preprocessing,6000.0,,,,,0.6464275623168174,0.4178685933228628,0.4741138187689833,0.6856922552316149,,,,,,
1000.0,1000.0,1.0,11,1,regression,california_housing,top_quality_f50_d3_b1000_k64,complete,,,,,,,0.5001877349274538,0.52946863193773,0.996454831607718,0.996454831607718,1.0,1.006981992033558,0.6404761904761904,7.0,0.6247525758913911,64.0,equal,True,7019155,58.10257683158852,152.42379799999998,64,960.0,512.0,256,0.0750960840377956,3408.966037046031,median 5 warm calls on training rows; end-to-end preprocessing,6000.0,,,,,0.8154725309135059,0.6649954486744789,0.6127077694070077,0.4998111293982235,,,,,,
1000.0,1000.0,1.0,11,1,regression,california_housing,coerror_f50_d3_b1000_k64,complete,,,,,,,0.454232563756819,0.4491940662045831,0.7981282387742333,0.7981282387742333,1.0,1.5966138995088908,0.396036470143613,8.0,0.5685198893015961,64.0,equal,True,7019187,58.22682758164592,152.403214,64,960.0,512.0,256,0.0653286669403314,3918.647233898405,median 5 warm calls on training rows; end-to-end preprocessing,6000.0,,,,,0.7771090202927617,0.603898429420376,0.5879872081823481,0.5457664049098973,,,,,,
1000.0,1000.0,1.0,11,1,regression,california_housing,top_quality_f50_d6_b1000_k64,complete,,,,,,,0.32797542101161,0.6356022045978127,0.8427381555358044,0.8427381555358044,1.0,1.380065427366611,0.5761243386243386,7.0,0.4101313760284803,64.0,equal,True,7486899,58.24384270678274,152.98768,64,7456.0,3760.0,256,0.0744723749812692,3437.5162610885886,median 5 warm calls on training rows; end-to-end preprocessing,6000.0,,,,,0.6603337068461419,0.4360406043971665,0.4700732502065267,0.6720238343214617,,,,,,
1000.0,1000.0,1.0,11,1,regression,california_housing,coerror_f50_d6_b1000_k64,complete,,,,,,,0.2786494120664222,0.5897579358998206,0.6375915965308813,0.6375915965308813,1.0,2.2302263817613013,0.4242441421012849,8.0,0.3466031447111927,64.0,equal,True,7493827,58.38472620770335,153.07334899999995,64,7552.0,3808.0,256,0.0650512080173939,3935.361199311603,median 5 warm calls on training rows; end-to-end preprocessing,6000.0,,,,,0.6086559654311756,0.3704620842549564,0.4434661027287524,0.7213499552611626,,,,,,
,,,11,1,regression,california_housing,random_forest,complete,,,,,,,0.2082509484481281,,,,,,,,,,,,299487683,13.412288875086231,13.423362999999997,256,4158396.0,2079326.0,256,0.0172964159864932,14800.754109979223,median 5 warm calls on training rows; end-to-end preprocessing,,13.412288875086231,13.423362999999997,1427800064.0,,0.5261823925657422,0.2768679102462087,0.3437370545984423,0.7917485787188967,,,,,,
,,,11,1,regression,california_housing,extra_trees,complete,,,,,,,0.2058551085253519,,,,,,,,,,,,478251155,5.57867949991487,5.551977999999963,256,6641222.0,3320739.0,256,0.0204799580387771,12500.025611150428,median 5 warm calls on training rows; end-to-end preprocessing,,5.57867949991487,5.551977999999963,1861861376.0,,0.5231468827418477,0.2736826609225125,0.3430509582294326,0.7941444240814183,,,,,,
,,,11,1,regression,california_housing,xgboost,complete,,,,,,,0.173286359953613,,,,,,,,,,,,1376672,0.3968103749211877,0.3974470000000565,300,34288.0,17294.0,256,0.0014814999885857,172797.8413583291,median 5 warm calls on training rows; end-to-end preprocessing,,0.3968103749211877,0.3974470000000565,1875673088.0,,0.4799820617317032,0.2303827795842165,0.3161379685544073,0.8267132466003752,,,,,,
,,,11,1,regression,california_housing,lightgbm,complete,,,,,,,0.1695414717509849,,,,,,,,,,,,863446,0.2492279999423772,0.2493620000000191,300,18300.0,9300.0,256,0.0049590000417083,51623.310717256885,median 5 warm calls on training rows; end-to-end preprocessing,,0.2492279999423772,0.2493620000000191,1901920256.0,,0.4747672922091743,0.2254039817516315,0.3136611591045997,0.8304581433057575,,,,,,
,,,11,1,regression,california_housing,catboost,complete,,,,,,,0.1958339383441706,,,,,,,,,,,,344792,0.7729865831788629,0.7735519999999951,300,38100.0,19200.0,256,0.0012169168330729,210367.7038911204,median 5 warm calls on training rows; end-to-end preprocessing,,0.7729865831788629,0.7735519999999951,1919926272.0,,0.5102544445756259,0.2603595982091805,0.3457172674022308,0.8041656170156278,,,,,,
,,,11,1,regression,california_housing,linear,complete,,,,,,,0.4166054173401231,,,,,,,,,,,,3106,0.0126236251089721,0.0125510000000303,1,,,256,0.0009183341171592,278765.6422826849,median 5 warm calls on training rows; end-to-end preprocessing,,0.0126236251089721,0.0125510000000303,1920286720.0,9.0,0.7442267464050821,0.5538734500646944,0.5395375242190853,0.5833936367588839,,,,,,
,,,11,1,regression,california_housing,rf_leaf5,complete,,,,,,,0.2148722770229629,,,,,,,,,,,,49664963,11.431590541033074,11.43857700000001,256,688636.0,344446.0,256,0.0143417080398648,17850.035664399955,median 5 warm calls on training rows; end-to-end preprocessing,,11.431590541033074,11.43857700000001,1923710976.0,,0.5344819096259577,0.2856709117174104,0.3484886654122505,0.7851272351103611,,,,,,
,,,11,1,regression,california_housing,rf_shallow64,complete,,,,,,,0.3198948063641433,,,,,,,,,,,,570323,1.561568709090352,1.5632999999999129,64,7598.0,3831.0,256,0.003001166973263,85300.15233429796,median 5 warm calls on training rows; end-to-end preprocessing,,1.561568709090352,1.5632999999999129,1927774208.0,,0.6521483682300246,0.4252974941850838,0.4646058915224809,0.6801044673159329,,,,,,
,,,11,1,regression,california_housing,random_patches64,complete,,,,,,,0.523088128592381,,,,,,,,,,,,4026848,0.5255754999816418,0.5263899999999921,64,6882.0,3473.0,256,0.0479569169692695,5338.124637245617,median 5 warm calls on training rows; end-to-end preprocessing,,0.5255754999816418,0.5263899999999921,1928708096.0,,0.8339312515327859,0.6954413322830386,0.6411989347883056,0.476910683738041,,,,,,
1000.0,921.0,0.921,11,2,regression,california_housing,random_b1000_k16,complete,,,,,,,0.5347024779658678,0.2805810792350937,0.7379820635855658,0.7379820635855658,1.0,1.568576789905134,0.166765873015873,8.0,0.7331321272958384,16.0,equal,True,1787483,62.39268341567367,165.017071,16,766.0,391.0,256,0.012784874998033,20023.660774108903,median 5 warm calls on training rows; end-to-end preprocessing,6000.0,,,,,0.8351876830834297,0.6975384659742674,0.6474773181873613,0.4650341577218758,,,,,,
1000.0,921.0,0.921,11,2,regression,california_housing,top_quality_b1000_k16,complete,,,,,,,0.2738379882160167,0.6284246238291039,0.8138876455477605,0.8138876455477605,1.0,1.4332388438040076,0.5133333333333333,8.0,0.4122547058502731,16.0,equal,True,1874107,62.430740248877555,165.2428910000001,16,1954.0,985.0,256,0.0141857089474797,18046.331060914777,median 5 warm calls on training rows; end-to-end preprocessing,6000.0,,,,,0.5976884044993664,0.3572314288729982,0.4274378617938723,0.7260271346206859,,,,,,
1000.0,921.0,0.921,11,2,regression,california_housing,coerror_b1000_k16,complete,,,,,,,0.2529538601785728,0.580573634660019,0.6341270618677989,0.6341270618677989,1.0,2.189946023222948,0.4165873015873015,8.0,0.364956956763416,16.0,equal,True,1874235,62.47499429201707,165.2759830000001,16,1958.0,987.0,256,0.0168029589112848,15235.411890942098,median 5 warm calls on training rows; end-to-end preprocessing,6000.0,,,,,0.5744452441235012,0.3299873384961089,0.4187736948462742,0.7469215490028622,,,,,,
1000.0,921.0,0.921,11,2,regression,california_housing,random_b1000_k64,complete,,,,,,,0.4879976230634109,0.3163408024988149,0.73011928869462,0.73011928869462,1.0,1.677389026651274,0.1766498960695389,8.0,0.669674897547312,64.0,equal,True,7255456,62.711725999834016,166.17611999999997,64,4300.0,2182.0,256,0.0616553330328315,4152.114462891306,median 5 warm calls on training rows; end-to-end preprocessing,6000.0,,,,,0.7978786347956061,0.6366103158633002,0.6176190279861933,0.5117620168042221,,,,,,
1000.0,921.0,0.921,11,2,regression,california_housing,top_quality_b1000_k64,complete,,,,,,,0.306008650815937,0.5967934344934274,0.810889468251922,0.810889468251922,1.0,1.4905899578472503,0.4306027966742252,8.0,0.4408468551958634,64.0,equal,True,7507739,62.94887354178354,167.19980900000007,64,7748.0,3906.0,256,0.0796013339422643,3216.0265076170645,median 5 warm calls on training rows; end-to-end preprocessing,6000.0,,,,,0.6318221319340698,0.3991992064017131,0.4567013747602766,0.6938406265650596,,,,,,
1000.0,921.0,0.921,11,2,regression,california_housing,coerror_b1000_k64,complete,,,,,,,0.2578870470589198,0.572512074121673,0.6404506136719698,0.6404506136719698,1.0,2.2261127549986544,0.3972198601662887,8.0,0.3672080436453479,64.0,equal,True,7508603,63.13501224992797,167.3464540000001,64,7760.0,3912.0,256,0.0730627500452101,3503.8374526224525,median 5 warm calls on training rows; end-to-end preprocessing,6000.0,,,,,0.5800197038432178,0.3364228568463741,0.4242008219573551,0.7419859323126237,,,,,,
1000.0,921.0,0.921,11,2,regression,california_housing,random_b1000_k128,complete,,,,,,,0.5266285088604346,0.2807615990589324,0.743201185791242,0.743201185791242,1.0,1.6234970722896958,0.1772508905136858,8.0,0.7211068680800766,128.0,equal,True,14489648,63.09859187481925,167.51277900000002,128,7940.0,4034.0,256,0.113286041887477,2259.766479036098,median 5 warm calls on training rows; end-to-end preprocessing,6000.0,,,,,0.8288580608989897,0.6870056851172334,0.6422240614139936,0.473112103609554,,,,,,
1000.0,921.0,0.921,11,2,regression,california_housing,top_quality_b1000_k128,complete,,,,,,,0.3320801106820908,0.562720610651245,0.7950195403829968,0.7950195403829968,1.0,1.5323421663262766,0.3959669103862016,8.0,0.4675898726252329,128.0,equal,True,14782347,63.44420766690746,169.05990600000007,128,11904.0,6016.0,256,0.1245851661078631,2054.819269401308,median 5 warm calls on training rows; end-to-end preprocessing,6000.0,,,,,0.658187174202301,0.4332103562844102,0.4832238612838053,0.6677563253668003,,,,,,
1000.0,921.0,0.921,11,2,regression,california_housing,coerror_b1000_k128,complete,,,,,,,0.276307041271372,0.545909102671918,0.6508147474403859,0.6508147474403859,1.0,2.2570486564940055,0.3503995594300713,8.0,0.3938606817966157,128.0,equal,True,15037691,63.80951458285563,169.659896,128,15446.0,7787.0,256,0.1708843340165913,1498.0893448965587,median 5 warm calls on training rows; end-to-end preprocessing,6000.0,,,,,0.6003768788885185,0.3604523967039189,0.4425166609319448,0.723556865448917,,,,,,
3000.0,2728.0,0.9093333333333332,11,2,regression,california_housing,random_b3000_k16,complete,,,,,,,0.4347560176731714,0.3829278635145374,0.7165457681247467,0.7165457681247467,1.0,1.7475805745819115,0.2088690476190476,8.0,0.598244450802028,16.0,equal,True,1817792,63.086498791817576,165.65561999999989,16,1186.0,601.0,256,0.0386129999533295,6629.891495336284,median 5 warm calls on training rows; end-to-end preprocessing,6000.0,,,,,0.7530967676501963,0.5671547414451737,0.5810433193450688,0.565029846009321,,,,,,
3000.0,2728.0,0.9093333333333332,11,2,regression,california_housing,top_quality_b3000_k16,complete,,,,,,,0.2872840184949468,0.6349041969331027,0.8789888930877635,0.8789888930877635,1.0,1.2518078319822945,0.7899999999999998,5.0,0.4350634091686309,16.0,equal,True,1872843,62.735494416207075,165.63607100000002,16,1936.0,976.0,256,0.021238749846816,12053.440143435626,median 5 warm calls on training rows; end-to-end preprocessing,6000.0,,,,,0.6121864546517529,0.3747722552590827,0.4370289787384604,0.7125744815848714,,,,,,
3000.0,2728.0,0.9093333333333332,11,2,regression,california_housing,coerror_b3000_k16,complete,,,,,,,0.2529538601785728,0.5805767072808128,0.6341148274598366,0.6341148274598366,1.0,2.189994265102749,0.4165873015873015,8.0,0.3649470057643248,16.0,equal,True,1874251,62.76464437507093,165.6500550000001,16,1958.0,987.0,256,0.0192365411203354,13308.005758341638,median 5 warm calls on training rows; end-to-end preprocessing,6000.0,,,,,0.5744452441235012,0.3299873384961089,0.4187736948462742,0.7469215490028622,,,,,,
3000.0,2728.0,0.9093333333333332,11,2,regression,california_housing,random_b3000_k64,complete,,,,,,,0.5097286000312675,0.2906092977302541,0.7276072189937363,0.7276072189937363,1.0,1.660348446266203,0.1828644652305366,8.0,0.6998735349152365,64.0,equal,True,7279227,62.8974312490318,166.44644400000004,64,4628.0,2346.0,256,0.0734471250325441,3485.5006222036245,median 5 warm calls on training rows; end-to-end preprocessing,6000.0,,,,,0.8154502749364,0.6649591508938504,0.6296251471604069,0.4900203363815666,,,,,,
3000.0,2728.0,0.9093333333333332,11,2,regression,california_housing,top_quality_b3000_k64,complete,,,,,,,0.2801107653385102,0.6224607187530307,0.8161264825084297,0.8161264825084297,1.0,1.4639073678204555,0.5320483749055176,8.0,0.4156355574991419,64.0,equal,True,7512795,63.14056087494828,167.46197000000006,64,7814.0,3939.0,256,0.0745339170098304,3434.6779328159487,median 5 warm calls on training rows; end-to-end preprocessing,6000.0,,,,,0.6044952361300789,0.3654144905039599,0.434518859591678,0.7197512678816281,,,,,,
3000.0,2728.0,0.9093333333333332,11,2,regression,california_housing,coerror_b3000_k64,complete,,,,,,,0.2538638368516645,0.5824506264464381,0.6522645332760191,0.6522645332760191,1.0,2.160076512931638,0.4293792517006802,8.0,0.3642303464718733,64.0,equal,True,7512011,63.43507833289914,167.36830900000007,64,7812.0,3938.0,256,0.06421879096888,3986.372152724826,median 5 warm calls on training rows; end-to-end preprocessing,6000.0,,,,,0.5754775717116316,0.3311744355431161,0.4202468178266907,0.7460111241265349,,,,,,
3000.0,2728.0,0.9093333333333332,11,2,regression,california_housing,random_b3000_k128,complete,,,,,,,0.508952534893542,0.2958841011991447,0.736647705862212,0.736647705862212,1.0,1.648101014622549,0.1794209317585301,8.0,0.6977533555030186,128.0,equal,True,14503803,63.19198637502268,167.623421,128,8130.0,4129.0,256,0.1195444168988615,2141.4634546804837,median 5 warm calls on training rows; end-to-end preprocessing,6000.0,,,,,0.8148292742802108,0.6639467462240151,0.63108721033376,0.4907967837652507,,,,,,
3000.0,2728.0,0.9093333333333332,11,2,regression,california_housing,top_quality_b3000_k128,complete,,,,,,,0.2984038867540575,0.6123646359758033,0.8298043759728029,0.8298043759728029,1.0,1.4229710876503037,0.4770294338207723,8.0,0.4333224374172576,128.0,equal,True,15039579,63.8282055829186,170.23490900000013,128,15458.0,7793.0,256,0.1487456250470131,1721.0590222004014,median 5 warm calls on training rows; end-to-end preprocessing,6000.0,,,,,0.6239218863526644,0.3892785202698671,0.4499460442782685,0.7014491363052173,,,,,,
3000.0,2728.0,0.9093333333333332,11,2,regression,california_housing,coerror_b3000_k128,complete,,,,,,,0.2554990980942362,0.5774647541749945,0.6479979340800206,0.6479979340800206,1.0,2.1934502522773,0.4171318428946381,8.0,0.3651736215161849,128.0,equal,True,15047131,64.37951475055888,169.91285700000003,128,15582.0,7855.0,256,0.1506349160335958,1699.4731815225684,median 5 warm calls on training rows; end-to-end preprocessing,6000.0,,,,,0.5773280628865447,0.33330769219633,0.4222019158588662,0.7443750574464156,,,,,,
6000.0,5433.0,0.9055,11,2,regression,california_housing,random_b6000_k16,complete,,,,,,,0.4997534117972901,0.3075947534508541,0.7272534426120323,0.7272534426120323,1.0,1.6161794145707873,0.1570238095238095,8.0,0.6876522501571752,16.0,equal,True,1815339,63.54159070807509,165.9245000000002,16,1152.0,584.0,256,0.0149308328982442,17145.728020980223,median 5 warm calls on training rows; end-to-end preprocessing,6000.0,,,,,0.8074318310726586,0.6519461618293463,0.6262112056788179,0.5000004378312053,,,,,,
6000.0,5433.0,0.9055,11,2,regression,california_housing,top_quality_b6000_k16,complete,,,,,,,0.3258159515275642,0.6372457303835473,0.9711878316875622,0.9711878316875622,1.0,1.0509880832701284,0.95,5.0,0.474388568504807,16.0,equal,True,1872850,62.86116362619214,165.6951180000001,16,1936.0,976.0,256,0.014570333994925,17569.947270197586,median 5 warm calls on training rows; end-to-end preprocessing,6000.0,,,,,0.6519497964569324,0.4250385371002356,0.46886118939136,0.6740235698931656,,,,,,
6000.0,5433.0,0.9055,11,2,regression,california_housing,coerror_b6000_k16,complete,,,,,,,0.2529538601785728,0.580588634569865,0.6340995670888229,0.6340995670888229,1.0,2.190059455722816,0.4165873015873015,8.0,0.3649271979451632,16.0,equal,True,1874251,63.00720899971202,165.81865000000005,16,1958.0,987.0,256,0.0152415828779339,16796.155756934164,median 5 warm calls on training rows; end-to-end preprocessing,6000.0,,,,,0.5744452441235012,0.3299873384961089,0.4187736948462742,0.7469215490028622,,,,,,
6000.0,5433.0,0.9055,11,2,regression,california_housing,random_b6000_k64,complete,,,,,,,0.5752121879860348,0.2432413468542212,0.7683750797821931,0.7683750797821931,1.0,1.5052485004303355,0.1708498677248677,8.0,0.7877304848922914,64.0,equal,True,7175515,62.96607754100114,166.30448400000012,64,3192.0,1628.0,256,0.0638928341213613,4006.709101583134,median 5 warm calls on training rows; end-to-end preprocessing,6000.0,,,,,0.8662475561190945,0.7503848284823039,0.6736249541835148,0.4245044949011165,,,,,,
6000.0,5433.0,0.9055,11,2,regression,california_housing,top_quality_b6000_k64,complete,,,,,,,0.2745900344005487,0.629175660177631,0.8267186483727694,0.8267186483727694,1.0,1.4221034577638816,0.5697751322751322,8.0,0.4133272415784974,64.0,equal,True,7512171,63.23841145890765,167.496352,64,7804.0,3934.0,256,0.0739501670468598,3461.7906926130536,median 5 warm calls on training rows; end-to-end preprocessing,6000.0,,,,,0.5985085629806469,0.3582124999611589,0.4279537652840522,0.7252747180205783,,,,,,
6000.0,5433.0,0.9055,11,2,regression,california_housing,coerror_b6000_k64,complete,,,,,,,0.2535274225546581,0.5831843346647464,0.653186884886126,0.653186884886126,1.0,2.156474801039633,0.4282927059712773,8.0,0.3640238852234978,64.0,equal,True,7512411,64.12381033296697,168.1149610000001,64,7818.0,3941.0,256,0.0786014168988913,3256.9387436018455,median 5 warm calls on training rows; end-to-end preprocessing,6000.0,,,,,0.5750961407330821,0.330735571086085,0.4198276514924778,0.7463477041222684,,,,,,
6000.0,5433.0,0.9055,11,2,regression,california_housing,random_b6000_k128,complete,,,,,,,0.5106889585422208,0.2943375589047702,0.7360910984572028,0.7360910984572028,1.0,1.6547743125757115,0.184778074615673,8.0,0.7002356282370263,128.0,equal,True,14473819,63.75594720803201,168.44932299999994,128,7710.0,3919.0,256,0.1570401249919086,1630.1566240678308,median 5 warm calls on training rows; end-to-end preprocessing,6000.0,,,,,0.816218091472169,0.66621197284647,0.6315217020865493,0.4890595048521231,,,,,,
6000.0,5433.0,0.9055,11,2,regression,california_housing,top_quality_b6000_k128,complete,,,,,,,0.280452591522537,0.6201829662905946,0.8150496265758339,0.8150496265758339,1.0,1.4733151544998109,0.5285761154855643,8.0,0.416836533820975,128.0,equal,True,15049035,64.30855395784602,170.77261600000008,128,15590.0,7859.0,256,0.1480644999537617,1728.9762237399575,median 5 warm calls on training rows; end-to-end preprocessing,6000.0,,,,,0.6048639640123709,0.3658604149607586,0.4344280903521957,0.7194092733332837,,,,,,
6000.0,5433.0,0.9055,11,2,regression,california_housing,coerror_b6000_k128,complete,,,,,,,0.2538990084326277,0.5822250708804425,0.6545957378570356,0.6545957378570356,1.0,2.1588697525697356,0.4337785901762279,8.0,0.3642658606311493,128.0,equal,True,15048523,66.04902924993075,171.80079000000012,128,15606.0,7867.0,256,0.1632236668374389,1568.4000057109413,median 5 warm calls on training rows; end-to-end preprocessing,6000.0,,,,,0.575517435118826,0.3312203181257521,0.4202624479056422,0.7459759352220328,,,,,,
300.0,275.0,0.9166666666666666,11,2,regression,california_housing,top_quality_b300_k64,complete,,,,,,,0.3711706899781708,0.5317093192451199,0.8175399100051575,0.8175399100051575,1.0,1.4219526896198775,0.3721395502645502,8.0,0.516561490997376,64.0,equal,True,7231232,62.9579403756652,167.12568499999998,64,3916.0,1990.0,256,0.0944726248271763,2709.7796898129386,median 5 warm calls on training rows; end-to-end preprocessing,6000.0,,,,,0.6958486991539674,0.4842054121142686,0.5157853571603505,0.6286464922539601,,,,,,
300.0,275.0,0.9166666666666666,11,2,regression,california_housing,coerror_b300_k64,complete,,,,,,,0.3192817238034227,0.5010697265624261,0.6750090028294105,0.6750090028294105,1.0,2.1073669141890266,0.3318523242630385,8.0,0.447885694591064,64.0,equal,True,7396075,63.13729162467643,167.563356,64,6204.0,3134.0,256,0.0885979169979691,2889.4584508783437,median 5 warm calls on training rows; end-to-end preprocessing,6000.0,,,,,0.645379271303536,0.4165144038282832,0.4837107535005117,0.680561016009706,,,,,,
6000.0,5433.0,0.9055,11,2,regression,california_housing,random_cert_b6000_k64,complete,,,,,,,0.519925105933018,0.2934741390227259,0.7491026045708626,0.7491026045708626,1.0,1.6523406574584003,0.1827121126228268,8.0,0.712022166102514,64.0,equal,True,7262192,63.43321516690776,166.86719900000014,64,4398.0,2231.0,256,0.0880447910167276,2907.610967596736,median 5 warm calls on training rows; end-to-end preprocessing,6000.0,,,,,0.8235659395305065,0.6782608567547659,0.6379713279927435,0.4798188082555421,,,,,,
6000.0,5433.0,0.9055,11,2,regression,california_housing,top_quality_cert_b6000_k64,complete,,,,,,,0.2745900344005487,0.629175660177631,0.8267186483727694,0.8267186483727694,1.0,1.4221034577638816,0.5697751322751322,8.0,0.4133272415784974,64.0,equal,True,7512171,63.54970266693272,168.01933199999996,64,7804.0,3934.0,256,0.2069756661076098,1236.8603750109523,median 5 warm calls on training rows; end-to-end preprocessing,6000.0,,,,,0.5985085629806469,0.3582124999611589,0.4279537652840522,0.7252747180205783,,,,,,
6000.0,5433.0,0.9055,11,2,regression,california_housing,coerror_cert_b6000_k64,complete,,,,,,,0.2535274225546581,0.5831843346647464,0.6531868848861261,0.6531868848861261,1.0,2.156474801039634,0.4282927059712773,8.0,0.3640238852234978,64.0,equal,True,7512411,65.00185016565956,169.13056699999993,64,7818.0,3941.0,256,0.1156641249544918,2213.3051203277023,median 5 warm calls on training rows; end-to-end preprocessing,6000.0,,,,,0.5750961407330821,0.330735571086085,0.4198276514924777,0.7463477041222684,,,,,,
6000.0,5433.0,0.9055,11,2,regression,california_housing,abs_correlation_b6000_k64,complete,,,,,,,0.2915796345928981,0.5052315705357157,0.6083839895951633,0.6083839895951633,1.0,2.3993846338299414,0.3631991685563113,8.0,0.4062599959091401,64.0,equal,True,7505675,66.65251750079915,170.4600949999999,64,7710.0,3887.0,256,0.1121305420529097,2283.0532637504266,median 5 warm calls on training rows; end-to-end preprocessing,6000.0,,,,,0.6167463334053047,0.3803760397688873,0.4581904133108692,0.7082767497084714,,,,,,
6000.0,5433.0,0.9055,11,2,regression,california_housing,signed_correlation_b6000_k64,complete,,,,,,,0.2915796345928981,0.5052315705357157,0.6083839895951633,0.6083839895951633,1.0,2.3993846338299414,0.3631991685563113,8.0,0.4062599959091401,64.0,equal,True,7505675,65.42830091598444,169.50697200000013,64,7710.0,3887.0,256,0.1823267079889774,1404.0729568565264,median 5 warm calls on training rows; end-to-end preprocessing,6000.0,,,,,0.6167463334053047,0.3803760397688873,0.4581904133108692,0.7082767497084714,,,,,,
6000.0,5433.0,0.9055,11,2,regression,california_housing,quality_diversity_l002_b6000_k64,complete,,,,,,,0.2742976852683575,0.6291651126767687,0.8261100542385946,0.8261100542385946,1.0,1.424519497071429,0.5671957671957671,8.0,0.4130323903690444,64.0,equal,True,7512331,65.19764033262618,169.72811100000013,64,7806.0,3935.0,256,0.1107844170182943,2310.794305644318,median 5 warm calls on training rows; end-to-end preprocessing,6000.0,,,,,0.5981898695935178,0.3578311200843099,0.4277095610161208,0.7255672111474791,,,,,,
6000.0,5433.0,0.9055,11,2,regression,california_housing,quality_diversity_l01_b6000_k64,complete,,,,,,,0.2733088000223452,0.6291123027139713,0.8244698228791718,0.8244698228791718,1.0,1.4310453671183527,0.5602513227513226,8.0,0.4122632810081644,64.0,equal,True,7513067,66.01080045779236,169.7247510000002,64,7816.0,3940.0,256,0.4652921250090003,550.1919895915885,median 5 warm calls on training rows; end-to-end preprocessing,6000.0,,,,,0.5971106128580282,0.3565410839876901,0.4270023130950452,0.726556583462644,,,,,,
6000.0,5433.0,0.9055,11,2,regression,california_housing,quality_diversity_l05_b6000_k64,complete,,,,,,,0.2536326295479703,0.5897298350989479,0.6647893321930937,0.6647893321930937,1.0,2.071470929656411,0.4419005102040816,8.0,0.3650116083978916,64.0,equal,True,7512523,67.43382695806213,170.51087699999994,64,7826.0,3945.0,256,0.1118357919622212,2289.0703906892186,median 5 warm calls on training rows; end-to-end preprocessing,6000.0,,,,,0.5752154529945157,0.3308728173636859,0.4196368417888425,0.7462424453099192,,,,,,
6000.0,5433.0,0.9055,11,2,regression,california_housing,caruana_b6000_k64,complete,,,,,,,0.2535238212708982,0.5767280549234525,0.6326596367179115,0.6326596367179115,1.0,2.1978345422387036,0.3867167919799499,8.0,0.3639913142464042,64.0,frequency_weighted,True,2341483,63.76808141707443,166.85199400000033,20,2436.0,1228.0,256,0.0606509591452777,4220.873067922984,median 5 warm calls on training rows; end-to-end preprocessing,6000.0,,,,,0.5750920561813482,0.3307308730828909,0.4198508928182329,0.7463513071798178,,,,,,
6000.0,5433.0,0.9055,11,2,regression,california_housing,coerror_swap_b6000_k64,complete,,,,,,,0.2535174295418095,0.5832462730719168,0.6532530520829238,0.6532530520829238,1.0,2.155415720243147,0.429494992441421,8.0,0.3640228304601366,64.0,equal,True,7512315,64.8955318746157,168.7526969999999,64,7818.0,3941.0,256,0.3160364171490073,810.0332306934714,median 5 warm calls on training rows; end-to-end preprocessing,6000.0,,,,,0.5750848066539184,0.3307225348441747,0.419866709472548,0.746357702057112,,,,,,
6000.0,5433.0,0.9055,11,2,regression,california_housing,coerror_b6000_k256,complete,,,,,,,0.2560752016575701,0.5762818483126432,0.6479522322125586,0.6479522322125586,1.0,2.1993438729183667,0.4116406979458449,8.0,0.3656327828548515,256.0,equal,True,30088523,82.6832100409083,182.40886599999976,256,31110.0,15683.0,256,0.3008675421588123,850.8727733245182,median 5 warm calls on training rows; end-to-end preprocessing,6000.0,,,,,0.5779785807932389,0.3340592398557667,0.4228697635343701,0.7437986701269277,,,,,,
1000.0,745.0,0.745,11,2,regression,california_housing,top_quality_f05_d3_b1000_k64,complete,,,,,,,0.51726091826439,0.4724273773106047,0.9999999999999988,0.9999999999999988,1.0,1.0000000000000118,1.0,1.0,0.7092315858830508,64.0,equal,True,7010507,62.59351091668941,165.59015999999997,64,960.0,512.0,256,0.0625638749916106,4091.8181623872833,median 5 warm calls on training rows; end-to-end preprocessing,6000.0,,,,,0.8214531811713313,0.6747853288564999,0.6161051289375542,0.4824843081528991,,,,,,
1000.0,745.0,0.745,11,2,regression,california_housing,coerror_f05_d3_b1000_k64,complete,,,,,,,0.476068415121525,0.4041788719913254,0.8287158855463111,0.8287158855463111,1.0,1.4398999286946792,0.5892857142857143,2.0,0.6502704555167707,64.0,equal,True,7010507,62.67504175007343,165.558352,64,960.0,512.0,256,0.0557891251519322,4588.707912210979,median 5 warm calls on training rows; end-to-end preprocessing,6000.0,,,,,0.7880661383101665,0.6210482383510985,0.6006919534199611,0.5236971004017761,,,,,,
1000.0,791.0,0.791,11,2,regression,california_housing,top_quality_f05_d6_b1000_k64,complete,,,,,,,0.5151706573370365,0.4693865162985037,1.0,1.0,1.0,1.000000000000006,1.0,1.0,0.7133195058874393,64.0,equal,True,7508171,62.58627800014801,165.699652,64,7872.0,3968.0,256,0.0619883751496672,4129.806586830243,median 5 warm calls on training rows; end-to-end preprocessing,6000.0,,,,,0.8197917472599999,0.6720585088756036,0.6118822727714494,0.4845755986250074,,,,,,
1000.0,791.0,0.791,11,2,regression,california_housing,coerror_f05_d6_b1000_k64,complete,,,,,,,0.4551734708690446,0.4012947546835036,0.7947368305793295,0.7947368305793295,1.0,1.525854466667164,0.5218253968253969,3.0,0.6305095957885236,64.0,equal,True,7496651,62.75480466801673,165.87519599999996,64,7712.0,3888.0,256,0.0620071671437472,4128.555000852268,median 5 warm calls on training rows; end-to-end preprocessing,6000.0,,,,,0.7705777299115674,0.5937900378356645,0.5871602367190608,0.5446023363264471,,,,,,
1000.0,963.0,0.963,11,2,regression,california_housing,top_quality_f20_d3_b1000_k64,complete,,,,,,,0.471541931432172,0.4980338910488257,0.944595382228925,0.944595382228925,1.0,1.1129039885784286,0.6696428571428571,3.0,0.6379858447048732,64.0,equal,True,7013744,62.61183700012043,165.71900299999993,64,960.0,512.0,256,0.0644410839304328,3972.6209490263095,median 5 warm calls on training rows; end-to-end preprocessing,6000.0,,,,,0.7843107029925535,0.6151432788286734,0.5906436642982513,0.528225813581945,,,,,,
1000.0,963.0,0.963,11,2,regression,california_housing,coerror_f20_d3_b1000_k64,complete,,,,,,,0.4344686727827102,0.4354817793167099,0.7993913615347407,0.7993913615347407,1.0,1.5734416811614915,0.374834656084656,8.0,0.5921194542513616,64.0,equal,True,7014032,62.73534866608679,165.81007000000022,64,960.0,512.0,256,0.0622110830154269,4115.022397801973,median 5 warm calls on training rows; end-to-end preprocessing,6000.0,,,,,0.7528478530090008,0.5667798897802622,0.5742882300932562,0.5653173324296845,,,,,,
1000.0,934.0,0.934,11,2,regression,california_housing,top_quality_f20_d6_b1000_k64,complete,,,,,,,0.3577207543860381,0.5748806591215219,0.8756688153573854,0.8756688153573854,1.0,1.2732419201267202,0.6666666666666666,3.0,0.501508536042923,64.0,equal,True,7511408,62.72375470818952,166.25566500000014,64,7872.0,3968.0,256,0.0733980839140713,3487.829468405532,median 5 warm calls on training rows; end-to-end preprocessing,6000.0,,,,,0.6831247990724177,0.4666594911077311,0.500031354228515,0.6421030525265143,,,,,,
1000.0,934.0,0.934,11,2,regression,california_housing,coerror_f20_d6_b1000_k64,complete,,,,,,,0.2880677017562169,0.5498829959670697,0.6662977765458501,0.6662977765458501,1.0,1.9124773033451716,0.4422949735449735,5.0,0.4048391271054443,64.0,equal,True,7508768,62.847688999958336,166.26710999999978,64,7830.0,3947.0,256,0.0753785839769989,3396.1900913144777,median 5 warm calls on training rows; end-to-end preprocessing,6000.0,,,,,0.6130208789616972,0.3757945980429719,0.4521385871536563,0.7117904123253843,,,,,,
1000.0,1000.0,1.0,11,2,regression,california_housing,top_quality_f50_d3_b1000_k64,complete,,,,,,,0.4781246756590215,0.5224409490329274,1.0,1.0,1.0,1.0000000000000049,0.6211640211640211,6.0,0.6419968521937245,64.0,equal,True,7019563,62.80420887493528,166.55376300000012,64,960.0,512.0,256,0.0799835000652819,3200.6601335407245,median 5 warm calls on training rows; end-to-end preprocessing,6000.0,,,,,0.7897662335210062,0.6237307036099565,0.5976314254309643,0.521639827066201,,,,,,
1000.0,1000.0,1.0,11,2,regression,california_housing,coerror_f50_d3_b1000_k64,complete,,,,,,,0.430697284545005,0.4414930192440697,0.804843521360448,0.804843521360448,1.0,1.5698755463937253,0.3942365835222977,8.0,0.5872009884227719,64.0,equal,True,7019627,63.09275749907829,167.075294,64,960.0,512.0,256,0.078577458159998,3257.9318037844546,median 5 warm calls on training rows; end-to-end preprocessing,6000.0,,,,,0.7495731980425784,0.5618599792237785,0.5709267821817253,0.5690905782407326,,,,,,
1000.0,1000.0,1.0,11,2,regression,california_housing,top_quality_f50_d6_b1000_k64,complete,,,,,,,0.2745900344005487,0.629175660177631,0.8267186483727694,0.8267186483727694,1.0,1.4221034577638816,0.5697751322751322,8.0,0.4133272415784974,64.0,equal,True,7512171,63.18987112492323,167.99164799999994,64,7804.0,3934.0,256,0.0757711671758443,3378.593857553936,median 5 warm calls on training rows; end-to-end preprocessing,6000.0,,,,,0.5985085629806469,0.3582124999611589,0.4279537652840522,0.7252747180205783,,,,,,
1000.0,1000.0,1.0,11,2,regression,california_housing,coerror_f50_d6_b1000_k64,complete,,,,,,,0.2537026283848297,0.5826643965192251,0.6531233970429225,0.6531233970429225,1.0,2.1578853009134673,0.4272156084656084,8.0,0.364368754168146,64.0,equal,True,7510619,63.22142987488769,167.67011000000002,64,7780.0,3922.0,256,0.0754247920121997,3394.1094588446817,median 5 warm calls on training rows; end-to-end preprocessing,6000.0,,,,,0.5752948229774183,0.3309641333446191,0.4199217217433544,0.746172411995577,,,,,,
,,,11,2,regression,california_housing,random_forest,complete,,,,,,,0.1836106556753975,,,,,,,,,,,,299822339,16.533263749908656,16.219689000000017,256,4163044.0,2081650.0,256,0.0244904579594731,10453.050752404442,median 5 warm calls on training rows; end-to-end preprocessing,,16.533263749908656,16.219689000000017,1428750336.0,,0.4894146027357601,0.2395266533710019,0.3216839519576961,0.8162989080613579,,,,,,
,,,11,2,regression,california_housing,extra_trees,complete,,,,,,,0.1812654150278589,,,,,,,,,,,,478730531,6.968939250102267,6.9121090000001,256,6647880.0,3324068.0,256,0.0259772920981049,9854.760805444968,median 5 warm calls on training rows; end-to-end preprocessing,,6.968939250102267,6.9121090000001,1856847872.0,,0.4862789356376936,0.2364672032449281,0.3191206320846931,0.8186453038422944,,,,,,
,,,11,2,regression,california_housing,xgboost,complete,,,,,,,0.1573114540899009,,,,,,,,,,,,1376257,0.5517142079770565,0.5517040000001998,300,34276.0,17288.0,256,0.0021645410452038,118269.87553192645,median 5 warm calls on training rows; end-to-end preprocessing,,0.5517142079770565,0.5517040000001998,1872363520.0,,0.453010382096644,0.2052184062873474,0.2992528983828458,0.8426110631516985,,,,,,
,,,11,2,regression,california_housing,lightgbm,complete,,,,,,,0.1511445397564702,,,,,,,,,,,,862872,0.3636839580722153,0.3638730000000123,300,18300.0,9300.0,256,0.0066867081914097,38284.90681392057,median 5 warm calls on training rows; end-to-end preprocessing,,0.3636839580722153,0.3638730000000123,1901903872.0,,0.4440421674153802,0.1971734464429485,0.2943009836730576,0.8487810149596484,,,,,,
,,,11,2,regression,california_housing,catboost,complete,,,,,,,0.1706249569151078,,,,,,,,,,,,344656,0.9011266669258476,0.9055250000001251,300,38100.0,19200.0,256,0.0012009579222649,213163.17187632984,median 5 warm calls on training rows; end-to-end preprocessing,,0.9011266669258476,0.9055250000001251,1925431296.0,,0.4717905741747718,0.2225863458801608,0.3213924443351885,0.8292910028451637,,,,,,
,,,11,2,regression,california_housing,linear,complete,,,,,,,0.3915721097605281,,,,,,,,,,,,3106,0.0137600828893482,0.0137889999998606,1,,,256,0.0009052921086549,282781.654178283,median 5 warm calls on training rows; end-to-end preprocessing,,0.0137600828893482,0.0137889999998606,1925873664.0,9.0,0.714716581831286,0.5108197923445973,0.5266784193361629,0.6082350238817582,,,,,,
,,,11,2,regression,california_housing,rf_leaf5,complete,,,,,,,0.1886732041711053,,,,,,,,,,,,49744883,15.561847958015278,14.865864999999983,256,689746.0,345001.0,256,0.024312499910593,10529.563020726637,median 5 warm calls on training rows; end-to-end preprocessing,,15.561847958015278,14.865864999999983,1951514624.0,,0.4961158418811134,0.2461309285654059,0.3260396946946619,0.8112338660395157,,,,,,
,,,11,2,regression,california_housing,rf_shallow64,complete,,,,,,,0.2946721457623359,,,,,,,,,,,,578531,2.338511874899268,2.3163570000001528,64,7712.0,3888.0,256,0.0043689159210771,58595.77172565147,median 5 warm calls on training rows; end-to-end preprocessing,,2.338511874899268,2.3163570000001528,1183711232.0,,0.6200083313640024,0.3844103309607745,0.445588384363432,0.7051827153422825,,,,,,
,,,11,2,regression,california_housing,random_patches64,complete,,,,,,,0.4813251261353862,,,,,,,,,,,,4025944,0.6543969169724733,0.6507459999997991,64,6866.0,3465.0,256,0.0711807499174028,3596.4779845261364,median 5 warm calls on training rows; end-to-end preprocessing,,0.6543969169724733,0.6507459999997991,1188741120.0,,0.792405076636988,0.6279058054800708,0.611177245345733,0.5184378002282646,,,,,,
1000.0,873.0,0.873,11,0,binary,musk2,random_b1000_k16,complete,0.7703802972802024,0.3401511538327478,0.4038391730038543,0.1367224910709241,0.5781941808981658,0.1360118453165993,1.0463867185969091,0.7047998614196958,0.4925893645110611,0.4925893645110611,0.7665693189119692,2.8854861864476296,0.1305960240639499,165.0,0.1189585294616787,16.0,equal,True,656695,84.43590604141355,282.32937999999996,16,548.0,282.0,256,0.0166348328348249,15389.394203232723,median 5 warm calls on training rows; end-to-end preprocessing,6000.0,,,,,,,,,0.6601731601731603,0.4892730276402077,0.6668861087815414,0.2359573399665148,0.6493506493506493,0.1869923078911097
1000.0,873.0,0.873,11,0,binary,musk2,top_quality_b1000_k16,complete,0.7347209044908287,0.2716258624477827,0.5704316671069242,0.1897932205907998,0.6519924098671727,0.1593138305157213,1.4525562235618208,0.8119112520379165,0.4900528823970823,0.4900528823970823,0.8914396741211167,3.137820135545501,0.1012272579553914,160.0,0.0824255461478353,16.0,equal,True,667058,84.46760362549685,282.39005699999996,16,746.0,381.0,256,0.0193649169523268,13219.783003987475,median 5 warm calls on training rows; end-to-end preprocessing,6000.0,,,,,,,,,0.683982683982684,0.5253393767500351,0.7457050477222964,0.2496869176853454,0.6493506493506493,0.2322228915345423
1000.0,873.0,0.873,11,0,binary,musk2,coerror_b1000_k16,complete,0.7159495572422517,0.292073468035409,0.5348318289478429,0.185713033865451,0.6092820999367489,0.1647157328533357,1.4213290774985905,0.784307482542494,0.4793618618652047,0.4793618618652047,0.7801557837667559,3.4751667617325808,0.1037824636639879,164.0,0.0696375872960331,16.0,equal,True,651050,84.4676384581253,282.388534,16,526.0,271.0,256,0.019656374817714,13023.764675533954,median 5 warm calls on training rows; end-to-end preprocessing,6000.0,,,,,,,,,0.6471861471861473,0.5105908030163316,0.7375078091130727,0.2565225813353222,0.6493506493506493,0.2304262365107809
1000.0,873.0,0.873,11,0,binary,musk2,random_b1000_k64,complete,0.7538946869070209,0.3446042271188759,0.4169191198286457,0.1432761001147639,0.5571948134092347,0.1252710654812107,1.0965438610585183,0.7166343839428657,0.4867371942747783,0.4867371942747783,0.9227088012239562,3.3051304415193448,0.0974912603532473,166.0,0.1106547121862089,64.0,equal,True,2664516,85.29680391657166,285.60762,64,2678.0,1371.0,256,0.0899822500068694,2845.0055425426285,median 5 warm calls on training rows; end-to-end preprocessing,6000.0,,,,,,,,,0.7012987012987013,0.6446759496612868,0.6257335962127761,0.2159494921490321,0.696969696969697,0.2003356398066999
1000.0,873.0,0.873,11,0,binary,musk2,top_quality_b1000_k64,complete,0.7207020872865275,0.2343880173196683,0.5295159298039948,0.1846014417497229,0.5980075901328273,0.1606970432479993,1.4128216606333472,0.792710842479726,0.4889973504117735,0.4889973504117735,0.9636174693573046,3.3288212203922773,0.131926090760884,166.0,0.0928118070267906,64.0,equal,True,2690502,85.72911750013009,287.17783799999995,64,2834.0,1449.0,256,0.0927429578732699,2760.317396279459,median 5 warm calls on training rows; end-to-end preprocessing,6000.0,,,,,,,,,0.6796536796536797,0.5356946084218812,0.706220129598925,0.2451563254030698,0.6731601731601732,0.20369472693301
1000.0,873.0,0.873,11,0,binary,musk2,coerror_b1000_k64,complete,0.7268587919038584,0.2354695876849677,0.4869079245134382,0.1689074657892505,0.5588077166350411,0.1436271453919698,1.2927099812864666,0.766074732857783,0.5048661549725064,0.5048661549725064,0.956269457137366,3.619826183145647,0.1201454498953996,166.0,0.0734909055948571,64.0,equal,True,2626902,85.73269779118709,286.80894700000005,64,2052.0,1058.0,256,0.0927480000536888,2760.1673335469195,median 5 warm calls on training rows; end-to-end preprocessing,6000.0,,,,,,,,,0.6277056277056278,0.436041736041736,0.686846538346255,0.240445818385851,0.696969696969697,0.2042269196971811
1000.0,873.0,0.873,11,0,binary,musk2,random_b1000_k128,complete,0.7574051233396584,0.3471748076783962,0.4186763141451392,0.1441178979502732,0.5700189753320684,0.149573448180309,1.1029864446299635,0.7207103548708734,0.4957892329549849,0.4957892329549849,0.9830740651347928,3.223004712268864,0.1168174329822081,166.0,0.1137470108989321,128.0,equal,True,5354278,87.15893500042148,291.70927599999993,128,5118.0,2623.0,256,0.1825551667716354,1402.3158288378618,median 5 warm calls on training rows; end-to-end preprocessing,6000.0,,,,,,,,,0.7056277056277057,0.6246708495720353,0.6128127354905741,0.2126334103934408,0.6731601731601732,0.1827530920379937
1000.0,873.0,0.873,11,0,binary,musk2,top_quality_b1000_k128,complete,0.7289508222643896,0.2401557936956943,0.4922759869512738,0.1727507099957443,0.622011385199241,0.1553501576356196,1.3221237204781662,0.7824479799122073,0.4890664427251843,0.4890664427251843,0.9636174693573046,3.4054400359546793,0.1358072107480335,166.0,0.0931507182349987,128.0,equal,True,5404804,87.66982387541793,293.425647,128,5514.0,2821.0,256,0.1935488749295473,1322.6633329343051,median 5 warm calls on training rows; end-to-end preprocessing,6000.0,,,,,,,,,0.6709956709956709,0.4966569480676064,0.6924612989362979,0.2418476662539207,0.6731601731601732,0.2340477743462096
1000.0,873.0,0.873,11,0,binary,musk2,coerror_b1000_k128,complete,0.7318271663504112,0.2391193563555422,0.4547819740631796,0.158784304891456,0.5633459835547122,0.1246135376685779,1.2152337662855512,0.7547371695617948,0.5034454293240145,0.5034454293240145,0.9843765244777406,3.66314669003947,0.1192488936689187,166.0,0.0780316522505123,128.0,equal,True,5288070,87.86793841631152,291.68479700000006,128,4184.0,2156.0,256,0.230437375139445,1110.9308975815495,median 5 warm calls on training rows; end-to-end preprocessing,6000.0,,,,,,,,,0.6363636363636364,0.4653790653790653,0.657025870484665,0.2306350936032756,0.696969696969697,0.1688018478718201
3000.0,2638.0,0.8793333333333333,11,0,binary,musk2,random_b3000_k16,complete,0.7438092979127136,0.3301611146133702,0.4637917433944621,0.1620571364947332,0.577482605945604,0.1284756648347896,1.2402819313317612,0.72712033125099,0.4957273357403575,0.4957273357403575,0.8362780244852335,2.902960782684924,0.2128583005740682,166.0,0.1166870594088552,16.0,equal,True,683012,85.03749991534278,283.74746200000004,16,770.0,393.0,256,0.0660135841462761,3877.989709401973,median 5 warm calls on training rows; end-to-end preprocessing,6000.0,,,,,,,,,0.6904761904761905,0.5534861603043421,0.7142052280092284,0.2510317007693852,0.6493506493506493,0.2866685639283596
3000.0,2638.0,0.8793333333333333,11,0,binary,musk2,top_quality_b3000_k16,complete,0.729912239089184,0.2460821538399974,0.5207554212167794,0.1810379471608596,0.5515654648956356,0.1599840807629463,1.3855489465365551,0.8201005798857297,0.4798498238936947,0.4798498238936947,0.760482037604067,3.1388613724379812,0.0887299255145214,162.0,0.0828606776546805,16.0,equal,True,670276,85.80045491619967,282.75614399999995,16,796.0,406.0,256,0.0513373331632465,4986.624435397744,median 5 warm calls on training rows; end-to-end preprocessing,6000.0,,,,,,,,,0.6883116883116883,0.501322762802071,0.7143628323826388,0.2444286808839985,0.6731601731601732,0.2097171318119472
3000.0,2638.0,0.8793333333333333,11,0,binary,musk2,coerror_b3000_k16,complete,0.7380115433270082,0.2884678595651119,0.4461848688434037,0.155190251623363,0.5932953826691967,0.1319584228236637,1.1877271755541736,0.7796912693019022,0.4628065109381562,0.4628065109381562,0.8781359861317435,3.6934092990424463,0.0769629787881718,159.0,0.0667848592992688,16.0,equal,True,650323,85.1234545414336,282.55306400000006,16,576.0,296.0,256,0.0402666248846799,6357.622490913047,median 5 warm calls on training rows; end-to-end preprocessing,6000.0,,,,,,,,,0.6926406926406927,0.5772924045651318,0.6673271586655819,0.2355479920801351,0.6255411255411256,0.1740908285734145
3000.0,2638.0,0.8793333333333333,11,0,binary,musk2,random_b3000_k64,complete,0.7495066413662239,0.2756049196928717,0.4186911665063627,0.1437527420347152,0.5622707147375079,0.1264321393117647,1.1001917742193812,0.7101285235808817,0.5110784290700351,0.5110784290700351,0.8542138452242014,3.134500641132237,0.1281749707510228,166.0,0.1126962661751338,64.0,equal,True,2655281,87.00386395934038,286.795852,64,2366.0,1215.0,256,0.1351842498406767,1893.7117327034196,median 5 warm calls on training rows; end-to-end preprocessing,6000.0,,,,,,,,,0.6926406926406926,0.5960070232797505,0.620373666454449,0.2131803886998599,0.696969696969697,0.1374032984228306
3000.0,2638.0,0.8793333333333333,11,0,binary,musk2,top_quality_b3000_k64,complete,0.7382352941176471,0.2459808360916017,0.490646726619646,0.1720352836339938,0.6433744465528146,0.1496930197414148,1.3166483035426937,0.8068602014118439,0.4968611390010895,0.4968611390010895,0.9357859101233889,3.316769860019776,0.0900226256328732,166.0,0.0853488842898481,64.0,equal,True,2680769,85.9419262490701,285.8090419999999,64,3034.0,1549.0,256,0.2400780420284718,1066.319925958243,median 5 warm calls on training rows; end-to-end preprocessing,6000.0,,,,,,,,,0.6796536796536796,0.4940908235374639,0.6829464447143405,0.2378570700370471,0.696969696969697,0.1869770516809067
3000.0,2638.0,0.8793333333333333,11,0,binary,musk2,coerror_b3000_k64,complete,0.7341453194180898,0.2441738728014394,0.4586910009466355,0.1593062086838198,0.5828589500316256,0.1310766777693733,1.2192280849410793,0.7763391088524272,0.491238392861786,0.491238392861786,0.9315883712668152,3.8250230929821623,0.1054376076881663,166.0,0.0686073814511238,64.0,equal,True,2629972,86.26764045725577,286.29897600000004,64,2216.0,1140.0,256,0.1454383751843124,1760.1956820239088,median 5 warm calls on training rows; end-to-end preprocessing,6000.0,,,,,,,,,0.6493506493506493,0.4774492369800287,0.6670107675127899,0.233054510314841,0.696969696969697,0.1551955100570526
3000.0,2638.0,0.8793333333333333,11,0,binary,musk2,random_b3000_k128,complete,0.7593643263757115,0.3017524231200217,0.4164087587889545,0.14282601129275,0.6033206831119545,0.1169882856196021,1.093099168368565,0.7263297097876954,0.4997179257416743,0.4997179257416743,0.9744129619258008,3.173370757578099,0.1164695262825133,166.0,0.1135031212649543,128.0,equal,True,5331204,88.01740204053931,290.927532,128,4858.0,2493.0,256,0.2869458750355989,892.1543129631688,median 5 warm calls on training rows; end-to-end preprocessing,6000.0,,,,,,,,,0.6796536796536797,0.5063119357585761,0.6442388639027116,0.2246821458112182,0.696969696969697,0.2030531817915196
3000.0,2638.0,0.8793333333333333,11,0,binary,musk2,top_quality_b3000_k128,complete,0.7404451296647692,0.2473286481728762,0.4874841851134938,0.1709277816843734,0.6472643896268184,0.1492107484221733,1.3081721901993386,0.7974105903849444,0.4860908467808011,0.4860908467808011,0.9357859101233889,3.452601965459453,0.1039792640243472,166.0,0.0886210597083627,128.0,equal,True,5415542,87.69246095814742,291.23257599999994,128,6110.0,3119.0,256,0.2516057088505476,1017.4649898427484,median 5 warm calls on training rows; end-to-end preprocessing,6000.0,,,,,,,,,0.6926406926406926,0.5556473829201102,0.6812509349944496,0.2390211624090329,0.6493506493506493,0.2291869942561007
3000.0,2638.0,0.8793333333333333,11,0,binary,musk2,coerror_b3000_k128,complete,0.7341540164452879,0.2406626088692219,0.4527678068283672,0.1571062984007915,0.5998418722327641,0.1348898285115253,1.2023913751632305,0.7692466218073635,0.500179313877921,0.500179313877921,0.9668064422014596,3.7683329068153464,0.1146020402517156,166.0,0.0710159107215108,128.0,equal,True,5289846,87.94931791606359,291.46423599999997,128,4324.0,2226.0,256,0.1871953748632222,1367.5551556070825,median 5 warm calls on training rows; end-to-end preprocessing,6000.0,,,,,,,,,0.6536796536796537,0.4648548421275694,0.6654532944435179,0.233309838805569,0.696969696969697,0.1641318603528549
6000.0,5235.0,0.8725,11,0,binary,musk2,random_b6000_k16,complete,0.7137033523086654,0.23973385461589,0.440603491199918,0.1523461441566959,0.5359582542694497,0.1305020876038727,1.1659601915263669,0.7152704573666091,0.5259012804249754,0.5259012804249754,0.9788852615196282,2.8822254900227096,0.1405945934049653,165.0,0.102123092211799,16.0,equal,True,647206,84.90172979026102,282.96850799999993,16,420.0,218.0,256,0.0240591668989509,10640.43493588976,median 5 warm calls on training rows; end-to-end preprocessing,6000.0,,,,,,,,,0.6645021645021646,0.5331305058577785,0.6380869713308497,0.224299932833189,0.6753246753246753,0.1602653456765718
6000.0,5235.0,0.8725,11,0,binary,musk2,top_quality_b6000_k16,complete,0.7420256166982921,0.2518613231152409,0.5112546522621747,0.1761276457308196,0.6841555977229601,0.1507571190345645,1.3479686321314004,0.8262491629011277,0.5007697166540294,0.5007697166540294,0.7854336499896291,3.0017429681320156,0.1069363780841932,161.0,0.080340227265979,16.0,equal,True,674532,84.78430612524971,282.948679,16,830.0,423.0,256,0.0270227920264005,9473.484447865145,median 5 warm calls on training rows; end-to-end preprocessing,6000.0,,,,,,,,,0.696969696969697,0.4932489525543477,0.7153848071492321,0.2442897971881142,0.696969696969697,0.355248245886317
6000.0,5235.0,0.8725,11,0,binary,musk2,coerror_b6000_k16,complete,0.7510871283997471,0.2912654043276718,0.4245435686932536,0.1454323164402109,0.5602941176470588,0.1277793583956863,1.1130461651615,0.7868861018563251,0.472949860619565,0.472949860619565,0.8770752917903449,3.5953049688381107,0.0868061644930305,164.0,0.0658237394203375,16.0,equal,True,652984,84.76338741742074,282.736915,16,570.0,293.0,256,0.0454782920423895,5629.059239106581,median 5 warm calls on training rows; end-to-end preprocessing,6000.0,,,,,,,,,0.6623376623376623,0.495278377536442,0.6763783850945037,0.2365809452489931,0.6731601731601732,0.1962279811261574
6000.0,5235.0,0.8725,11,0,binary,musk2,random_b6000_k64,complete,0.7546608159392789,0.3102625731924868,0.412116293157782,0.1408519448701641,0.5725806451612903,0.1093105844011018,1.0779909234116292,0.7179254644335693,0.5015605440738532,0.5015605440738532,0.8828078248965213,3.126504188797394,0.1081645561631815,166.0,0.1127740016031143,64.0,equal,True,2658902,86.9320466243662,286.817695,64,2548.0,1306.0,256,0.1426309158559888,1794.842292525677,median 5 warm calls on training rows; end-to-end preprocessing,6000.0,,,,,,,,,0.670995670995671,0.5475291570599489,0.6215341628927372,0.2134707770615249,0.7445887445887446,0.2272724923148871
6000.0,5235.0,0.8725,11,0,binary,musk2,top_quality_b6000_k64,complete,0.7437278621125871,0.2684006247980665,0.4985991456649046,0.1734527737360912,0.6717425679949399,0.1361858912651082,1.327496868434682,0.8146231738889064,0.5036055304665867,0.5036055304665867,0.9079978758502988,3.2370765578782676,0.0939669870880631,166.0,0.0842588848643724,64.0,equal,True,2702609,85.92530562519096,286.641674,64,3280.0,1672.0,256,0.1144962080288678,2235.8819074205053,median 5 warm calls on training rows; end-to-end preprocessing,6000.0,,,,,,,,,0.7099567099567099,0.5719937071611714,0.6840867481120292,0.2398976169875871,0.6731601731601732,0.2567086914061243
6000.0,5235.0,0.8725,11,0,binary,musk2,coerror_b6000_k64,complete,0.7439555660974067,0.2660355011195022,0.4473385010912839,0.1548418349436309,0.5989089184060721,0.1231746939099997,1.1850606165750792,0.779422245225212,0.4833124852089123,0.4833124852089123,0.9581451092729392,3.926311402933104,0.109596830717618,166.0,0.0669430475018043,64.0,equal,True,2640001,87.09731841622852,287.00284700000003,64,2330.0,1197.0,256,0.1247216248884797,2052.5710776210885,median 5 warm calls on training rows; end-to-end preprocessing,6000.0,,,,,,,,,0.670995670995671,0.5439868908520946,0.6585596774360589,0.2299767153022309,0.696969696969697,0.2442812470960413
6000.0,5235.0,0.8725,11,0,binary,musk2,random_b6000_k128,complete,0.7521813725490196,0.3113725385359311,0.4144559287841342,0.1416036771117065,0.5363693864642631,0.1194014538290406,1.0837442023881148,0.7150039623879121,0.4998985784497149,0.4998985784497149,0.987079998616342,3.1794775057781908,0.1100006349425523,166.0,0.1148446268415503,128.0,equal,True,5284582,87.74044137448072,291.92369099999996,128,4288.0,2208.0,256,0.1832971670664847,1396.639152132367,median 5 warm calls on training rows; end-to-end preprocessing,6000.0,,,,,,,,,0.6753246753246753,0.5397557646569504,0.6313226591550241,0.2194167423945566,0.696969696969697,0.1837421590780814
6000.0,5235.0,0.8725,11,0,binary,musk2,top_quality_b6000_k128,complete,0.7497983870967742,0.2735226722957198,0.4698360073742039,0.1641200793137811,0.6714737507906388,0.1263087190135827,1.2560703795246546,0.8063684988628952,0.4981263083994652,0.4981263083994652,0.9357859101233912,3.342918190424566,0.0914313727018816,166.0,0.0858785023203645,128.0,equal,True,5397745,86.78624212439172,290.770887,128,6122.0,3125.0,256,0.1909515000879764,1340.654563499391,median 5 warm calls on training rows; end-to-end preprocessing,6000.0,,,,,,,,,0.70995670995671,0.6258202748593916,0.6716774637134522,0.2363789261196621,0.6493506493506493,0.1867988154887346
6000.0,5235.0,0.8725,11,0,binary,musk2,coerror_b6000_k128,complete,0.737477862112587,0.2464300689864163,0.4431930922673426,0.1533696229812066,0.5899588867805187,0.1150725876945334,1.1737932454763391,0.7761005440472794,0.4975734806678513,0.4975734806678513,0.9581451092729392,3.832159702837872,0.1014349909699031,166.0,0.0685924853354484,128.0,equal,True,5291188,87.83298229146749,291.53078500000004,128,4528.0,2328.0,256,0.181918750051409,1407.2216301379387,median 5 warm calls on training rows; end-to-end preprocessing,6000.0,,,,,,,,,0.658008658008658,0.4822314049586776,0.6545276949529626,0.2275300916262192,0.696969696969697,0.2512220461614126
300.0,262.0,0.8733333333333333,11,0,binary,musk2,top_quality_b300_k64,complete,0.7370493358633776,0.2626060745664074,0.487789239649165,0.170977444248288,0.6311037318153068,0.1334372329229456,1.308552275779148,0.7769238375490302,0.4997888131310577,0.4997888131310577,0.8665021161688525,3.16391755272318,0.1578123882553967,166.0,0.1011317983405408,64.0,equal,True,2704977,85.92389016621746,288.11999000000003,64,2850.0,1457.0,256,0.1024867498781532,2497.8838757630538,median 5 warm calls on training rows; end-to-end preprocessing,6000.0,,,,,,,,,0.6926406926406927,0.5911039553332044,0.7077134420701332,0.2471144509882809,0.6493506493506493,0.239399998035873
300.0,262.0,0.8733333333333333,11,0,binary,musk2,coerror_b300_k64,complete,0.7512112586970271,0.3234317974397475,0.4220824186225212,0.145315488836225,0.5689753320683112,0.1145571183113653,1.1121520412158437,0.7512501466287592,0.5018698939343018,0.5018698939343018,0.9280807377495608,3.556028271751584,0.1004697378238545,166.0,0.0821446685472053,64.0,equal,True,2623796,85.37842974928208,285.83964299999997,64,2152.0,1108.0,256,0.0959434160031378,2668.2393713355746,median 5 warm calls on training rows; end-to-end preprocessing,6000.0,,,,,,,,,0.7142857142857143,0.6738292011019283,0.6224188400937658,0.216430216781222,0.696969696969697,0.142123508737718
6000.0,5235.0,0.8725,11,0,binary,musk2,random_cert_b6000_k64,complete,0.7370588235294118,0.2462144634652012,0.4676143391070509,0.1647286397160525,0.5705407969639469,0.1498284260228221,1.260727912586061,0.7264345409770566,0.5024792747423195,0.5024792747423195,0.8770462083967324,3.159163489104933,0.1212702104281666,166.0,0.1117125995300966,64.0,equal,True,2660788,85.81718487525359,286.908903,64,2494.0,1279.0,256,0.091707041952759,2791.4977361484744,median 5 warm calls on training rows; end-to-end preprocessing,6000.0,,,,,,,,,0.670995670995671,0.4639548675394389,0.6709322131145784,0.2340845878420422,0.696969696969697,0.2307869846545674
6000.0,5235.0,0.8725,11,0,binary,musk2,top_quality_cert_b6000_k64,complete,0.7437278621125871,0.2684006247980665,0.4985991456649046,0.1734527737360912,0.6717425679949399,0.1361858912651082,1.327496868434682,0.8146231738889064,0.5036055304665867,0.5036055304665867,0.9079978758502988,3.2370765578782676,0.0939669870880631,166.0,0.0842588848643724,64.0,equal,True,2702609,85.49576112465002,286.11129200000005,64,3280.0,1672.0,256,0.0877733749803155,2916.6019884436673,median 5 warm calls on training rows; end-to-end preprocessing,6000.0,,,,,,,,,0.7099567099567099,0.5719937071611714,0.6840867481120292,0.2398976169875871,0.6731601731601732,0.2567086914061243
6000.0,5235.0,0.8725,11,0,binary,musk2,coerror_cert_b6000_k64,complete,0.7439555660974067,0.2660355011195022,0.4473385010912839,0.1548418349436309,0.5989089184060721,0.1231746939099997,1.1850606165750792,0.779422245225212,0.4833124852089123,0.4833124852089123,0.9581451092729392,3.926311402933104,0.109596830717618,166.0,0.0669430475018043,64.0,equal,True,2640001,85.8883568753954,286.56605499999995,64,2330.0,1197.0,256,0.0995954158715903,2570.399428122917,median 5 warm calls on training rows; end-to-end preprocessing,6000.0,,,,,,,,,0.670995670995671,0.5439868908520946,0.6585596774360589,0.2299767153022309,0.696969696969697,0.2442812470960413
6000.0,5235.0,0.8725,11,0,binary,musk2,abs_correlation_b6000_k64,complete,0.7642813092979127,0.2980880036697461,0.4355189628926757,0.1518232985132867,0.6747944339025933,0.1364355718050127,1.1619586645438318,0.7383775712630656,0.3538366807419934,0.3538366807419934,0.8365018270603476,4.739099025857233,0.0960492084455335,166.0,0.1020792474559548,64.0,equal,True,2742468,86.33327020704746,287.012927,64,3736.0,1900.0,256,0.0903590000234544,2833.143349677954,median 5 warm calls on training rows; end-to-end preprocessing,6000.0,,,,,,,,,0.7445887445887446,0.6209829759683132,0.6182690320189743,0.2137920362996352,0.696969696969697,0.1841570721035472
6000.0,5235.0,0.8725,11,0,binary,musk2,signed_correlation_b6000_k64,complete,0.7642813092979127,0.2980880036697461,0.4355189628926757,0.1518232985132867,0.6747944339025933,0.1364355718050127,1.1619586645438318,0.7383775712630656,0.3538366807419934,0.3538366807419934,0.8365018270603476,4.739099025857233,0.0960492084455335,166.0,0.1020792474559548,64.0,equal,True,2742468,86.53923116647638,287.25669800000003,64,3736.0,1900.0,256,0.0978294999804347,2616.7975922518076,median 5 warm calls on training rows; end-to-end preprocessing,6000.0,,,,,,,,,0.7445887445887446,0.6209829759683132,0.6182690320189743,0.2137920362996352,0.696969696969697,0.1841570721035472
6000.0,5235.0,0.8725,11,0,binary,musk2,quality_diversity_l002_b6000_k64,complete,0.7475545540796964,0.2673107610682466,0.4918897688220482,0.1712863007484095,0.6749525616698292,0.1338513058023129,1.31091606638264,0.814481228070193,0.4905082242635104,0.4905082242635104,0.9079978758502988,3.350647735326131,0.0909203403375668,166.0,0.0834854755214337,64.0,equal,True,2707169,86.52775745722465,287.14636699999994,64,3356.0,1710.0,256,0.1010847918223589,2532.527350403815,median 5 warm calls on training rows; end-to-end preprocessing,6000.0,,,,,,,,,0.7142857142857143,0.5873376225050866,0.6754365167777662,0.23600076444662,0.6731601731601732,0.1853120717182427
6000.0,5235.0,0.8725,11,0,binary,musk2,quality_diversity_l01_b6000_k64,complete,0.7496110056925995,0.2782528143357984,0.4972171081202906,0.1738081950732617,0.6793643263757115,0.1501789193070978,1.3302170365928836,0.8124149906743117,0.4532146732954747,0.4532146732954747,0.9079978758502988,3.731793140458663,0.0933466510631674,166.0,0.0825960084112367,64.0,equal,True,2722513,86.14374525053427,287.255293,64,3518.0,1791.0,256,0.0882892089430242,2899.561600616499,median 5 warm calls on training rows; end-to-end preprocessing,6000.0,,,,,,,,,0.722943722943723,0.6306193806193806,0.6666275952532941,0.2336343922424194,0.6731601731601732,0.2034022872932041
6000.0,5235.0,0.8725,11,0,binary,musk2,quality_diversity_l05_b6000_k64,complete,0.7522525300442757,0.2840988732573491,0.4845341761265778,0.1695470149952922,0.6808191018342822,0.1551892830529304,1.297604682881277,0.7973393771259929,0.3947731654146852,0.3947731654146852,0.7689357934962952,4.353627613140907,0.1070107287053469,166.0,0.0852061658759367,64.0,equal,True,2746929,86.16965770744719,287.31109900000007,64,3724.0,1894.0,256,0.1053409159649163,2430.2048036611004,median 5 warm calls on training rows; end-to-end preprocessing,6000.0,,,,,,,,,0.7445887445887446,0.699134199134199,0.65602047347313,0.2310417551883899,0.6493506493506493,0.2101808581479912
6000.0,5235.0,0.8725,11,0,binary,musk2,caruana_b6000_k64,complete,0.7562080961416825,0.3071013060626989,0.4183786443412019,0.1421794759646772,0.6391840607210626,0.1024932579095222,1.0881509994528291,0.7773354181908448,0.4766502152039041,0.4766502152039041,0.919946221773372,3.8394073194488105,0.1014649053405011,165.0,0.0643214566796134,64.0,frequency_weighted,True,1223494,85.19077908317558,284.0995679999999,30,1032.0,531.0,256,0.063806707970798,4012.117348495111,median 5 warm calls on training rows; end-to-end preprocessing,6000.0,,,,,,,,,0.6969696969696969,0.541050616050616,0.6566408197484652,0.2291282343790288,0.6731601731601732,0.1669461214725896
6000.0,5235.0,0.8725,11,0,binary,musk2,coerror_swap_b6000_k64,complete,0.7451668247944339,0.2788608589711476,0.446630381353998,0.1545133401543141,0.5989089184060721,0.1241205107063927,1.1825465270351876,0.7796410160782529,0.4828636235205803,0.4828636235205803,0.9581451092729392,3.9279509908734735,0.1095890702558659,166.0,0.0669355509946688,64.0,equal,True,2640001,86.21306066727266,287.436406,64,2330.0,1197.0,256,0.1027542077936232,2491.382158423755,median 5 warm calls on training rows; end-to-end preprocessing,6000.0,,,,,,,,,0.6753246753246753,0.5768873237525275,0.6582478966938039,0.229780877687898,0.696969696969697,0.2572512604783494
6000.0,5235.0,0.8725,11,0,binary,musk2,coerror_b6000_k256,complete,0.7366540164452877,0.2467719576411511,0.4397933291924597,0.1523674996385637,0.5989089184060721,0.1243561307801008,1.1661236327599245,0.7684725015067284,0.5028297112399059,0.5028297112399059,0.97725125995424,3.7851525964350343,0.1090655285231884,166.0,0.0709787377342995,256.0,equal,True,10578246,91.40243845712394,302.233863,256,8822.0,4539.0,256,0.2807318749837577,911.902148677671,median 5 warm calls on training rows; end-to-end preprocessing,6000.0,,,,,,,,,0.6536796536796537,0.4731404958677686,0.6594669278153373,0.2300975421551567,0.696969696969697,0.2672188327395154
1000.0,680.0,0.68,11,0,binary,musk2,top_quality_f05_d3_b1000_k64,complete,0.7602134724857685,0.287870886536678,0.4013593864753572,0.1339084943140899,0.5771030993042379,0.1009657794864519,1.024850182731726,0.7867684825178822,0.5996252433864934,0.5996252433864934,0.9488340283197478,2.636925169731035,0.0392716461584633,157.0,0.0810172219697773,64.0,equal,True,2465748,84.39384291740134,282.17566199999993,64,950.0,507.0,256,0.0614399588666856,4166.669456199945,median 5 warm calls on training rows; end-to-end preprocessing,6000.0,,,,,,,,,0.577922077922078,0.4561841525007591,0.6855428660436529,0.2465724581985492,0.5822510822510822,0.186566151744047
1000.0,680.0,0.68,11,0,binary,musk2,coerror_f05_d3_b1000_k64,complete,0.7566042061986084,0.3340235990265623,0.3948977477336184,0.1294438417507231,0.5596299810246679,0.0908932274781466,0.9906805804310104,0.7689955448675072,0.6011881930035391,0.6011881930035391,0.9488340283197478,2.664637436131447,0.03578129168334,158.0,0.0748547343842203,64.0,equal,True,2464100,84.45014533330686,282.259026,64,930.0,497.0,256,0.0609818329103291,4197.971556158961,median 5 warm calls on training rows; end-to-end preprocessing,6000.0,,,,,,,,,0.5800865800865801,0.4565684315684315,0.6594527456546773,0.2344256209151459,0.448051948051948,0.2510545823729407
1000.0,788.0,0.788,11,0,binary,musk2,top_quality_f05_d6_b1000_k64,complete,0.7770382669196712,0.318803439370284,0.4451151413466169,0.1532987604911765,0.7145319418089817,0.133248117845018,1.1732509091874568,0.7972808620788554,0.4702643381356459,0.4702643381356459,0.8123005358042914,3.4305648996159457,0.0378722322262238,160.0,0.0908034378043433,64.0,equal,True,2726132,84.49902700027451,282.584264,64,4204.0,2134.0,256,0.0611801671329885,4184.362547482546,median 5 warm calls on training rows; end-to-end preprocessing,6000.0,,,,,,,,,0.7186147186147186,0.6548132515796411,0.6421195671949032,0.2258468335623505,0.6731601731601732,0.1712133125819526
1000.0,788.0,0.788,11,0,binary,musk2,coerror_f05_d6_b1000_k64,complete,0.790264073371284,0.3741113321924146,0.4082078917163553,0.1386187362886977,0.6947501581277672,0.1168441565013763,1.060899369701634,0.7741026915383447,0.4643566413249723,0.4643566413249723,0.856355786142945,3.886459260778387,0.0338591446193862,160.0,0.0770169062375377,64.0,equal,True,2701028,84.54730595834553,282.6564470000001,64,3890.0,1977.0,256,0.0609409580938518,4200.78725388184,median 5 warm calls on training rows; end-to-end preprocessing,6000.0,,,,,,,,,0.7705627705627706,0.723501246228519,0.5852503855377973,0.2002968572825326,0.696969696969697,0.1769708290950604
1000.0,898.0,0.898,11,0,binary,musk2,top_quality_f20_d3_b1000_k64,complete,0.717455724225174,0.2304333441965473,0.4545727145566949,0.157961402645917,0.54146110056926,0.1457208847892485,1.2089357975044754,0.7879606599256803,0.5255728317499289,0.5255728317499289,0.9357859101233889,3.1653392439057537,0.1186702134996243,166.0,0.0848968729239392,64.0,equal,True,2513697,84.85876545822248,284.163919,64,910.0,487.0,256,0.0893333749845624,2865.6703056863025,median 5 warm calls on training rows; end-to-end preprocessing,6000.0,,,,,,,,,0.5974025974025974,0.4161021969456577,0.6990605738177399,0.2513885359584994,0.5584415584415584,0.1456414753684775
1000.0,898.0,0.898,11,0,binary,musk2,coerror_f20_d3_b1000_k64,complete,0.72264073371284,0.2368446544218456,0.4387122443934298,0.1500154107318224,0.5495256166982923,0.1300016042398601,1.1481222448851494,0.7633300397272138,0.5446923824510891,0.5446923824510891,0.9469717319933868,3.201840777072055,0.118983087983083,166.0,0.0743334815772047,64.0,equal,True,2514273,84.96991995745338,284.371731,64,916.0,490.0,256,0.0899729579687118,2845.299363048886,median 5 warm calls on training rows; end-to-end preprocessing,6000.0,,,,,,,,,0.6233766233766235,0.4416229420628248,0.677695688796907,0.2404019618026519,0.696969696969697,0.1753246310608781
1000.0,959.0,0.959,11,0,binary,musk2,top_quality_f20_d6_b1000_k64,complete,0.75992963314358,0.33852595177037,0.5030510778927589,0.1740258291380234,0.716967109424415,0.1628724527992033,1.3318826688754524,0.8005153318603304,0.4704268766795116,0.4704268766795116,0.8122765765111514,3.3892936894132553,0.1183605209104629,166.0,0.0957347161100077,64.0,equal,True,2737313,85.42290299921297,286.18473,64,3704.0,1884.0,256,0.0923500831704586,2772.060308028941,median 5 warm calls on training rows; end-to-end preprocessing,6000.0,,,,,,,,,0.7575757575757576,0.7040731596951693,0.6829033492229367,0.239610433029035,0.6493506493506493,0.2632724833827697
1000.0,959.0,0.959,11,0,binary,musk2,coerror_f20_d6_b1000_k64,complete,0.753103257432005,0.2927034483693593,0.485394294747308,0.1702940682889062,0.6669196710942442,0.1424132895914832,1.3033221521754563,0.772764471514225,0.432983411567321,0.432983411567321,0.8842612964145179,4.32745407580556,0.1178190760987053,166.0,0.0783773945445644,64.0,equal,True,2731475,85.58876325003803,286.62458399999997,64,3632.0,1848.0,256,0.0888445419259369,2881.4375588025214,median 5 warm calls on training rows; end-to-end preprocessing,6000.0,,,,,,,,,0.735930735930736,0.6429570429570429,0.6650189706241947,0.2299506405247317,0.6731601731601732,0.236385827821043
1000.0,929.0,0.929,11,0,binary,musk2,top_quality_f50_d3_b1000_k64,complete,0.7128502530044276,0.2357029909089501,0.559449523659488,0.1932273307542083,0.5339342188488299,0.1853434190827547,1.4788387118126032,0.7720807963167252,0.5659106153383434,0.5659106153383434,0.998418442071577,2.691998515348049,0.336106796919457,166.0,0.1003230780091729,64.0,equal,True,2615414,86.199454999296,289.3246850000001,64,942.0,503.0,256,0.1109383748844266,2307.5874355172027,median 5 warm calls on training rows; end-to-end preprocessing,6000.0,,,,,,,,,0.5930735930735931,0.4177103358882086,0.8697058563196023,0.3130705386615442,0.5108225108225108,0.3349078222215387
1000.0,929.0,0.929,11,0,binary,musk2,coerror_f50_d3_b1000_k64,complete,0.7129965211891208,0.2367846619708631,0.4812647639719549,0.1654680076845522,0.5396900695762176,0.1697768665363871,1.2663865633050038,0.7355216195297797,0.5593178148844754,0.5593178148844754,0.9927402750340534,3.0400430787980723,0.3375459330124117,166.0,0.0804955876447823,64.0,equal,True,2613798,86.14303108328022,288.9859900000001,64,924.0,494.0,256,0.1082428330555558,2365.0526577460105,median 5 warm calls on training rows; end-to-end preprocessing,6000.0,,,,,,,,,0.5974025974025974,0.4421395597866186,0.7541641178822376,0.2716390836678899,0.5800865800865801,0.1789844992330758
1000.0,981.0,0.981,11,0,binary,musk2,top_quality_f50_d6_b1000_k64,complete,0.7199612586970272,0.2337851318157935,0.6104584514054674,0.2062107733166025,0.6025932953826691,0.1877638244787229,1.5782056978332692,0.7949005451364506,0.5173891314238374,0.5173891314238374,0.9079978758503529,2.998371169856172,0.3361563561998723,166.0,0.0994391327144363,64.0,equal,True,2832390,87.40084575023502,293.20464799999996,64,3654.0,1859.0,256,0.109436040977016,2339.2659101562845,median 5 warm calls on training rows; end-to-end preprocessing,6000.0,,,,,,,,,0.6666666666666667,0.4616202026700197,0.8969588304435239,0.2771907645281058,0.6255411255411256,0.2530989824919881
1000.0,981.0,0.981,11,0,binary,musk2,coerror_f50_d6_b1000_k64,complete,0.7271529095509172,0.2366517544884105,0.6104945043376515,0.2038103091586214,0.6177103099304238,0.1868801444677967,1.5598340766485994,0.7713426625529898,0.4865392763134392,0.4865392763134392,0.930719668838069,3.6956082884445935,0.3358242610624596,166.0,0.0790904665062939,64.0,equal,True,2835478,88.08912016521208,293.60716299999996,64,3694.0,1879.0,256,0.1176882081199437,2175.2391687287286,median 5 warm calls on training rows; end-to-end preprocessing,6000.0,,,,,,,,,0.6601731601731602,0.456363907774566,0.9141901799319871,0.2776429305986723,0.6255411255411256,0.2843770503187897
,,,11,0,binary,musk2,random_forest,complete,0.8025260910815939,0.4211997746352832,0.4720689775528966,0.1604169047962535,0.744528779253637,0.1482120028409091,1.2277286443687518,,,,,,,,,,,,5257579,3.8118554591201246,3.7948489999999993,256,64400.0,32328.0,256,0.0118448329158127,21612.799591140083,median 5 warm calls on training rows; end-to-end preprocessing,,3.8118554591201246,3.7948489999999993,618102784.0,,,,,,0.7748917748917749,0.7442268284334094,0.6287514460945973,0.2176971435546875,0.6731601731601732,0.2529296875
,,,11,0,binary,musk2,extra_trees,complete,0.890555028462998,0.6032237364852553,0.4319791939674132,0.1470027715509588,0.7769607843137255,0.1688884943181818,1.1250654266390194,,,,,,,,,,,,12191819,1.2554528338368982,1.1454779999999118,256,151078.0,75667.0,256,0.0152488751336932,16788.12356685603,median 5 warm calls on training rows; end-to-end preprocessing,,1.2554528338368982,1.1454779999999118,620920832.0,,,,,,0.8225108225108225,0.7714437473795763,0.5868720345491816,0.1981739997863769,0.7186147186147187,0.1859130859375
,,,11,0,binary,musk2,xgboost,complete,0.9064595192915876,0.6551625879731408,0.5011121034622192,0.1386795478999064,0.8334756483238457,0.1540464378867975,1.0613647829764126,,,,,,,,,,,,557647,3.084829250117764,3.0536730000000034,300,10076.0,5188.0,256,0.0029215409886091,87624.99003030223,median 5 warm calls on training rows; end-to-end preprocessing,,3.084829250117764,3.0536730000000034,665796608.0,,,,,,0.8095238095238095,0.7647592127725267,0.9016427397727966,0.2644911206485069,0.6731601731601732,0.2994942052173428
,,,11,0,binary,musk2,lightgbm,complete,0.8885926628716003,0.5622083574832384,1.11192845689162,0.1895986520907156,0.8048228969006958,0.2094389433123775,1.4510671203956131,,,,,,,,,,,,1081407,3.4898585837800056,3.471292000000062,300,18300.0,9300.0,256,0.0095113329589366,26915.260048747074,median 5 warm calls on training rows; end-to-end preprocessing,,3.4898585837800056,3.471292000000062,522584064.0,,,,,,0.8354978354978355,0.800797894915542,1.811597853796724,0.2768641306266068,0.7640692640692641,0.2689590595601478
,,,11,0,binary,musk2,catboost,complete,0.8841650853889944,0.642152187619132,0.5045677579990927,0.1693358713772705,0.770651486401012,0.181384851021508,1.2959887243371937,,,,,,,,,,,,357890,9.22851683292538,9.141228999999951,300,38100.0,19200.0,256,0.0019017090089619,134615.7581383823,median 5 warm calls on training rows; end-to-end preprocessing,,9.22851683292538,9.141228999999951,449101824.0,,,,,,0.7922077922077921,0.7730207930894429,0.8261323679090031,0.2740068117352813,0.670995670995671,0.2990106549253921
,,,11,0,binary,musk2,linear,complete,0.9195888678051868,0.7953385495058078,0.4458700495299458,0.1328422213432335,0.8476280834914611,0.1555133634522368,1.0166896096880107,,,,,,,,,,,,12282,0.1024915829766541,0.0985439999999471,1,,,256,0.0016689591575413,153389.01425072804,median 5 warm calls on training rows; end-to-end preprocessing,,0.1024915829766541,0.0985439999999471,443596800.0,167.0,,,,,0.8008658008658008,0.7644347630978646,1.149660064120297,0.322844792740514,0.6233766233766234,0.3486286792420692
,,,11,0,binary,musk2,rf_leaf5,complete,0.8007289690069577,0.4006218069820126,0.4371853824691102,0.1525843992440496,0.7591081593927893,0.1364677763553979,1.1677836439597755,,,,,,,,,,,,3656299,3.1459247500170022,3.14693299999999,256,44384.0,22320.0,256,0.0120510840788483,21242.90215926069,median 5 warm calls on training rows; end-to-end preprocessing,,3.1459247500170022,3.14693299999999,447889408.0,,,,,,0.7619047619047619,0.7344225666806312,0.6305625663805241,0.2187095278465264,0.6731601731601732,0.2400557689880344
,,,11,0,binary,musk2,rf_shallow64,complete,0.772187697659709,0.3398314653536466,0.4285652996658574,0.1487108292107062,0.6847090449082859,0.1310756280234699,1.13813781023705,,,,,,,,,,,,321339,0.6196735841222107,0.6202309999999898,64,3606.0,1835.0,256,0.0039413748309016,64951.954833851174,median 5 warm calls on training rows; end-to-end preprocessing,,0.6196735841222107,0.6202309999999898,448380928.0,,,,,,0.7445887445887447,0.6379841566058575,0.630725591114133,0.2162045185224579,0.696969696969697,0.1754042833473491
,,,11,0,binary,musk2,random_patches64,complete,0.7543643263757115,0.3695040738687884,0.4517835109376956,0.158443329220099,0.6311827956989247,0.1444863648125655,1.2126241560372448,,,,,,,,,,,,1579225,1.5354963750578463,1.5376250000000482,64,3302.0,1683.0,256,0.0532212499529123,4810.108748413403,median 5 warm calls on training rows; end-to-end preprocessing,,1.5354963750578463,1.5376250000000482,451198976.0,,,,,,0.6926406926406927,0.5914816691942792,0.6732580559984997,0.2353487792974218,0.6493506493506493,0.2275058759000071
1000.0,222.0,0.222,11,1,binary,musk2,random_b1000_k16,complete,0.7622418879056048,0.5118833716658222,0.3637565635435876,0.1103677978966434,0.645306404034637,0.0767987547109636,0.8464088382184125,0.6429495398634395,0.5918125359073805,0.5918125359073805,0.8496857495969984,2.359249302670174,0.1195305861494047,163.0,0.1295555851258996,16.0,equal,True,657673,160.130976583343,527.2538710000003,16,578.0,297.0,256,0.0196732499171048,13012.59329692252,median 5 warm calls on training rows; end-to-end preprocessing,6000.0,,,,,,,,,0.7925170068027211,0.7753190891741311,0.5310099383639868,0.1779888595159603,0.6428571428571428,0.1118251476904421
1000.0,222.0,0.222,11,1,binary,musk2,top_quality_b1000_k16,complete,0.8247946204840296,0.6194532365763631,0.3309992432978454,0.0966026046767077,0.6799267294699781,0.0813876541685428,0.7408437963930009,0.7493457021417942,0.591951206507257,0.591951206507257,0.914216396630986,2.2740655266574774,0.106287008216411,164.0,0.1157043535270858,16.0,equal,True,656876,160.03914124891162,527.1975459999999,16,578.0,297.0,256,0.0196086668875068,13055.451523994414,median 5 warm calls on training rows; end-to-end preprocessing,6000.0,,,,,,,,,0.792517006802721,0.7695993548934724,0.5296951189702075,0.1765056789335597,0.7023809523809523,0.1609150604712036
1000.0,222.0,0.222,11,1,binary,musk2,coerror_b1000_k16,complete,0.7976964189424937,0.5454508973864354,0.351531677705085,0.1030491049850235,0.6347487867542106,0.0744976974406956,0.7902819018958938,0.7200624108642728,0.5538769425068907,0.5538769425068907,0.710620073204506,2.903516235609616,0.0334738968907484,134.0,0.0819078159777392,16.0,equal,True,654557,159.92490791832097,526.6066450000003,16,726.0,371.0,256,0.0175046250224113,14624.70630888926,median 5 warm calls on training rows; end-to-end preprocessing,6000.0,,,,,,,,,0.7687074829931972,0.7346457003854172,0.5478624276024958,0.1856849951606031,0.6666666666666666,0.1635894240348794
1000.0,222.0,0.222,11,1,binary,musk2,random_b1000_k64,complete,0.8195522885146065,0.5804382741666296,0.3464616552191554,0.1015423157000525,0.6532543534113617,0.0970030727673835,0.7787263594964106,0.6243056802497822,0.5753001784663824,0.5753001784663824,0.8854445415816646,2.827412815920743,0.1236166412932948,166.0,0.1284289500862783,64.0,equal,True,2665801,161.29668991849758,531.3404270000001,64,2530.0,1297.0,256,0.116001958027482,2206.859300938274,median 5 warm calls on training rows; end-to-end preprocessing,6000.0,,,,,,,,,0.8707482993197279,0.8476516319937372,0.4870099562268572,0.1572100749054221,0.7261904761904762,0.1001344743304528
1000.0,222.0,0.222,11,1,binary,musk2,top_quality_b1000_k64,complete,0.8725663716814159,0.6388054616194978,0.3197297639930633,0.0934910551817626,0.6540536682843276,0.0848229747506105,0.7169813741714218,0.7287791287777892,0.5717064493017276,0.5717064493017276,0.9408597053114606,2.610073968815503,0.1137072680598555,166.0,0.1148533171214596,64.0,equal,True,2653193,161.28453750140034,531.2522389999999,64,2414.0,1239.0,256,0.1180869999807328,2167.8931638687513,median 5 warm calls on training rows; end-to-end preprocessing,6000.0,,,,,,,,,0.8333333333333334,0.8100387502481098,0.5034791322760572,0.1647969027935411,0.7380952380952381,0.1159640868424853
1000.0,222.0,0.222,11,1,binary,musk2,coerror_b1000_k64,complete,0.7839645383322232,0.5241441700116409,0.3574081578181861,0.1051135296920152,0.6323365686554382,0.0801395975258227,0.8061139412328623,0.6943070289293248,0.5644942687709438,0.5644942687709438,0.8375420761147373,3.142200363460937,0.0451496457191913,166.0,0.0866758588775825,64.0,equal,True,2622492,160.47166591719724,528.4786979999999,64,2674.0,1369.0,256,0.0795529168099165,3217.983830959783,median 5 warm calls on training rows; end-to-end preprocessing,6000.0,,,,,,,,,0.7789115646258503,0.7563279973994259,0.5488203955720032,0.1845392806358301,0.6547619047619048,0.1631554849869617
1000.0,222.0,0.222,11,1,binary,musk2,random_b1000_k128,complete,0.8353546166777682,0.6234329230826378,0.3350924724627777,0.0966388363951714,0.6450732705300218,0.097080202824027,0.7411216568497278,0.6294181316710585,0.592292652040243,0.592292652040243,0.9133579198795152,2.6948462898975363,0.1098748049980379,166.0,0.129092333775057,128.0,equal,True,5333182,162.55122166709043,536.1614260000001,128,4910.0,2519.0,256,0.1755861251149326,1457.9739705083823,median 5 warm calls on training rows; end-to-end preprocessing,6000.0,,,,,,,,,0.8503401360544218,0.8131034838177694,0.4925941798883859,0.1604430767505439,0.6666666666666666,0.1597172966248841
1000.0,222.0,0.222,11,1,binary,musk2,top_quality_b1000_k128,complete,0.8633457036825578,0.6392599583238181,0.3227136334804679,0.0937940467193735,0.669202588257684,0.0896015518405006,0.7193050113212672,0.7134907644808148,0.5950431920829421,0.5950431920829421,0.9408597053114606,2.511760798213587,0.1263789311589695,166.0,0.1196030882877775,128.0,equal,True,5323518,162.2961675412953,535.7662029999999,128,4536.0,2332.0,256,0.1561365001834929,1639.5909969747413,median 5 warm calls on training rows; end-to-end preprocessing,6000.0,,,,,,,,,0.8435374149659864,0.8202612863327149,0.5028850113937419,0.1642384697775539,0.7738095238095238,0.1559166250559825
1000.0,222.0,0.222,11,1,binary,musk2,coerror_b1000_k128,complete,0.7773717765724617,0.5101764477296069,0.3628776109686579,0.1072110892344465,0.6326053858597394,0.0819119525730178,0.8222000910812606,0.6775919588128527,0.5726384586611853,0.5726384586611853,0.9280375001571816,3.1007095052486138,0.0525592440024239,166.0,0.0918699822989008,128.0,equal,True,5250782,161.12734320829622,530.7785630000001,128,4838.0,2483.0,256,0.1271509169600904,2013.3555157950784,median 5 warm calls on training rows; end-to-end preprocessing,6000.0,,,,,,,,,0.7891156462585034,0.7678774201988486,0.5443480348143661,0.1826381998355851,0.6547619047619048,0.1573183642645934
3000.0,708.0,0.236,11,1,binary,musk2,random_b3000_k16,complete,0.8270474513908712,0.6177976143206044,0.342345994306988,0.1020683375188335,0.6908982776667618,0.0961455121199803,0.7827604122273427,0.6268762228292105,0.5959883897068888,0.5959883897068888,0.889990369667646,2.293752026093656,0.1409128383415411,166.0,0.149287707052805,16.0,equal,True,671996,160.20815266715363,527.4027549999998,16,728.0,372.0,256,0.0200702499132603,12755.197424365988,median 5 warm calls on training rows; end-to-end preprocessing,6000.0,,,,,,,,,0.8503401360544218,0.8416012822350654,0.4945107610019033,0.1625109086161591,0.7261904761904762,0.1765092588930411
3000.0,708.0,0.236,11,1,binary,musk2,top_quality_b3000_k16,complete,0.8438822279316142,0.6415116553404503,0.3331807214656805,0.0959165837500888,0.6610215053763441,0.0866686126763765,0.7355827131190839,0.7660485928941929,0.5622632960895625,0.5622632960895625,0.861785161315564,2.651380162850185,0.0641878701554195,160.0,0.095823464541566,16.0,equal,True,664860,160.02016400219873,526.9335779999997,16,776.0,396.0,256,0.0183072499930858,13983.5311200035,median 5 warm calls on training rows; end-to-end preprocessing,6000.0,,,,,,,,,0.8231292517006803,0.8035777644391089,0.5282233949230405,0.1761910151813336,0.7738095238095237,0.1623619238455124
3000.0,708.0,0.236,11,1,binary,musk2,coerror_b3000_k16,complete,0.7524225267231262,0.4757840275766598,0.3759496570445995,0.114949825440095,0.6269459510895423,0.0855489608664229,0.8815483325604985,0.7156835253591391,0.5310032585451967,0.5310032585451967,0.710620073204506,3.0969875759933476,0.0319987307334721,119.0,0.0791130226124541,16.0,equal,True,657293,159.94965333398432,526.632218,16,780.0,398.0,256,0.0150389580521732,17022.45588503426,median 5 warm calls on training rows; end-to-end preprocessing,6000.0,,,,,,,,,0.7857142857142857,0.7535203831256462,0.5473479424702842,0.185939519128558,0.6428571428571428,0.1221457472416573
3000.0,708.0,0.236,11,1,binary,musk2,random_b3000_k64,complete,0.8248715386811305,0.6342516675270988,0.3371780910739468,0.0964376528317229,0.6423922352269483,0.0951069995432853,0.7395787833897843,0.6127390406904842,0.5872706231986606,0.5872706231986606,0.9175872816017686,2.598066900965259,0.1118524755019114,166.0,0.1452784748899395,64.0,equal,True,2699998,160.8852896259632,530.3070350000003,64,3054.0,1559.0,256,0.0901620830409228,2839.3310288073803,median 5 warm calls on training rows; end-to-end preprocessing,6000.0,,,,,,,,,0.8571428571428571,0.8160484562731548,0.482804707093559,0.1568382057212357,0.7023809523809523,0.1173771364946181
3000.0,708.0,0.236,11,1,binary,musk2,top_quality_b3000_k64,complete,0.8579273321280172,0.6430093100939551,0.3227452272850457,0.0934031877251413,0.6592848986582929,0.0860829560744776,0.7163075200826986,0.747494101261159,0.5877692646309646,0.5877692646309646,0.9408597053114534,2.458841066509111,0.1058951708111395,166.0,0.1146896604121274,64.0,equal,True,2643806,160.86156545905396,530.2083510000002,64,2346.0,1205.0,256,0.0927658330183476,2759.6367290677726,median 5 warm calls on training rows; end-to-end preprocessing,6000.0,,,,,,,,,0.870748299319728,0.8450680845887613,0.485601564267446,0.1568473081842896,0.8095238095238095,0.1705210433771858
3000.0,708.0,0.236,11,1,binary,musk2,coerror_b3000_k64,complete,0.7773931867922733,0.5192101355803173,0.3611877954091335,0.106222768837597,0.6320677514511371,0.0829384700842451,0.8146206781109276,0.7055720364575528,0.5535848965766401,0.5535848965766401,0.8302251688168949,3.240539738555273,0.0422361256470883,165.0,0.081800712813173,64.0,equal,True,2635500,160.42408204218373,528.102169,64,2896.0,1480.0,256,0.0661616660654544,3869.310058587949,median 5 warm calls on training rows; end-to-end preprocessing,6000.0,,,,,,,,,0.782312925170068,0.7512350414136129,0.5368956228842042,0.1802890459550677,0.6547619047619048,0.1644797014911583
3000.0,708.0,0.236,11,1,binary,musk2,random_b3000_k128,complete,0.8083325403622292,0.5803541889208638,0.3469629513140172,0.1006510628480935,0.6348867637263298,0.0882548347503078,0.7718913559413706,0.6199426638397907,0.5884275426714081,0.5884275426714081,0.9842176441961032,2.7346329553243183,0.1110464399421924,166.0,0.1301351259696426,128.0,equal,True,5344158,162.37492837617174,535.288419,128,4998.0,2563.0,256,0.1779724170919507,1438.425145778268,median 5 warm calls on training rows; end-to-end preprocessing,6000.0,,,,,,,,,0.8469387755102041,0.8072101179244036,0.5014751095828995,0.1650854998071648,0.6904761904761905,0.0784544423610807
3000.0,708.0,0.236,11,1,binary,musk2,top_quality_b3000_k128,complete,0.8677879278079107,0.6461882075120031,0.3189914023489075,0.0926035404787377,0.6637096774193548,0.0888394785465529,0.710175038419462,0.7364647209189612,0.5902934024781628,0.5902934024781628,0.956088309022102,2.4886571809495828,0.111199044912849,166.0,0.1184568780886076,128.0,equal,True,5340780,162.03981004096568,534.8611989999999,128,4918.0,2523.0,256,0.1840108330361545,1391.2224393316071,median 5 warm calls on training rows; end-to-end preprocessing,6000.0,,,,,,,,,0.8605442176870749,0.8342450869236583,0.4887515090186128,0.1580826155331947,0.7738095238095238,0.1249059577834293
3000.0,708.0,0.236,11,1,binary,musk2,coerror_b3000_k128,complete,0.7931931360421226,0.5413275300640012,0.355022468751941,0.1033144487984745,0.6342182890855457,0.0846585319635421,0.792316819264471,0.697449122154296,0.5630810229253803,0.5630810229253803,0.8783707710803185,3.1848149576756555,0.045076786488528,166.0,0.085201778841469,128.0,equal,True,5268729,161.23367133527063,530.3049910000004,128,5296.0,2712.0,256,0.1250085418578237,2047.8600597642128,median 5 warm calls on training rows; end-to-end preprocessing,6000.0,,,,,,,,,0.782312925170068,0.753554972064021,0.540137762842899,0.1809477111968608,0.6785714285714286,0.163707622459103
6000.0,1372.0,0.2286666666666666,11,1,binary,musk2,random_b6000_k16,complete,0.8098114314714371,0.5822930988912819,0.3413000549416583,0.098713933129513,0.6575411552003045,0.0794650859230999,0.7570355397900191,0.6064428111317492,0.6082265913535169,0.6082265913535169,0.8705591475174363,2.3591820465046616,0.1450338572223538,166.0,0.1443966695245166,16.0,equal,True,653129,160.27225133404136,527.4240930000001,16,492.0,254.0,256,0.0202284578699618,12655.438276397028,median 5 warm calls on training rows; end-to-end preprocessing,6000.0,,,,,,,,,0.7959183673469388,0.7658543454596085,0.5154108153485596,0.1728903321447773,0.6785714285714286,0.1122777050149684
6000.0,1372.0,0.2286666666666666,11,1,binary,musk2,top_quality_b6000_k16,complete,0.8342991721381673,0.6037645646087677,0.3364903113304195,0.0986467605682436,0.6350176039585118,0.0769108376093486,0.7565203945155117,0.7739550904576513,0.5810475738832516,0.5810475738832516,0.937673906551683,2.5643388123478923,0.0574413958836046,159.0,0.0912919067587246,16.0,equal,True,645982,160.06896154209971,526.8836579999997,16,550.0,283.0,256,0.0178575839381665,14335.645901843338,median 5 warm calls on training rows; end-to-end preprocessing,6000.0,,,,,,,,,0.7755102040816326,0.7326624684961703,0.5534773853467095,0.1855629415330869,0.6904761904761905,0.1257006543572079
6000.0,1372.0,0.2286666666666666,11,1,binary,musk2,coerror_b6000_k16,complete,0.7700677197322929,0.4935399414861085,0.3655661687090931,0.109204526153265,0.6264225901608145,0.0764979511887206,0.837487726230953,0.7280900022117949,0.5486621893638741,0.5486621893638741,0.8254314726268734,2.9553316204674243,0.0380827823502605,113.0,0.0761933239606647,16.0,equal,True,648988,160.0453653333243,526.7613220000003,16,676.0,346.0,256,0.0168593327980488,15184.46803717091,median 5 warm calls on training rows; end-to-end preprocessing,6000.0,,,,,,,,,0.7976190476190477,0.7676278115136417,0.5358155871329994,0.1792502570110483,0.6904761904761905,0.1677102983572327
6000.0,1372.0,0.2286666666666666,11,1,binary,musk2,random_b6000_k64,complete,0.8199574967488186,0.608180230755845,0.3375427051554086,0.0980080274777377,0.6527167190027595,0.0945679973252048,0.7516219608838737,0.6288014449154087,0.5803932108500384,0.5803932108500384,0.9018018432815356,2.68762976394413,0.1046707456411697,166.0,0.1327821842920694,64.0,equal,True,2682700,160.9704860835336,530.5433410000003,64,2838.0,1451.0,256,0.0934499588329345,2739.434058581716,median 5 warm calls on training rows; end-to-end preprocessing,6000.0,,,,,,,,,0.8503401360544218,0.8206551873228314,0.4892094417282572,0.1593755182888813,0.7619047619047619,0.1229786601078854
6000.0,1372.0,0.2286666666666666,11,1,binary,musk2,top_quality_b6000_k64,complete,0.8577076791321724,0.650770735569753,0.3247636728610001,0.0935602476697121,0.6527167190027595,0.0851709635176383,0.7175120102306252,0.7574904916110349,0.5821159634132954,0.5821159634132954,0.9556761380706692,2.609243083748046,0.0762231233610074,166.0,0.1026575460499302,64.0,equal,True,2627129,160.74989229114726,529.486157,64,2380.0,1222.0,256,0.0855810830835253,2991.3152623944884,median 5 warm calls on training rows; end-to-end preprocessing,6000.0,,,,,,,,,0.8469387755102041,0.8290441934349496,0.5076632791981835,0.1658527977810756,0.7619047619047619,0.1488569426825164
6000.0,1372.0,0.2286666666666666,11,1,binary,musk2,coerror_b6000_k64,complete,0.7700938877787293,0.4986366449976832,0.3677871572638176,0.1088534532467875,0.6305928251974499,0.0851166099258738,0.8347953538491116,0.7105321281528976,0.5491751278091628,0.5491751278091628,0.9107898512168932,3.2737498569367975,0.0421473803027897,165.0,0.0786215123186366,64.0,equal,True,2627932,160.67431362555362,528.193509,64,2830.0,1447.0,256,0.0620533749461174,4125.480688557095,median 5 warm calls on training rows; end-to-end preprocessing,6000.0,,,,,,,,,0.7993197278911564,0.7667640123851303,0.5438083065115767,0.1828270091584655,0.6309523809523809,0.1558340703148572
6000.0,1372.0,0.2286666666666666,11,1,binary,musk2,random_b6000_k128,complete,0.8357265201256067,0.6163951843259521,0.3382968313599709,0.098078118114637,0.6390427252830907,0.0928046594753791,0.7521594848326932,0.6297742921364748,0.5808124988673793,0.5808124988673793,0.9370544767907936,2.801205807006171,0.1101670173235427,166.0,0.1249558098368573,128.0,equal,True,5352684,162.45875420910306,536.2386000000001,128,5154.0,2641.0,256,0.1673076250590384,1530.1155575525288,median 5 warm calls on training rows; end-to-end preprocessing,6000.0,,,,,,,,,0.8231292517006803,0.7969541428024591,0.5146786861355064,0.1701579408479779,0.6904761904761905,0.0865886011632412
6000.0,1372.0,0.2286666666666666,11,1,binary,musk2,top_quality_b6000_k128,complete,0.8521204047324517,0.6355436092291532,0.3267621581056086,0.0945336949773743,0.6509729755447711,0.0847771999977471,0.7249773617230661,0.7471326980641444,0.5907157989969184,0.5907157989969184,0.9884625474025774,2.4929379519663013,0.1010041133856816,166.0,0.1106709716412247,128.0,equal,True,5277310,161.91488250228576,534.0468260000002,128,4270.0,2199.0,256,0.1608892921358347,1591.1562329695987,median 5 warm calls on training rows; end-to-end preprocessing,6000.0,,,,,,,,,0.8605442176870749,0.8381872339579106,0.495162907849464,0.1606036924667031,0.7976190476190477,0.1691751610580558
6000.0,1372.0,0.2286666666666666,11,1,binary,musk2,coerror_b6000_k128,complete,0.7797602055381102,0.5117734843504234,0.361471436758802,0.1064111219191422,0.6331430202683415,0.0825908181848397,0.8160651548148555,0.7063906473458661,0.5587850352593103,0.5587850352593103,0.9380054622995996,3.2296365983361515,0.0438365258564997,166.0,0.0812471590045548,128.0,equal,True,5267756,161.44728420837782,530.1595110000001,128,5372.0,2750.0,256,0.1219137499574571,2099.845178163524,median 5 warm calls on training rows; end-to-end preprocessing,6000.0,,,,,,,,,0.7891156462585034,0.7565566602134924,0.5338459067256092,0.1785886280372629,0.6547619047619048,0.1682448019065707
300.0,74.0,0.2466666666666666,11,1,binary,musk2,top_quality_b300_k64,complete,0.8398222158784534,0.62600038895786,0.3366218112949942,0.0979543896829176,0.6797958892377962,0.1018870522858429,0.7512106135120542,0.706447637665399,0.5914217521886318,0.5914217521886318,0.9025561198223624,2.532281875300745,0.1132406852213408,166.0,0.1157670487819734,64.0,equal,True,2630073,160.81019795802422,530.3196680000001,64,2134.0,1099.0,256,0.090059750014916,2842.5573017646643,median 5 warm calls on training rows; end-to-end preprocessing,6000.0,,,,,,,,,0.8367346938775511,0.8073975443446916,0.5049611924764776,0.1645434896076279,0.7738095238095238,0.1351551239483945
300.0,74.0,0.2466666666666666,11,1,binary,musk2,coerror_b300_k64,complete,0.7679425571732166,0.4954066507516443,0.3704552432429466,0.1108086766950241,0.6328742030640404,0.0896024996812137,0.8497899305174725,0.6760463005848969,0.5865247143000365,0.5865247143000365,0.861736491510791,2.8893070968656565,0.0528853841467743,166.0,0.0960435252719502,64.0,equal,True,2597612,160.36194562609307,528.5013939999999,64,2256.0,1160.0,256,0.0694102079141885,3688.2183138896735,median 5 warm calls on training rows; end-to-end preprocessing,6000.0,,,,,,,,,0.7925170068027211,0.7617456414003727,0.5292883659158103,0.1764793357855006,0.6547619047619048,0.1313166435373483
6000.0,1372.0,0.2286666666666666,11,1,binary,musk2,random_cert_b6000_k64,complete,0.8373885875598692,0.6272645975064279,0.3387918316564623,0.097439000483775,0.645342087734323,0.0988999644343825,0.7472581021673494,0.6811400680007991,0.5545359359743803,0.5545359359743803,0.9398881108570069,2.9287290517021622,0.1055878964736318,166.0,0.1161055581435428,64.0,equal,True,2642236,160.7868139182683,530.0867230000003,64,2354.0,1209.0,256,0.077081749914214,3321.149302979085,median 5 warm calls on training rows; end-to-end preprocessing,6000.0,,,,,,,,,0.8639455782312926,0.8337913510392501,0.509901947012871,0.166430953491397,0.7380952380952381,0.1011042579995374
6000.0,1372.0,0.2286666666666666,11,1,binary,musk2,top_quality_cert_b6000_k64,complete,0.8562549560694008,0.6457850015807757,0.3241675744806158,0.0935152577514152,0.6556665715101342,0.0848950030858733,0.7171669832825209,0.7570858629745548,0.5826202035601523,0.5826202035601523,0.9556761380706692,2.5999427316966695,0.0779408119352289,166.0,0.1026862417862933,64.0,equal,True,2628830,160.61815479095094,529.2082600000001,64,2382.0,1223.0,256,0.073411916848272,3487.172260180883,median 5 warm calls on training rows; end-to-end preprocessing,6000.0,,,,,,,,,0.8503401360544218,0.8310540883019873,0.5069962223497408,0.165367144580489,0.7976190476190477,0.179600462891317
6000.0,1372.0,0.2286666666666666,11,1,binary,musk2,coerror_cert_b6000_k64,complete,0.768917118660196,0.4996571365508656,0.3664118616084335,0.1081970118089548,0.6299243505566657,0.0832136148763206,0.8297611151912496,0.7210208336058439,0.5539808733776965,0.5539808733776965,0.9380054622995996,3.227115122166117,0.0454224901807165,165.0,0.0795719047030386,64.0,equal,True,2618268,160.30913833342493,528.0472759999998,64,2670.0,1367.0,256,0.0605149581097066,4230.35903843644,median 5 warm calls on training rows; end-to-end preprocessing,6000.0,,,,,,,,,0.7993197278911565,0.7680356574067753,0.5398652805087196,0.1807418432321735,0.6309523809523809,0.1632684086531061
6000.0,1372.0,0.2286666666666666,11,1,binary,musk2,abs_correlation_b6000_k64,complete,0.8214784153265455,0.5799262631135381,0.3433736931245181,0.1010045156206402,0.6485536207060615,0.0955165275754342,0.7746019794771999,0.6658063260502656,0.4380441043501913,0.4380441043501913,0.8451190674523439,4.142869804248106,0.0856019657791488,166.0,0.1086084365664098,64.0,equal,True,2761529,161.32766837626696,530.443602,64,4028.0,2046.0,256,0.0729001669678837,3511.651764978553,median 5 warm calls on training rows; end-to-end preprocessing,6000.0,,,,,,,,,0.8435374149659863,0.7908253815360136,0.4836111615757606,0.1587620588802434,0.7142857142857142,0.0991216437421059
6000.0,1372.0,0.2286666666666666,11,1,binary,musk2,signed_correlation_b6000_k64,complete,0.8214784153265455,0.5799262631135381,0.3433736931245181,0.1010045156206402,0.6485536207060615,0.0955165275754342,0.7746019794771999,0.6658063260502656,0.4380441043501913,0.4380441043501913,0.8451190674523439,4.142869804248106,0.0856019657791488,166.0,0.1086084365664098,64.0,equal,True,2761529,161.21347899991088,530.3862550000003,64,4028.0,2046.0,256,0.0754789998754859,3391.6718613430357,median 5 warm calls on training rows; end-to-end preprocessing,6000.0,,,,,,,,,0.8435374149659863,0.7908253815360136,0.4836111615757606,0.1587620588802434,0.7142857142857142,0.0991216437421059
6000.0,1372.0,0.2286666666666666,11,1,binary,musk2,quality_diversity_l002_b6000_k64,complete,0.8572667871982745,0.6489790905480984,0.3250959985307368,0.0937138923528436,0.6482919402416976,0.0834281334170299,0.7186903087943924,0.7574671888613141,0.5799297753207702,0.5799297753207702,0.9556761380706692,2.6369657798654917,0.0745900550166892,166.0,0.1015968288538912,64.0,equal,True,2626348,160.93944216822274,529.433293,64,2380.0,1222.0,256,0.0733701668214052,3489.1565753577324,median 5 warm calls on training rows; end-to-end preprocessing,6000.0,,,,,,,,,0.8435374149659864,0.8256428328907319,0.509985822375772,0.1669439663384551,0.7619047619047619,0.1487171245130615
6000.0,1372.0,0.2286666666666666,11,1,binary,musk2,quality_diversity_l01_b6000_k64,complete,0.854866463666064,0.6605794700634656,0.3281289368345875,0.0940527657231743,0.6397111999238747,0.0928029074383749,0.7212891231329127,0.7560824543133566,0.5569462026809385,0.5569462026809385,0.9556761380706692,2.8948342121879502,0.0676871095247791,166.0,0.0953375469933956,64.0,equal,True,2636604,160.913012416102,529.3016070000003,64,2586.0,1325.0,256,0.0713670831173658,3587.0878956759157,median 5 warm calls on training rows; end-to-end preprocessing,6000.0,,,,,,,,,0.8231292517006803,0.7960169771721004,0.5117065639396247,0.1677552012795695,0.7261904761904762,0.1827764896752354
6000.0,1372.0,0.2286666666666666,11,1,binary,musk2,quality_diversity_l05_b6000_k64,complete,0.8631347733688585,0.6844907390632033,0.329461694620333,0.0936837420821125,0.6386359311066705,0.1174744202627708,0.7184590868609311,0.7370919674588697,0.4889419016784707,0.4889419016784707,0.9556761380706692,3.5449826403053333,0.0694854265030229,166.0,0.0974758734014481,64.0,equal,True,2719980,160.9965817083139,529.6422890000001,64,3610.0,1837.0,256,0.0732462909072637,3495.057522081473,median 5 warm calls on training rows; end-to-end preprocessing,6000.0,,,,,,,,,0.8707482993197279,0.8321158999730427,0.4811399963008079,0.1555071660574727,0.6666666666666666,0.1219524448392623
6000.0,1372.0,0.2286666666666666,11,1,binary,musk2,caruana_b6000_k64,complete,0.7636914390839598,0.4923641277857191,0.3654343278894843,0.1083879524867729,0.6284422875630412,0.077478403855437,0.8312254361287027,0.7213601266234434,0.5460551290795727,0.5460551290795727,0.8254314726268734,3.101510405086533,0.0388594428948543,131.0,0.0754527565331987,64.0,frequency_weighted,True,933854,160.11207916750573,526.864133,23,981.0,502.0,256,0.0214897498954087,11912.65609166973,median 5 warm calls on training rows; end-to-end preprocessing,6000.0,,,,,,,,,0.79421768707483,0.7641495466050059,0.5377406376089195,0.1794146066853822,0.6547619047619048,0.1361197953611215
6000.0,1372.0,0.2286666666666666,11,1,binary,musk2,coerror_swap_b6000_k64,complete,0.7700938877787293,0.4986366449976832,0.3677871572638176,0.1088534532467875,0.6305928251974499,0.0851166099258738,0.8347953538491116,0.7105321281528976,0.5491751278091628,0.5491751278091628,0.9107898512168932,3.2737498569367975,0.0421473803027897,165.0,0.0786215123186366,64.0,equal,True,2627932,160.57016929239035,528.0229180000001,64,2830.0,1447.0,256,0.0611129160970449,4188.967183197115,median 5 warm calls on training rows; end-to-end preprocessing,6000.0,,,,,,,,,0.7993197278911564,0.7667640123851303,0.5438083065115767,0.1828270091584655,0.6309523809523809,0.1558340703148572
6000.0,1372.0,0.2286666666666666,11,1,binary,musk2,coerror_b6000_k256,complete,0.7858993878263075,0.526307417828465,0.3575985688558235,0.1044693385452353,0.6342182890855457,0.0825511315143419,0.8011736498568648,0.6949931725885193,0.5663071177974504,0.5663071177974504,0.9380054622995996,3.1733106548307135,0.0463165002274829,166.0,0.0847454845361433,256.0,equal,True,10515673,164.46335649932735,535.4774490000002,256,10326.0,5291.0,256,0.3074138751253485,832.7535635651303,median 5 warm calls on training rows; end-to-end preprocessing,6000.0,,,,,,,,,0.782312925170068,0.7538053374621696,0.5419577759717977,0.1817737999829085,0.6785714285714286,0.1617599823872103
1000.0,337.0,0.337,11,1,binary,musk2,top_quality_f05_d3_b1000_k64,complete,0.7914398769308846,0.5666938916717034,0.3502973537120955,0.1026577785450017,0.6091445427728613,0.0721786797836975,0.7872808258232048,0.7396871691474047,0.6368268028756349,0.6368268028756349,0.9299919376698144,2.4285325875979775,0.0333242672068827,154.0,0.0945286191060025,64.0,equal,True,2466684,160.19936416693963,527.1697059999999,64,954.0,509.0,256,0.0725655830465257,3527.84321784977,median 5 warm calls on training rows; end-to-end preprocessing,6000.0,,,,,,,,,0.7908163265306123,0.7526697224952614,0.576628677893106,0.1963785644666748,0.6785714285714286,0.1917961364752695
1000.0,337.0,0.337,11,1,binary,musk2,coerror_f05_d3_b1000_k64,complete,0.734488692232055,0.4551607008650042,0.3768975008979495,0.1123935626912885,0.6194690265486725,0.0645002873005346,0.8619443953194524,0.7055826117253664,0.6266351059318299,0.6266351059318299,0.92999193766982,2.549818850296937,0.0329995539882619,157.0,0.0858220763623878,64.0,equal,True,2465406,160.07362916739658,527.1075960000003,64,938.0,501.0,256,0.0588814171496778,4347.7214440889275,median 5 warm calls on training rows; end-to-end preprocessing,6000.0,,,,,,,,,0.7278911564625851,0.7106212463199777,0.5897276946282409,0.2013101253036947,0.6785714285714286,0.1500126878373658
1000.0,267.0,0.267,11,1,binary,musk2,top_quality_f05_d6_b1000_k64,complete,0.8235401401972913,0.579035430255677,0.345847844804191,0.1003930738502194,0.6411861261775621,0.09514208529851,0.7699128425332451,0.7305668259317484,0.5356825234663117,0.5356825234663117,0.7864395639164101,3.313175058705596,0.0334989204014939,155.0,0.0913950285515192,64.0,equal,True,2735948,160.10339837614447,527.340841,64,4320.0,2192.0,256,0.058470708085224,4378.2606433783385,median 5 warm calls on training rows; end-to-end preprocessing,6000.0,,,,,,,,,0.826530612244898,0.7760632040817799,0.5040600969802361,0.167860508157433,0.6428571428571428,0.1245451095464518
1000.0,267.0,0.267,11,1,binary,musk2,coerror_f05_d6_b1000_k64,complete,0.7996066863323499,0.541305213042516,0.3557465350002244,0.1044387191944919,0.6382362736701874,0.0937552539012256,0.8009388305564568,0.7071937406157272,0.5369767889895347,0.5369767889895347,0.7552151249485562,3.3795011556377164,0.0327394258985645,157.0,0.0829604282211164,64.0,equal,True,2733152,160.10644683544524,527.3373929999998,64,4286.0,2175.0,256,0.0587242918554693,4359.354398518084,median 5 warm calls on training rows; end-to-end preprocessing,6000.0,,,,,,,,,0.7925170068027211,0.7613994704330838,0.5109581576417848,0.1698059250113239,0.6666666666666666,0.1462718253935242
1000.0,215.0,0.215,11,1,binary,musk2,top_quality_f20_d3_b1000_k64,complete,0.8553929964792083,0.6183027010363957,0.3251480780858874,0.0958859586150559,0.6238938053097345,0.0780242451584602,0.7353478494590543,0.7141878697225109,0.6034607094973439,0.6034607094973439,0.9380054622995996,2.4737511639343057,0.1198666745806733,166.0,0.1141059613459123,64.0,equal,True,2517369,160.43249579216354,528.7204050000003,64,948.0,506.0,256,0.0649463750887662,3941.713446672105,median 5 warm calls on training rows; end-to-end preprocessing,6000.0,,,,,,,,,0.8435374149659864,0.8200066447058927,0.5233294834797876,0.1735836325846998,0.7142857142857143,0.1167536717400812
1000.0,215.0,0.215,11,1,binary,musk2,coerror_f20_d3_b1000_k64,complete,0.768164589082374,0.5012495603830822,0.3634376292837489,0.108918483969798,0.617456465886383,0.069647874587449,0.8352940734010172,0.6700022609705816,0.600571791365619,0.600571791365619,0.9402762257087752,2.724082736124299,0.1192786715619155,166.0,0.0928841982781596,64.0,equal,True,2516505,160.46926812594756,528.826184,64,938.0,501.0,256,0.0646071669179946,3962.4086956937585,median 5 warm calls on training rows; end-to-end preprocessing,6000.0,,,,,,,,,0.7482993197278911,0.7102584982094544,0.5596906499696013,0.1900169115753038,0.6190476190476191,0.1353866295085377
1000.0,193.0,0.193,11,1,binary,musk2,top_quality_f20_d6_b1000_k64,complete,0.8064294097123101,0.6217059741958838,0.3499836810701596,0.1030936320955064,0.6960200780283566,0.1156203124642674,0.7906233795784362,0.7189152033344987,0.5881173519226124,0.5881173519226124,0.893664825564089,2.521375015407531,0.1194063943179788,166.0,0.1277975865399875,64.0,equal,True,2762665,160.8361207493581,530.2962130000001,64,4014.0,2039.0,256,0.0892456248402595,2868.4879562243364,median 5 warm calls on training rows; end-to-end preprocessing,6000.0,,,,,,,,,0.8367346938775511,0.8079913589994234,0.4987019551909009,0.1654915436440234,0.7857142857142857,0.1664945736073556
1000.0,193.0,0.193,11,1,binary,musk2,coerror_f20_d6_b1000_k64,complete,0.7765193326355186,0.5340464845112343,0.3618196108249716,0.1085893956892814,0.6561685222190503,0.0934010261227358,0.8327703007563534,0.6604252117307968,0.5194389858022995,0.5194389858022995,0.8534491605803461,3.5459578768332403,0.1168079888751213,166.0,0.094653186938297,64.0,equal,True,2747577,160.88932120800018,530.457083,64,3826.0,1945.0,256,0.0813413329888135,3147.231433190386,median 5 warm calls on training rows; end-to-end preprocessing,6000.0,,,,,,,,,0.8129251700680272,0.7715418984052523,0.5030209137446502,0.1701238397079605,0.6785714285714286,0.1167571617420278
1000.0,233.0,0.233,11,1,binary,musk2,top_quality_f50_d3_b1000_k64,complete,0.8342587306118565,0.5852767504867928,0.3584847306180576,0.1151544313917924,0.6986249881054334,0.1011274455922927,0.883117452259987,0.7355537103700276,0.7636888869353822,0.7636888869353822,0.9884625474026136,1.5968884143422797,0.3397203116457193,166.0,0.1748072471953642,64.0,equal,True,2615742,161.37502250028774,532.473471,64,940.0,502.0,256,0.1090618341695517,2347.2922672656737,median 5 warm calls on training rows; end-to-end preprocessing,6000.0,,,,,,,,,0.7925170068027212,0.7385923223044157,0.5339193016042957,0.1876915772802042,0.6666666666666667,0.1712670108597489
1000.0,233.0,0.233,11,1,binary,musk2,coerror_f50_d3_b1000_k64,complete,0.8012235544136772,0.5797510284195577,0.3446533926745834,0.1023050698369703,0.6434675040441526,0.0841084739295783,0.7845759085059818,0.6520614383483997,0.5982890472130489,0.5982890472130489,0.9702235986830572,2.6685763760348635,0.3373725725748918,166.0,0.1115052925647548,64.0,equal,True,2615758,161.461299499264,532.7209830000002,64,942.0,503.0,256,0.1081692920997738,2366.660583891675,median 5 warm calls on training rows; end-to-end preprocessing,6000.0,,,,,,,,,0.8061224489795918,0.7891473613038681,0.5126551983786941,0.1690200589824669,0.7261904761904762,0.0997983682039378
1000.0,127.0,0.127,11,1,binary,musk2,top_quality_f50_d6_b1000_k64,complete,0.8225536841437499,0.6251335963418396,0.3469887640675441,0.1057977595441137,0.7303953753925208,0.0882463199928352,0.8113612887855548,0.7214504898600307,0.7115528551477188,0.7115528551477188,0.961285920679292,1.773205527252434,0.338321324393361,166.0,0.1846454357457017,64.0,equal,True,2854606,162.37654370907694,536.5327810000001,64,3928.0,1996.0,256,0.1010080408304929,2534.4516921143672,median 5 warm calls on training rows; end-to-end preprocessing,6000.0,,,,,,,,,0.8197278911564626,0.8045971873597924,0.5965724031851843,0.2073868447975189,0.6904761904761905,0.1954739058360514
1000.0,127.0,0.127,11,1,binary,musk2,coerror_f50_d6_b1000_k64,complete,0.8317703872870873,0.660690403649624,0.3274184813289874,0.0950778328512264,0.7319488057855171,0.1022117977939941,0.7291503461842507,0.6360546448582904,0.5397777857005445,0.5397777857005445,0.897715232700462,3.1927757917451247,0.3368456854078276,166.0,0.1148238759543382,64.0,equal,True,2838302,162.68848854093812,536.5570599999999,64,3724.0,1894.0,256,0.1054595410823822,2427.4712119221113,median 5 warm calls on training rows; end-to-end preprocessing,6000.0,,,,,,,,,0.8809523809523809,0.8371326223810696,0.4695968971985255,0.1529148839712535,0.7738095238095237,0.2318035984199901
,,,11,1,binary,musk2,random_forest,complete,0.7643385035049323,0.6016601235340384,0.4620164171511154,0.1484147124314319,0.7087234751165667,0.2137548317417007,1.1381900039470518,,,,,,,,,,,,4610379,5.441760667134076,4.8769920000002,256,56310.0,28283.0,256,0.0260187501553446,9839.058312622834,median 5 warm calls on training rows; end-to-end preprocessing,,5.441760667134076,4.8769920000002,637534208.0,,,,,,0.8571428571428571,0.8127548241518829,0.5396781725706106,0.1846208844866071,0.7261904761904763,0.1991071428571428
,,,11,1,binary,musk2,extra_trees,complete,0.8684746407840899,0.6966932108044166,0.3665000992903327,0.107997080693195,0.7800480540489104,0.1630304257617098,0.8282278467321613,,,,,,,,,,,,10534219,2.6594341669697315,2.012176000000182,256,130358.0,65307.0,256,0.027581000002101,9281.75192996985,median 5 warm calls on training rows; end-to-end preprocessing,,2.6594341669697315,2.012176000000182,396689408.0,,,,,,0.8673469387755102,0.8212049854906998,0.5446635718383368,0.185044206891741,0.75,0.2396205357142857
,,,11,1,binary,musk2,xgboost,complete,0.8730802169568941,0.6918028922103479,0.3469738066196441,0.0955728985413343,0.762320392044914,0.0876497359926888,0.7329469968703363,,,,,,,,,,,,538338,4.505154209211469,4.043985000000021,300,9508.0,4904.0,256,0.0051313750445842,49889.161828111944,median 5 warm calls on training rows; end-to-end preprocessing,,4.505154209211469,4.043985000000021,276987904.0,,,,,,0.8469387755102041,0.834898612607972,0.8343947529792786,0.2538382523190491,0.6904761904761905,0.261386772777353
,,,11,1,binary,musk2,lightgbm,complete,0.856995591080661,0.6993719783190028,0.6713602078079267,0.1052511397782585,0.7698258635455324,0.1007604649249432,0.8071692707351628,,,,,,,,,,,,1050143,8.529919540975243,6.32407400000011,300,17678.0,8989.0,256,0.0231723750475794,11047.63751986406,median 5 warm calls on training rows; end-to-end preprocessing,,8.529919540975243,6.32407400000011,280969216.0,,,,,,0.8673469387755102,0.8894009216589861,1.3645476088220272,0.2466689812385598,0.7380952380952381,0.2861711369904871
,,,11,1,binary,musk2,catboost,complete,0.9005138452754781,0.718606723616644,0.263753645252461,0.0812366782670767,0.7379436673327624,0.0238566239073758,0.6230027578981944,,,,,,,,,,,,358026,14.71844308404252,13.66242299999999,300,38100.0,19200.0,256,0.0024429999757558,104789.19465433036,median 5 warm calls on training rows; end-to-end preprocessing,,14.71844308404252,13.66242299999999,233340928.0,,,,,,0.8605442176870748,0.8432339719104424,0.638453824635388,0.2152078330273157,0.7619047619047619,0.2394692601957918
,,,11,1,binary,musk2,linear,complete,0.8297110413296539,0.606469775174067,0.5233566687269711,0.1109613853580023,0.7391140926824626,0.0951880894906786,0.8509610507579822,,,,,,,,,,,,12282,0.1077344170771539,0.1078939999999875,1,,,256,0.0017179581336677,149014.1086578518,median 5 warm calls on training rows; end-to-end preprocessing,,0.1077344170771539,0.1078939999999875,230801408.0,167.0,,,,,0.7891156462585034,0.6935591142358059,1.5577197859317182,0.2573074351291663,0.75,0.245389991245528
,,,11,1,binary,musk2,rf_leaf5,complete,0.8003108446728201,0.634489353031815,0.4066045235142321,0.1231216061921712,0.7348558378532686,0.1758529467237137,0.9442175855886116,,,,,,,,,,,,3332779,6.292439708951861,5.811528999999837,256,40340.0,20298.0,256,0.0271101249381899,9442.966440902426,median 5 warm calls on training rows; end-to-end preprocessing,,6.292439708951861,5.811528999999837,234864640.0,,,,,,0.8537414965986395,0.8150175221603793,0.5160916181091304,0.1733647735160386,0.7857142857142857,0.2194153049357509
,,,11,1,binary,musk2,rf_shallow64,complete,0.7898642433469725,0.5595726385960237,0.3626489379902282,0.106716785296221,0.6596845560947759,0.1090510816426815,0.8184092822579118,,,,,,,,,,,,329179,1.293521499959752,1.235490000000027,64,3704.0,1884.0,256,0.0055923329200595,45776.95993057464,median 5 warm calls on training rows; end-to-end preprocessing,,1.293521499959752,1.235490000000027,208994304.0,,,,,,0.8129251700680272,0.7871511998861622,0.5141796714134155,0.1703263981484776,0.7142857142857142,0.1153798558443671
,,,11,1,binary,musk2,random_patches64,complete,0.7749397341960859,0.5541895383639099,0.366852966007461,0.1086488242512841,0.6638405176515368,0.1128479175383299,0.8332260574270521,,,,,,,,,,,,1587129,2.6215448330622166,2.506415000000061,64,3402.0,1733.0,256,0.087310625007376,2932.060101257698,median 5 warm calls on training rows; end-to-end preprocessing,,2.6215448330622166,2.506415000000061,214417408.0,,,,,,0.8027210884353742,0.77598284130239,0.5155625172428075,0.1730054978942349,0.6785714285714286,0.1040057413165042
1000.0,253.0,0.253,11,2,binary,musk2,random_b1000_k16,complete,0.7860363296439847,0.5003048750365832,0.3797015231731637,0.1225419941590917,0.651883570899402,0.1121234551400055,0.94204344295416,0.5986513487378656,0.6442021100540053,0.6442021100540053,0.911395804819433,2.187945929910729,0.1131513751784496,166.0,0.1268767292314874,16.0,equal,True,651422,163.56884225038812,539.4113739999998,16,510.0,263.0,256,0.0163179168011993,15688.27707107716,median 5 warm calls on training rows; end-to-end preprocessing,6000.0,,,,,,,,,0.8843537414965985,0.8506726537782439,0.4789898499131374,0.1525714303474757,0.7857142857142857,0.1154394614137412
1000.0,253.0,0.253,11,2,binary,musk2,top_quality_b1000_k16,complete,0.8520646467986607,0.6155105648542991,0.3483672581057436,0.1151460941723921,0.6960190328416676,0.1186044601698119,0.8851873493755802,0.7554543614502669,0.6836029628508152,0.6836029628508152,0.8779571197158513,2.01105133544312,0.0734059257551997,159.0,0.1019983615725999,16.0,equal,True,659292,163.4855037922971,539.2093470000002,16,706.0,361.0,256,0.0162182080093771,15784.727872030291,median 5 warm calls on training rows; end-to-end preprocessing,6000.0,,,,,,,,,0.8809523809523809,0.8617500500170729,0.4702249636006612,0.1549492913048336,0.7261904761904762,0.1845225409619657
1000.0,253.0,0.253,11,2,binary,musk2,coerror_b1000_k16,complete,0.8313498182881888,0.5477787390421044,0.3586007649883946,0.1171207295823136,0.6705960719725031,0.1119585374551219,0.9003673891073197,0.7016343932609626,0.5698264086381782,0.5698264086381782,0.8453141406352291,2.7419456421211144,0.0544104206288396,155.0,0.0860454815209534,16.0,equal,True,676300,163.53963020839728,539.2611920000002,16,938.0,477.0,256,0.0159586251247674,16041.48214514381,median 5 warm calls on training rows; end-to-end preprocessing,6000.0,,,,,,,,,0.8843537414965985,0.8441047702145619,0.4681090731587754,0.1504725919696847,0.7857142857142857,0.1130202004834819
1000.0,253.0,0.253,11,2,binary,musk2,random_b1000_k64,complete,0.8561694577897612,0.6241705769145508,0.3229126342506977,0.0975661401357155,0.6947416449131821,0.1146840333150542,0.7500411854720773,0.6108672367402648,0.639150407683836,0.639150407683836,0.9134291556945708,2.354089568224714,0.1152219955533602,166.0,0.1289494925004292,64.0,equal,True,2660137,164.4928408334963,543.1635450000003,64,2526.0,1295.0,256,0.0769267920404672,3327.8392769235907,median 5 warm calls on training rows; end-to-end preprocessing,6000.0,,,,,,,,,0.891156462585034,0.8788381835374316,0.4507020645375303,0.1411430396176218,0.7976190476190477,0.1353247510678894
1000.0,253.0,0.253,11,2,binary,musk2,top_quality_b1000_k64,complete,0.8603744248972207,0.6279293116884291,0.3225783091213558,0.1021529430854014,0.6970778260717498,0.0970391136318842,0.7853023028753459,0.7218722441535228,0.6419592856326332,0.6419592856326332,0.9369501981834004,2.391942538735415,0.0722214612456653,166.0,0.1019464758368538,64.0,equal,True,2673102,164.24524858454242,541.8468940000002,64,3032.0,1548.0,256,0.0879662919323891,2910.2056523737697,median 5 warm calls on training rows; end-to-end preprocessing,6000.0,,,,,,,,,0.891156462585034,0.8654879842379841,0.4432698001648866,0.1409591238148689,0.7619047619047619,0.1775611068076945
1000.0,253.0,0.253,11,2,binary,musk2,coerror_b1000_k64,complete,0.8497181320725322,0.5990729803395136,0.3367481660834986,0.1071599438803521,0.6605065355840374,0.120050465300565,0.8237936976018422,0.6772934519355631,0.5917466890140809,0.5917466890140809,0.9585342951453476,2.831677162673507,0.076897440961151,166.0,0.0908961720620463,64.0,equal,True,2712140,164.43794791866094,542.4310019999998,64,3442.0,1753.0,256,0.0749401659704744,3416.0586206982903,median 5 warm calls on training rows; end-to-end preprocessing,6000.0,,,,,,,,,0.8741496598639457,0.8451953017742491,0.4623045574487752,0.1471086513354432,0.75,0.1548252088091892
1000.0,253.0,0.253,11,2,binary,musk2,random_b1000_k128,complete,0.8492062230333631,0.6161406233702869,0.3223596158925691,0.0982320108543444,0.6847912142418818,0.0930760236630634,0.7551600767439557,0.6057074570298273,0.6517030089642877,0.6517030089642877,0.9853837392399022,2.303932824198533,0.1133827559469578,166.0,0.1265478986646736,128.0,equal,True,5322713,165.5338080842048,547.2374049999999,128,4740.0,2434.0,256,0.1603871670085936,1596.137675941887,median 5 warm calls on training rows; end-to-end preprocessing,6000.0,,,,,,,,,0.8843537414965986,0.8698240974711562,0.457984327592043,0.1442673571122103,0.7857142857142857,0.1514273469506405
1000.0,253.0,0.253,11,2,binary,musk2,top_quality_b1000_k128,complete,0.8590851136215498,0.6189157581937468,0.3199736326628722,0.1004027053753283,0.6794463751434776,0.1247944681483597,0.7718473238724345,0.7028856836528259,0.6326681606198107,0.6326681606198107,0.9868480569636994,2.4995804095328857,0.0799267481047712,166.0,0.1048359383152754,128.0,equal,True,5374940,165.33709208411165,545.9781959999998,128,5892.0,3010.0,256,0.1346962498500943,1900.5725867268511,median 5 warm calls on training rows; end-to-end preprocessing,6000.0,,,,,,,,,0.9013605442176872,0.8825424575424574,0.4430165407664707,0.1399230542793884,0.7857142857142857,0.12507614046717
1000.0,253.0,0.253,11,2,binary,musk2,coerror_b1000_k128,complete,0.8356136072417643,0.5800538145356716,0.3487455726522288,0.1119545327066763,0.6547253019786398,0.1230569535312335,0.860652172090482,0.664200249022123,0.5996773562977572,0.5996773562977572,0.9609412781340924,2.793030553727208,0.0839323463161012,166.0,0.0946495902310129,128.0,equal,True,5420140,165.3628391250968,546.0735129999996,128,6350.0,3239.0,256,0.1324739169795066,1932.45588140647,median 5 warm calls on training rows; end-to-end preprocessing,6000.0,,,,,,,,,0.8809523809523809,0.8414799694874882,0.4550520177881272,0.1431635582825949,0.7857142857142857,0.1246363688305972
3000.0,743.0,0.2476666666666666,11,2,binary,musk2,random_b3000_k16,complete,0.7949947378294421,0.5299544163805426,0.3741991138238422,0.1217802379497957,0.6411589175508491,0.1213317744557409,0.9361874305151484,0.5990820525915721,0.6264773991694691,0.6264773991694691,0.881002952173557,2.2891164816143217,0.1345369311517583,166.0,0.1334231183698833,16.0,equal,True,664313,163.69092062534764,539.7547529999999,16,642.0,329.0,256,0.0179743750486522,14242.497962074887,median 5 warm calls on training rows; end-to-end preprocessing,6000.0,,,,,,,,,0.9013605442176872,0.8867817896389324,0.4369534713344543,0.1374445350520895,0.7857142857142857,0.1327566787218058
3000.0,743.0,0.2476666666666666,11,2,binary,musk2,top_quality_b3000_k16,complete,0.8341176246148759,0.5686783867461397,0.3602688842437706,0.1195058009589208,0.687544712551946,0.1242611901025475,0.9187026615723124,0.7761733287012844,0.7325520828410857,0.7325520828410857,0.9120035148291974,1.7721995872888148,0.082025106934513,161.0,0.0996593614427046,16.0,equal,True,660252,163.56765441666357,539.4643800000006,16,688.0,352.0,256,0.01636229082942,15645.730947386732,median 5 warm calls on training rows; end-to-end preprocessing,6000.0,,,,,,,,,0.8707482993197279,0.8351284408991175,0.4770230713374119,0.1553503676004778,0.7261904761904762,0.1462972211193442
3000.0,743.0,0.2476666666666666,11,2,binary,musk2,coerror_b3000_k16,complete,0.8469248892718491,0.602294435631274,0.3362454109824319,0.1064973182964623,0.6908856344333548,0.1022359486382397,0.8186997533526025,0.7044262544143032,0.5856923472537796,0.5856923472537796,0.8603745305042858,2.709318360564609,0.0570292651217076,157.0,0.0822094290807634,16.0,equal,True,672911,163.59120700112544,539.3455880000004,16,896.0,456.0,256,0.0161013340111821,15899.303736088636,median 5 warm calls on training rows; end-to-end preprocessing,6000.0,,,,,,,,,0.9081632653061223,0.8958371202732105,0.4476524806139331,0.1389190871065313,0.8095238095238095,0.1335405042294707
3000.0,743.0,0.2476666666666666,11,2,binary,musk2,random_b3000_k64,complete,0.8521171095262775,0.6287185774003425,0.3202101547294506,0.0971483079484621,0.6697264625177658,0.1059748437115145,0.7468290941807747,0.6061884775058594,0.6405010388071857,0.6405010388071857,0.9431924297435276,2.2942436628848264,0.1155008544205681,166.0,0.1352671091594622,64.0,equal,True,2665774,164.9455210424494,543.4290749999998,64,2588.0,1326.0,256,0.0895729169715195,2858.0067352433907,median 5 warm calls on training rows; end-to-end preprocessing,6000.0,,,,,,,,,0.9013605442176872,0.8964238142809571,0.4484125331897596,0.1386929051497195,0.8690476190476191,0.1878907125210087
3000.0,743.0,0.2476666666666666,11,2,binary,musk2,top_quality_b3000_k64,complete,0.8272116219249688,0.5740478048456918,0.3788616889709632,0.1276923739539014,0.6988385070061588,0.1416284332748587,0.9816370659216872,0.751330028420788,0.7158009653059055,0.7158009653059055,0.9791609728493482,1.937169954102824,0.0962140204135154,166.0,0.1029520714559312,64.0,equal,True,2668732,164.45048720855266,542.7353599999999,64,2780.0,1422.0,256,0.0866448329761624,2954.590495551307,median 5 warm calls on training rows; end-to-end preprocessing,6000.0,,,,,,,,,0.8673469387755102,0.834954648526077,0.449429492554695,0.1454428408141607,0.7976190476190477,0.1445880950110933
3000.0,743.0,0.2476666666666666,11,2,binary,musk2,coerror_b3000_k64,complete,0.8335643813054634,0.5954460078076504,0.335670365924379,0.1063975714071062,0.6547094041823922,0.1070267142580226,0.817932947624347,0.6970168348506264,0.5850886954680686,0.5850886954680686,0.9938797761326346,2.9063010131864107,0.0675834296566972,165.0,0.0854151148445375,64.0,equal,True,2707724,164.39879604242742,541.8960829999999,64,3474.0,1769.0,256,0.0719692502170801,3557.074712155953,median 5 warm calls on training rows; end-to-end preprocessing,6000.0,,,,,,,,,0.9047619047619048,0.8926267592057064,0.4497777965184181,0.1408868857589113,0.75,0.1891404064083527
3000.0,743.0,0.2476666666666666,11,2,binary,musk2,random_b3000_k128,complete,0.8539533049928619,0.617938080530742,0.3228824854582895,0.0986502828563044,0.6851958131563802,0.1122956749665878,0.7583755491175006,0.6137317968762371,0.6369612145922754,0.6369612145922754,0.9545234629387565,2.4189374601538423,0.1173074638688706,166.0,0.1251551415188952,128.0,equal,True,5351212,166.10751304216683,548.6763039999998,128,4988.0,2558.0,256,0.1870800419710576,1368.3982390788892,median 5 warm calls on training rows; end-to-end preprocessing,6000.0,,,,,,,,,0.870748299319728,0.8553651375079946,0.4694147870482543,0.1492399765899357,0.7619047619047619,0.145336713646505
3000.0,743.0,0.2476666666666666,11,2,binary,musk2,top_quality_b3000_k128,complete,0.8383686953314532,0.595180451601895,0.3458575445602951,0.1120576513102275,0.6864636624071172,0.1265952464187295,0.861444897922868,0.7357848474467314,0.6869080794489699,0.6869080794489699,0.9791609728493482,2.128250949664942,0.0836335066476596,166.0,0.1020764980888383,128.0,equal,True,5361884,165.40383974998258,546.2042130000002,128,5668.0,2898.0,256,0.1958932080306112,1306.8344868801992,median 5 warm calls on training rows; end-to-end preprocessing,6000.0,,,,,,,,,0.8877551020408163,0.8724207469549083,0.4437429270731957,0.141877470210635,0.7976190476190477,0.1212738338527418
3000.0,743.0,0.2476666666666666,11,2,binary,musk2,coerror_b3000_k128,complete,0.8464098006734306,0.605874089776842,0.3283659368864905,0.1033562540469492,0.6732605426235816,0.1052396930818423,0.7945527741847104,0.6878193054870976,0.5923108664473294,0.5923108664473294,0.9938797761326346,2.8896548945110707,0.0726976586080868,166.0,0.0882434534052148,128.0,equal,True,5454844,165.52453620918095,545.9241379999996,128,6976.0,3552.0,256,0.1832310419995337,1397.1431762127477,median 5 warm calls on training rows; end-to-end preprocessing,6000.0,,,,,,,,,0.9081632653061223,0.8942934258723731,0.4445316299943654,0.1390326121567175,0.75,0.193477084840823
6000.0,1510.0,0.2516666666666666,11,2,binary,musk2,random_b6000_k16,complete,0.8521624182455828,0.6161956279852926,0.3169678647031872,0.0953665221111403,0.6717494570902581,0.0761417165888567,0.7331315884700516,0.6086200155985241,0.6573231473651634,0.6573231473651634,0.8612462581852262,2.147112646182727,0.1205007042684012,165.0,0.1264210384881305,16.0,equal,True,660220,163.9493960842956,540.0604790000004,16,600.0,308.0,256,0.0272724581882357,9386.759280482758,median 5 warm calls on training rows; end-to-end preprocessing,6000.0,,,,,,,,,0.8639455782312925,0.81852397706721,0.4784258873110013,0.1537560895092055,0.7142857142857142,0.1731847180161654
6000.0,1510.0,0.2516666666666666,11,2,binary,musk2,top_quality_b6000_k16,complete,0.8568673710450256,0.6102877274778816,0.3496914004672879,0.1197160844973884,0.7149843088751038,0.1227412443132522,0.9203192194709654,0.7867051161377421,0.7412109125884647,0.7412109125884647,0.9504119003229474,1.7202118173780312,0.0797651156621266,163.0,0.0994557193256575,16.0,equal,True,676969,163.73646879242733,539.7281989999999,16,908.0,462.0,256,0.0247335841413587,10350.29935560066,median 5 warm calls on training rows; end-to-end preprocessing,6000.0,,,,,,,,,0.8979591836734693,0.8810462484375527,0.4307456092657974,0.1415357954604432,0.7738095238095237,0.1794277890684028
6000.0,1510.0,0.2516666666666666,11,2,binary,musk2,coerror_b6000_k16,complete,0.8673313005351198,0.6365765019444363,0.3165441545280433,0.0987860977476415,0.720044577420678,0.0959247882280739,0.7594196281592827,0.7179985787131613,0.590028002981616,0.590028002981616,0.8696156163764504,2.649273596107947,0.0455620452022295,149.0,0.0807054760789333,16.0,equal,True,671357,163.7385835023597,539.5001099999997,16,906.0,461.0,256,0.0205599169712513,12451.41215102965,median 5 warm calls on training rows; end-to-end preprocessing,6000.0,,,,,,,,,0.9013605442176872,0.8785749964321392,0.4553871280068907,0.1438943745637581,0.8095238095238095,0.1461439393235328
6000.0,1510.0,0.2516666666666666,11,2,binary,musk2,random_b6000_k64,complete,0.837750271057426,0.6138944116793644,0.33102757059169,0.1008096422953392,0.6745721108139989,0.1055225774477632,0.7749756576311828,0.6100284232623878,0.6491525062768932,0.6491525062768932,0.9470057592057936,2.300185592080015,0.10644051324641,166.0,0.1260698965971525,64.0,equal,True,2623934,164.70752000133507,543.431503,64,2122.0,1093.0,256,0.1047753330785781,2443.3231799703112,median 5 warm calls on training rows; end-to-end preprocessing,6000.0,,,,,,,,,0.8877551020408163,0.8685864859777902,0.4602397324709989,0.1459085180929379,0.7261904761904763,0.1561843945566718
6000.0,1510.0,0.2516666666666666,11,2,binary,musk2,top_quality_b6000_k64,complete,0.8397327262494872,0.5870926883524156,0.3700902008126154,0.1259668591376825,0.6975046819009949,0.1512435947526938,0.9683721445411124,0.7652973017077217,0.7179946873136819,0.7179946873136819,0.97545208004445,1.920984041977357,0.097604062519591,166.0,0.1010905287444806,64.0,equal,True,2696862,164.83789604343474,543.4942980000003,64,3152.0,1608.0,256,0.0927421660162508,2760.3409645957818,median 5 warm calls on training rows; end-to-end preprocessing,6000.0,,,,,,,,,0.8945578231292517,0.8790197897340755,0.4265885735879841,0.1380621074167509,0.7976190476190477,0.1401406156481311
6000.0,1510.0,0.2516666666666666,11,2,binary,musk2,coerror_b6000_k64,complete,0.840688183803961,0.5831695347134739,0.3336178920222236,0.1063312386911929,0.6533755790772283,0.1058080498341594,0.8174230138623887,0.7037102817879313,0.5820734685294079,0.5820734685294079,0.9097663586622268,2.979107711878883,0.0561858639878105,166.0,0.0825283471916403,64.0,equal,True,2729161,164.76343016815372,542.0303040000001,64,3898.0,1981.0,256,0.0958471659105271,2670.9188275736274,median 5 warm calls on training rows; end-to-end preprocessing,6000.0,,,,,,,,,0.9081632653061223,0.8870981726023743,0.4517615080013362,0.1418551622061242,0.8095238095238095,0.1352099694327501
6000.0,1510.0,0.2516666666666666,11,2,binary,musk2,random_b6000_k128,complete,0.8439567707124438,0.6056178663269397,0.32946985504577,0.1011368245242936,0.6850630665577138,0.1312317668804917,0.7774908759900215,0.5963160363912774,0.6530211480741756,0.6530211480741756,0.9624280438697086,2.283575429736506,0.1230521456780322,166.0,0.1312572626085722,128.0,equal,True,5304846,166.46705904230475,549.4218589999998,128,4350.0,2239.0,256,0.1821006659884005,1405.8158360404166,median 5 warm calls on training rows; end-to-end preprocessing,6000.0,,,,,,,,,0.8843537414965986,0.8610492681921252,0.46983247889816,0.1496250663646848,0.75,0.1376569659019886
6000.0,1510.0,0.2516666666666666,11,2,binary,musk2,top_quality_b6000_k128,complete,0.8342193705108598,0.5791024228097134,0.3690327227724759,0.1243920941534807,0.6883539103809431,0.1415165450481346,0.9562661147858338,0.7510011888183524,0.7169565249602616,0.7169565249602616,0.9791609728493482,1.95071384739795,0.0917136564413051,166.0,0.1029366399685945,128.0,equal,True,5390268,165.70449866633862,546.7021509999997,128,5964.0,3046.0,256,0.1776379160583019,1441.1337718912391,median 5 warm calls on training rows; end-to-end preprocessing,6000.0,,,,,,,,,0.8843537414965987,0.8617838044308632,0.4380725461422275,0.1420611921043198,0.7976190476190477,0.157541893907095
6000.0,1510.0,0.2516666666666666,11,2,binary,musk2,coerror_b6000_k128,complete,0.8367979930622017,0.5908640499837922,0.3358344527004924,0.1065890813381666,0.6559232009258876,0.1128771395141553,0.8194051831306653,0.6965772773375022,0.5882944927544033,0.5882944927544033,0.9938797761326346,2.936403773839727,0.0634892011235186,166.0,0.0850816894662832,128.0,equal,True,5458604,165.72596654342487,545.438793,128,7210.0,3669.0,256,0.1733802091330289,1476.5237698126175,median 5 warm calls on training rows; end-to-end preprocessing,6000.0,,,,,,,,,0.9081632653061223,0.8942934258723731,0.4494165352669453,0.1414365410422827,0.75,0.207352929314147
300.0,72.0,0.24,11,2,binary,musk2,top_quality_b300_k64,complete,0.8591820901786594,0.6274084065547996,0.3201270644068182,0.0998759998273612,0.6963886566044215,0.1007829056405594,0.767798266965577,0.6868235092819137,0.6332951861645782,0.6332951861645782,0.9131156171500316,2.4410936070474176,0.0776306638164952,166.0,0.109287877625718,64.0,equal,True,2685150,164.31403362425044,542.1782620000001,64,3134.0,1599.0,256,0.0945583749562501,2707.3223299199553,median 5 warm calls on training rows; end-to-end preprocessing,6000.0,,,,,,,,,0.8911564625850339,0.8717237257221728,0.4421320876435778,0.1402340967386416,0.7857142857142857,0.1267418115390936
300.0,72.0,0.24,11,2,binary,musk2,coerror_b300_k64,complete,0.841308197857613,0.5931326665427809,0.3466248568272215,0.1119110471105325,0.6617203323275327,0.118894923065906,0.8603178759090685,0.6578789588925444,0.6104821931693943,0.6104821931693943,0.913115617150074,2.664235272538758,0.0898932315560346,166.0,0.0976716233269803,64.0,equal,True,2689534,164.64998554228805,542.7574030000003,64,3090.0,1577.0,256,0.0972341662272811,2632.819408371435,median 5 warm calls on training rows; end-to-end preprocessing,6000.0,,,,,,,,,0.9047619047619048,0.8850479094839996,0.4514715011443087,0.1422125974427198,0.8214285714285714,0.1170987947013274
6000.0,1510.0,0.2516666666666666,11,2,binary,musk2,random_cert_b6000_k64,complete,0.844422576142495,0.6151980686712535,0.335482908908725,0.1064928125932465,0.7044520188611455,0.1025200850889343,0.8186651156906359,0.6737698656012954,0.6368727863843281,0.6368727863843281,0.979091685222856,2.4633849918068225,0.1100376463298297,166.0,0.1083617552477425,64.0,equal,True,2686521,164.54592616762966,543.1322139999995,64,2904.0,1484.0,256,0.0960588750895112,2665.0322498722744,median 5 warm calls on training rows; end-to-end preprocessing,6000.0,,,,,,,,,0.9013605442176872,0.8843076695561166,0.4336130796065385,0.1362476434583129,0.7976190476190477,0.1256931909511032
6000.0,1510.0,0.2516666666666666,11,2,binary,musk2,top_quality_cert_b6000_k64,complete,0.8397327262494872,0.5870926883524156,0.3700902008126154,0.1259668591376825,0.6975046819009949,0.1512435947526938,0.9683721445411124,0.7652973017077217,0.7179946873136819,0.7179946873136819,0.97545208004445,1.920984041977357,0.097604062519591,166.0,0.1010905287444806,64.0,equal,True,2696862,164.51815058430657,542.9724580000009,64,3152.0,1608.0,256,0.0883665829896926,2897.0227357310005,median 5 warm calls on training rows; end-to-end preprocessing,6000.0,,,,,,,,,0.8945578231292517,0.8790197897340755,0.4265885735879841,0.1380621074167509,0.7976190476190477,0.1401406156481311
6000.0,1510.0,0.2516666666666666,11,2,binary,musk2,coerror_cert_b6000_k64,complete,0.8494621775529475,0.5970527187011442,0.3261247207684248,0.1031766221197544,0.6591504535641269,0.1013316517261087,0.7931718510136755,0.7117092916627077,0.581838422497876,0.581838422497876,0.9097663586622268,2.9582200648587103,0.0539808498782836,166.0,0.0830751157811241,64.0,equal,True,2740569,164.1987449170556,541.5190970000001,64,4050.0,2057.0,256,0.0730842920020222,3502.804679190385,median 5 warm calls on training rows; end-to-end preprocessing,6000.0,,,,,,,,,0.91156462585034,0.8874398244146142,0.4452939898275747,0.1393834545311882,0.8095238095238095,0.1735339025784024
6000.0,1510.0,0.2516666666666666,11,2,binary,musk2,abs_correlation_b6000_k64,complete,0.8958281003087353,0.7378949639734526,0.2900135395802837,0.0851870637597112,0.72794657704549,0.1022488001976681,0.654876847647578,0.6362324003169193,0.4605086910700069,0.4605086910700069,0.8945796713772203,3.7580262593621434,0.0672450217189225,166.0,0.1155151886314334,64.0,equal,True,2773676,164.8645948751364,542.4506210000002,64,4318.0,2191.0,256,0.0922607500106096,2774.7444061592932,median 5 warm calls on training rows; end-to-end preprocessing,6000.0,,,,,,,,,0.9081632653061223,0.9087295644464428,0.4492645870367063,0.1401771075995008,0.8095238095238095,0.1492053302122205
6000.0,1510.0,0.2516666666666666,11,2,binary,musk2,signed_correlation_b6000_k64,complete,0.8958281003087353,0.7378949639734526,0.2900135395802837,0.0851870637597112,0.72794657704549,0.1022488001976681,0.654876847647578,0.6362324003169193,0.4605086910700069,0.4605086910700069,0.8945796713772203,3.7580262593621434,0.0672450217189225,166.0,0.1155151886314334,64.0,equal,True,2773676,164.92310541612096,542.7894530000001,64,4318.0,2191.0,256,0.0965336670633405,2651.92453356222,median 5 warm calls on training rows; end-to-end preprocessing,6000.0,,,,,,,,,0.9081632653061223,0.9087295644464428,0.4492645870367063,0.1401771075995008,0.8095238095238095,0.1492053302122205
6000.0,1510.0,0.2516666666666666,11,2,binary,musk2,quality_diversity_l002_b6000_k64,complete,0.840069759529934,0.5824102317565568,0.3677550056551227,0.1249503201718713,0.702745390433978,0.1509509421701668,0.9605574857882396,0.7651021562287202,0.6996557402897469,0.6996557402897469,0.964163297896409,2.0289020027809266,0.0896945844925412,166.0,0.0996554230614774,64.0,equal,True,2692953,164.8087200843729,542.9149339999997,64,3162.0,1613.0,256,0.0903594580013305,2833.1289901742275,median 5 warm calls on training rows; end-to-end preprocessing,6000.0,,,,,,,,,0.891156462585034,0.8752782931354359,0.4349211778512569,0.1411643395030127,0.7738095238095237,0.1632007005234892
6000.0,1510.0,0.2516666666666666,11,2,binary,musk2,quality_diversity_l01_b6000_k64,complete,0.8492523266424807,0.6201177998449104,0.3441015939628342,0.1133671572841198,0.6942678905850072,0.1405156270886089,0.8715117450039838,0.7611735037640346,0.6402370036830951,0.6402370036830951,0.964163297896409,2.4267271803174175,0.0759723574362853,166.0,0.0956100332315045,64.0,equal,True,2700652,164.7309421673417,542.4984779999993,64,3356.0,1710.0,256,0.0791071250569075,3236.1181096625683,median 5 warm calls on training rows; end-to-end preprocessing,6000.0,,,,,,,,,0.8945578231292517,0.882563025210084,0.4290409181817124,0.1372143551545469,0.7976190476190477,0.1476103157281213
6000.0,1510.0,0.2516666666666666,11,2,binary,musk2,quality_diversity_l05_b6000_k64,complete,0.8706253239175985,0.6776885471781179,0.3013893803976882,0.0920499651368314,0.7310410830850628,0.1196417332270931,0.7076355063124903,0.7313880212044912,0.5233457053334185,0.5233457053334185,0.9097663586622268,3.3095237949636873,0.0568810888785652,166.0,0.0961731725499829,64.0,equal,True,2742108,164.43386587547138,541.7056980000004,64,4040.0,2052.0,256,0.0640270421281457,3998.310580826672,median 5 warm calls on training rows; end-to-end preprocessing,6000.0,,,,,,,,,0.9047619047619048,0.891545709192768,0.4240450256673169,0.1313238451070432,0.8095238095238095,0.1278387408839457
6000.0,1510.0,0.2516666666666666,11,2,binary,musk2,caruana_b6000_k64,complete,0.8751657345258801,0.6621284581103765,0.3087512816052026,0.0949110487382577,0.7106187740255445,0.0926926098884687,0.7296301299920115,0.7043711498566835,0.5708180173001607,0.5708180173001607,0.8696156163764504,2.9448667749304938,0.0572448396172697,163.0,0.0795668590136003,64.0,frequency_weighted,True,1094153,163.79743712511845,539.7889900000007,26,1472.0,749.0,256,0.0257412078790366,9945.14325835049,median 5 warm calls on training rows; end-to-end preprocessing,6000.0,,,,,,,,,0.9285714285714286,0.897542735042735,0.4458568928886673,0.1389708610076977,0.7738095238095238,0.1781227960914148
6000.0,1510.0,0.2516666666666666,11,2,binary,musk2,coerror_swap_b6000_k64,complete,0.8415752808345707,0.5885823031547025,0.3309909672037801,0.1050778299165051,0.6541752382284768,0.104378746818759,0.8077874148529349,0.7026671428620916,0.581348907987346,0.581348907987346,0.9097663586622268,2.985421892793028,0.0558488100995333,166.0,0.0825274154304696,64.0,equal,True,2726601,164.44904725044034,541.6208749999998,64,3866.0,1965.0,256,0.0698880418203771,3663.001471095139,median 5 warm calls on training rows; end-to-end preprocessing,6000.0,,,,,,,,,0.91156462585034,0.8950346805388822,0.4516575948625332,0.1417794838615741,0.8095238095238095,0.1358986062080786
6000.0,1510.0,0.2516666666666666,11,2,binary,musk2,coerror_b6000_k256,complete,0.844575194986471,0.595009457154647,0.3322755459044759,0.1054700068008746,0.6631900835906127,0.1101616321130881,0.8108022806133113,0.6851049173332661,0.5917976202054275,0.5917976202054275,0.9938797761326346,2.923462856868832,0.072398812327197,166.0,0.0881097653080295,256.0,equal,True,10921145,168.9852288335096,556.3430749999995,256,14122.0,7189.0,256,0.2416925830766558,1059.1967562314742,median 5 warm calls on training rows; end-to-end preprocessing,6000.0,,,,,,,,,0.9081632653061223,0.8942934258723731,0.4420921586966728,0.138577204228005,0.75,0.1880815721986643
1000.0,234.0,0.234,11,2,binary,musk2,top_quality_f05_d3_b1000_k64,complete,0.8411889643857569,0.6135091391750745,0.330541451640543,0.0995791619139462,0.6966159950907606,0.0945728057937375,0.7655163209937346,0.724777574424557,0.7240557524026874,0.7240557524026874,0.9837911406929084,1.8993054900450816,0.0376195269774576,159.0,0.1039006642808638,64.0,equal,True,2465084,163.5298580841627,539.3290459999996,64,934.0,499.0,256,0.0545745000708848,4690.835457356292,median 5 warm calls on training rows; end-to-end preprocessing,6000.0,,,,,,,,,0.8197278911564626,0.8060573963769452,0.525901063860417,0.1753098738456354,0.6666666666666666,0.1589062176742654
1000.0,234.0,0.234,11,2,binary,musk2,coerror_f05_d3_b1000_k64,complete,0.818464654429603,0.5699561113061269,0.3455384728933797,0.1067220746045536,0.6417495206814432,0.114188562429456,0.8204275708877496,0.6852078007219266,0.6735511904042097,0.6735511904042097,0.9645319934888684,2.19578147671239,0.0340741504935307,161.0,0.0936124804951331,64.0,equal,True,2465212,163.59060912625864,539.3961069999998,64,936.0,500.0,256,0.0572158750146627,4474.282704483585,median 5 warm calls on training rows; end-to-end preprocessing,6000.0,,,,,,,,,0.7959183673469388,0.7640800072942928,0.5385736305469444,0.1806029333139704,0.7142857142857142,0.1098229330659947
1000.0,394.0,0.394,11,2,binary,musk2,top_quality_f05_d6_b1000_k64,complete,0.8915961069476549,0.701731235221737,0.2799265183448784,0.083250138816669,0.7283511759599884,0.0961402285443407,0.639986707703239,0.7401428041910146,0.6230713593329212,0.6230713593329212,0.9193863058050624,2.51643513581606,0.0383504443444044,155.0,0.0994973301290984,64.0,equal,True,2737004,163.64236029423773,539.72497,64,4334.0,2199.0,256,0.0694547498133033,3685.853029319613,median 5 warm calls on training rows; end-to-end preprocessing,6000.0,,,,,,,,,0.8605442176870748,0.8558577533577533,0.449856894892317,0.1453786717917291,0.75,0.1793442720381573
1000.0,394.0,0.394,11,2,binary,musk2,coerror_f05_d6_b1000_k64,complete,0.8857838726395747,0.7171211027560178,0.2930670055676946,0.0864371784516614,0.7181288929728561,0.09727221555217,0.6644871233459109,0.6946592190147591,0.5650426617141444,0.5650426617141444,0.8584736891278986,3.077366773775279,0.0337697579031612,158.0,0.0866551536002345,64.0,equal,True,2747775,163.7037959182635,539.809661,64,4468.0,2266.0,256,0.0603217498864978,4243.908714214902,median 5 warm calls on training rows; end-to-end preprocessing,6000.0,,,,,,,,,0.8537414965986394,0.8448670377241806,0.488879697286904,0.159001096478594,0.7380952380952381,0.1954803356909862
1000.0,181.0,0.181,11,2,binary,musk2,top_quality_f20_d3_b1000_k64,complete,0.7937348374768289,0.5075313941870875,0.4196324449218975,0.1395702927594909,0.6498891923601551,0.1451682367262753,1.072948747305137,0.7174995014113893,0.7478907232804162,0.7478907232804162,0.9774085092795688,1.7840478836674063,0.1206306549115668,166.0,0.1085640054686493,64.0,equal,True,2517289,164.02094412432052,541.294063,64,948.0,506.0,256,0.0751011669635772,3408.735314647713,median 5 warm calls on training rows; end-to-end preprocessing,6000.0,,,,,,,,,0.8333333333333334,0.7832900603415252,0.5281163558386591,0.1732509230510916,0.7976190476190477,0.2217938438985107
1000.0,181.0,0.181,11,2,binary,musk2,coerror_f20_d3_b1000_k64,complete,0.800625737260301,0.5239155720899543,0.382347068618323,0.1242269747509338,0.6521713210114813,0.1428067143982515,0.9549967568686466,0.6681885465412054,0.664724996029215,0.664724996029215,0.9645837801492076,2.2821111549469344,0.1172579975681981,166.0,0.0972869499598396,64.0,equal,True,2516249,164.04200966726057,541.3084970000002,64,934.0,499.0,256,0.0763202081434428,3354.2885459490785,median 5 warm calls on training rows; end-to-end preprocessing,6000.0,,,,,,,,,0.8299319727891157,0.7886214353157572,0.518553956183135,0.1714967100940477,0.7619047619047619,0.1292094048281823
1000.0,334.0,0.334,11,2,binary,musk2,top_quality_f20_d6_b1000_k64,complete,0.8283260574419173,0.5481754889823598,0.3726349620186266,0.1270013213111691,0.7011397130129822,0.1273377787369532,0.9763245882254548,0.730340762427352,0.6728026454267354,0.6728026454267354,0.9071868914462172,2.242614206135906,0.1203897187864233,166.0,0.1031192817079118,64.0,equal,True,2758009,164.44864875031635,542.8838290000001,64,3956.0,2010.0,256,0.0867042080499231,2952.567190886496,median 5 warm calls on training rows; end-to-end preprocessing,6000.0,,,,,,,,,0.9047619047619048,0.8753493728493728,0.4202002553497043,0.1334031762300376,0.8333333333333333,0.126623961534649
1000.0,334.0,0.334,11,2,binary,musk2,coerror_f20_d6_b1000_k64,complete,0.8247108985752395,0.553050198124361,0.368110549505561,0.1243203387877877,0.68740878639403,0.1105078909869343,0.9557144943212598,0.6880240562200105,0.6029096658779585,0.6029096658779585,0.8723009142146362,2.883073221227724,0.1182869907048181,166.0,0.0922582407699803,64.0,equal,True,2772121,164.5090692921076,543.0607120000002,64,4132.0,2098.0,256,0.0875207500066608,2925.020637740387,median 5 warm calls on training rows; end-to-end preprocessing,6000.0,,,,,,,,,0.9217687074829932,0.8942046178459221,0.3861966741918339,0.1182532045964077,0.8571428571428571,0.1423598957940607
1000.0,163.0,0.163,11,2,binary,musk2,top_quality_f50_d3_b1000_k64,complete,0.786056201889294,0.4927915727155877,0.5344572053682649,0.1735376299461567,0.673197746328404,0.1604644425534016,1.334073168291536,0.7079615074746227,0.8721407040494547,0.8721407040494547,0.9999999999999944,1.302062436304234,0.3424315656344035,166.0,0.1282805746598652,64.0,equal,True,2617102,165.03960412647575,545.2452160000005,64,958.0,511.0,256,0.1220642088446766,2097.256865243382,median 5 warm calls on training rows; end-to-end preprocessing,6000.0,,,,,,,,,0.8486394557823129,0.8283189705394673,0.5758824984958788,0.1781865152926021,0.7976190476190477,0.2134353370085465
1000.0,163.0,0.163,11,2,binary,musk2,coerror_f50_d3_b1000_k64,complete,0.7997370504500666,0.539732239232741,0.3847694489254629,0.1241320410797022,0.6868619022031166,0.113688745654981,0.9542669528278924,0.6493896990850714,0.7100608018819144,0.7100608018819144,0.9938797761326168,2.0106184077893463,0.3370934981535352,166.0,0.1056661046505111,64.0,equal,True,2616382,165.431532751536,546.2196419999998,64,948.0,506.0,256,0.1159522500820458,2207.8053665958087,median 5 warm calls on training rows; end-to-end preprocessing,6000.0,,,,,,,,,0.8316326530612245,0.796464229530732,0.5228912202432852,0.1745970376849832,0.7738095238095237,0.1828734895302957
1000.0,204.0,0.204,11,2,binary,musk2,top_quality_f50_d6_b1000_k64,complete,0.8100133859444404,0.5020190465586173,0.508232314378919,0.1696148562645399,0.6548993828475497,0.1624120722069326,1.3039167859809735,0.722737833571864,0.7271090023325394,0.7271090023325394,0.933200033302334,1.871934391777192,0.3404612645152568,166.0,0.1151946363985756,64.0,equal,True,2867022,166.31158599932678,550.1315850000003,64,4082.0,2073.0,256,0.1134870420210063,2255.7641422411434,median 5 warm calls on training rows; end-to-end preprocessing,6000.0,,,,,,,,,0.9183673469387756,0.8760782006123622,0.4507863270649798,0.1227729284543614,0.9166666666666669,0.1957178103084737
1000.0,204.0,0.204,11,2,binary,musk2,coerror_f50_d6_b1000_k64,complete,0.8190814889240055,0.5477531573586052,0.432803690965793,0.1506213508768424,0.6582466638474574,0.1435783351648888,1.1579039245780047,0.678449874400209,0.6664737854698662,0.6664737854698662,0.9344596736185335,2.3201162398373105,0.3365057310522077,166.0,0.1016566870413599,64.0,equal,True,2863534,166.70160941733047,550.9288949999998,64,4038.0,2051.0,256,0.1144361670594662,2237.055002610938,median 5 warm calls on training rows; end-to-end preprocessing,6000.0,,,,,,,,,0.9285714285714286,0.9084903321316364,0.3849338042275278,0.1166653382931142,0.8928571428571428,0.1641724017571099
,,,11,2,binary,musk2,random_forest,complete,0.8708939966741811,0.7185292293056526,0.3109090848010503,0.0981451557570557,0.7704763615667596,0.1290039506593906,0.7544923768631967,,,,,,,,,,,,5984619,4.155497082974762,4.133550000000014,256,73488.0,36872.0,256,0.0098961670882999,25868.60121861351,median 5 warm calls on training rows; end-to-end preprocessing,,4.155497082974762,4.133550000000014,681181184.0,,,,,,0.9064625850340136,0.9132653061224488,0.4061652924645,0.1298658098493303,0.7976190476190477,0.1675223214285714
,,,11,2,binary,musk2,extra_trees,complete,0.8823181530576232,0.7623919691474761,0.282220045576037,0.0834077398795439,0.818335087390186,0.1220210180763983,0.6411982682699062,,,,,,,,,,,,15279339,1.121959999902174,1.121516000000156,256,189672.0,94964.0,256,0.0110049590002745,23262.2402313006,median 5 warm calls on training rows; end-to-end preprocessing,,1.121959999902174,1.121516000000156,667271168.0,,,,,,0.9251700680272108,0.9296218487394958,0.386834059443296,0.1242780412946428,0.7976190476190477,0.2303571428571429
,,,11,2,binary,musk2,xgboost,complete,0.8546893729591204,0.6172897624418132,0.4978978335857391,0.1522581765361477,0.7310005437046316,0.1496677977118087,1.1704870467165738,,,,,,,,,,,,605586,3.127722959034145,3.1162829999998394,300,11486.0,5893.0,256,0.0027930000796914,91657.71310263788,median 5 warm calls on training rows; end-to-end preprocessing,,3.127722959034145,3.1162829999998394,704937984.0,,,,,,0.9489795918367347,0.9303491151705436,0.4509470760822296,0.1357783074258728,0.8214285714285714,0.18142301200756
,,,11,2,binary,musk2,lightgbm,complete,0.8621152335863203,0.6823330725132182,0.5817012195665651,0.1296511815710373,0.7432044869940129,0.1308813705098115,0.9966954292557776,,,,,,,,,,,,1078031,3.610447417013347,3.5889850000003207,300,18300.0,9300.0,256,0.0079067919868975,32377.22712627571,median 5 warm calls on training rows; end-to-end preprocessing,,3.610447417013347,3.5889850000003207,727351296.0,,,,,,0.9523809523809524,0.9463474025974026,0.6479423871984112,0.139186630780663,0.8690476190476191,0.149359694314713
,,,11,2,binary,musk2,catboost,complete,0.8993892066681717,0.7442163871237123,0.2688127081096029,0.0845725759370454,0.788360587455367,0.0858641049137395,0.6501529631695272,,,,,,,,,,,,357874,9.196955124847593,9.184126000000106,300,38100.0,19200.0,256,0.0020551248453557,124566.6415733909,median 5 warm calls on training rows; end-to-end preprocessing,,9.196955124847593,9.184126000000106,774668288.0,,,,,,0.9387755102040816,0.9361111111111112,0.3531839891065177,0.1252635887797942,0.7976190476190477,0.164000140909528
,,,11,2,binary,musk2,linear,complete,0.7992807836977638,0.3209429742627948,1.2427731862286882,0.1564895268690541,0.712278503953782,0.138292923985672,1.2030156167248385,,,,,,,,,,,,12282,0.1071901661343872,0.1073820000001433,1,,,256,0.001695292070508,151006.42800935666,median 5 warm calls on training rows; end-to-end preprocessing,,0.1071901661343872,0.1073820000001433,672169984.0,167.0,,,,,0.772108843537415,0.5810893665935682,1.7366159874159577,0.239718576314386,0.75,0.2707120483481231
,,,11,2,binary,musk2,rf_leaf5,complete,0.8725934710930372,0.7193547896013264,0.3081437313383928,0.0952284861788648,0.7707323160863442,0.1174479926479336,0.7320704351422915,,,,,,,,,,,,4187179,3.4864136250689626,3.481267000000116,256,51020.0,25638.0,256,0.0095105411019176,26917.50103980754,median 5 warm calls on training rows; end-to-end preprocessing,,3.4864136250689626,3.481267000000116,677101568.0,,,,,,0.91156462585034,0.9167989417989416,0.4156523544517772,0.1298902330183272,0.8452380952380952,0.2382705422492461
,,,11,2,binary,musk2,rf_shallow64,complete,0.8694011936065423,0.6773202975259761,0.2974049434816003,0.0908350418061466,0.7365600030523769,0.09519806513251,0.6982957647388562,,,,,,,,,,,,325499,0.596802124986425,0.5971449999997276,64,3658.0,1861.0,256,0.0036138328723609,70838.91509148657,median 5 warm calls on training rows; end-to-end preprocessing,,0.596802124986425,0.5971449999997276,677412864.0,,,,,,0.8945578231292517,0.8829918800824325,0.4350605472695746,0.1382253104520527,0.7857142857142857,0.1607973542383922
,,,11,2,binary,musk2,random_patches64,complete,0.8549659946138266,0.6358968921483927,0.3177107490024937,0.0998971058381625,0.6996031910056628,0.094809048386369,0.7679605197444603,,,,,,,,,,,,1578249,1.494587291032076,1.4947290000000066,64,3290.0,1677.0,256,0.061807292047888,4141.9061006855345,median 5 warm calls on training rows; end-to-end preprocessing,,1.494587291032076,1.4947290000000066,679280640.0,,,,,,0.9421768707482994,0.9264250455426926,0.3935099887809026,0.1186252621819386,0.8452380952380952,0.1686696660742796
